valid,LATITUDE,LONGITUDE,ELEVATION,airport,wind_dir,wind_speed,cloud_base,visibility,temperature,dew_point,pressure,fog,haze,tempo,vrb,gusty,valid_hour
2024-01-01 00:00:00,19.088686,72.867919,11,VABB,,0.0,,2000.0,21.6,17.4,1012.0,0,0,0,0,0,2024-01-01 00:00:00
2024-01-01 00:00:00,19.088686,72.867919,11,VABB,160.0,1.5,22000.0,2100.0,24.0,18.0,,0,1,0,0,0,2024-01-01 00:00:00
2024-01-01 00:30:00,19.088686,72.867919,11,VABB,80.0,2.6,22000.0,2100.0,26.0,18.0,,0,1,0,0,0,2024-01-01 00:00:00
2024-01-01 01:00:00,19.088686,72.867919,11,VABB,140.0,2.1,22000.0,2100.0,25.0,18.0,,0,1,0,0,0,2024-01-01 01:00:00
2024-01-01 01:30:00,19.088686,72.867919,11,VABB,0.0,0.0,22000.0,1800.0,25.0,18.0,,0,1,0,0,0,2024-01-01 01:00:00
2024-01-01 02:00:00,19.088686,72.867919,11,VABB,90.0,2.6,22000.0,1800.0,26.0,18.0,,0,1,0,0,0,2024-01-01 02:00:00
2024-01-01 02:30:00,19.088686,72.867919,11,VABB,50.0,1.5,22000.0,1700.0,25.0,18.0,,0,1,0,0,0,2024-01-01 02:00:00
2024-01-01 03:00:00,19.088686,72.867919,11,VABB,,0.0,,2000.0,22.2,19.1,1013.9,0,0,0,0,0,2024-01-01 03:00:00
2024-01-01 03:00:00,19.088686,72.867919,11,VABB,0.0,0.0,22000.0,1700.0,26.0,19.0,,0,1,0,0,0,2024-01-01 03:00:00
2024-01-01 03:30:00,19.088686,72.867919,11,VABB,40.0,3.1,22000.0,1700.0,27.0,18.0,,0,1,0,0,0,2024-01-01 03:00:00
2024-01-01 04:00:00,19.088686,72.867919,11,VABB,150.0,2.1,22000.0,1700.0,27.0,18.0,,0,1,0,0,0,2024-01-01 04:00:00
2024-01-01 04:30:00,19.088686,72.867919,11,VABB,120.0,2.1,22000.0,1700.0,28.0,18.0,,0,0,0,0,0,2024-01-01 04:00:00
2024-01-01 05:00:00,19.088686,72.867919,11,VABB,150.0,2.6,22000.0,2100.0,29.0,17.0,,0,0,0,0,0,2024-01-01 05:00:00
2024-01-01 05:30:00,19.088686,72.867919,11,VABB,160.0,2.6,22000.0,2100.0,29.0,16.0,,0,0,0,0,0,2024-01-01 05:00:00
2024-01-01 06:00:00,19.088686,72.867919,11,VABB,,0.0,,2000.0,30.4,17.2,1013.9,0,0,0,0,0,2024-01-01 06:00:00
2024-01-01 06:00:00,19.088686,72.867919,11,VABB,0.0,0.0,10000.0,2100.0,31.0,16.0,,0,0,0,0,0,2024-01-01 06:00:00
2024-01-01 06:30:00,19.088686,72.867919,11,VABB,0.0,0.0,10000.0,2100.0,32.0,17.0,,0,0,0,0,0,2024-01-01 06:00:00
2024-01-01 07:00:00,19.088686,72.867919,11,VABB,200.0,2.1,10000.0,2100.0,32.0,16.0,,0,0,0,0,0,2024-01-01 07:00:00
2024-01-01 07:30:00,19.088686,72.867919,11,VABB,270.0,3.6,10000.0,2100.0,31.0,19.0,,0,0,0,0,0,2024-01-01 07:00:00
2024-01-01 08:00:00,19.088686,72.867919,11,VABB,270.0,3.6,10000.0,2100.0,31.0,19.0,,0,0,0,0,0,2024-01-01 08:00:00
2024-01-01 08:30:00,19.088686,72.867919,11,VABB,260.0,4.1,22000.0,2100.0,31.0,20.0,,0,0,0,0,0,2024-01-01 08:00:00
2024-01-01 09:00:00,19.088686,72.867919,11,VABB,320.0,1.5,,2000.0,31.0,20.5,1011.3,0,0,0,0,0,2024-01-01 09:00:00
2024-01-01 09:00:00,19.088686,72.867919,11,VABB,270.0,5.1,22000.0,2100.0,31.0,19.0,,0,0,0,0,0,2024-01-01 09:00:00
2024-01-01 09:30:00,19.088686,72.867919,11,VABB,270.0,5.1,22000.0,2100.0,30.0,19.0,,0,0,0,0,0,2024-01-01 09:00:00
2024-01-01 10:00:00,19.088686,72.867919,11,VABB,270.0,4.1,22000.0,2100.0,30.0,18.0,,0,0,0,0,0,2024-01-01 10:00:00
2024-01-01 10:30:00,19.088686,72.867919,11,VABB,280.0,3.6,22000.0,2100.0,31.0,18.0,,0,0,0,0,0,2024-01-01 10:00:00
2024-01-01 11:00:00,19.088686,72.867919,11,VABB,260.0,3.6,22000.0,2100.0,30.0,19.0,,0,0,0,0,0,2024-01-01 11:00:00
2024-01-01 11:30:00,19.088686,72.867919,11,VABB,280.0,4.1,22000.0,2100.0,31.0,19.0,,0,0,0,0,0,2024-01-01 11:00:00
2024-01-01 12:00:00,19.088686,72.867919,11,VABB,320.0,2.1,,2000.0,29.0,20.6,1010.8,0,0,0,0,0,2024-01-01 12:00:00
2024-01-01 12:00:00,19.088686,72.867919,11,VABB,320.0,2.1,22000.0,2100.0,29.0,20.0,,0,0,0,0,0,2024-01-01 12:00:00
2024-01-01 12:30:00,19.088686,72.867919,11,VABB,320.0,3.1,22000.0,2100.0,29.0,19.0,,0,0,0,0,0,2024-01-01 12:00:00
2024-01-01 13:00:00,19.088686,72.867919,11,VABB,320.0,3.1,22000.0,2100.0,29.0,19.0,,0,0,0,0,0,2024-01-01 13:00:00
2024-01-01 13:30:00,19.088686,72.867919,11,VABB,320.0,3.1,22000.0,2100.0,28.0,20.0,,0,0,0,0,0,2024-01-01 13:00:00
2024-01-01 14:00:00,19.088686,72.867919,11,VABB,320.0,3.1,22000.0,2100.0,28.0,20.0,,0,0,0,0,0,2024-01-01 14:00:00
2024-01-01 14:30:00,19.088686,72.867919,11,VABB,310.0,2.1,22000.0,2100.0,27.0,20.0,,0,0,0,0,0,2024-01-01 14:00:00
2024-01-01 15:00:00,19.088686,72.867919,11,VABB,320.0,2.1,,2000.0,26.6,19.5,1013.1,0,0,0,0,0,2024-01-01 15:00:00
2024-01-01 15:00:00,19.088686,72.867919,11,VABB,310.0,2.6,22000.0,2100.0,27.0,20.0,,0,1,0,0,0,2024-01-01 15:00:00
2024-01-01 15:30:00,19.088686,72.867919,11,VABB,300.0,1.5,22000.0,1800.0,27.0,21.0,,0,1,0,0,0,2024-01-01 15:00:00
2024-01-01 16:00:00,19.088686,72.867919,11,VABB,350.0,3.1,22000.0,1800.0,28.0,19.0,,0,1,0,0,0,2024-01-01 16:00:00
2024-01-01 16:30:00,19.088686,72.867919,11,VABB,360.0,2.6,22000.0,1600.0,27.0,20.0,,0,1,0,0,0,2024-01-01 16:00:00
2024-01-01 16:31:00,19.088686,72.867919,11,VABB,360.0,2.6,22000.0,1600.0,27.0,20.0,,0,1,0,0,0,2024-01-01 16:00:00
2024-01-01 17:00:00,19.088686,72.867919,11,VABB,130.0,2.1,22000.0,1800.0,27.0,19.0,,0,1,0,0,0,2024-01-01 17:00:00
2024-01-01 17:30:00,19.088686,72.867919,11,VABB,340.0,2.6,22000.0,1800.0,27.0,18.0,,0,1,0,0,0,2024-01-01 17:00:00
2024-01-01 18:00:00,19.088686,72.867919,11,VABB,,0.0,,2000.0,24.0,19.3,1013.6,0,0,0,0,0,2024-01-01 18:00:00
2024-01-01 18:00:00,19.088686,72.867919,11,VABB,40.0,2.1,22000.0,1600.0,27.0,19.0,,0,1,0,0,0,2024-01-01 18:00:00
2024-01-01 18:30:00,19.088686,72.867919,11,VABB,0.0,0.0,22000.0,1600.0,27.0,19.0,,0,1,0,0,0,2024-01-01 18:00:00
2024-01-01 19:00:00,19.088686,72.867919,11,VABB,340.0,1.5,22000.0,1600.0,26.0,19.0,,0,1,0,0,0,2024-01-01 19:00:00
2024-01-01 19:30:00,19.088686,72.867919,11,VABB,10.0,1.5,22000.0,1600.0,26.0,19.0,,0,1,0,0,0,2024-01-01 19:00:00
2024-01-01 20:00:00,19.088686,72.867919,11,VABB,0.0,0.0,22000.0,1600.0,25.0,19.0,,0,1,0,0,0,2024-01-01 20:00:00
2024-01-01 20:30:00,19.088686,72.867919,11,VABB,0.0,0.0,22000.0,1600.0,25.0,19.0,,0,1,0,0,0,2024-01-01 20:00:00
2024-01-01 21:00:00,19.088686,72.867919,11,VABB,,0.0,,2000.0,22.4,18.9,1012.1,0,0,0,0,0,2024-01-01 21:00:00
2024-01-01 21:00:00,19.088686,72.867919,11,VABB,30.0,2.6,22000.0,1600.0,25.0,20.0,,0,1,0,0,0,2024-01-01 21:00:00
2024-01-01 21:30:00,19.088686,72.867919,11,VABB,20.0,2.1,22000.0,1600.0,25.0,20.0,,0,1,0,0,0,2024-01-01 21:00:00
2024-01-01 22:00:00,19.088686,72.867919,11,VABB,30.0,1.5,22000.0,1600.0,25.0,19.0,,0,1,0,0,0,2024-01-01 22:00:00
2024-01-01 22:30:00,19.088686,72.867919,11,VABB,20.0,2.1,22000.0,1600.0,24.0,19.0,,0,1,0,0,0,2024-01-01 22:00:00
2024-01-01 23:00:00,19.088686,72.867919,11,VABB,60.0,2.1,22000.0,1600.0,25.0,18.0,,0,1,0,0,0,2024-01-01 23:00:00
2024-01-01 23:30:00,19.088686,72.867919,11,VABB,140.0,1.5,22000.0,1800.0,25.0,19.0,,0,1,0,0,0,2024-01-01 23:00:00
2024-01-02 00:00:00,19.088686,72.867919,11,VABB,,0.0,,2000.0,21.6,18.8,1011.8,0,0,0,0,0,2024-01-02 00:00:00
2024-01-02 00:00:00,19.088686,72.867919,11,VABB,0.0,0.0,22000.0,1800.0,24.0,19.0,,0,1,0,0,0,2024-01-02 00:00:00
2024-01-02 00:30:00,19.088686,72.867919,11,VABB,100.0,2.1,22000.0,1600.0,24.0,19.0,,0,1,0,0,0,2024-01-02 00:00:00
2024-01-02 01:00:00,19.088686,72.867919,11,VABB,140.0,1.5,22000.0,1600.0,24.0,19.0,,0,1,0,0,0,2024-01-02 01:00:00
2024-01-02 01:30:00,19.088686,72.867919,11,VABB,140.0,2.1,22000.0,1400.0,24.0,19.0,,0,1,0,0,0,2024-01-02 01:00:00
2024-01-02 02:00:00,19.088686,72.867919,11,VABB,180.0,1.5,22000.0,1200.0,25.0,19.0,,0,1,0,0,0,2024-01-02 02:00:00
2024-01-02 02:30:00,19.088686,72.867919,11,VABB,140.0,2.1,22000.0,1200.0,25.0,19.0,,0,1,0,0,0,2024-01-02 02:00:00
2024-01-02 03:00:00,19.088686,72.867919,11,VABB,,0.0,,2000.0,21.4,19.2,1013.2,0,0,0,0,0,2024-01-02 03:00:00
2024-01-02 03:00:00,19.088686,72.867919,11,VABB,50.0,2.6,22000.0,1200.0,25.0,19.0,,0,1,0,0,0,2024-01-02 03:00:00
2024-01-02 03:30:00,19.088686,72.867919,11,VABB,40.0,2.1,22000.0,1200.0,26.0,19.0,,0,1,0,0,0,2024-01-02 03:00:00
2024-01-02 04:00:00,19.088686,72.867919,11,VABB,30.0,3.1,22000.0,1200.0,26.0,18.0,,0,1,0,0,0,2024-01-02 04:00:00
2024-01-02 04:30:00,19.088686,72.867919,11,VABB,10.0,2.1,22000.0,1500.0,27.0,19.0,,0,1,0,0,0,2024-01-02 04:00:00
2024-01-02 05:00:00,19.088686,72.867919,11,VABB,20.0,2.6,22000.0,1600.0,28.0,18.0,,0,1,0,0,0,2024-01-02 05:00:00
2024-01-02 05:30:00,19.088686,72.867919,11,VABB,0.0,0.0,22000.0,1600.0,29.0,17.0,,0,0,0,0,0,2024-01-02 05:00:00
2024-01-02 06:00:00,19.088686,72.867919,11,VABB,,0.0,,2000.0,29.8,20.1,1013.4,0,0,0,0,0,2024-01-02 06:00:00
2024-01-02 06:00:00,19.088686,72.867919,11,VABB,150.0,3.1,22000.0,1700.0,30.0,18.0,,0,0,0,0,0,2024-01-02 06:00:00
2024-01-02 06:30:00,19.088686,72.867919,11,VABB,200.0,1.5,22000.0,1700.0,32.0,18.0,,0,0,0,0,0,2024-01-02 06:00:00
2024-01-02 07:00:00,19.088686,72.867919,11,VABB,270.0,4.1,22000.0,1700.0,30.0,20.0,,0,0,0,0,0,2024-01-02 07:00:00
2024-01-02 07:30:00,19.088686,72.867919,11,VABB,260.0,3.6,22000.0,1700.0,30.0,20.0,,0,0,0,0,0,2024-01-02 07:00:00
2024-01-02 08:00:00,19.088686,72.867919,11,VABB,230.0,3.1,22000.0,1700.0,30.0,20.0,,0,0,0,0,0,2024-01-02 08:00:00
2024-01-02 08:30:00,19.088686,72.867919,11,VABB,270.0,3.6,22000.0,1700.0,31.0,20.0,,0,0,0,0,0,2024-01-02 08:00:00
2024-01-02 09:00:00,19.088686,72.867919,11,VABB,270.0,1.5,,2000.0,30.8,19.5,1010.4,0,0,0,0,0,2024-01-02 09:00:00
2024-01-02 09:00:00,19.088686,72.867919,11,VABB,240.0,4.1,22000.0,1700.0,30.0,20.0,,0,0,0,0,0,2024-01-02 09:00:00
2024-01-02 09:30:00,19.088686,72.867919,11,VABB,270.0,4.6,22000.0,1600.0,31.0,20.0,,0,0,0,0,0,2024-01-02 09:00:00
2024-01-02 10:00:00,19.088686,72.867919,11,VABB,280.0,4.6,22000.0,1600.0,30.0,20.0,,0,0,0,0,0,2024-01-02 10:00:00
2024-01-02 10:30:00,19.088686,72.867919,11,VABB,300.0,5.1,22000.0,1800.0,30.0,20.0,,0,0,0,0,0,2024-01-02 10:00:00
2024-01-02 11:00:00,19.088686,72.867919,11,VABB,290.0,4.6,22000.0,1800.0,30.0,20.0,,0,0,0,0,0,2024-01-02 11:00:00
2024-01-02 11:30:00,19.088686,72.867919,11,VABB,330.0,3.6,22000.0,1800.0,29.0,20.0,,0,0,0,0,0,2024-01-02 11:00:00
2024-01-02 12:00:00,19.088686,72.867919,11,VABB,320.0,2.1,,2000.0,28.4,20.9,1010.1,0,0,0,0,0,2024-01-02 12:00:00
2024-01-02 12:00:00,19.088686,72.867919,11,VABB,320.0,4.1,22000.0,1600.0,28.0,21.0,,0,1,0,0,0,2024-01-02 12:00:00
2024-01-02 12:30:00,19.088686,72.867919,11,VABB,330.0,3.6,22000.0,1600.0,28.0,21.0,,0,1,0,0,0,2024-01-02 12:00:00
2024-01-02 13:00:00,19.088686,72.867919,11,VABB,360.0,2.6,22000.0,1600.0,28.0,20.0,,0,1,0,0,0,2024-01-02 13:00:00
2024-01-02 13:30:00,19.088686,72.867919,11,VABB,310.0,3.6,22000.0,1600.0,27.0,21.0,,0,1,0,0,0,2024-01-02 13:00:00
2024-01-02 14:00:00,19.088686,72.867919,11,VABB,350.0,3.6,22000.0,1600.0,27.0,20.0,,0,1,0,0,0,2024-01-02 14:00:00
2024-01-02 14:30:00,19.088686,72.867919,11,VABB,340.0,5.1,22000.0,1600.0,27.0,18.0,,0,1,0,0,0,2024-01-02 14:00:00
2024-01-02 15:00:00,19.088686,72.867919,11,VABB,360.0,1.5,,2000.0,25.6,18.7,1012.8,0,0,0,0,0,2024-01-02 15:00:00
2024-01-02 15:00:00,19.088686,72.867919,11,VABB,360.0,3.1,22000.0,1800.0,26.0,17.0,,0,1,0,0,0,2024-01-02 15:00:00
2024-01-02 15:30:00,19.088686,72.867919,11,VABB,340.0,4.1,22000.0,1800.0,26.0,17.0,,0,0,0,0,0,2024-01-02 15:00:00
2024-01-02 16:00:00,19.088686,72.867919,11,VABB,350.0,3.6,22000.0,2100.0,26.0,15.0,,0,0,0,0,0,2024-01-02 16:00:00
2024-01-02 16:30:00,19.088686,72.867919,11,VABB,30.0,3.1,22000.0,2200.0,26.0,14.0,,0,0,0,0,0,2024-01-02 16:00:00
2024-01-02 17:00:00,19.088686,72.867919,11,VABB,10.0,2.6,22000.0,2200.0,26.0,14.0,,0,0,0,0,0,2024-01-02 17:00:00
2024-01-02 17:30:00,19.088686,72.867919,11,VABB,100.0,2.1,22000.0,2200.0,26.0,13.0,,0,0,0,0,0,2024-01-02 17:00:00
2024-01-02 18:00:00,19.088686,72.867919,11,VABB,,0.0,,2000.0,23.0,16.1,1013.2,0,0,0,0,0,2024-01-02 18:00:00
2024-01-02 18:00:00,19.088686,72.867919,11,VABB,100.0,1.5,22000.0,2200.0,26.0,13.0,,0,0,0,0,0,2024-01-02 18:00:00
2024-01-02 18:30:00,19.088686,72.867919,11,VABB,90.0,2.1,22000.0,2200.0,25.0,16.0,,0,0,0,0,0,2024-01-02 18:00:00
2024-01-02 19:00:00,19.088686,72.867919,11,VABB,0.0,0.0,22000.0,2100.0,26.0,15.0,,0,0,0,0,0,2024-01-02 19:00:00
2024-01-02 19:30:00,19.088686,72.867919,11,VABB,340.0,1.5,22000.0,2100.0,25.0,15.0,,0,0,0,0,0,2024-01-02 19:00:00
2024-01-02 20:00:00,19.088686,72.867919,11,VABB,0.0,0.0,22000.0,2100.0,25.0,15.0,,0,0,0,0,0,2024-01-02 20:00:00
2024-01-02 20:30:00,19.088686,72.867919,11,VABB,340.0,2.1,22000.0,2100.0,25.0,15.0,,0,0,0,0,0,2024-01-02 20:00:00
2024-01-02 21:00:00,19.088686,72.867919,11,VABB,,0.0,,2000.0,21.0,16.4,1012.0,0,0,0,0,0,2024-01-02 21:00:00
2024-01-02 21:00:00,19.088686,72.867919,11,VABB,330.0,2.6,22000.0,2100.0,25.0,15.0,,0,0,0,0,0,2024-01-02 21:00:00
2024-01-02 21:30:00,19.088686,72.867919,11,VABB,0.0,0.0,22000.0,2100.0,25.0,15.0,,0,0,0,0,0,2024-01-02 21:00:00
2024-01-02 22:00:00,19.088686,72.867919,11,VABB,20.0,1.5,22000.0,2100.0,24.0,15.0,,0,0,0,0,0,2024-01-02 22:00:00
2024-01-02 22:30:00,19.088686,72.867919,11,VABB,350.0,1.5,22000.0,2100.0,24.0,15.0,,0,0,0,0,0,2024-01-02 22:00:00
2024-01-02 23:00:00,19.088686,72.867919,11,VABB,140.0,2.1,22000.0,2100.0,24.0,16.0,,0,0,0,0,0,2024-01-02 23:00:00
2024-01-02 23:30:00,19.088686,72.867919,11,VABB,0.0,0.0,22000.0,2100.0,23.0,15.0,,0,0,0,0,0,2024-01-02 23:00:00
2024-01-03 00:00:00,19.088686,72.867919,11,VABB,,0.0,,2000.0,19.6,15.9,1011.2,0,0,0,0,0,2024-01-03 00:00:00
2024-01-03 00:00:00,19.088686,72.867919,11,VABB,50.0,1.5,22000.0,2100.0,24.0,16.0,,0,0,0,0,0,2024-01-03 00:00:00
2024-01-03 00:30:00,19.088686,72.867919,11,VABB,50.0,2.1,22000.0,2100.0,24.0,18.0,,0,1,0,0,0,2024-01-03 00:00:00
2024-01-03 01:00:00,19.088686,72.867919,11,VABB,160.0,2.6,22000.0,2100.0,24.0,18.0,,0,1,0,0,0,2024-01-03 01:00:00
2024-01-03 01:30:00,19.088686,72.867919,11,VABB,50.0,1.5,22000.0,1800.0,23.0,18.0,,0,1,1,0,0,2024-01-03 01:00:00
2024-01-03 02:00:00,19.088686,72.867919,11,VABB,90.0,1.5,22000.0,1500.0,23.0,18.0,,0,1,0,0,0,2024-01-03 02:00:00
2024-01-03 02:30:00,19.088686,72.867919,11,VABB,20.0,1.5,10000.0,1200.0,24.0,19.0,,0,1,0,0,0,2024-01-03 02:00:00
2024-01-03 03:00:00,19.088686,72.867919,11,VABB,,0.0,,2000.0,20.2,17.6,1013.0,0,0,0,0,0,2024-01-03 03:00:00
2024-01-03 03:00:00,19.088686,72.867919,11,VABB,50.0,2.1,10000.0,1200.0,24.0,19.0,,0,1,0,0,0,2024-01-03 03:00:00
2024-01-03 03:30:00,19.088686,72.867919,11,VABB,10.0,1.5,10000.0,1300.0,24.0,18.0,,0,1,0,0,0,2024-01-03 03:00:00
2024-01-03 04:00:00,19.088686,72.867919,11,VABB,10.0,1.5,10000.0,1400.0,25.0,19.0,,0,1,0,0,0,2024-01-03 04:00:00
2024-01-03 04:30:00,19.088686,72.867919,11,VABB,0.0,0.0,10000.0,1300.0,27.0,20.0,,0,1,0,0,0,2024-01-03 04:00:00
2024-01-03 05:00:00,19.088686,72.867919,11,VABB,0.0,0.0,10000.0,1300.0,28.0,20.0,,0,1,0,0,0,2024-01-03 05:00:00
2024-01-03 05:30:00,19.088686,72.867919,11,VABB,160.0,2.6,10000.0,1300.0,29.0,19.0,,0,1,0,0,0,2024-01-03 05:00:00
2024-01-03 06:00:00,19.088686,72.867919,11,VABB,,0.0,,2000.0,28.6,19.0,1012.9,0,0,0,0,0,2024-01-03 06:00:00
2024-01-03 06:00:00,19.088686,72.867919,11,VABB,100.0,2.6,10000.0,1500.0,29.0,19.0,,0,1,0,0,0,2024-01-03 06:00:00
2024-01-03 06:30:00,19.088686,72.867919,11,VABB,270.0,3.1,10000.0,1500.0,29.0,20.0,,0,1,0,0,0,2024-01-03 06:00:00
2024-01-03 07:00:00,19.088686,72.867919,11,VABB,280.0,3.6,10000.0,1300.0,29.0,20.0,,0,1,0,0,0,2024-01-03 07:00:00
2024-01-03 07:30:00,19.088686,72.867919,11,VABB,280.0,4.1,10000.0,1400.0,30.0,21.0,,0,1,0,0,0,2024-01-03 07:00:00
2024-01-03 08:00:00,19.088686,72.867919,11,VABB,260.0,5.1,10000.0,1600.0,30.0,20.0,,0,0,0,0,0,2024-01-03 08:00:00
2024-01-03 08:30:00,19.088686,72.867919,11,VABB,280.0,3.6,10000.0,1600.0,30.0,21.0,,0,0,0,0,0,2024-01-03 08:00:00
2024-01-03 09:00:00,19.088686,72.867919,11,VABB,270.0,1.5,,2000.0,30.8,20.6,1009.7,0,0,0,0,0,2024-01-03 09:00:00
2024-01-03 09:00:00,19.088686,72.867919,11,VABB,270.0,4.1,22000.0,1600.0,30.0,20.0,,0,0,0,0,0,2024-01-03 09:00:00
2024-01-03 09:30:00,19.088686,72.867919,11,VABB,300.0,3.1,22000.0,1800.0,30.0,20.0,,0,0,0,0,0,2024-01-03 09:00:00
2024-01-03 10:00:00,19.088686,72.867919,11,VABB,280.0,4.1,22000.0,1800.0,30.0,20.0,,0,0,0,0,0,2024-01-03 10:00:00
2024-01-03 10:30:00,19.088686,72.867919,11,VABB,290.0,4.1,22000.0,1800.0,30.0,20.0,,0,0,0,0,0,2024-01-03 10:00:00
2024-01-03 11:00:00,19.088686,72.867919,11,VABB,290.0,4.6,22000.0,2100.0,29.0,21.0,,0,0,0,0,0,2024-01-03 11:00:00
2024-01-03 11:30:00,19.088686,72.867919,11,VABB,300.0,3.6,22000.0,1800.0,28.0,20.0,,0,0,0,0,0,2024-01-03 11:00:00
2024-01-03 12:00:00,19.088686,72.867919,11,VABB,320.0,2.1,,2000.0,27.6,20.3,1009.3,0,0,0,0,0,2024-01-03 12:00:00
2024-01-03 12:00:00,19.088686,72.867919,11,VABB,320.0,4.1,10000.0,1800.0,28.0,20.0,,0,1,0,0,0,2024-01-03 12:00:00
2024-01-03 12:30:00,19.088686,72.867919,11,VABB,310.0,3.6,2000.0,1800.0,27.0,21.0,,0,1,0,0,0,2024-01-03 12:00:00
2024-01-03 13:00:00,19.088686,72.867919,11,VABB,330.0,2.6,2000.0,1800.0,27.0,20.0,,0,1,0,0,0,2024-01-03 13:00:00
2024-01-03 13:30:00,19.088686,72.867919,11,VABB,310.0,2.1,2000.0,1800.0,27.0,20.0,,0,1,0,0,0,2024-01-03 13:00:00
2024-01-03 14:00:00,19.088686,72.867919,11,VABB,350.0,2.6,22000.0,1800.0,27.0,20.0,,0,1,0,0,0,2024-01-03 14:00:00
2024-01-03 14:30:00,19.088686,72.867919,11,VABB,310.0,2.6,22000.0,1800.0,26.0,20.0,,0,1,0,0,0,2024-01-03 14:00:00
2024-01-03 15:00:00,19.088686,72.867919,11,VABB,,0.0,22000.0,2000.0,25.6,20.7,1011.4,0,0,0,0,0,2024-01-03 15:00:00
2024-01-03 15:00:00,19.088686,72.867919,11,VABB,340.0,2.6,22000.0,1800.0,27.0,21.0,,0,1,0,0,0,2024-01-03 15:00:00
2024-01-03 15:30:00,19.088686,72.867919,11,VABB,340.0,2.6,22000.0,1800.0,26.0,21.0,,0,1,0,0,0,2024-01-03 15:00:00
2024-01-03 16:00:00,19.088686,72.867919,11,VABB,330.0,1.5,22000.0,1800.0,26.0,21.0,,0,1,0,0,0,2024-01-03 16:00:00
2024-01-03 16:30:00,19.088686,72.867919,11,VABB,360.0,1.5,22000.0,1800.0,26.0,21.0,,0,1,0,0,0,2024-01-03 16:00:00
2024-01-03 17:00:00,19.088686,72.867919,11,VABB,20.0,2.6,22000.0,1800.0,26.0,21.0,,0,1,0,0,0,2024-01-03 17:00:00
2024-01-03 17:30:00,19.088686,72.867919,11,VABB,330.0,1.5,22000.0,1800.0,26.0,20.0,,0,1,0,0,0,2024-01-03 17:00:00
2024-01-03 18:00:00,19.088686,72.867919,11,VABB,,0.0,22000.0,2000.0,23.4,20.3,1011.7,0,0,0,0,0,2024-01-03 18:00:00
2024-01-03 18:00:00,19.088686,72.867919,11,VABB,20.0,2.1,22000.0,1800.0,26.0,21.0,,0,1,0,0,0,2024-01-03 18:00:00
2024-01-03 18:30:00,19.088686,72.867919,11,VABB,40.0,3.1,22000.0,1800.0,26.0,21.0,,0,1,0,0,0,2024-01-03 18:00:00
2024-01-03 19:00:00,19.088686,72.867919,11,VABB,40.0,2.1,22000.0,1800.0,25.0,21.0,,0,1,0,0,0,2024-01-03 19:00:00
2024-01-03 19:30:00,19.088686,72.867919,11,VABB,190.0,2.1,22000.0,1800.0,25.0,21.0,,0,1,0,0,0,2024-01-03 19:00:00
2024-01-03 20:00:00,19.088686,72.867919,11,VABB,0.0,0.0,22000.0,1800.0,24.0,21.0,,0,1,0,0,0,2024-01-03 20:00:00
2024-01-03 20:30:00,19.088686,72.867919,11,VABB,0.0,0.0,22000.0,1800.0,24.0,21.0,,0,1,0,0,0,2024-01-03 20:00:00
2024-01-03 21:00:00,19.088686,72.867919,11,VABB,,0.0,,2000.0,22.0,19.5,1011.0,0,0,0,0,0,2024-01-03 21:00:00
2024-01-03 21:00:00,19.088686,72.867919,11,VABB,0.0,0.0,22000.0,1800.0,24.0,21.0,,0,1,0,0,0,2024-01-03 21:00:00
2024-01-03 21:30:00,19.088686,72.867919,11,VABB,30.0,1.5,22000.0,1800.0,24.0,21.0,,0,1,0,0,0,2024-01-03 21:00:00
2024-01-03 22:00:00,19.088686,72.867919,11,VABB,0.0,0.0,22000.0,1700.0,24.0,21.0,,1,0,0,0,0,2024-01-03 22:00:00
2024-01-03 23:00:00,19.088686,72.867919,11,VABB,170.0,3.1,22000.0,1700.0,24.0,21.0,,1,0,0,0,0,2024-01-03 23:00:00
2024-01-03 23:30:00,19.088686,72.867919,11,VABB,150.0,2.1,22000.0,1600.0,24.0,20.0,,1,0,0,0,0,2024-01-03 23:00:00
2024-01-04 00:00:00,19.088686,72.867919,11,VABB,,0.0,,2000.0,20.8,18.9,1011.2,0,0,0,0,0,2024-01-04 00:00:00
2024-01-04 00:00:00,19.088686,72.867919,11,VABB,150.0,2.1,22000.0,1700.0,24.0,20.0,,1,0,0,0,0,2024-01-04 00:00:00
2024-01-04 00:30:00,19.088686,72.867919,11,VABB,140.0,2.1,22000.0,1700.0,24.0,20.0,,1,0,0,0,0,2024-01-04 00:00:00
2024-01-04 01:00:00,19.088686,72.867919,11,VABB,160.0,2.1,22000.0,1700.0,23.0,21.0,,1,0,1,0,0,2024-01-04 01:00:00
2024-01-04 01:30:00,19.088686,72.867919,11,VABB,0.0,0.0,22000.0,1500.0,23.0,20.0,,1,0,0,0,0,2024-01-04 01:00:00
2024-01-04 02:00:00,19.088686,72.867919,11,VABB,0.0,0.0,22000.0,1300.0,23.0,21.0,,1,0,0,0,0,2024-01-04 02:00:00
2024-01-04 02:30:00,19.088686,72.867919,11,VABB,0.0,0.0,22000.0,1200.0,23.0,20.0,,1,0,0,0,0,2024-01-04 02:00:00
2024-01-04 03:00:00,19.088686,72.867919,11,VABB,,0.0,,2000.0,21.0,19.4,1013.7,0,0,0,0,0,2024-01-04 03:00:00
2024-01-04 03:00:00,19.088686,72.867919,11,VABB,0.0,0.0,22000.0,1100.0,24.0,21.0,,1,0,0,0,0,2024-01-04 03:00:00
2024-01-04 03:30:00,19.088686,72.867919,11,VABB,0.0,0.0,22000.0,1100.0,24.0,21.0,,1,0,0,0,0,2024-01-04 03:00:00
2024-01-04 04:00:00,19.088686,72.867919,11,VABB,350.0,1.5,22000.0,1100.0,25.0,21.0,,1,0,0,0,0,2024-01-04 04:00:00
2024-01-04 04:30:00,19.088686,72.867919,11,VABB,0.0,0.0,22000.0,1200.0,26.0,20.0,,0,1,0,0,0,2024-01-04 04:00:00
2024-01-04 05:00:00,19.088686,72.867919,11,VABB,300.0,2.1,22000.0,1200.0,27.0,20.0,,0,1,0,0,0,2024-01-04 05:00:00
2024-01-04 05:30:00,19.088686,72.867919,11,VABB,270.0,2.1,22000.0,1300.0,28.0,20.0,,0,1,0,0,0,2024-01-04 05:00:00
2024-01-04 06:00:00,19.088686,72.867919,11,VABB,,0.0,,2000.0,27.6,20.0,1014.1,0,0,0,0,0,2024-01-04 06:00:00
2024-01-04 06:00:00,19.088686,72.867919,11,VABB,250.0,2.6,22000.0,1400.0,28.0,21.0,,0,1,0,0,0,2024-01-04 06:00:00
2024-01-04 06:30:00,19.088686,72.867919,11,VABB,250.0,4.1,22000.0,1400.0,29.0,21.0,,0,1,0,0,0,2024-01-04 06:00:00
2024-01-04 07:00:00,19.088686,72.867919,11,VABB,260.0,4.1,22000.0,1600.0,29.0,21.0,,0,1,0,0,0,2024-01-04 07:00:00
2024-01-04 07:30:00,19.088686,72.867919,11,VABB,270.0,4.1,2000.0,1700.0,29.0,20.0,,0,1,0,0,0,2024-01-04 07:00:00
2024-01-04 08:00:00,19.088686,72.867919,11,VABB,280.0,3.6,2000.0,2100.0,30.0,18.0,,0,0,0,0,0,2024-01-04 08:00:00
2024-01-04 08:30:00,19.088686,72.867919,11,VABB,330.0,2.6,22000.0,2100.0,30.0,16.0,,0,0,0,0,0,2024-01-04 08:00:00
2024-01-04 09:00:00,19.088686,72.867919,11,VABB,360.0,2.1,22000.0,2000.0,30.6,14.1,1010.4,0,0,0,0,0,2024-01-04 09:00:00
2024-01-04 09:00:00,19.088686,72.867919,11,VABB,300.0,3.1,22000.0,2200.0,31.0,12.0,,0,0,0,0,0,2024-01-04 09:00:00
2024-01-04 09:30:00,19.088686,72.867919,11,VABB,280.0,3.6,22000.0,2200.0,31.0,8.0,,0,0,0,0,0,2024-01-04 09:00:00
2024-01-04 10:00:00,19.088686,72.867919,11,VABB,300.0,3.6,22000.0,2200.0,30.0,11.0,,0,0,0,0,0,2024-01-04 10:00:00
2024-01-04 10:30:00,19.088686,72.867919,11,VABB,310.0,3.6,22000.0,2100.0,30.0,12.0,,0,0,0,0,0,2024-01-04 10:00:00
2024-01-04 11:00:00,19.088686,72.867919,11,VABB,320.0,3.6,22000.0,2100.0,29.0,15.0,,0,0,0,0,0,2024-01-04 11:00:00
2024-01-04 11:30:00,19.088686,72.867919,11,VABB,300.0,4.1,22000.0,2100.0,29.0,13.0,,0,0,0,0,0,2024-01-04 11:00:00
2024-01-04 12:00:00,19.088686,72.867919,11,VABB,320.0,1.5,,2000.0,28.0,16.8,1009.9,0,0,0,0,0,2024-01-04 12:00:00
2024-01-04 12:00:00,19.088686,72.867919,11,VABB,320.0,3.6,22000.0,1800.0,29.0,14.0,,0,0,0,0,0,2024-01-04 12:00:00
2024-01-04 12:30:00,19.088686,72.867919,11,VABB,310.0,3.6,22000.0,1600.0,28.0,18.0,,0,0,0,0,0,2024-01-04 12:00:00
2024-01-04 13:00:00,19.088686,72.867919,11,VABB,300.0,3.6,22000.0,1500.0,26.0,21.0,,0,1,0,0,0,2024-01-04 13:00:00
2024-01-04 13:30:00,19.088686,72.867919,11,VABB,310.0,3.6,22000.0,1500.0,26.0,21.0,,1,0,0,0,0,2024-01-04 13:00:00
2024-01-04 14:00:00,19.088686,72.867919,11,VABB,300.0,2.6,22000.0,1500.0,26.0,21.0,,1,0,0,0,0,2024-01-04 14:00:00
2024-01-04 14:30:00,19.088686,72.867919,11,VABB,350.0,3.1,22000.0,1200.0,26.0,22.0,,1,0,0,0,0,2024-01-04 14:00:00
2024-01-04 15:00:00,19.088686,72.867919,11,VABB,,0.0,,2000.0,24.6,21.6,1012.1,0,0,0,0,0,2024-01-04 15:00:00
2024-01-04 15:00:00,19.088686,72.867919,11,VABB,360.0,2.6,22000.0,1200.0,26.0,23.0,,1,0,0,0,0,2024-01-04 15:00:00
2024-01-04 15:30:00,19.088686,72.867919,11,VABB,350.0,3.6,22000.0,1200.0,25.0,23.0,,1,0,0,0,0,2024-01-04 15:00:00
2024-01-04 16:00:00,19.088686,72.867919,11,VABB,330.0,2.6,22000.0,1200.0,25.0,22.0,,1,0,0,0,0,2024-01-04 16:00:00
2024-01-04 16:30:00,19.088686,72.867919,11,VABB,350.0,2.6,22000.0,1200.0,25.0,21.0,,1,0,0,0,0,2024-01-04 16:00:00
2024-01-04 17:00:00,19.088686,72.867919,11,VABB,20.0,3.1,22000.0,1200.0,25.0,22.0,,1,0,0,0,0,2024-01-04 17:00:00
2024-01-04 17:30:00,19.088686,72.867919,11,VABB,280.0,1.5,22000.0,1100.0,24.0,21.0,,1,0,0,0,0,2024-01-04 17:00:00
2024-01-04 18:00:00,19.088686,72.867919,11,VABB,,0.0,,2000.0,22.4,19.3,1012.1,0,0,0,0,0,2024-01-04 18:00:00
2024-01-04 18:00:00,19.088686,72.867919,11,VABB,300.0,2.1,22000.0,1200.0,24.0,20.0,,1,0,0,0,0,2024-01-04 18:00:00
2024-01-04 18:30:00,19.088686,72.867919,11,VABB,10.0,2.6,22000.0,1200.0,24.0,21.0,,1,0,0,0,0,2024-01-04 18:00:00
2024-01-04 19:00:00,19.088686,72.867919,11,VABB,10.0,2.1,22000.0,1000.0,23.0,21.0,,1,0,0,0,0,2024-01-04 19:00:00
2024-01-04 19:30:00,19.088686,72.867919,11,VABB,80.0,2.1,22000.0,1100.0,23.0,20.0,,1,0,0,0,0,2024-01-04 19:00:00
2024-01-04 20:00:00,19.088686,72.867919,11,VABB,120.0,2.6,22000.0,1200.0,23.0,20.0,,1,0,0,0,0,2024-01-04 20:00:00
2024-01-04 20:30:00,19.088686,72.867919,11,VABB,0.0,0.0,22000.0,1200.0,23.0,19.0,,1,0,0,0,0,2024-01-04 20:00:00
2024-01-04 21:00:00,19.088686,72.867919,11,VABB,,0.0,,2000.0,20.4,18.2,1011.2,0,0,0,0,0,2024-01-04 21:00:00
2024-01-04 21:00:00,19.088686,72.867919,11,VABB,60.0,3.1,22000.0,1200.0,23.0,20.0,,1,0,0,0,0,2024-01-04 21:00:00
2024-01-04 21:30:00,19.088686,72.867919,11,VABB,30.0,2.1,22000.0,1200.0,23.0,20.0,,1,0,0,0,0,2024-01-04 21:00:00
2024-01-04 22:00:00,19.088686,72.867919,11,VABB,360.0,2.1,22000.0,1200.0,23.0,20.0,,1,0,0,0,0,2024-01-04 22:00:00
2024-01-04 22:30:00,19.088686,72.867919,11,VABB,0.0,0.0,22000.0,1200.0,22.0,19.0,,1,0,0,0,0,2024-01-04 22:00:00
2024-01-04 23:00:00,19.088686,72.867919,11,VABB,0.0,0.0,22000.0,1200.0,22.0,20.0,,1,0,0,0,0,2024-01-04 23:00:00
2024-01-04 23:30:00,19.088686,72.867919,11,VABB,0.0,0.0,22000.0,1200.0,23.0,20.0,,1,0,0,0,0,2024-01-04 23:00:00
2024-01-05 00:00:00,19.088686,72.867919,11,VABB,,0.0,,2000.0,19.4,17.4,1011.2,0,0,0,0,0,2024-01-05 00:00:00
2024-01-05 00:00:00,19.088686,72.867919,11,VABB,350.0,1.5,22000.0,1200.0,23.0,20.0,,1,0,0,0,0,2024-01-05 00:00:00
2024-01-05 02:30:00,19.088686,72.867919,11,VABB,90.0,1.5,22000.0,800.0,22.0,20.0,,1,0,0,0,0,2024-01-05 02:00:00
2024-01-05 03:00:00,19.088686,72.867919,11,VABB,,0.0,,2000.0,20.4,18.8,1013.4,0,0,0,0,0,2024-01-05 03:00:00
2024-01-05 03:00:00,19.088686,72.867919,11,VABB,0.0,0.0,22000.0,800.0,23.0,20.0,,1,0,0,0,0,2024-01-05 03:00:00
2024-01-05 03:30:00,19.088686,72.867919,11,VABB,0.0,0.0,22000.0,800.0,24.0,20.0,,1,0,0,0,0,2024-01-05 03:00:00
2024-01-05 04:00:00,19.088686,72.867919,11,VABB,30.0,2.1,22000.0,1100.0,25.0,20.0,,1,0,0,0,0,2024-01-05 04:00:00
2024-01-05 04:30:00,19.088686,72.867919,11,VABB,50.0,3.1,,1400.0,26.0,18.0,,0,1,0,0,0,2024-01-05 04:00:00
2024-01-05 04:31:00,19.088686,72.867919,11,VABB,50.0,3.1,,1400.0,26.0,18.0,,0,1,0,0,0,2024-01-05 04:00:00
2024-01-05 05:00:00,19.088686,72.867919,11,VABB,80.0,1.5,,1500.0,27.0,19.0,,0,1,0,0,0,2024-01-05 05:00:00
2024-01-05 05:30:00,19.088686,72.867919,11,VABB,120.0,2.1,22000.0,1500.0,28.0,18.0,,0,1,0,0,0,2024-01-05 05:00:00
2024-01-05 06:00:00,19.088686,72.867919,11,VABB,,0.0,,2000.0,28.2,17.1,1013.2,0,0,0,0,0,2024-01-05 06:00:00
2024-01-05 06:00:00,19.088686,72.867919,11,VABB,340.0,2.1,22000.0,1700.0,29.0,16.0,,0,0,0,0,0,2024-01-05 06:00:00
2024-01-05 06:30:00,19.088686,72.867919,11,VABB,30.0,1.5,22000.0,2100.0,30.0,12.0,,0,0,0,0,0,2024-01-05 06:00:00
2024-01-05 07:00:00,19.088686,72.867919,11,VABB,220.0,1.5,22000.0,1800.0,31.0,9.0,,0,0,0,0,0,2024-01-05 07:00:00
2024-01-05 07:30:00,19.088686,72.867919,11,VABB,250.0,3.1,22000.0,1600.0,29.0,20.0,,0,0,0,0,0,2024-01-05 07:00:00
2024-01-05 08:00:00,19.088686,72.867919,11,VABB,260.0,2.6,22000.0,1600.0,29.0,19.0,,0,0,0,0,0,2024-01-05 08:00:00
2024-01-05 08:30:00,19.088686,72.867919,11,VABB,260.0,3.1,22000.0,1500.0,29.0,19.0,,0,0,0,0,0,2024-01-05 08:00:00
2024-01-05 09:00:00,19.088686,72.867919,11,VABB,270.0,2.1,,2000.0,30.4,20.8,1010.5,0,0,0,0,0,2024-01-05 09:00:00
2024-01-05 09:00:00,19.088686,72.867919,11,VABB,270.0,3.6,22000.0,1600.0,29.0,18.0,,0,0,0,0,0,2024-01-05 09:00:00
2024-01-05 09:30:00,19.088686,72.867919,11,VABB,260.0,4.1,22000.0,1600.0,29.0,18.0,,0,0,0,0,0,2024-01-05 09:00:00
2024-01-05 10:00:00,19.088686,72.867919,11,VABB,280.0,2.6,22000.0,1800.0,29.0,17.0,,0,0,0,0,0,2024-01-05 10:00:00
2024-01-05 10:30:00,19.088686,72.867919,11,VABB,290.0,3.1,22000.0,2100.0,29.0,17.0,,0,0,0,0,0,2024-01-05 10:00:00
2024-01-05 11:00:00,19.088686,72.867919,11,VABB,290.0,4.1,22000.0,1800.0,29.0,19.0,,0,0,0,0,0,2024-01-05 11:00:00
2024-01-05 11:30:00,19.088686,72.867919,11,VABB,300.0,3.6,22000.0,1800.0,29.0,19.0,,0,0,0,0,0,2024-01-05 11:00:00
2024-01-05 12:00:00,19.088686,72.867919,11,VABB,320.0,1.5,,2000.0,27.6,19.3,1010.6,0,0,0,0,0,2024-01-05 12:00:00
2024-01-05 12:00:00,19.088686,72.867919,11,VABB,310.0,3.1,22000.0,1600.0,28.0,19.0,,0,1,0,0,0,2024-01-05 12:00:00
2024-01-05 12:30:00,19.088686,72.867919,11,VABB,300.0,3.1,22000.0,1400.0,27.0,20.0,,0,1,0,0,0,2024-01-05 12:00:00
2024-01-05 13:00:00,19.088686,72.867919,11,VABB,320.0,1.5,22000.0,1500.0,27.0,20.0,,0,1,0,0,0,2024-01-05 13:00:00
2024-01-05 13:30:00,19.088686,72.867919,11,VABB,310.0,2.6,22000.0,1500.0,27.0,20.0,,0,1,0,0,0,2024-01-05 13:00:00
2024-01-05 14:00:00,19.088686,72.867919,11,VABB,320.0,2.1,22000.0,1600.0,27.0,21.0,,0,1,0,0,0,2024-01-05 14:00:00
2024-01-05 14:30:00,19.088686,72.867919,11,VABB,300.0,1.5,22000.0,1600.0,26.0,21.0,,0,1,0,0,0,2024-01-05 14:00:00
2024-01-05 15:00:00,19.088686,72.867919,11,VABB,,0.0,,2000.0,25.2,21.0,1012.9,0,0,0,0,0,2024-01-05 15:00:00
2024-01-05 15:00:00,19.088686,72.867919,11,VABB,310.0,2.1,22000.0,1600.0,26.0,22.0,,1,0,0,0,0,2024-01-05 15:00:00
2024-01-05 15:30:00,19.088686,72.867919,11,VABB,360.0,3.6,22000.0,1600.0,26.0,21.0,,0,1,0,0,0,2024-01-05 15:00:00
2024-01-05 16:00:00,19.088686,72.867919,11,VABB,350.0,2.1,22000.0,1600.0,25.0,21.0,,0,1,0,0,0,2024-01-05 16:00:00
2024-01-05 16:30:00,19.088686,72.867919,11,VABB,30.0,2.1,22000.0,1600.0,25.0,21.0,,0,1,0,0,0,2024-01-05 16:00:00
2024-01-05 17:00:00,19.088686,72.867919,11,VABB,330.0,1.5,22000.0,1600.0,25.0,21.0,,0,1,0,0,0,2024-01-05 17:00:00
2024-01-05 17:30:00,19.088686,72.867919,11,VABB,360.0,2.1,22000.0,1600.0,25.0,21.0,,0,1,0,0,0,2024-01-05 17:00:00
2024-01-05 18:00:00,19.088686,72.867919,11,VABB,,0.0,,2000.0,22.6,19.5,1012.8,0,0,0,0,0,2024-01-05 18:00:00
2024-01-05 18:00:00,19.088686,72.867919,11,VABB,360.0,2.1,22000.0,1600.0,25.0,22.0,,0,1,0,0,0,2024-01-05 18:00:00
2024-01-05 18:30:00,19.088686,72.867919,11,VABB,60.0,3.1,22000.0,1600.0,25.0,21.0,,0,1,0,0,0,2024-01-05 18:00:00
2024-01-05 19:00:00,19.088686,72.867919,11,VABB,190.0,2.1,22000.0,1600.0,25.0,21.0,,0,1,0,0,0,2024-01-05 19:00:00
2024-01-05 19:30:00,19.088686,72.867919,11,VABB,60.0,4.1,22000.0,1600.0,26.0,21.0,,0,1,0,0,0,2024-01-05 19:00:00
2024-01-05 20:00:00,19.088686,72.867919,11,VABB,30.0,3.1,22000.0,1600.0,24.0,21.0,,0,1,0,0,0,2024-01-05 20:00:00
2024-01-05 20:30:00,19.088686,72.867919,11,VABB,30.0,2.1,22000.0,1600.0,23.0,21.0,,0,1,0,0,0,2024-01-05 20:00:00
2024-01-05 21:00:00,19.088686,72.867919,11,VABB,,0.0,,2000.0,21.0,19.1,1012.0,0,0,0,0,0,2024-01-05 21:00:00
2024-01-05 21:00:00,19.088686,72.867919,11,VABB,30.0,2.1,22000.0,1600.0,23.0,20.0,,0,1,0,0,0,2024-01-05 21:00:00
2024-01-05 21:30:00,19.088686,72.867919,11,VABB,350.0,2.1,22000.0,1600.0,23.0,20.0,,0,1,0,0,0,2024-01-05 21:00:00
2024-01-05 22:00:00,19.088686,72.867919,11,VABB,350.0,1.5,22000.0,1600.0,23.0,20.0,,1,0,0,0,0,2024-01-05 22:00:00
2024-01-05 22:30:00,19.088686,72.867919,11,VABB,110.0,2.1,22000.0,1700.0,23.0,19.0,,1,0,0,0,0,2024-01-05 22:00:00
2024-01-05 23:00:00,19.088686,72.867919,11,VABB,0.0,0.0,22000.0,1700.0,22.0,18.0,,1,0,0,0,0,2024-01-05 23:00:00
2024-01-05 23:30:00,19.088686,72.867919,11,VABB,0.0,0.0,22000.0,1700.0,23.0,18.0,,0,1,0,0,0,2024-01-05 23:00:00
2024-01-06 00:00:00,19.088686,72.867919,11,VABB,,0.0,,2000.0,19.4,17.4,1011.7,0,0,0,0,0,2024-01-06 00:00:00
2024-01-06 00:00:00,19.088686,72.867919,11,VABB,0.0,0.0,22000.0,1800.0,22.0,17.0,,0,1,0,0,0,2024-01-06 00:00:00
2024-01-06 00:30:00,19.088686,72.867919,11,VABB,210.0,1.5,22000.0,1900.0,22.0,17.0,,0,1,0,0,0,2024-01-06 00:00:00
2024-01-06 01:00:00,19.088686,72.867919,11,VABB,110.0,1.5,22000.0,2100.0,23.0,16.0,,0,1,1,0,0,2024-01-06 01:00:00
2024-01-06 01:30:00,19.088686,72.867919,11,VABB,190.0,1.5,22000.0,1700.0,23.0,16.0,,0,1,0,0,0,2024-01-06 01:00:00
2024-01-06 02:00:00,19.088686,72.867919,11,VABB,0.0,0.0,22000.0,1900.0,23.0,15.0,,0,1,0,0,0,2024-01-06 02:00:00
2024-01-06 02:30:00,19.088686,72.867919,11,VABB,80.0,2.1,22000.0,1700.0,24.0,15.0,,0,1,0,0,0,2024-01-06 02:00:00
2024-01-06 03:00:00,19.088686,72.867919,11,VABB,,0.0,,2000.0,20.0,15.6,1013.4,0,0,0,0,0,2024-01-06 03:00:00
2024-01-06 03:00:00,19.088686,72.867919,11,VABB,40.0,2.6,22000.0,1800.0,25.0,15.0,,0,1,0,0,0,2024-01-06 03:00:00
2024-01-06 03:30:00,19.088686,72.867919,11,VABB,50.0,2.6,22000.0,1800.0,26.0,15.0,,0,0,0,0,0,2024-01-06 03:00:00
2024-01-06 04:00:00,19.088686,72.867919,11,VABB,40.0,3.1,22000.0,1700.0,26.0,15.0,,0,0,0,0,0,2024-01-06 04:00:00
2024-01-06 04:30:00,19.088686,72.867919,11,VABB,50.0,4.1,10000.0,1800.0,28.0,15.0,,0,0,0,0,0,2024-01-06 04:00:00
2024-01-06 05:00:00,19.088686,72.867919,11,VABB,40.0,4.6,22000.0,1800.0,27.0,15.0,,0,0,0,0,0,2024-01-06 05:00:00
2024-01-06 05:30:00,19.088686,72.867919,11,VABB,30.0,2.6,22000.0,1800.0,29.0,15.0,,0,0,0,0,0,2024-01-06 05:00:00
2024-01-06 06:00:00,19.088686,72.867919,11,VABB,50.0,1.5,,2000.0,29.4,15.9,1013.4,0,0,0,0,0,2024-01-06 06:00:00
2024-01-06 06:00:00,19.088686,72.867919,11,VABB,30.0,3.1,22000.0,1800.0,29.0,15.0,,0,0,0,0,0,2024-01-06 06:00:00
2024-01-06 06:30:00,19.088686,72.867919,11,VABB,360.0,3.1,22000.0,2100.0,30.0,15.0,,0,0,0,0,0,2024-01-06 06:00:00
2024-01-06 07:00:00,19.088686,72.867919,11,VABB,20.0,2.1,22000.0,2100.0,30.0,15.0,,0,0,0,0,0,2024-01-06 07:00:00
2024-01-06 07:30:00,19.088686,72.867919,11,VABB,40.0,1.5,22000.0,2100.0,31.0,12.0,,0,0,0,0,0,2024-01-06 07:00:00
2024-01-06 08:00:00,19.088686,72.867919,11,VABB,250.0,5.7,22000.0,2100.0,30.0,19.0,,0,0,0,0,0,2024-01-06 08:00:00
2024-01-06 08:30:00,19.088686,72.867919,11,VABB,250.0,5.7,22000.0,2100.0,30.0,19.0,,0,0,0,0,0,2024-01-06 08:00:00
2024-01-06 09:00:00,19.088686,72.867919,11,VABB,360.0,2.1,22000.0,2000.0,30.5,17.9,1010.1,0,0,0,0,0,2024-01-06 09:00:00
2024-01-06 09:00:00,19.088686,72.867919,11,VABB,300.0,4.6,22000.0,2200.0,31.0,18.0,,0,0,0,0,0,2024-01-06 09:00:00
2024-01-06 10:00:00,19.088686,72.867919,11,VABB,310.0,5.1,22000.0,2200.0,30.0,17.0,,0,0,0,0,0,2024-01-06 10:00:00
2024-01-06 10:30:00,19.088686,72.867919,11,VABB,290.0,5.1,22000.0,2100.0,30.0,17.0,,0,0,0,0,0,2024-01-06 10:00:00
2024-01-06 11:00:00,19.088686,72.867919,11,VABB,310.0,5.1,22000.0,2100.0,30.0,18.0,,0,0,0,0,0,2024-01-06 11:00:00
2024-01-06 11:30:00,19.088686,72.867919,11,VABB,330.0,4.6,22000.0,2100.0,29.0,18.0,,0,0,0,0,0,2024-01-06 11:00:00
2024-01-06 12:00:00,19.088686,72.867919,11,VABB,360.0,2.1,,2000.0,27.8,17.7,1010.3,0,0,0,0,0,2024-01-06 12:00:00
2024-01-06 12:00:00,19.088686,72.867919,11,VABB,320.0,3.1,22000.0,2000.0,28.0,18.0,,0,0,0,0,0,2024-01-06 12:00:00
2024-01-06 12:30:00,19.088686,72.867919,11,VABB,310.0,3.1,22000.0,1800.0,28.0,17.0,,0,0,1,0,0,2024-01-06 12:00:00
2024-01-06 13:00:00,19.088686,72.867919,11,VABB,310.0,1.5,22000.0,1600.0,28.0,17.0,,0,0,0,0,0,2024-01-06 13:00:00
2024-01-06 13:30:00,19.088686,72.867919,11,VABB,350.0,1.5,22000.0,2100.0,28.0,17.0,,0,0,0,0,0,2024-01-06 13:00:00
2024-01-06 14:00:00,19.088686,72.867919,11,VABB,280.0,1.5,22000.0,1800.0,27.0,17.0,,0,0,0,0,0,2024-01-06 14:00:00
2024-01-06 14:30:00,19.088686,72.867919,11,VABB,310.0,2.6,22000.0,2100.0,28.0,18.0,,0,0,0,0,0,2024-01-06 14:00:00
2024-01-06 15:00:00,19.088686,72.867919,11,VABB,360.0,2.1,,1000.0,25.6,19.4,1012.8,0,0,0,0,0,2024-01-06 15:00:00
2024-01-06 15:00:00,19.088686,72.867919,11,VABB,330.0,1.5,22000.0,1500.0,27.0,19.0,,0,1,0,0,0,2024-01-06 15:00:00
2024-01-06 15:30:00,19.088686,72.867919,11,VABB,0.0,0.0,22000.0,1500.0,26.0,20.0,,0,1,0,0,0,2024-01-06 15:00:00
2024-01-06 16:00:00,19.088686,72.867919,11,VABB,30.0,1.5,22000.0,1600.0,27.0,20.0,,0,1,0,0,0,2024-01-06 16:00:00
2024-01-06 16:30:00,19.088686,72.867919,11,VABB,30.0,2.1,22000.0,1600.0,26.0,20.0,,0,1,0,0,0,2024-01-06 16:00:00
2024-01-06 17:00:00,19.088686,72.867919,11,VABB,330.0,2.6,22000.0,1600.0,26.0,20.0,,0,1,0,0,0,2024-01-06 17:00:00
2024-01-06 17:30:00,19.088686,72.867919,11,VABB,10.0,1.5,22000.0,1500.0,26.0,20.0,,0,1,0,0,0,2024-01-06 17:00:00
2024-01-06 18:00:00,19.088686,72.867919,11,VABB,,0.0,,2000.0,23.4,18.7,1012.9,0,0,0,0,0,2024-01-06 18:00:00
2024-01-06 18:00:00,19.088686,72.867919,11,VABB,30.0,2.1,22000.0,1500.0,25.0,20.0,,0,1,0,0,0,2024-01-06 18:00:00
2024-01-06 18:30:00,19.088686,72.867919,11,VABB,340.0,2.1,22000.0,1500.0,25.0,20.0,,0,1,0,0,0,2024-01-06 18:00:00
2024-01-06 19:00:00,19.088686,72.867919,11,VABB,90.0,1.5,22000.0,1300.0,25.0,20.0,,0,1,0,0,0,2024-01-06 19:00:00
2024-01-06 19:30:00,19.088686,72.867919,11,VABB,0.0,0.0,22000.0,1300.0,25.0,20.0,,0,1,0,0,0,2024-01-06 19:00:00
2024-01-06 20:00:00,19.088686,72.867919,11,VABB,210.0,2.6,22000.0,1300.0,25.0,20.0,,0,1,0,0,0,2024-01-06 20:00:00
2024-01-06 20:30:00,19.088686,72.867919,11,VABB,220.0,2.6,22000.0,1300.0,24.0,20.0,,0,1,0,0,0,2024-01-06 20:00:00
2024-01-06 21:00:00,19.088686,72.867919,11,VABB,,0.0,,2000.0,22.2,19.1,1011.6,0,0,0,0,0,2024-01-06 21:00:00
2024-01-06 21:00:00,19.088686,72.867919,11,VABB,210.0,2.1,22000.0,1300.0,24.0,20.0,,0,1,0,0,0,2024-01-06 21:00:00
2024-01-06 21:30:00,19.088686,72.867919,11,VABB,250.0,1.5,22000.0,1300.0,25.0,20.0,,0,1,0,0,0,2024-01-06 21:00:00
2024-01-06 22:00:00,19.088686,72.867919,11,VABB,350.0,1.5,22000.0,1400.0,25.0,20.0,,0,1,0,0,0,2024-01-06 22:00:00
2024-01-06 22:30:00,19.088686,72.867919,11,VABB,30.0,1.5,22000.0,1400.0,24.0,21.0,,1,0,0,0,0,2024-01-06 22:00:00
2024-01-06 23:00:00,19.088686,72.867919,11,VABB,80.0,2.1,22000.0,1400.0,24.0,20.0,,1,0,0,0,0,2024-01-06 23:00:00
2024-01-06 23:30:00,19.088686,72.867919,11,VABB,180.0,2.1,22000.0,1600.0,25.0,19.0,,0,1,0,0,0,2024-01-06 23:00:00
2024-01-07 00:00:00,19.088686,72.867919,11,VABB,,0.0,22000.0,2000.0,22.8,19.4,1011.3,0,0,0,0,0,2024-01-07 00:00:00
2024-01-07 00:00:00,19.088686,72.867919,11,VABB,0.0,0.0,22000.0,1600.0,25.0,19.0,,0,1,0,0,0,2024-01-07 00:00:00
2024-01-07 00:30:00,19.088686,72.867919,11,VABB,140.0,1.5,22000.0,1800.0,25.0,19.0,,0,1,0,0,0,2024-01-07 00:00:00
2024-01-07 01:00:00,19.088686,72.867919,11,VABB,150.0,2.1,22000.0,1800.0,25.0,19.0,,0,1,0,0,0,2024-01-07 01:00:00
2024-01-07 01:30:00,19.088686,72.867919,11,VABB,0.0,0.0,22000.0,1600.0,24.0,19.0,,0,1,0,0,0,2024-01-07 01:00:00
2024-01-07 02:00:00,19.088686,72.867919,11,VABB,100.0,2.1,10000.0,1600.0,25.0,19.0,,0,1,0,0,0,2024-01-07 02:00:00
2024-01-07 02:30:00,19.088686,72.867919,11,VABB,110.0,2.1,3048.0,1500.0,25.0,19.0,,0,1,0,0,0,2024-01-07 02:00:00
2024-01-07 03:00:00,19.088686,72.867919,11,VABB,,0.0,,2000.0,22.4,19.3,1013.5,0,0,0,0,0,2024-01-07 03:00:00
2024-01-07 03:00:00,19.088686,72.867919,11,VABB,130.0,2.1,3048.0,1500.0,25.0,19.0,,0,1,0,0,0,2024-01-07 03:00:00
2024-01-07 03:01:00,19.088686,72.867919,11,VABB,130.0,2.1,3048.0,1500.0,25.0,19.0,,0,1,0,0,0,2024-01-07 03:00:00
2024-01-07 03:30:00,19.088686,72.867919,11,VABB,60.0,1.5,3048.0,1400.0,26.0,19.0,,0,1,0,0,0,2024-01-07 03:00:00
2024-01-07 04:00:00,19.088686,72.867919,11,VABB,50.0,3.1,3048.0,1500.0,27.0,18.0,,0,0,0,0,0,2024-01-07 04:00:00
2024-01-07 04:30:00,19.088686,72.867919,11,VABB,30.0,2.6,10000.0,1500.0,28.0,18.0,,0,0,0,0,0,2024-01-07 04:00:00
2024-01-07 05:00:00,19.088686,72.867919,11,VABB,50.0,2.6,10000.0,1400.0,29.0,18.0,,0,0,0,0,0,2024-01-07 05:00:00
2024-01-07 05:30:00,19.088686,72.867919,11,VABB,110.0,2.6,10000.0,1600.0,29.0,17.0,,0,0,0,0,0,2024-01-07 05:00:00
2024-01-07 06:00:00,19.088686,72.867919,11,VABB,,0.0,22000.0,2000.0,29.6,18.1,1013.8,0,0,0,0,0,2024-01-07 06:00:00
2024-01-07 06:00:00,19.088686,72.867919,11,VABB,140.0,2.6,22000.0,1800.0,30.0,17.0,,0,0,0,0,0,2024-01-07 06:00:00
2024-01-07 06:30:00,19.088686,72.867919,11,VABB,160.0,3.1,22000.0,1800.0,31.0,17.0,,0,0,0,0,0,2024-01-07 06:00:00
2024-01-07 07:00:00,19.088686,72.867919,11,VABB,200.0,1.5,22000.0,1800.0,31.0,17.0,,0,0,0,0,0,2024-01-07 07:00:00
2024-01-07 07:30:00,19.088686,72.867919,11,VABB,0.0,0.0,22000.0,1800.0,31.0,17.0,,0,0,0,0,0,2024-01-07 07:00:00
2024-01-07 08:00:00,19.088686,72.867919,11,VABB,0.0,0.0,22000.0,1600.0,31.0,20.0,,0,0,0,0,0,2024-01-07 08:00:00
2024-01-07 08:30:00,19.088686,72.867919,11,VABB,270.0,4.1,22000.0,1700.0,31.0,19.0,,0,0,0,0,0,2024-01-07 08:00:00
2024-01-07 09:00:00,19.088686,72.867919,11,VABB,250.0,2.6,,2000.0,31.6,19.1,1010.6,0,0,0,0,0,2024-01-07 09:00:00
2024-01-07 09:00:00,19.088686,72.867919,11,VABB,260.0,4.1,22000.0,1900.0,31.0,18.0,,0,0,0,0,0,2024-01-07 09:00:00
2024-01-07 09:30:00,19.088686,72.867919,11,VABB,270.0,5.1,22000.0,1800.0,31.0,19.0,,0,0,0,0,0,2024-01-07 09:00:00
2024-01-07 10:00:00,19.088686,72.867919,11,VABB,270.0,4.1,22000.0,1800.0,31.0,19.0,,0,0,0,0,0,2024-01-07 10:00:00
2024-01-07 10:30:00,19.088686,72.867919,11,VABB,320.0,3.6,22000.0,1800.0,31.0,18.0,,0,0,0,0,0,2024-01-07 10:00:00
2024-01-07 11:00:00,19.088686,72.867919,11,VABB,320.0,1.5,22000.0,1800.0,30.0,19.0,,0,0,0,0,0,2024-01-07 11:00:00
2024-01-07 11:30:00,19.088686,72.867919,11,VABB,310.0,4.1,10000.0,1700.0,29.0,20.0,,0,0,1,0,0,2024-01-07 11:00:00
2024-01-07 12:00:00,19.088686,72.867919,11,VABB,340.0,1.5,22000.0,2000.0,28.4,19.5,1010.2,0,0,0,0,0,2024-01-07 12:00:00
2024-01-07 12:00:00,19.088686,72.867919,11,VABB,340.0,3.1,10000.0,1600.0,29.0,20.0,,0,0,0,0,0,2024-01-07 12:00:00
2024-01-07 12:30:00,19.088686,72.867919,11,VABB,300.0,3.1,2000.0,1700.0,28.0,19.0,,0,0,0,0,0,2024-01-07 12:00:00
2024-01-07 13:00:00,19.088686,72.867919,11,VABB,320.0,3.1,10000.0,1700.0,28.0,19.0,,0,0,0,0,0,2024-01-07 13:00:00
2024-01-07 13:30:00,19.088686,72.867919,11,VABB,310.0,2.6,22000.0,1600.0,28.0,19.0,,0,0,0,0,0,2024-01-07 13:00:00
2024-01-07 14:00:00,19.088686,72.867919,11,VABB,340.0,4.6,22000.0,1700.0,28.0,18.0,,0,0,0,0,0,2024-01-07 14:00:00
2024-01-07 14:30:00,19.088686,72.867919,11,VABB,330.0,2.1,22000.0,1700.0,28.0,18.0,,0,0,0,0,0,2024-01-07 14:00:00
2024-01-07 15:00:00,19.088686,72.867919,11,VABB,360.0,1.5,22000.0,2000.0,27.0,18.9,1011.9,0,0,0,0,0,2024-01-07 15:00:00
2024-01-07 15:00:00,19.088686,72.867919,11,VABB,330.0,2.6,22000.0,1700.0,28.0,18.0,,0,0,0,0,0,2024-01-07 15:00:00
2024-01-07 15:30:00,19.088686,72.867919,11,VABB,360.0,2.6,10000.0,1700.0,28.0,18.0,,0,0,0,0,0,2024-01-07 15:00:00
2024-01-07 16:00:00,19.088686,72.867919,11,VABB,10.0,2.6,10000.0,1800.0,27.0,18.0,,0,0,0,0,0,2024-01-07 16:00:00
2024-01-07 16:30:00,19.088686,72.867919,11,VABB,20.0,3.1,10000.0,1800.0,28.0,18.0,,0,0,0,0,0,2024-01-07 16:00:00
2024-01-07 17:00:00,19.088686,72.867919,11,VABB,140.0,2.1,10000.0,1800.0,28.0,18.0,,0,0,0,0,0,2024-01-07 17:00:00
2024-01-07 17:30:00,19.088686,72.867919,11,VABB,130.0,2.6,10000.0,1800.0,28.0,18.0,,0,0,0,0,0,2024-01-07 17:00:00
2024-01-07 18:00:00,19.088686,72.867919,11,VABB,,0.0,,2000.0,25.0,19.1,1012.6,0,0,0,0,0,2024-01-07 18:00:00
2024-01-07 18:00:00,19.088686,72.867919,11,VABB,90.0,1.5,10000.0,1700.0,27.0,18.0,,0,0,0,0,0,2024-01-07 18:00:00
2024-01-07 18:30:00,19.088686,72.867919,11,VABB,30.0,2.1,10000.0,1700.0,27.0,19.0,,0,0,0,0,0,2024-01-07 18:00:00
2024-01-07 19:00:00,19.088686,72.867919,11,VABB,0.0,0.0,10000.0,1700.0,26.0,19.0,,0,1,0,0,0,2024-01-07 19:00:00
2024-01-07 19:30:00,19.088686,72.867919,11,VABB,40.0,2.1,10000.0,1400.0,26.0,19.0,,0,1,0,0,0,2024-01-07 19:00:00
2024-01-07 20:00:00,19.088686,72.867919,11,VABB,30.0,2.6,10000.0,1600.0,26.0,19.0,,0,1,0,0,0,2024-01-07 20:00:00
2024-01-07 20:30:00,19.088686,72.867919,11,VABB,320.0,1.5,10000.0,1700.0,26.0,19.0,,0,1,0,0,0,2024-01-07 20:00:00
2024-01-07 21:00:00,19.088686,72.867919,11,VABB,,0.0,,2000.0,23.8,19.4,1011.5,0,0,0,0,0,2024-01-07 21:00:00
2024-01-07 21:00:00,19.088686,72.867919,11,VABB,40.0,2.1,10000.0,1800.0,26.0,19.0,,0,1,0,0,0,2024-01-07 21:00:00
2024-01-07 21:30:00,19.088686,72.867919,11,VABB,30.0,2.6,10000.0,1700.0,26.0,19.0,,0,1,0,0,0,2024-01-07 21:00:00
2024-01-07 22:00:00,19.088686,72.867919,11,VABB,40.0,2.6,10000.0,1700.0,26.0,19.0,,0,1,0,0,0,2024-01-07 22:00:00
2024-01-07 22:30:00,19.088686,72.867919,11,VABB,100.0,2.6,10000.0,1600.0,25.0,19.0,,0,1,0,0,0,2024-01-07 22:00:00
2024-01-07 23:00:00,19.088686,72.867919,11,VABB,0.0,0.0,10000.0,1700.0,26.0,19.0,,0,1,0,0,0,2024-01-07 23:00:00
2024-01-07 23:30:00,19.088686,72.867919,11,VABB,0.0,0.0,10000.0,1800.0,26.0,19.0,,0,1,0,0,0,2024-01-07 23:00:00
2024-01-08 00:00:00,19.088686,72.867919,11,VABB,,0.0,22000.0,2000.0,22.8,19.4,1011.6,0,0,0,0,0,2024-01-08 00:00:00
2024-01-08 00:00:00,19.088686,72.867919,11,VABB,0.0,0.0,10000.0,1800.0,26.0,19.0,,0,1,0,0,0,2024-01-08 00:00:00
2024-01-08 00:30:00,19.088686,72.867919,11,VABB,110.0,2.1,10000.0,1800.0,26.0,19.0,,0,1,0,0,0,2024-01-08 00:00:00
2024-01-08 01:00:00,19.088686,72.867919,11,VABB,90.0,2.1,10000.0,1800.0,25.0,19.0,,0,1,0,0,0,2024-01-08 01:00:00
2024-01-08 01:30:00,19.088686,72.867919,11,VABB,80.0,3.1,10000.0,1800.0,26.0,18.0,,0,1,0,0,0,2024-01-08 01:00:00
2024-01-08 02:00:00,19.088686,72.867919,11,VABB,90.0,2.6,10000.0,1800.0,26.0,17.0,,0,0,0,0,0,2024-01-08 02:00:00
2024-01-08 02:30:00,19.088686,72.867919,11,VABB,80.0,3.6,10000.0,1800.0,26.0,17.0,,0,0,0,0,0,2024-01-08 02:00:00
2024-01-08 03:00:00,19.088686,72.867919,11,VABB,,0.0,22000.0,2000.0,23.2,19.1,1013.7,0,0,0,0,0,2024-01-08 03:00:00
2024-01-08 03:00:00,19.088686,72.867919,11,VABB,90.0,3.6,10000.0,1800.0,27.0,17.0,,0,0,0,0,0,2024-01-08 03:00:00
2024-01-08 03:30:00,19.088686,72.867919,11,VABB,100.0,3.1,22000.0,1800.0,28.0,17.0,,0,0,0,0,0,2024-01-08 03:00:00
2024-01-08 04:00:00,19.088686,72.867919,11,VABB,110.0,3.6,22000.0,1800.0,29.0,17.0,,0,0,0,0,0,2024-01-08 04:00:00
2024-01-08 04:30:00,19.088686,72.867919,11,VABB,120.0,3.1,22000.0,1800.0,29.0,17.0,,0,0,0,0,0,2024-01-08 04:00:00
2024-01-08 05:00:00,19.088686,72.867919,11,VABB,90.0,3.6,22000.0,1800.0,30.0,17.0,,0,0,0,0,0,2024-01-08 05:00:00
2024-01-08 05:30:00,19.088686,72.867919,11,VABB,90.0,4.6,22000.0,2100.0,31.0,15.0,,0,0,0,0,0,2024-01-08 05:00:00
2024-01-08 06:00:00,19.088686,72.867919,11,VABB,50.0,2.1,,2000.0,31.0,16.0,1013.8,0,0,0,0,0,2024-01-08 06:00:00
2024-01-08 06:00:00,19.088686,72.867919,11,VABB,100.0,5.7,22000.0,2200.0,32.0,15.0,,0,0,0,0,0,2024-01-08 06:00:00
2024-01-08 06:30:00,19.088686,72.867919,11,VABB,110.0,4.1,22000.0,2200.0,32.0,14.0,,0,0,0,0,0,2024-01-08 06:00:00
2024-01-08 07:00:00,19.088686,72.867919,11,VABB,80.0,4.1,10000.0,2200.0,33.0,14.0,,0,0,0,0,0,2024-01-08 07:00:00
2024-01-08 07:30:00,19.088686,72.867919,11,VABB,110.0,2.6,10000.0,2200.0,33.0,13.0,,0,0,0,0,0,2024-01-08 07:00:00
2024-01-08 08:00:00,19.088686,72.867919,11,VABB,110.0,3.6,22000.0,2200.0,34.0,13.0,,0,0,0,0,0,2024-01-08 08:00:00
2024-01-08 08:30:00,19.088686,72.867919,11,VABB,140.0,3.1,10000.0,2500.0,33.0,13.0,,0,0,0,0,0,2024-01-08 08:00:00
2024-01-08 09:00:00,19.088686,72.867919,11,VABB,,0.0,22000.0,2000.0,34.6,17.6,1010.6,0,0,0,0,0,2024-01-08 09:00:00
2024-01-08 09:00:00,19.088686,72.867919,11,VABB,210.0,2.1,3048.0,3000.0,34.0,13.0,,0,0,0,0,0,2024-01-08 09:00:00
2024-01-08 09:30:00,19.088686,72.867919,11,VABB,210.0,2.1,3048.0,3000.0,35.0,13.0,,0,0,0,0,0,2024-01-08 09:00:00
2024-01-08 10:00:00,19.088686,72.867919,11,VABB,290.0,4.6,3048.0,3000.0,33.0,15.0,,0,0,0,0,0,2024-01-08 10:00:00
2024-01-08 10:30:00,19.088686,72.867919,11,VABB,290.0,3.6,3048.0,3000.0,33.0,15.0,,0,0,0,0,0,2024-01-08 10:00:00
2024-01-08 11:00:00,19.088686,72.867919,11,VABB,270.0,4.6,3048.0,3000.0,32.0,15.0,,0,0,0,0,0,2024-01-08 11:00:00
2024-01-08 11:30:00,19.088686,72.867919,11,VABB,280.0,4.6,3048.0,3000.0,31.0,17.0,,0,0,0,0,0,2024-01-08 11:00:00
2024-01-08 12:00:00,19.088686,72.867919,11,VABB,340.0,1.5,540.0,2000.0,30.6,17.0,1010.7,0,0,0,0,0,2024-01-08 12:00:00
2024-01-08 12:00:00,19.088686,72.867919,11,VABB,290.0,4.1,3048.0,3000.0,31.0,16.0,,0,0,0,0,0,2024-01-08 12:00:00
2024-01-08 12:30:00,19.088686,72.867919,11,VABB,320.0,3.6,3048.0,2500.0,30.0,20.0,,0,0,0,0,0,2024-01-08 12:00:00
2024-01-08 13:00:00,19.088686,72.867919,11,VABB,330.0,4.1,10000.0,2500.0,29.0,19.0,,0,0,0,0,0,2024-01-08 13:00:00
2024-01-08 13:30:00,19.088686,72.867919,11,VABB,330.0,3.1,10000.0,2500.0,29.0,19.0,,0,0,0,0,0,2024-01-08 13:00:00
2024-01-08 14:00:00,19.088686,72.867919,11,VABB,320.0,2.6,10000.0,2500.0,29.0,20.0,,0,0,0,0,0,2024-01-08 14:00:00
2024-01-08 14:30:00,19.088686,72.867919,11,VABB,330.0,4.6,10000.0,2500.0,29.0,19.0,,0,0,0,0,0,2024-01-08 14:00:00
2024-01-08 15:00:00,19.088686,72.867919,11,VABB,360.0,1.5,22000.0,2000.0,27.8,18.4,1012.9,0,0,0,0,0,2024-01-08 15:00:00
2024-01-08 15:00:00,19.088686,72.867919,11,VABB,340.0,3.6,10000.0,2500.0,29.0,17.0,,0,0,0,0,0,2024-01-08 15:00:00
2024-01-08 15:30:00,19.088686,72.867919,11,VABB,360.0,3.6,10000.0,2500.0,30.0,17.0,,0,0,0,0,0,2024-01-08 15:00:00
2024-01-08 16:00:00,19.088686,72.867919,11,VABB,360.0,2.1,10000.0,2500.0,29.0,17.0,,0,0,0,0,0,2024-01-08 16:00:00
2024-01-08 16:30:00,19.088686,72.867919,11,VABB,40.0,2.6,10000.0,2500.0,29.0,17.0,,0,0,0,0,0,2024-01-08 16:00:00
2024-01-08 17:00:00,19.088686,72.867919,11,VABB,40.0,2.1,10000.0,2500.0,29.0,17.0,,0,0,0,0,0,2024-01-08 17:00:00
2024-01-08 17:30:00,19.088686,72.867919,11,VABB,50.0,2.1,10000.0,2500.0,29.0,16.0,,0,0,0,0,0,2024-01-08 17:00:00
2024-01-08 18:00:00,19.088686,72.867919,11,VABB,,0.0,22000.0,2000.0,25.6,18.4,1013.5,0,0,0,0,0,2024-01-08 18:00:00
2024-01-08 18:00:00,19.088686,72.867919,11,VABB,340.0,3.1,10000.0,2500.0,28.0,17.0,,0,0,0,0,0,2024-01-08 18:00:00
2024-01-08 18:30:00,19.088686,72.867919,11,VABB,340.0,4.1,10000.0,2200.0,28.0,18.0,,0,0,0,0,0,2024-01-08 18:00:00
2024-01-08 19:00:00,19.088686,72.867919,11,VABB,20.0,3.1,10000.0,2200.0,28.0,18.0,,0,0,0,0,0,2024-01-08 19:00:00
2024-01-08 19:30:00,19.088686,72.867919,11,VABB,360.0,2.1,10000.0,2000.0,28.0,18.0,,0,0,0,0,0,2024-01-08 19:00:00
2024-01-08 20:00:00,19.088686,72.867919,11,VABB,340.0,2.1,22000.0,2000.0,27.0,19.0,,0,0,0,0,0,2024-01-08 20:00:00
2024-01-08 20:30:00,19.088686,72.867919,11,VABB,20.0,2.1,22000.0,2100.0,27.0,19.0,,0,1,0,0,0,2024-01-08 20:00:00
2024-01-08 21:00:00,19.088686,72.867919,11,VABB,,0.0,,2000.0,24.6,19.6,,0,0,0,0,0,2024-01-08 21:00:00
2024-01-08 21:00:00,19.088686,72.867919,11,VABB,360.0,2.1,22000.0,2100.0,26.0,19.0,,0,1,0,0,0,2024-01-08 21:00:00
2024-01-08 21:30:00,19.088686,72.867919,11,VABB,60.0,1.5,22000.0,2100.0,26.0,19.0,,0,1,0,0,0,2024-01-08 21:00:00
2024-01-08 22:00:00,19.088686,72.867919,11,VABB,90.0,2.6,22000.0,2100.0,26.0,18.0,,0,1,0,0,0,2024-01-08 22:00:00
2024-01-08 22:30:00,19.088686,72.867919,11,VABB,110.0,2.1,22000.0,2100.0,26.0,19.0,,0,1,0,0,0,2024-01-08 22:00:00
2024-01-08 23:00:00,19.088686,72.867919,11,VABB,150.0,2.6,22000.0,2100.0,26.0,19.0,,0,1,0,0,0,2024-01-08 23:00:00
2024-01-08 23:30:00,19.088686,72.867919,11,VABB,90.0,3.1,22000.0,2100.0,26.0,19.0,,0,1,0,0,0,2024-01-08 23:00:00
2024-01-09 00:00:00,19.088686,72.867919,11,VABB,,0.0,22000.0,2000.0,23.4,19.0,1011.3,0,0,0,0,0,2024-01-09 00:00:00
2024-01-09 00:00:00,19.088686,72.867919,11,VABB,80.0,2.6,22000.0,2100.0,25.0,19.0,,0,1,0,0,0,2024-01-09 00:00:00
2024-01-09 00:30:00,19.088686,72.867919,11,VABB,110.0,2.6,22000.0,2100.0,26.0,20.0,,0,1,0,0,0,2024-01-09 00:00:00
2024-01-09 01:00:00,19.088686,72.867919,11,VABB,120.0,1.5,22000.0,2100.0,26.0,20.0,,0,1,0,0,0,2024-01-09 01:00:00
2024-01-09 01:30:00,19.088686,72.867919,11,VABB,90.0,2.6,10000.0,1800.0,25.0,20.0,,0,1,0,0,0,2024-01-09 01:00:00
2024-01-09 02:00:00,19.088686,72.867919,11,VABB,80.0,2.1,10000.0,1800.0,25.0,20.0,,0,1,0,0,0,2024-01-09 02:00:00
2024-01-09 02:30:00,19.088686,72.867919,11,VABB,170.0,2.6,10000.0,2100.0,25.0,20.0,,0,1,1,0,0,2024-01-09 02:00:00
2024-01-09 03:00:00,19.088686,72.867919,11,VABB,,0.0,22000.0,2000.0,23.4,20.0,1013.6,0,0,0,0,0,2024-01-09 03:00:00
2024-01-09 03:00:00,19.088686,72.867919,11,VABB,110.0,3.1,10000.0,1600.0,26.0,20.0,,0,1,0,0,0,2024-01-09 03:00:00
2024-01-09 03:30:00,19.088686,72.867919,11,VABB,90.0,1.5,10000.0,1200.0,27.0,20.0,,0,1,0,0,0,2024-01-09 03:00:00
2024-01-09 04:00:00,19.088686,72.867919,11,VABB,70.0,2.1,10000.0,1400.0,27.0,20.0,,0,1,0,0,0,2024-01-09 04:00:00
2024-01-09 04:30:00,19.088686,72.867919,11,VABB,110.0,2.1,10000.0,1300.0,29.0,19.0,,0,1,0,0,0,2024-01-09 04:00:00
2024-01-09 05:00:00,19.088686,72.867919,11,VABB,140.0,2.1,10000.0,1600.0,29.0,19.0,,0,0,0,0,0,2024-01-09 05:00:00
2024-01-09 05:30:00,19.088686,72.867919,11,VABB,150.0,1.5,10000.0,2100.0,30.0,19.0,,0,0,0,0,0,2024-01-09 05:00:00
2024-01-09 06:00:00,19.088686,72.867919,11,VABB,,0.0,,2000.0,31.2,19.7,1013.8,0,0,0,0,0,2024-01-09 06:00:00
2024-01-09 06:00:00,19.088686,72.867919,11,VABB,150.0,2.6,10000.0,2200.0,31.0,18.0,,0,0,0,0,0,2024-01-09 06:00:00
2024-01-09 06:30:00,19.088686,72.867919,11,VABB,170.0,3.6,10000.0,2500.0,31.0,18.0,,0,0,0,0,0,2024-01-09 06:00:00
2024-01-09 07:00:00,19.088686,72.867919,11,VABB,140.0,2.1,10000.0,2500.0,32.0,18.0,,0,0,0,0,0,2024-01-09 07:00:00
2024-01-09 07:30:00,19.088686,72.867919,11,VABB,320.0,3.1,10000.0,2200.0,31.0,19.0,,0,0,0,0,0,2024-01-09 07:00:00
2024-01-09 08:00:00,19.088686,72.867919,11,VABB,270.0,4.6,10000.0,2200.0,31.0,21.0,,0,0,0,0,0,2024-01-09 08:00:00
2024-01-09 08:30:00,19.088686,72.867919,11,VABB,270.0,5.1,2000.0,2200.0,30.0,21.0,,0,0,0,0,0,2024-01-09 08:00:00
2024-01-09 09:00:00,19.088686,72.867919,11,VABB,270.0,2.1,,2000.0,30.8,21.6,1011.4,0,0,0,0,0,2024-01-09 09:00:00
2024-01-09 09:00:00,19.088686,72.867919,11,VABB,240.0,4.1,10000.0,2500.0,31.0,20.0,,0,0,0,0,0,2024-01-09 09:00:00
2024-01-09 09:30:00,19.088686,72.867919,11,VABB,250.0,4.1,3048.0,2500.0,31.0,20.0,,0,0,0,0,0,2024-01-09 09:00:00
2024-01-09 10:00:00,19.088686,72.867919,11,VABB,270.0,5.1,3048.0,2500.0,29.0,22.0,,0,1,0,0,0,2024-01-09 10:00:00
2024-01-09 10:30:00,19.088686,72.867919,11,VABB,280.0,4.1,3048.0,2200.0,29.0,23.0,,0,1,0,0,0,2024-01-09 10:00:00
2024-01-09 11:00:00,19.088686,72.867919,11,VABB,270.0,3.6,3048.0,2200.0,29.0,22.0,,0,1,0,0,0,2024-01-09 11:00:00
2024-01-09 11:30:00,19.088686,72.867919,11,VABB,270.0,4.1,3048.0,2200.0,29.0,23.0,,0,1,0,0,0,2024-01-09 11:00:00
2024-01-09 12:00:00,19.088686,72.867919,11,VABB,,0.0,3000.0,2000.0,29.0,22.5,1011.6,0,0,0,0,0,2024-01-09 12:00:00
2024-01-09 12:00:00,19.088686,72.867919,11,VABB,290.0,2.6,3048.0,2200.0,29.0,23.0,,0,1,0,0,0,2024-01-09 12:00:00
2024-01-09 12:30:00,19.088686,72.867919,11,VABB,290.0,2.1,3048.0,2200.0,29.0,23.0,,0,1,0,0,0,2024-01-09 12:00:00
2024-01-09 13:00:00,19.088686,72.867919,11,VABB,290.0,1.5,3048.0,2200.0,29.0,23.0,,0,1,0,0,0,2024-01-09 13:00:00
2024-01-09 13:30:00,19.088686,72.867919,11,VABB,280.0,2.6,3048.0,1800.0,29.0,23.0,,0,1,0,0,0,2024-01-09 13:00:00
2024-01-09 14:00:00,19.088686,72.867919,11,VABB,300.0,2.1,3048.0,1800.0,28.0,23.0,,0,1,0,0,0,2024-01-09 14:00:00
2024-01-09 14:30:00,19.088686,72.867919,11,VABB,340.0,2.1,3048.0,1800.0,28.0,23.0,,0,1,0,0,0,2024-01-09 14:00:00
2024-01-09 15:00:00,19.088686,72.867919,11,VABB,,0.0,22000.0,2000.0,27.6,21.6,1013.9,0,0,0,0,0,2024-01-09 15:00:00
2024-01-09 15:00:00,19.088686,72.867919,11,VABB,20.0,3.1,3048.0,1800.0,28.0,23.0,,0,1,0,0,0,2024-01-09 15:00:00
2024-01-09 15:30:00,19.088686,72.867919,11,VABB,330.0,2.1,3048.0,1800.0,28.0,21.0,,0,1,0,0,0,2024-01-09 15:00:00
2024-01-09 16:00:00,19.088686,72.867919,11,VABB,40.0,3.6,3048.0,1800.0,28.0,21.0,,0,1,0,0,0,2024-01-09 16:00:00
2024-01-09 16:30:00,19.088686,72.867919,11,VABB,60.0,2.1,3048.0,1800.0,28.0,22.0,,0,0,0,0,0,2024-01-09 16:00:00
2024-01-09 17:00:00,19.088686,72.867919,11,VABB,60.0,2.1,3048.0,1800.0,28.0,22.0,,0,0,0,0,0,2024-01-09 17:00:00
2024-01-09 17:30:00,19.088686,72.867919,11,VABB,100.0,2.6,3048.0,1800.0,27.0,23.0,,1,0,0,0,0,2024-01-09 17:00:00
2024-01-09 18:00:00,19.088686,72.867919,11,VABB,,0.0,,2000.0,27.0,21.9,1014.1,0,0,0,0,0,2024-01-09 18:00:00
2024-01-09 18:30:00,19.088686,72.867919,11,VABB,110.0,3.1,3048.0,1800.0,28.0,22.0,,0,1,0,0,0,2024-01-09 18:00:00
2024-01-09 19:00:00,19.088686,72.867919,11,VABB,60.0,3.1,3048.0,1900.0,27.0,22.0,,0,1,0,0,0,2024-01-09 19:00:00
2024-01-09 19:30:00,19.088686,72.867919,11,VABB,110.0,4.1,3048.0,1900.0,27.0,22.0,,0,1,0,0,0,2024-01-09 19:00:00
2024-01-09 20:00:00,19.088686,72.867919,11,VABB,80.0,3.1,3048.0,1900.0,26.0,21.0,,0,0,0,0,0,2024-01-09 20:00:00
2024-01-09 20:30:00,19.088686,72.867919,11,VABB,80.0,2.6,3048.0,2100.0,26.0,21.0,,0,1,0,0,0,2024-01-09 20:00:00
2024-01-09 21:00:00,19.088686,72.867919,11,VABB,,0.0,,2000.0,24.4,22.3,1013.1,0,0,0,0,0,2024-01-09 21:00:00
2024-01-09 21:00:00,19.088686,72.867919,11,VABB,70.0,2.1,3048.0,2100.0,26.0,20.0,,0,1,0,0,0,2024-01-09 21:00:00
2024-01-09 21:30:00,19.088686,72.867919,11,VABB,40.0,2.6,3048.0,2100.0,26.0,20.0,,0,1,0,0,0,2024-01-09 21:00:00
2024-01-09 22:00:00,19.088686,72.867919,11,VABB,80.0,3.1,3048.0,2100.0,26.0,20.0,,0,1,0,0,0,2024-01-09 22:00:00
2024-01-09 22:30:00,19.088686,72.867919,11,VABB,90.0,3.1,3048.0,2100.0,26.0,20.0,,0,1,0,0,0,2024-01-09 22:00:00
2024-01-09 23:00:00,19.088686,72.867919,11,VABB,60.0,2.1,3048.0,2200.0,26.0,20.0,,0,1,0,0,0,2024-01-09 23:00:00
2024-01-09 23:30:00,19.088686,72.867919,11,VABB,90.0,3.1,3048.0,2200.0,26.0,19.0,,0,1,0,0,0,2024-01-09 23:00:00
2024-01-10 00:00:00,19.088686,72.867919,11,VABB,,0.0,,2000.0,23.4,20.6,1012.4,0,0,0,0,0,2024-01-10 00:00:00
2024-01-10 00:00:00,19.088686,72.867919,11,VABB,90.0,2.6,3048.0,2200.0,26.0,19.0,,0,1,0,0,0,2024-01-10 00:00:00
2024-01-10 00:30:00,19.088686,72.867919,11,VABB,40.0,2.1,3048.0,2500.0,26.0,18.0,,0,1,0,0,0,2024-01-10 00:00:00
2024-01-10 01:00:00,19.088686,72.867919,11,VABB,50.0,4.1,10000.0,2500.0,26.0,19.0,,0,1,0,0,0,2024-01-10 01:00:00
2024-01-10 01:30:00,19.088686,72.867919,11,VABB,40.0,3.1,10000.0,2500.0,26.0,18.0,,0,1,0,0,0,2024-01-10 01:00:00
2024-01-10 02:00:00,19.088686,72.867919,11,VABB,90.0,3.1,2000.0,2500.0,26.0,18.0,,0,1,0,0,0,2024-01-10 02:00:00
2024-01-10 02:30:00,19.088686,72.867919,11,VABB,90.0,3.1,2000.0,2500.0,26.0,17.0,,0,1,0,0,0,2024-01-10 02:00:00
2024-01-10 03:00:00,19.088686,72.867919,11,VABB,,0.0,22000.0,2000.0,24.0,18.3,1013.9,0,0,0,0,0,2024-01-10 03:00:00
2024-01-10 03:00:00,19.088686,72.867919,11,VABB,80.0,3.6,3048.0,2500.0,26.0,17.0,,0,1,0,0,0,2024-01-10 03:00:00
2024-01-10 03:30:00,19.088686,72.867919,11,VABB,100.0,2.6,2000.0,2500.0,27.0,17.0,,0,1,0,0,0,2024-01-10 03:00:00
2024-01-10 04:00:00,19.088686,72.867919,11,VABB,90.0,3.1,2000.0,2500.0,28.0,17.0,,0,1,0,0,0,2024-01-10 04:00:00
2024-01-10 04:03:00,19.088686,72.867919,11,VABB,90.0,3.1,2000.0,2500.0,28.0,17.0,,0,1,0,0,0,2024-01-10 04:00:00
2024-01-10 04:30:00,19.088686,72.867919,11,VABB,140.0,3.1,3048.0,2500.0,29.0,17.0,,0,1,0,0,0,2024-01-10 04:00:00
2024-01-10 05:00:00,19.088686,72.867919,11,VABB,110.0,2.6,3048.0,2500.0,29.0,17.0,,0,1,0,0,0,2024-01-10 05:00:00
2024-01-10 05:30:00,19.088686,72.867919,11,VABB,150.0,2.1,3048.0,2500.0,30.0,17.0,,0,1,0,0,0,2024-01-10 05:00:00
2024-01-10 06:00:00,19.088686,72.867919,11,VABB,,0.0,22000.0,2000.0,29.6,18.8,1014.6,0,0,0,0,0,2024-01-10 06:00:00
2024-01-10 06:00:00,19.088686,72.867919,11,VABB,,1.5,3048.0,2500.0,31.0,17.0,,0,1,0,1,0,2024-01-10 06:00:00
2024-01-10 06:30:00,19.088686,72.867919,11,VABB,170.0,2.6,3048.0,2500.0,30.0,17.0,,0,1,0,0,0,2024-01-10 06:00:00
2024-01-10 07:00:00,19.088686,72.867919,11,VABB,220.0,2.1,2438.0,2500.0,29.0,18.0,,0,1,0,0,0,2024-01-10 07:00:00
2024-01-10 07:30:00,19.088686,72.867919,11,VABB,290.0,3.1,2438.0,2500.0,30.0,18.0,,0,1,0,0,0,2024-01-10 07:00:00
2024-01-10 08:00:00,19.088686,72.867919,11,VABB,250.0,2.6,2438.0,2500.0,30.0,18.0,,0,1,0,0,0,2024-01-10 08:00:00
2024-01-10 08:30:00,19.088686,72.867919,11,VABB,230.0,2.6,2438.0,2500.0,30.0,18.0,,0,0,0,0,0,2024-01-10 08:00:00
2024-01-10 09:00:00,19.088686,72.867919,11,VABB,320.0,1.5,750.0,2000.0,30.4,19.8,1012.0,0,0,0,0,0,2024-01-10 09:00:00
2024-01-10 09:00:00,19.088686,72.867919,11,VABB,290.0,2.6,2743.0,2500.0,30.0,19.0,,0,0,0,0,0,2024-01-10 09:00:00
2024-01-10 09:30:00,19.088686,72.867919,11,VABB,260.0,2.1,2743.0,2500.0,30.0,19.0,,0,0,0,0,0,2024-01-10 09:00:00
2024-01-10 10:00:00,19.088686,72.867919,11,VABB,270.0,2.1,2743.0,2500.0,31.0,19.0,,0,0,0,0,0,2024-01-10 10:00:00
2024-01-10 10:30:00,19.088686,72.867919,11,VABB,290.0,2.6,3048.0,2500.0,30.0,20.0,,0,0,0,0,0,2024-01-10 10:00:00
2024-01-10 11:00:00,19.088686,72.867919,11,VABB,240.0,3.1,3048.0,2500.0,30.0,20.0,,0,0,0,0,0,2024-01-10 11:00:00
2024-01-10 11:30:00,19.088686,72.867919,11,VABB,90.0,2.6,10000.0,2500.0,31.0,18.0,,0,0,0,0,0,2024-01-10 11:00:00
2024-01-10 12:00:00,19.088686,72.867919,11,VABB,,0.0,22000.0,2000.0,30.2,21.6,1011.0,0,0,0,0,0,2024-01-10 12:00:00
2024-01-10 12:00:00,19.088686,72.867919,11,VABB,140.0,2.1,10000.0,2500.0,31.0,18.0,,0,0,0,0,0,2024-01-10 12:00:00
2024-01-10 12:30:00,19.088686,72.867919,11,VABB,230.0,2.6,10000.0,2500.0,30.0,19.0,,0,0,0,0,0,2024-01-10 12:00:00
2024-01-10 13:00:00,19.088686,72.867919,11,VABB,270.0,2.6,10000.0,2500.0,29.0,20.0,,0,0,0,0,0,2024-01-10 13:00:00
2024-01-10 13:30:00,19.088686,72.867919,11,VABB,250.0,2.6,10000.0,2500.0,29.0,20.0,,0,0,0,0,0,2024-01-10 13:00:00
2024-01-10 14:00:00,19.088686,72.867919,11,VABB,280.0,3.1,10000.0,2500.0,28.0,20.0,,0,1,0,0,0,2024-01-10 14:00:00
2024-01-10 14:30:00,19.088686,72.867919,11,VABB,310.0,2.1,10000.0,2000.0,28.0,20.0,,0,1,0,0,0,2024-01-10 14:00:00
2024-01-10 15:00:00,19.088686,72.867919,11,VABB,,0.0,22000.0,2000.0,27.0,21.0,1013.5,0,0,0,0,0,2024-01-10 15:00:00
2024-01-10 15:00:00,19.088686,72.867919,11,VABB,340.0,3.1,10000.0,1800.0,28.0,20.0,,0,1,0,0,0,2024-01-10 15:00:00
2024-01-10 15:30:00,19.088686,72.867919,11,VABB,340.0,2.1,10000.0,1800.0,28.0,20.0,,0,1,0,0,0,2024-01-10 15:00:00
2024-01-10 16:00:00,19.088686,72.867919,11,VABB,30.0,3.1,3048.0,1800.0,28.0,20.0,,0,1,0,0,0,2024-01-10 16:00:00
2024-01-10 16:30:00,19.088686,72.867919,11,VABB,350.0,3.1,3048.0,1800.0,28.0,19.0,,0,1,0,0,0,2024-01-10 16:00:00
2024-01-10 17:00:00,19.088686,72.867919,11,VABB,350.0,3.1,3048.0,1800.0,28.0,19.0,,0,1,0,0,0,2024-01-10 17:00:00
2024-01-10 17:30:00,19.088686,72.867919,11,VABB,100.0,3.1,3048.0,1800.0,29.0,19.0,,0,0,0,0,0,2024-01-10 17:00:00
2024-01-10 18:00:00,19.088686,72.867919,11,VABB,,0.0,,2000.0,26.2,20.1,1014.2,0,0,0,0,0,2024-01-10 18:00:00
2024-01-10 18:00:00,19.088686,72.867919,11,VABB,360.0,2.1,3048.0,1800.0,28.0,19.0,,0,0,0,0,0,2024-01-10 18:00:00
2024-01-10 18:30:00,19.088686,72.867919,11,VABB,40.0,1.5,22000.0,1800.0,27.0,19.0,,0,1,0,0,0,2024-01-10 18:00:00
2024-01-10 19:00:00,19.088686,72.867919,11,VABB,130.0,2.6,22000.0,1800.0,27.0,19.0,,0,1,0,0,0,2024-01-10 19:00:00
2024-01-10 19:30:00,19.088686,72.867919,11,VABB,50.0,2.6,22000.0,1800.0,28.0,19.0,,0,1,0,0,0,2024-01-10 19:00:00
2024-01-10 20:00:00,19.088686,72.867919,11,VABB,20.0,1.5,22000.0,1800.0,27.0,20.0,,0,1,0,0,0,2024-01-10 20:00:00
2024-01-10 20:30:00,19.088686,72.867919,11,VABB,110.0,2.1,22000.0,1800.0,27.0,19.0,,0,1,0,0,0,2024-01-10 20:00:00
2024-01-10 21:00:00,19.088686,72.867919,11,VABB,,0.0,,2000.0,24.4,19.8,1013.4,0,0,0,0,0,2024-01-10 21:00:00
2024-01-10 21:00:00,19.088686,72.867919,11,VABB,110.0,3.6,22000.0,1800.0,27.0,19.0,,0,1,0,0,0,2024-01-10 21:00:00
2024-01-10 21:30:00,19.088686,72.867919,11,VABB,50.0,2.6,22000.0,1800.0,27.0,19.0,,0,1,0,0,0,2024-01-10 21:00:00
2024-01-10 22:00:00,19.088686,72.867919,11,VABB,30.0,2.6,22000.0,1800.0,26.0,19.0,,0,1,0,0,0,2024-01-10 22:00:00
2024-01-10 22:30:00,19.088686,72.867919,11,VABB,0.0,0.0,22000.0,1800.0,25.0,20.0,,0,1,0,0,0,2024-01-10 22:00:00
2024-01-10 23:00:00,19.088686,72.867919,11,VABB,0.0,0.0,22000.0,2100.0,26.0,20.0,,0,1,0,0,0,2024-01-10 23:00:00
2024-01-10 23:30:00,19.088686,72.867919,11,VABB,80.0,2.1,22000.0,2100.0,26.0,19.0,,0,1,0,0,0,2024-01-10 23:00:00
2024-01-11 00:00:00,19.088686,72.867919,11,VABB,,0.0,,2000.0,24.0,19.7,1012.8,0,0,0,0,0,2024-01-11 00:00:00
2024-01-11 00:00:00,19.088686,72.867919,11,VABB,80.0,2.1,22000.0,2100.0,26.0,20.0,,0,1,0,0,0,2024-01-11 00:00:00
2024-01-11 00:30:00,19.088686,72.867919,11,VABB,40.0,3.1,22000.0,1800.0,26.0,20.0,,0,1,0,0,0,2024-01-11 00:00:00
2024-01-11 01:00:00,19.088686,72.867919,11,VABB,50.0,3.1,22000.0,1800.0,26.0,19.0,,0,1,0,0,0,2024-01-11 01:00:00
2024-01-11 01:30:00,19.088686,72.867919,11,VABB,70.0,3.1,22000.0,1600.0,27.0,19.0,,0,1,0,0,0,2024-01-11 01:00:00
2024-01-11 02:00:00,19.088686,72.867919,11,VABB,80.0,2.1,22000.0,1600.0,26.0,20.0,,0,1,0,0,0,2024-01-11 02:00:00
2024-01-11 02:30:00,19.088686,72.867919,11,VABB,90.0,2.6,10000.0,2100.0,27.0,19.0,,0,1,0,0,0,2024-01-11 02:00:00
2024-01-11 03:00:00,19.088686,72.867919,11,VABB,50.0,1.5,22000.0,2000.0,24.6,19.6,1015.0,0,0,0,0,0,2024-01-11 03:00:00
2024-01-11 03:00:00,19.088686,72.867919,11,VABB,90.0,2.6,10000.0,2100.0,27.0,19.0,,0,1,0,0,0,2024-01-11 03:00:00
2024-01-11 03:30:00,19.088686,72.867919,11,VABB,90.0,2.6,10000.0,2200.0,28.0,19.0,,0,0,0,0,0,2024-01-11 03:00:00
2024-01-11 04:00:00,19.088686,72.867919,11,VABB,120.0,3.1,22000.0,2100.0,29.0,18.0,,0,0,0,0,0,2024-01-11 04:00:00
2024-01-11 04:30:00,19.088686,72.867919,11,VABB,110.0,3.1,22000.0,2100.0,30.0,18.0,,0,0,0,0,0,2024-01-11 04:00:00
2024-01-11 05:00:00,19.088686,72.867919,11,VABB,110.0,3.6,22000.0,2100.0,31.0,18.0,,0,0,0,0,0,2024-01-11 05:00:00
2024-01-11 05:30:00,19.088686,72.867919,11,VABB,80.0,2.6,22000.0,2500.0,31.0,18.0,,0,0,0,0,0,2024-01-11 05:00:00
2024-01-11 06:00:00,19.088686,72.867919,11,VABB,,0.0,,2000.0,31.6,17.6,1015.1,0,0,0,0,0,2024-01-11 06:00:00
2024-01-11 06:00:00,19.088686,72.867919,11,VABB,110.0,3.1,22000.0,2500.0,32.0,17.0,,0,0,0,0,0,2024-01-11 06:00:00
2024-01-11 06:30:00,19.088686,72.867919,11,VABB,140.0,2.6,22000.0,2500.0,32.0,16.0,,0,0,0,0,0,2024-01-11 06:00:00
2024-01-11 07:00:00,19.088686,72.867919,11,VABB,100.0,2.1,22000.0,2500.0,32.0,16.0,,0,0,0,0,0,2024-01-11 07:00:00
2024-01-11 07:30:00,19.088686,72.867919,11,VABB,0.0,0.0,22000.0,2500.0,33.0,16.0,,0,0,0,0,0,2024-01-11 07:00:00
2024-01-11 08:00:00,19.088686,72.867919,11,VABB,240.0,2.6,22000.0,2500.0,31.0,19.0,,0,0,0,0,0,2024-01-11 08:00:00
2024-01-11 08:30:00,19.088686,72.867919,11,VABB,240.0,2.6,22000.0,2500.0,31.0,19.0,,0,0,0,0,0,2024-01-11 08:00:00
2024-01-11 09:00:00,19.088686,72.867919,11,VABB,320.0,1.5,,2000.0,33.0,19.4,1011.9,0,0,0,0,0,2024-01-11 09:00:00
2024-01-11 09:00:00,19.088686,72.867919,11,VABB,270.0,3.6,22000.0,2500.0,32.0,18.0,,0,0,0,0,0,2024-01-11 09:00:00
2024-01-11 09:30:00,19.088686,72.867919,11,VABB,270.0,3.1,22000.0,2500.0,32.0,17.0,,0,0,0,0,0,2024-01-11 09:00:00
2024-01-11 10:00:00,19.088686,72.867919,11,VABB,290.0,4.1,22000.0,2500.0,32.0,17.0,,0,0,0,0,0,2024-01-11 10:00:00
2024-01-11 10:30:00,19.088686,72.867919,11,VABB,280.0,4.1,22000.0,2500.0,32.0,18.0,,0,0,0,0,0,2024-01-11 10:00:00
2024-01-11 11:00:00,19.088686,72.867919,11,VABB,310.0,4.6,22000.0,2500.0,31.0,20.0,,0,0,0,0,0,2024-01-11 11:00:00
2024-01-11 11:30:00,19.088686,72.867919,11,VABB,320.0,3.6,22000.0,2500.0,31.0,20.0,,0,0,0,0,0,2024-01-11 11:00:00
2024-01-11 12:00:00,19.088686,72.867919,11,VABB,320.0,2.1,,2000.0,30.0,21.0,1011.6,0,0,0,0,0,2024-01-11 12:00:00
2024-01-11 12:00:00,19.088686,72.867919,11,VABB,300.0,4.6,22000.0,2500.0,30.0,21.0,,0,0,0,0,0,2024-01-11 12:00:00
2024-01-11 12:30:00,19.088686,72.867919,11,VABB,300.0,3.6,22000.0,2500.0,30.0,20.0,,0,0,0,0,0,2024-01-11 12:00:00
2024-01-11 13:00:00,19.088686,72.867919,11,VABB,320.0,3.1,22000.0,2100.0,30.0,20.0,,0,0,0,0,0,2024-01-11 13:00:00
2024-01-11 13:30:00,19.088686,72.867919,11,VABB,310.0,2.1,22000.0,2100.0,29.0,20.0,,0,0,0,0,0,2024-01-11 13:00:00
2024-01-11 14:00:00,19.088686,72.867919,11,VABB,350.0,3.1,22000.0,2200.0,29.0,20.0,,0,0,0,0,0,2024-01-11 14:00:00
2024-01-11 14:30:00,19.088686,72.867919,11,VABB,320.0,2.6,22000.0,1800.0,29.0,20.0,,0,0,0,0,0,2024-01-11 14:00:00
2024-01-11 15:00:00,19.088686,72.867919,11,VABB,360.0,1.5,,2000.0,28.0,20.4,1013.0,0,0,0,0,0,2024-01-11 15:00:00
2024-01-11 15:00:00,19.088686,72.867919,11,VABB,10.0,2.1,22000.0,2200.0,29.0,20.0,,0,0,0,0,0,2024-01-11 15:00:00
2024-01-11 15:30:00,19.088686,72.867919,11,VABB,350.0,3.1,22000.0,2100.0,29.0,21.0,,0,1,0,0,0,2024-01-11 15:00:00
2024-01-11 16:00:00,19.088686,72.867919,11,VABB,40.0,1.5,22000.0,2100.0,29.0,22.0,,0,1,0,0,0,2024-01-11 16:00:00
2024-01-11 16:30:00,19.088686,72.867919,11,VABB,200.0,1.5,22000.0,2200.0,28.0,22.0,,0,1,0,0,0,2024-01-11 16:00:00
2024-01-11 17:00:00,19.088686,72.867919,11,VABB,0.0,0.0,22000.0,2200.0,29.0,21.0,,0,1,0,0,0,2024-01-11 17:00:00
2024-01-11 17:30:00,19.088686,72.867919,11,VABB,180.0,1.5,22000.0,2400.0,29.0,21.0,,0,1,0,0,0,2024-01-11 17:00:00
2024-01-11 18:00:00,19.088686,72.867919,11,VABB,,0.0,,2000.0,26.4,21.3,1013.2,0,0,0,0,0,2024-01-11 18:00:00
2024-01-11 18:00:00,19.088686,72.867919,11,VABB,0.0,0.0,22000.0,2100.0,28.0,21.0,,0,1,0,0,0,2024-01-11 18:00:00
2024-01-11 18:30:00,19.088686,72.867919,11,VABB,0.0,0.0,22000.0,2100.0,28.0,21.0,,0,1,0,0,0,2024-01-11 18:00:00
2024-01-11 19:00:00,19.088686,72.867919,11,VABB,,1.5,22000.0,2100.0,28.0,21.0,,0,1,0,1,0,2024-01-11 19:00:00
2024-01-11 19:30:00,19.088686,72.867919,11,VABB,0.0,0.0,22000.0,1800.0,28.0,21.0,,0,1,0,0,0,2024-01-11 19:00:00
2024-01-11 20:00:00,19.088686,72.867919,11,VABB,0.0,0.0,22000.0,1800.0,27.0,22.0,,0,1,0,0,0,2024-01-11 20:00:00
2024-01-11 20:30:00,19.088686,72.867919,11,VABB,0.0,0.0,22000.0,2100.0,28.0,22.0,,0,1,0,0,0,2024-01-11 20:00:00
2024-01-11 21:00:00,19.088686,72.867919,11,VABB,,0.0,,2000.0,25.0,22.0,1012.1,0,0,0,0,0,2024-01-11 21:00:00
2024-01-11 21:00:00,19.088686,72.867919,11,VABB,0.0,0.0,22000.0,2100.0,28.0,21.0,,0,1,0,0,0,2024-01-11 21:00:00
2024-01-11 21:30:00,19.088686,72.867919,11,VABB,0.0,0.0,22000.0,2100.0,28.0,21.0,,0,1,0,0,0,2024-01-11 21:00:00
2024-01-11 22:00:00,19.088686,72.867919,11,VABB,0.0,0.0,22000.0,2100.0,27.0,22.0,,0,1,0,0,0,2024-01-11 22:00:00
2024-01-11 22:30:00,19.088686,72.867919,11,VABB,0.0,0.0,22000.0,2100.0,27.0,22.0,,0,1,0,0,0,2024-01-11 22:00:00
2024-01-11 23:00:00,19.088686,72.867919,11,VABB,0.0,0.0,22000.0,2100.0,27.0,21.0,,0,1,0,0,0,2024-01-11 23:00:00
2024-01-11 23:30:00,19.088686,72.867919,11,VABB,0.0,0.0,22000.0,2100.0,27.0,21.0,,0,1,0,0,0,2024-01-11 23:00:00
2024-01-12 00:00:00,19.088686,72.867919,11,VABB,,0.0,,2000.0,24.0,20.6,1011.8,0,0,0,0,0,2024-01-12 00:00:00
2024-01-12 00:00:00,19.088686,72.867919,11,VABB,90.0,3.6,22000.0,2100.0,26.0,21.0,,0,1,0,0,0,2024-01-12 00:00:00
2024-01-12 00:30:00,19.088686,72.867919,11,VABB,90.0,3.1,22000.0,2200.0,26.0,21.0,,0,1,0,0,0,2024-01-12 00:00:00
2024-01-12 01:00:00,19.088686,72.867919,11,VABB,70.0,1.5,22000.0,2200.0,26.0,21.0,,0,1,0,0,0,2024-01-12 01:00:00
2024-01-12 01:30:00,19.088686,72.867919,11,VABB,70.0,2.1,22000.0,1600.0,26.0,20.0,,0,1,0,0,0,2024-01-12 01:00:00
2024-01-12 02:00:00,19.088686,72.867919,11,VABB,0.0,0.0,10000.0,1700.0,26.0,21.0,,0,1,0,0,0,2024-01-12 02:00:00
2024-01-12 02:30:00,19.088686,72.867919,11,VABB,0.0,0.0,10000.0,1700.0,26.0,20.0,,0,1,0,0,0,2024-01-12 02:00:00
2024-01-12 03:00:00,19.088686,72.867919,11,VABB,,0.0,,2000.0,24.0,20.3,1013.6,0,0,0,0,0,2024-01-12 03:00:00
2024-01-12 03:00:00,19.088686,72.867919,11,VABB,0.0,0.0,10000.0,1700.0,27.0,19.0,,0,1,0,0,0,2024-01-12 03:00:00
2024-01-12 03:30:00,19.088686,72.867919,11,VABB,60.0,2.6,10000.0,1700.0,28.0,19.0,,0,1,0,0,0,2024-01-12 03:00:00
2024-01-12 04:00:00,19.088686,72.867919,11,VABB,120.0,2.1,22000.0,1600.0,30.0,19.0,,0,0,0,0,0,2024-01-12 04:00:00
2024-01-12 04:30:00,19.088686,72.867919,11,VABB,110.0,3.1,22000.0,1800.0,30.0,18.0,,0,0,0,0,0,2024-01-12 04:00:00
2024-01-12 05:00:00,19.088686,72.867919,11,VABB,60.0,3.1,22000.0,1800.0,31.0,18.0,,0,0,0,0,0,2024-01-12 05:00:00
2024-01-12 05:30:00,19.088686,72.867919,11,VABB,100.0,3.1,22000.0,2100.0,32.0,16.0,,0,0,0,0,0,2024-01-12 05:00:00
2024-01-12 06:00:00,19.088686,72.867919,11,VABB,,0.0,,2000.0,31.8,17.8,1013.9,0,0,0,0,0,2024-01-12 06:00:00
2024-01-12 06:00:00,19.088686,72.867919,11,VABB,130.0,2.6,22000.0,2100.0,33.0,17.0,,0,0,0,0,0,2024-01-12 06:00:00
2024-01-12 06:30:00,19.088686,72.867919,11,VABB,100.0,2.6,22000.0,2100.0,33.0,16.0,,0,0,0,0,0,2024-01-12 06:00:00
2024-01-12 07:00:00,19.088686,72.867919,11,VABB,160.0,2.1,22000.0,2100.0,34.0,16.0,,0,0,0,0,0,2024-01-12 07:00:00
2024-01-12 07:30:00,19.088686,72.867919,11,VABB,170.0,2.1,22000.0,2500.0,34.0,16.0,,0,0,0,0,0,2024-01-12 07:00:00
2024-01-12 08:00:00,19.088686,72.867919,11,VABB,260.0,1.5,22000.0,2500.0,35.0,15.0,,0,0,0,0,0,2024-01-12 08:00:00
2024-01-12 08:30:00,19.088686,72.867919,11,VABB,290.0,3.6,22000.0,2500.0,35.0,19.0,,0,0,0,0,0,2024-01-12 08:00:00
2024-01-12 09:00:00,19.088686,72.867919,11,VABB,320.0,1.0,,2000.0,33.8,18.5,1010.8,0,0,0,0,0,2024-01-12 09:00:00
2024-01-12 09:00:00,19.088686,72.867919,11,VABB,250.0,4.6,2000.0,2500.0,33.0,18.0,,0,0,0,0,0,2024-01-12 09:00:00
2024-01-12 09:30:00,19.088686,72.867919,11,VABB,270.0,4.1,22000.0,2500.0,34.0,18.0,,0,0,0,0,0,2024-01-12 09:00:00
2024-01-12 10:00:00,19.088686,72.867919,11,VABB,260.0,3.6,22000.0,3000.0,33.0,17.0,,0,0,0,0,0,2024-01-12 10:00:00
2024-01-12 10:30:00,19.088686,72.867919,11,VABB,280.0,4.6,22000.0,3000.0,34.0,17.0,,0,0,0,0,0,2024-01-12 10:00:00
2024-01-12 11:00:00,19.088686,72.867919,11,VABB,270.0,4.1,22000.0,3000.0,33.0,17.0,,0,0,0,0,0,2024-01-12 11:00:00
2024-01-12 11:30:00,19.088686,72.867919,11,VABB,310.0,3.6,22000.0,3000.0,32.0,19.0,,0,0,0,0,0,2024-01-12 11:00:00
2024-01-12 12:00:00,19.088686,72.867919,11,VABB,320.0,2.1,,2000.0,31.2,19.3,1011.0,0,0,0,0,0,2024-01-12 12:00:00
2024-01-12 12:00:00,19.088686,72.867919,11,VABB,310.0,2.6,22000.0,3000.0,32.0,19.0,,0,0,0,0,0,2024-01-12 12:00:00
2024-01-12 12:30:00,19.088686,72.867919,11,VABB,330.0,4.1,22000.0,2500.0,31.0,20.0,,0,0,0,0,0,2024-01-12 12:00:00
2024-01-12 13:00:00,19.088686,72.867919,11,VABB,330.0,3.1,22000.0,2100.0,30.0,20.0,,0,0,0,0,0,2024-01-12 13:00:00
2024-01-12 13:30:00,19.088686,72.867919,11,VABB,320.0,2.6,22000.0,2100.0,30.0,20.0,,0,0,0,0,0,2024-01-12 13:00:00
2024-01-12 14:00:00,19.088686,72.867919,11,VABB,350.0,3.6,22000.0,2100.0,29.0,20.0,,0,0,0,0,0,2024-01-12 14:00:00
2024-01-12 14:30:00,19.088686,72.867919,11,VABB,330.0,2.1,22000.0,2100.0,29.0,19.0,,0,0,0,0,0,2024-01-12 14:00:00
2024-01-12 15:00:00,19.088686,72.867919,11,VABB,,0.0,,2000.0,27.6,20.0,1013.0,0,0,0,0,0,2024-01-12 15:00:00
2024-01-12 15:00:00,19.088686,72.867919,11,VABB,320.0,2.6,22000.0,2100.0,30.0,18.0,,0,0,0,0,0,2024-01-12 15:00:00
2024-01-12 15:30:00,19.088686,72.867919,11,VABB,310.0,2.1,22000.0,2100.0,29.0,19.0,,0,0,0,0,0,2024-01-12 15:00:00
2024-01-12 16:00:00,19.088686,72.867919,11,VABB,30.0,1.5,22000.0,2100.0,30.0,19.0,,0,0,0,0,0,2024-01-12 16:00:00
2024-01-12 16:30:00,19.088686,72.867919,11,VABB,0.0,0.0,22000.0,2100.0,30.0,18.0,,0,0,0,0,0,2024-01-12 16:00:00
2024-01-12 17:00:00,19.088686,72.867919,11,VABB,360.0,1.5,22000.0,2100.0,29.0,19.0,,0,0,0,0,0,2024-01-12 17:00:00
2024-01-12 17:30:00,19.088686,72.867919,11,VABB,0.0,0.0,22000.0,1700.0,29.0,19.0,,0,0,0,0,0,2024-01-12 17:00:00
2024-01-12 18:00:00,19.088686,72.867919,11,VABB,,0.0,,2000.0,25.4,19.9,1014.1,0,0,0,0,0,2024-01-12 18:00:00
2024-01-12 18:30:00,19.088686,72.867919,11,VABB,170.0,1.5,22000.0,2100.0,29.0,19.0,,0,0,0,0,0,2024-01-12 18:00:00
2024-01-12 19:00:00,19.088686,72.867919,11,VABB,160.0,1.5,22000.0,2100.0,28.0,19.0,,0,0,0,0,0,2024-01-12 19:00:00
2024-01-12 19:30:00,19.088686,72.867919,11,VABB,120.0,1.5,22000.0,2100.0,29.0,18.0,,0,0,0,0,0,2024-01-12 19:00:00
2024-01-12 20:00:00,19.088686,72.867919,11,VABB,160.0,2.1,22000.0,1600.0,28.0,19.0,,0,0,0,0,0,2024-01-12 20:00:00
2024-01-12 20:30:00,19.088686,72.867919,11,VABB,160.0,1.5,22000.0,1800.0,27.0,20.0,,0,1,0,0,0,2024-01-12 20:00:00
2024-01-12 21:00:00,19.088686,72.867919,11,VABB,,0.0,,2000.0,23.6,19.6,1013.1,0,0,0,0,0,2024-01-12 21:00:00
2024-01-12 21:00:00,19.088686,72.867919,11,VABB,200.0,2.1,22000.0,1800.0,28.0,20.0,,0,1,0,0,0,2024-01-12 21:00:00
2024-01-12 21:30:00,19.088686,72.867919,11,VABB,40.0,1.5,22000.0,1800.0,27.0,20.0,,0,1,0,0,0,2024-01-12 21:00:00
2024-01-12 22:00:00,19.088686,72.867919,11,VABB,20.0,2.1,22000.0,1800.0,27.0,20.0,,0,1,0,0,0,2024-01-12 22:00:00
2024-01-12 22:30:00,19.088686,72.867919,11,VABB,50.0,2.1,22000.0,1800.0,27.0,20.0,,0,1,0,0,0,2024-01-12 22:00:00
2024-01-12 23:00:00,19.088686,72.867919,11,VABB,80.0,2.1,22000.0,1800.0,26.0,20.0,,0,1,0,0,0,2024-01-12 23:00:00
2024-01-12 23:30:00,19.088686,72.867919,11,VABB,150.0,1.5,22000.0,1800.0,26.0,20.0,,0,1,0,0,0,2024-01-12 23:00:00
2024-01-13 00:00:00,19.088686,72.867919,11,VABB,,0.0,,2000.0,22.6,19.2,1012.4,0,0,0,0,0,2024-01-13 00:00:00
2024-01-13 00:00:00,19.088686,72.867919,11,VABB,100.0,2.1,22000.0,1800.0,25.0,20.0,,0,1,0,0,0,2024-01-13 00:00:00
2024-01-13 00:30:00,19.088686,72.867919,11,VABB,80.0,2.6,22000.0,1800.0,25.0,20.0,,0,1,0,0,0,2024-01-13 00:00:00
2024-01-13 01:00:00,19.088686,72.867919,11,VABB,0.0,0.0,22000.0,1800.0,25.0,20.0,,0,1,0,0,0,2024-01-13 01:00:00
2024-01-13 01:30:00,19.088686,72.867919,11,VABB,80.0,2.6,22000.0,1600.0,26.0,20.0,,0,1,0,0,0,2024-01-13 01:00:00
2024-01-13 02:00:00,19.088686,72.867919,11,VABB,100.0,3.1,22000.0,1600.0,26.0,19.0,,0,1,0,0,0,2024-01-13 02:00:00
2024-01-13 02:30:00,19.088686,72.867919,11,VABB,110.0,3.6,22000.0,1600.0,26.0,19.0,,0,1,0,0,0,2024-01-13 02:00:00
2024-01-13 03:00:00,19.088686,72.867919,11,VABB,,0.0,,2000.0,23.2,20.1,1014.1,0,0,0,0,0,2024-01-13 03:00:00
2024-01-13 03:00:00,19.088686,72.867919,11,VABB,80.0,2.6,22000.0,1600.0,27.0,20.0,,0,1,0,0,0,2024-01-13 03:00:00
2024-01-13 03:30:00,19.088686,72.867919,11,VABB,70.0,2.1,22000.0,1600.0,28.0,20.0,,0,1,0,0,0,2024-01-13 03:00:00
2024-01-13 04:00:00,19.088686,72.867919,11,VABB,90.0,2.6,22000.0,1600.0,29.0,20.0,,0,0,0,0,0,2024-01-13 04:00:00
2024-01-13 04:30:00,19.088686,72.867919,11,VABB,120.0,2.1,22000.0,1700.0,30.0,19.0,,0,0,0,0,0,2024-01-13 04:00:00
2024-01-13 05:00:00,19.088686,72.867919,11,VABB,140.0,2.1,22000.0,1700.0,31.0,19.0,,0,0,0,0,0,2024-01-13 05:00:00
2024-01-13 05:30:00,19.088686,72.867919,11,VABB,150.0,2.1,22000.0,1800.0,32.0,18.0,,0,0,0,0,0,2024-01-13 05:00:00
2024-01-13 06:00:00,19.088686,72.867919,11,VABB,50.0,1.5,,2000.0,32.6,18.8,1015.1,0,0,0,0,0,2024-01-13 06:00:00
2024-01-13 07:00:00,19.088686,72.867919,11,VABB,260.0,4.6,22000.0,1700.0,32.0,22.0,,0,0,0,0,0,2024-01-13 07:00:00
2024-01-13 07:30:00,19.088686,72.867919,11,VABB,250.0,5.1,22000.0,1800.0,32.0,22.0,,0,0,0,0,0,2024-01-13 07:00:00
2024-01-13 08:00:00,19.088686,72.867919,11,VABB,280.0,4.1,22000.0,1800.0,32.0,22.0,,0,0,0,0,0,2024-01-13 08:00:00
2024-01-13 08:30:00,19.088686,72.867919,11,VABB,300.0,4.1,22000.0,1800.0,32.0,21.0,,0,0,0,0,0,2024-01-13 08:00:00
2024-01-13 09:00:00,19.088686,72.867919,11,VABB,290.0,2.1,22000.0,2000.0,32.2,19.8,1012.6,0,0,0,0,0,2024-01-13 09:00:00
2024-01-13 09:00:00,19.088686,72.867919,11,VABB,310.0,3.6,22000.0,2200.0,32.0,19.0,,0,0,0,0,0,2024-01-13 09:00:00
2024-01-13 09:30:00,19.088686,72.867919,11,VABB,290.0,3.1,22000.0,2500.0,33.0,19.0,,0,0,0,0,0,2024-01-13 09:00:00
2024-01-13 10:00:00,19.088686,72.867919,11,VABB,320.0,2.6,22000.0,2500.0,33.0,18.0,,0,0,0,0,0,2024-01-13 10:00:00
2024-01-13 10:30:00,19.088686,72.867919,11,VABB,330.0,4.6,22000.0,2500.0,33.0,18.0,,0,0,0,0,0,2024-01-13 10:00:00
2024-01-13 11:00:00,19.088686,72.867919,11,VABB,320.0,3.6,22000.0,2500.0,32.0,17.0,,0,0,0,0,0,2024-01-13 11:00:00
2024-01-13 11:30:00,19.088686,72.867919,11,VABB,300.0,3.6,22000.0,2500.0,32.0,17.0,,0,0,0,0,0,2024-01-13 11:00:00
2024-01-13 12:00:00,19.088686,72.867919,11,VABB,320.0,1.5,,2000.0,31.4,18.4,1012.4,0,0,0,0,0,2024-01-13 12:00:00
2024-01-13 12:00:00,19.088686,72.867919,11,VABB,310.0,2.6,22000.0,2500.0,31.0,18.0,,0,0,0,0,0,2024-01-13 12:00:00
2024-01-13 12:30:00,19.088686,72.867919,11,VABB,320.0,2.1,22000.0,2500.0,32.0,17.0,,0,0,0,0,0,2024-01-13 12:00:00
2024-01-13 13:00:00,19.088686,72.867919,11,VABB,300.0,2.6,22000.0,2100.0,31.0,17.0,,0,0,0,0,0,2024-01-13 13:00:00
2024-01-13 13:30:00,19.088686,72.867919,11,VABB,330.0,3.6,22000.0,2500.0,30.0,18.0,,0,0,0,0,0,2024-01-13 13:00:00
2024-01-13 14:00:00,19.088686,72.867919,11,VABB,340.0,3.1,22000.0,2500.0,30.0,19.0,,0,0,0,0,0,2024-01-13 14:00:00
2024-01-13 14:30:00,19.088686,72.867919,11,VABB,40.0,3.1,22000.0,2500.0,30.0,19.0,,0,0,0,0,0,2024-01-13 14:00:00
2024-01-13 15:00:00,19.088686,72.867919,11,VABB,,0.0,,2000.0,27.8,19.9,1014.1,0,0,0,0,0,2024-01-13 15:00:00
2024-01-13 15:00:00,19.088686,72.867919,11,VABB,50.0,3.1,22000.0,2500.0,30.0,19.0,,0,0,0,0,0,2024-01-13 15:00:00
2024-01-13 15:30:00,19.088686,72.867919,11,VABB,360.0,2.1,22000.0,2500.0,29.0,18.0,,0,0,0,0,0,2024-01-13 15:00:00
2024-01-13 16:00:00,19.088686,72.867919,11,VABB,,1.5,22000.0,2500.0,29.0,18.0,,0,0,0,1,0,2024-01-13 16:00:00
2024-01-13 16:30:00,19.088686,72.867919,11,VABB,240.0,1.5,22000.0,2500.0,29.0,18.0,,0,0,0,0,0,2024-01-13 16:00:00
2024-01-13 17:00:00,19.088686,72.867919,11,VABB,0.0,0.0,22000.0,2500.0,29.0,18.0,,0,0,0,0,0,2024-01-13 17:00:00
2024-01-13 17:30:00,19.088686,72.867919,11,VABB,160.0,2.1,22000.0,2500.0,29.0,19.0,,0,0,0,0,0,2024-01-13 17:00:00
2024-01-13 18:00:00,19.088686,72.867919,11,VABB,,0.0,,2000.0,24.8,19.5,1014.5,0,0,0,0,0,2024-01-13 18:00:00
2024-01-13 18:00:00,19.088686,72.867919,11,VABB,90.0,1.5,22000.0,2500.0,28.0,19.0,,0,0,0,0,0,2024-01-13 18:00:00
2024-01-13 18:30:00,19.088686,72.867919,11,VABB,110.0,1.5,22000.0,2500.0,28.0,19.0,,0,0,0,0,0,2024-01-13 18:00:00
2024-01-13 19:00:00,19.088686,72.867919,11,VABB,140.0,2.1,22000.0,2500.0,28.0,19.0,,0,0,0,0,0,2024-01-13 19:00:00
2024-01-13 19:30:00,19.088686,72.867919,11,VABB,0.0,0.0,22000.0,2500.0,28.0,19.0,,0,1,0,0,0,2024-01-13 19:00:00
2024-01-13 20:00:00,19.088686,72.867919,11,VABB,350.0,2.1,22000.0,2500.0,27.0,19.0,,0,1,0,0,0,2024-01-13 20:00:00
2024-01-13 20:30:00,19.088686,72.867919,11,VABB,60.0,1.5,22000.0,2200.0,27.0,19.0,,0,1,0,0,0,2024-01-13 20:00:00
2024-01-13 21:00:00,19.088686,72.867919,11,VABB,,0.0,,2000.0,23.4,19.3,1013.6,0,0,0,0,0,2024-01-13 21:00:00
2024-01-13 21:00:00,19.088686,72.867919,11,VABB,50.0,2.6,22000.0,2200.0,27.0,17.0,,0,1,0,0,0,2024-01-13 21:00:00
2024-01-13 21:30:00,19.088686,72.867919,11,VABB,30.0,2.1,22000.0,2200.0,27.0,16.0,,0,1,0,0,0,2024-01-13 21:00:00
2024-01-13 22:00:00,19.088686,72.867919,11,VABB,40.0,1.5,22000.0,2500.0,27.0,16.0,,0,0,0,0,0,2024-01-13 22:00:00
2024-01-13 22:30:00,19.088686,72.867919,11,VABB,50.0,2.1,22000.0,2500.0,27.0,16.0,,0,0,0,0,0,2024-01-13 22:00:00
2024-01-13 23:00:00,19.088686,72.867919,11,VABB,120.0,1.5,22000.0,2500.0,27.0,16.0,,0,0,0,0,0,2024-01-13 23:00:00
2024-01-13 23:30:00,19.088686,72.867919,11,VABB,180.0,1.5,22000.0,2500.0,27.0,16.0,,0,0,0,0,0,2024-01-13 23:00:00
2024-01-14 00:00:00,19.088686,72.867919,11,VABB,,0.0,,2000.0,22.0,17.8,1013.6,0,0,0,0,0,2024-01-14 00:00:00
2024-01-14 00:00:00,19.088686,72.867919,11,VABB,0.0,0.0,22000.0,2500.0,26.0,16.0,,0,0,0,0,0,2024-01-14 00:00:00
2024-01-14 00:30:00,19.088686,72.867919,11,VABB,70.0,2.1,22000.0,2500.0,27.0,15.0,,0,0,0,0,0,2024-01-14 00:00:00
2024-01-14 01:00:00,19.088686,72.867919,11,VABB,150.0,2.6,22000.0,2500.0,25.0,17.0,,0,0,0,0,0,2024-01-14 01:00:00
2024-01-14 01:30:00,19.088686,72.867919,11,VABB,80.0,2.6,22000.0,1900.0,25.0,17.0,,0,1,0,0,0,2024-01-14 01:00:00
2024-01-14 02:00:00,19.088686,72.867919,11,VABB,0.0,0.0,22000.0,1800.0,25.0,16.0,,0,1,0,0,0,2024-01-14 02:00:00
2024-01-14 02:30:00,19.088686,72.867919,11,VABB,0.0,0.0,22000.0,1800.0,26.0,17.0,,0,1,0,0,0,2024-01-14 02:00:00
2024-01-14 03:00:00,19.088686,72.867919,11,VABB,,0.0,,2000.0,21.4,18.2,1015.7,0,0,0,0,0,2024-01-14 03:00:00
2024-01-14 03:00:00,19.088686,72.867919,11,VABB,10.0,2.1,22000.0,1700.0,27.0,15.0,,0,1,0,0,0,2024-01-14 03:00:00
2024-01-14 03:30:00,19.088686,72.867919,11,VABB,20.0,2.1,22000.0,1800.0,28.0,13.0,,0,0,0,0,0,2024-01-14 03:00:00
2024-01-14 04:00:00,19.088686,72.867919,11,VABB,60.0,2.6,22000.0,2200.0,29.0,12.0,,0,0,0,0,0,2024-01-14 04:00:00
2024-01-14 04:30:00,19.088686,72.867919,11,VABB,40.0,3.6,22000.0,2500.0,30.0,11.0,,0,0,0,0,0,2024-01-14 04:00:00
2024-01-14 05:00:00,19.088686,72.867919,11,VABB,30.0,4.6,22000.0,3000.0,31.0,10.0,,0,0,0,0,0,2024-01-14 05:00:00
2024-01-14 05:30:00,19.088686,72.867919,11,VABB,30.0,3.6,22000.0,3500.0,31.0,10.0,,0,0,0,0,0,2024-01-14 05:00:00
2024-01-14 06:00:00,19.088686,72.867919,11,VABB,,0.0,,2000.0,32.4,13.1,1015.7,0,0,0,0,0,2024-01-14 06:00:00
2024-01-14 06:00:00,19.088686,72.867919,11,VABB,50.0,2.1,22000.0,3500.0,32.0,11.0,,0,0,0,0,0,2024-01-14 06:00:00
2024-01-14 06:30:00,19.088686,72.867919,11,VABB,50.0,2.6,22000.0,4000.0,32.0,10.0,,0,0,0,0,0,2024-01-14 06:00:00
2024-01-14 07:00:00,19.088686,72.867919,11,VABB,350.0,3.1,22000.0,4000.0,33.0,10.0,,0,0,0,0,0,2024-01-14 07:00:00
2024-01-14 07:30:00,19.088686,72.867919,11,VABB,50.0,1.5,22000.0,4000.0,33.0,10.0,,0,0,0,0,0,2024-01-14 07:00:00
2024-01-14 08:00:00,19.088686,72.867919,11,VABB,340.0,2.6,22000.0,5000.0,34.0,11.0,,0,0,0,0,0,2024-01-14 08:00:00
2024-01-14 08:30:00,19.088686,72.867919,11,VABB,30.0,3.1,22000.0,5000.0,34.0,11.0,,0,0,0,0,0,2024-01-14 08:00:00
2024-01-14 09:00:00,19.088686,72.867919,11,VABB,320.0,2.1,,2000.0,34.0,15.1,1012.4,0,0,0,0,0,2024-01-14 09:00:00
2024-01-14 09:00:00,19.088686,72.867919,11,VABB,340.0,4.1,22000.0,5000.0,34.0,10.0,,0,0,0,0,0,2024-01-14 09:00:00
2024-01-14 09:30:00,19.088686,72.867919,11,VABB,300.0,4.6,22000.0,5000.0,34.0,15.0,,0,0,0,0,0,2024-01-14 09:00:00
2024-01-14 10:00:00,19.088686,72.867919,11,VABB,310.0,3.1,22000.0,5000.0,34.0,15.0,,0,0,0,0,0,2024-01-14 10:00:00
2024-01-14 10:30:00,19.088686,72.867919,11,VABB,310.0,4.1,22000.0,5000.0,33.0,15.0,,0,0,0,0,0,2024-01-14 10:00:00
2024-01-14 11:00:00,19.088686,72.867919,11,VABB,320.0,3.6,22000.0,5000.0,33.0,15.0,,0,0,0,0,0,2024-01-14 11:00:00
2024-01-14 11:30:00,19.088686,72.867919,11,VABB,310.0,4.6,22000.0,4000.0,32.0,14.0,,0,0,0,0,0,2024-01-14 11:00:00
2024-01-14 12:00:00,19.088686,72.867919,11,VABB,360.0,2.1,,2000.0,30.8,14.4,1012.1,0,0,0,0,0,2024-01-14 12:00:00
2024-01-14 12:00:00,19.088686,72.867919,11,VABB,340.0,5.7,22000.0,4000.0,31.0,14.0,,0,0,0,0,0,2024-01-14 12:00:00
2024-01-14 12:30:00,19.088686,72.867919,11,VABB,10.0,4.1,22000.0,4000.0,31.0,15.0,,0,0,0,0,0,2024-01-14 12:00:00
2024-01-14 13:00:00,19.088686,72.867919,11,VABB,10.0,4.1,22000.0,4000.0,30.0,15.0,,0,0,0,0,0,2024-01-14 13:00:00
2024-01-14 13:30:00,19.088686,72.867919,11,VABB,340.0,4.1,22000.0,3000.0,30.0,14.0,,0,0,0,0,0,2024-01-14 13:00:00
2024-01-14 14:00:00,19.088686,72.867919,11,VABB,360.0,3.6,22000.0,3000.0,30.0,13.0,,0,0,0,0,0,2024-01-14 14:00:00
2024-01-14 14:30:00,19.088686,72.867919,11,VABB,340.0,4.6,22000.0,3000.0,29.0,12.0,,0,0,0,0,0,2024-01-14 14:00:00
2024-01-14 15:00:00,19.088686,72.867919,11,VABB,360.0,2.1,,2000.0,28.0,12.7,1014.4,0,0,0,0,0,2024-01-14 15:00:00
2024-01-14 15:00:00,19.088686,72.867919,11,VABB,120.0,4.1,22000.0,3000.0,29.0,11.0,,0,0,0,0,0,2024-01-14 15:00:00
2024-01-14 15:30:00,19.088686,72.867919,11,VABB,10.0,4.6,22000.0,3000.0,29.0,11.0,,0,0,0,0,0,2024-01-14 15:00:00
2024-01-14 16:00:00,19.088686,72.867919,11,VABB,350.0,3.6,22000.0,3000.0,28.0,11.0,,0,0,0,0,0,2024-01-14 16:00:00
2024-01-14 16:30:00,19.088686,72.867919,11,VABB,360.0,3.1,22000.0,3000.0,28.0,11.0,,0,0,0,0,0,2024-01-14 16:00:00
2024-01-14 17:00:00,19.088686,72.867919,11,VABB,340.0,2.6,22000.0,3000.0,28.0,11.0,,0,0,0,0,0,2024-01-14 17:00:00
2024-01-14 17:30:00,19.088686,72.867919,11,VABB,340.0,2.1,22000.0,3000.0,27.0,11.0,,0,0,0,0,0,2024-01-14 17:00:00
2024-01-14 18:00:00,19.088686,72.867919,11,VABB,,0.0,,2000.0,23.2,14.0,1014.8,0,0,0,0,0,2024-01-14 18:00:00
2024-01-14 18:00:00,19.088686,72.867919,11,VABB,40.0,3.1,22000.0,3000.0,28.0,11.0,,0,0,0,0,0,2024-01-14 18:00:00
2024-01-14 18:30:00,19.088686,72.867919,11,VABB,30.0,2.1,22000.0,3000.0,27.0,11.0,,0,0,0,0,0,2024-01-14 18:00:00
2024-01-14 19:00:00,19.088686,72.867919,11,VABB,80.0,2.6,22000.0,3000.0,28.0,11.0,,0,0,0,0,0,2024-01-14 19:00:00
2024-01-14 19:30:00,19.088686,72.867919,11,VABB,0.0,0.0,22000.0,3000.0,27.0,11.0,,0,0,0,0,0,2024-01-14 19:00:00
2024-01-14 20:00:00,19.088686,72.867919,11,VABB,40.0,1.5,22000.0,3000.0,27.0,11.0,,0,0,0,0,0,2024-01-14 20:00:00
2024-01-14 20:30:00,19.088686,72.867919,11,VABB,0.0,0.0,22000.0,3000.0,27.0,11.0,,0,0,0,0,0,2024-01-14 20:00:00
2024-01-14 21:00:00,19.088686,72.867919,11,VABB,,0.0,,2000.0,21.0,10.4,1013.2,0,0,0,0,0,2024-01-14 21:00:00
2024-01-14 21:00:00,19.088686,72.867919,11,VABB,40.0,2.1,22000.0,3000.0,26.0,11.0,,0,0,0,0,0,2024-01-14 21:00:00
2024-01-14 21:30:00,19.088686,72.867919,11,VABB,20.0,2.6,22000.0,3000.0,26.0,11.0,,0,0,0,0,0,2024-01-14 21:00:00
2024-01-14 22:00:00,19.088686,72.867919,11,VABB,30.0,1.5,22000.0,3000.0,26.0,11.0,,0,0,0,0,0,2024-01-14 22:00:00
2024-01-14 22:30:00,19.088686,72.867919,11,VABB,40.0,4.1,22000.0,3000.0,26.0,10.0,,0,0,0,0,0,2024-01-14 22:00:00
2024-01-14 23:00:00,19.088686,72.867919,11,VABB,40.0,3.6,22000.0,3000.0,26.0,10.0,,0,0,0,0,0,2024-01-14 23:00:00
2024-01-14 23:30:00,19.088686,72.867919,11,VABB,40.0,3.6,22000.0,3000.0,26.0,10.0,,0,0,0,0,0,2024-01-14 23:00:00
2024-01-15 00:00:00,19.088686,72.867919,11,VABB,,0.0,,2000.0,21.2,11.1,1013.3,0,0,0,0,0,2024-01-15 00:00:00
2024-01-15 00:00:00,19.088686,72.867919,11,VABB,30.0,3.6,22000.0,3000.0,26.0,10.0,,0,0,0,0,0,2024-01-15 00:00:00
2024-01-15 00:30:00,19.088686,72.867919,11,VABB,30.0,3.6,22000.0,3000.0,26.0,10.0,,0,0,0,0,0,2024-01-15 00:00:00
2024-01-15 01:00:00,19.088686,72.867919,11,VABB,40.0,2.1,22000.0,3000.0,25.0,10.0,,0,0,0,0,0,2024-01-15 01:00:00
2024-01-15 01:30:00,19.088686,72.867919,11,VABB,50.0,2.6,22000.0,3000.0,25.0,10.0,,0,0,0,0,0,2024-01-15 01:00:00
2024-01-15 02:00:00,19.088686,72.867919,11,VABB,30.0,1.5,22000.0,3000.0,25.0,11.0,,0,0,0,0,0,2024-01-15 02:00:00
2024-01-15 02:30:00,19.088686,72.867919,11,VABB,60.0,3.1,22000.0,3000.0,26.0,10.0,,0,0,0,0,0,2024-01-15 02:00:00
2024-01-15 03:00:00,19.088686,72.867919,11,VABB,,0.0,,2000.0,19.6,13.7,1015.5,0,0,0,0,0,2024-01-15 03:00:00
2024-01-15 03:00:00,19.088686,72.867919,11,VABB,30.0,2.1,22000.0,3000.0,26.0,10.0,,0,0,0,0,0,2024-01-15 03:00:00
2024-01-15 03:30:00,19.088686,72.867919,11,VABB,40.0,2.6,22000.0,2500.0,27.0,10.0,,0,0,0,0,0,2024-01-15 03:00:00
2024-01-15 04:00:00,19.088686,72.867919,11,VABB,340.0,3.6,22000.0,3000.0,28.0,9.0,,0,0,0,0,0,2024-01-15 04:00:00
2024-01-15 04:30:00,19.088686,72.867919,11,VABB,340.0,4.1,22000.0,3000.0,28.0,9.0,,0,0,0,0,0,2024-01-15 04:00:00
2024-01-15 05:00:00,19.088686,72.867919,11,VABB,330.0,3.6,22000.0,4000.0,29.0,9.0,,0,0,0,0,0,2024-01-15 05:00:00
2024-01-15 05:05:00,19.088686,72.867919,11,VABB,330.0,3.6,22000.0,4000.0,29.0,9.0,,0,0,0,0,0,2024-01-15 05:00:00
2024-01-15 05:30:00,19.088686,72.867919,11,VABB,30.0,2.6,22000.0,4000.0,29.0,9.0,,0,0,0,0,0,2024-01-15 05:00:00
2024-01-15 06:00:00,19.088686,72.867919,11,VABB,340.0,1.5,,2000.0,30.0,13.3,1015.9,0,0,0,0,0,2024-01-15 06:00:00
2024-01-15 06:00:00,19.088686,72.867919,11,VABB,350.0,3.6,22000.0,4000.0,30.0,7.0,,0,0,0,0,0,2024-01-15 06:00:00
2024-01-15 06:30:00,19.088686,72.867919,11,VABB,330.0,4.1,22000.0,4000.0,30.0,8.0,,0,0,0,0,0,2024-01-15 06:00:00
2024-01-15 07:00:00,19.088686,72.867919,11,VABB,310.0,2.6,22000.0,4000.0,30.0,7.0,,0,0,0,0,0,2024-01-15 07:00:00
2024-01-15 09:00:00,19.088686,72.867919,11,VABB,340.0,3.1,,2000.0,30.8,11.1,1013.0,0,0,0,0,0,2024-01-15 09:00:00
2024-01-15 09:30:00,19.088686,72.867919,11,VABB,290.0,4.1,22000.0,4000.0,30.0,10.0,,0,0,0,0,1,2024-01-15 09:00:00
2024-01-15 10:00:00,19.088686,72.867919,11,VABB,300.0,5.7,22000.0,4000.0,30.0,10.0,,0,0,0,0,0,2024-01-15 10:00:00
2024-01-15 10:30:00,19.088686,72.867919,11,VABB,320.0,5.7,22000.0,4000.0,30.0,10.0,,0,0,0,0,0,2024-01-15 10:00:00
2024-01-15 11:00:00,19.088686,72.867919,11,VABB,280.0,4.6,22000.0,4000.0,29.0,12.0,,0,0,0,0,0,2024-01-15 11:00:00
2024-01-15 11:30:00,19.088686,72.867919,11,VABB,300.0,4.1,22000.0,4000.0,29.0,12.0,,0,0,0,0,0,2024-01-15 11:00:00
2024-01-15 12:00:00,19.088686,72.867919,11,VABB,320.0,3.1,,2000.0,27.8,13.7,1012.3,0,0,0,0,0,2024-01-15 12:00:00
2024-01-15 12:00:00,19.088686,72.867919,11,VABB,330.0,4.6,22000.0,4000.0,28.0,11.0,,0,0,0,0,0,2024-01-15 12:00:00
2024-01-15 12:30:00,19.088686,72.867919,11,VABB,310.0,3.6,22000.0,3500.0,28.0,11.0,,0,0,0,0,0,2024-01-15 12:00:00
2024-01-15 13:00:00,19.088686,72.867919,11,VABB,300.0,4.6,22000.0,3500.0,27.0,12.0,,0,0,0,0,0,2024-01-15 13:00:00
2024-01-15 13:30:00,19.088686,72.867919,11,VABB,310.0,4.1,22000.0,3000.0,26.0,14.0,,0,0,0,0,0,2024-01-15 13:00:00
2024-01-15 14:00:00,19.088686,72.867919,11,VABB,310.0,3.1,22000.0,3000.0,26.0,15.0,,0,0,0,0,0,2024-01-15 14:00:00
2024-01-15 14:30:00,19.088686,72.867919,11,VABB,320.0,3.6,22000.0,3000.0,26.0,14.0,,0,0,0,0,0,2024-01-15 14:00:00
2024-01-15 15:00:00,19.088686,72.867919,11,VABB,360.0,3.1,,2000.0,25.0,15.8,1014.0,0,0,0,0,0,2024-01-15 15:00:00
2024-01-15 15:00:00,19.088686,72.867919,11,VABB,330.0,2.6,22000.0,3000.0,26.0,15.0,,0,0,0,0,0,2024-01-15 15:00:00
2024-01-15 15:30:00,19.088686,72.867919,11,VABB,30.0,2.1,22000.0,3000.0,26.0,15.0,,0,0,0,0,0,2024-01-15 15:00:00
2024-01-15 16:00:00,19.088686,72.867919,11,VABB,350.0,3.1,22000.0,3000.0,25.0,15.0,,0,0,0,0,0,2024-01-15 16:00:00
2024-01-15 16:30:00,19.088686,72.867919,11,VABB,350.0,2.1,22000.0,3000.0,25.0,15.0,,0,0,0,0,0,2024-01-15 16:00:00
2024-01-15 17:00:00,19.088686,72.867919,11,VABB,60.0,4.1,22000.0,3000.0,25.0,15.0,,0,0,0,0,0,2024-01-15 17:00:00
2024-01-15 17:30:00,19.088686,72.867919,11,VABB,50.0,3.6,22000.0,3000.0,25.0,15.0,,0,0,0,0,0,2024-01-15 17:00:00
2024-01-15 18:00:00,19.088686,72.867919,11,VABB,,0.0,,2000.0,22.8,16.2,1014.1,0,0,0,0,0,2024-01-15 18:00:00
2024-01-15 18:00:00,19.088686,72.867919,11,VABB,10.0,2.1,22000.0,3000.0,24.0,14.0,,0,0,0,0,0,2024-01-15 18:00:00
2024-01-15 18:30:00,19.088686,72.867919,11,VABB,30.0,2.6,22000.0,3000.0,24.0,14.0,,0,0,0,0,0,2024-01-15 18:00:00
2024-01-15 19:00:00,19.088686,72.867919,11,VABB,340.0,2.6,22000.0,3000.0,24.0,14.0,,0,0,0,0,0,2024-01-15 19:00:00
2024-01-15 19:30:00,19.088686,72.867919,11,VABB,300.0,3.1,22000.0,3000.0,24.0,14.0,,0,0,0,0,0,2024-01-15 19:00:00
2024-01-15 20:00:00,19.088686,72.867919,11,VABB,10.0,3.1,22000.0,3000.0,24.0,14.0,,0,0,0,0,0,2024-01-15 20:00:00
2024-01-15 20:30:00,19.088686,72.867919,11,VABB,360.0,2.1,22000.0,3000.0,23.0,13.0,,0,0,0,0,0,2024-01-15 20:00:00
2024-01-15 21:00:00,19.088686,72.867919,11,VABB,,0.0,,2000.0,19.0,13.8,1012.3,0,0,0,0,0,2024-01-15 21:00:00
2024-01-15 21:00:00,19.088686,72.867919,11,VABB,360.0,2.6,22000.0,3000.0,24.0,12.0,,0,0,0,0,0,2024-01-15 21:00:00
2024-01-15 21:30:00,19.088686,72.867919,11,VABB,350.0,2.1,22000.0,3000.0,23.0,11.0,,0,0,0,0,0,2024-01-15 21:00:00
2024-01-15 22:00:00,19.088686,72.867919,11,VABB,360.0,2.6,22000.0,3000.0,23.0,11.0,,0,0,0,0,0,2024-01-15 22:00:00
2024-01-15 22:30:00,19.088686,72.867919,11,VABB,30.0,2.1,22000.0,3000.0,22.0,10.0,,0,0,0,0,0,2024-01-15 22:00:00
2024-01-15 23:00:00,19.088686,72.867919,11,VABB,20.0,2.6,22000.0,3000.0,22.0,11.0,,0,0,0,0,0,2024-01-15 23:00:00
2024-01-15 23:30:00,19.088686,72.867919,11,VABB,340.0,2.6,22000.0,3000.0,23.0,11.0,,0,0,0,0,0,2024-01-15 23:00:00
2024-01-16 00:00:00,19.088686,72.867919,11,VABB,,0.0,,2000.0,17.4,12.4,1011.5,0,0,0,0,0,2024-01-16 00:00:00
2024-01-16 00:00:00,19.088686,72.867919,11,VABB,40.0,1.5,22000.0,3000.0,23.0,10.0,,0,0,0,0,0,2024-01-16 00:00:00
2024-01-16 00:30:00,19.088686,72.867919,11,VABB,350.0,2.6,22000.0,3000.0,23.0,9.0,,0,0,0,0,0,2024-01-16 00:00:00
2024-01-16 01:00:00,19.088686,72.867919,11,VABB,40.0,2.6,22000.0,3000.0,23.0,11.0,,0,0,0,0,0,2024-01-16 01:00:00
2024-01-16 01:30:00,19.088686,72.867919,11,VABB,50.0,2.6,2000.0,2500.0,22.0,12.0,,0,0,0,0,0,2024-01-16 01:00:00
2024-01-16 02:00:00,19.088686,72.867919,11,VABB,60.0,2.6,10000.0,2500.0,22.0,13.0,,0,0,0,0,0,2024-01-16 02:00:00
2024-01-16 02:30:00,19.088686,72.867919,11,VABB,30.0,3.1,10000.0,2500.0,23.0,12.0,,0,0,0,0,0,2024-01-16 02:00:00
2024-01-16 03:00:00,19.088686,72.867919,11,VABB,,0.0,,2000.0,17.4,12.2,1013.7,0,0,0,0,0,2024-01-16 03:00:00
2024-01-16 03:00:00,19.088686,72.867919,11,VABB,30.0,2.1,22000.0,2500.0,23.0,11.0,,0,0,0,0,0,2024-01-16 03:00:00
2024-01-16 03:30:00,19.088686,72.867919,11,VABB,10.0,2.1,22000.0,2500.0,23.0,10.0,,0,0,0,0,0,2024-01-16 03:00:00
2024-01-16 04:00:00,19.088686,72.867919,11,VABB,50.0,2.1,22000.0,2500.0,25.0,11.0,,0,0,0,0,0,2024-01-16 04:00:00
2024-01-16 04:30:00,19.088686,72.867919,11,VABB,310.0,1.5,22000.0,2500.0,26.0,11.0,,0,0,0,0,0,2024-01-16 04:00:00
2024-01-16 05:00:00,19.088686,72.867919,11,VABB,150.0,2.6,22000.0,3000.0,27.0,11.0,,0,0,0,0,0,2024-01-16 05:00:00
2024-01-16 05:30:00,19.088686,72.867919,11,VABB,20.0,2.1,22000.0,3000.0,27.0,11.0,,0,0,0,0,0,2024-01-16 05:00:00
2024-01-16 06:00:00,19.088686,72.867919,11,VABB,,0.0,,2000.0,28.2,11.1,1013.6,0,0,0,0,0,2024-01-16 06:00:00
2024-01-16 06:00:00,19.088686,72.867919,11,VABB,50.0,2.1,22000.0,3000.0,28.0,10.0,,0,0,0,0,0,2024-01-16 06:00:00
2024-01-16 06:30:00,19.088686,72.867919,11,VABB,230.0,2.1,22000.0,3000.0,29.0,10.0,,0,0,0,0,0,2024-01-16 06:00:00
2024-01-16 07:00:00,19.088686,72.867919,11,VABB,270.0,4.1,22000.0,3000.0,29.0,12.0,,0,0,0,0,0,2024-01-16 07:00:00
2024-01-16 07:30:00,19.088686,72.867919,11,VABB,300.0,4.1,22000.0,4000.0,28.0,13.0,,0,0,0,0,0,2024-01-16 07:00:00
2024-01-16 08:00:00,19.088686,72.867919,11,VABB,300.0,4.1,22000.0,4000.0,29.0,14.0,,0,0,0,0,1,2024-01-16 08:00:00
2024-01-16 08:30:00,19.088686,72.867919,11,VABB,280.0,4.6,22000.0,4000.0,29.0,14.0,,0,0,0,0,0,2024-01-16 08:00:00
2024-01-16 09:00:00,19.088686,72.867919,11,VABB,320.0,3.1,,2000.0,28.8,15.5,1010.5,0,0,0,0,0,2024-01-16 09:00:00
2024-01-16 09:00:00,19.088686,72.867919,11,VABB,290.0,4.1,22000.0,4000.0,29.0,15.0,,0,0,0,0,0,2024-01-16 09:00:00
2024-01-16 09:30:00,19.088686,72.867919,11,VABB,290.0,3.6,22000.0,4000.0,28.0,14.0,,0,0,0,0,0,2024-01-16 09:00:00
2024-01-16 10:00:00,19.088686,72.867919,11,VABB,280.0,5.1,22000.0,4000.0,28.0,13.0,,0,0,0,0,0,2024-01-16 10:00:00
2024-01-16 10:30:00,19.088686,72.867919,11,VABB,260.0,5.7,22000.0,4000.0,28.0,14.0,,0,0,0,0,0,2024-01-16 10:00:00
2024-01-16 11:00:00,19.088686,72.867919,11,VABB,290.0,4.6,22000.0,4000.0,28.0,14.0,,0,0,0,0,0,2024-01-16 11:00:00
2024-01-16 11:30:00,19.088686,72.867919,11,VABB,280.0,4.6,22000.0,4000.0,28.0,12.0,,0,0,0,0,0,2024-01-16 11:00:00
2024-01-16 12:00:00,19.088686,72.867919,11,VABB,320.0,3.1,,2000.0,27.4,14.5,1010.2,0,0,0,0,0,2024-01-16 12:00:00
2024-01-16 12:00:00,19.088686,72.867919,11,VABB,280.0,5.7,22000.0,4000.0,27.0,14.0,,0,0,0,0,0,2024-01-16 12:00:00
2024-01-16 12:30:00,19.088686,72.867919,11,VABB,300.0,3.6,22000.0,4000.0,27.0,13.0,,0,0,0,0,0,2024-01-16 12:00:00
2024-01-16 13:00:00,19.088686,72.867919,11,VABB,290.0,3.6,22000.0,4000.0,26.0,14.0,,0,0,0,0,0,2024-01-16 13:00:00
2024-01-16 13:30:00,19.088686,72.867919,11,VABB,310.0,3.1,22000.0,3000.0,26.0,15.0,,0,0,0,0,0,2024-01-16 13:00:00
2024-01-16 14:00:00,19.088686,72.867919,11,VABB,300.0,2.1,22000.0,3000.0,26.0,15.0,,0,0,0,0,0,2024-01-16 14:00:00
2024-01-16 14:30:00,19.088686,72.867919,11,VABB,290.0,3.1,22000.0,3000.0,25.0,15.0,,0,0,0,0,0,2024-01-16 14:00:00
2024-01-16 15:00:00,19.088686,72.867919,11,VABB,,0.0,,2000.0,24.2,14.5,1011.6,0,0,0,0,0,2024-01-16 15:00:00
2024-01-16 15:00:00,19.088686,72.867919,11,VABB,300.0,2.6,22000.0,3000.0,25.0,14.0,,0,0,0,0,0,2024-01-16 15:00:00
2024-01-16 15:30:00,19.088686,72.867919,11,VABB,330.0,2.6,22000.0,3000.0,25.0,15.0,,0,0,0,0,0,2024-01-16 15:00:00
2024-01-16 16:00:00,19.088686,72.867919,11,VABB,340.0,2.1,22000.0,3000.0,25.0,15.0,,0,0,0,0,0,2024-01-16 16:00:00
2024-01-16 16:30:00,19.088686,72.867919,11,VABB,20.0,1.5,22000.0,3000.0,25.0,15.0,,0,0,0,0,0,2024-01-16 16:00:00
2024-01-16 17:00:00,19.088686,72.867919,11,VABB,50.0,2.6,22000.0,3000.0,25.0,15.0,,0,0,0,0,0,2024-01-16 17:00:00
2024-01-16 17:30:00,19.088686,72.867919,11,VABB,330.0,2.1,22000.0,3000.0,24.0,14.0,,0,0,0,0,0,2024-01-16 17:00:00
2024-01-16 18:00:00,19.088686,72.867919,11,VABB,360.0,2.1,,2000.0,21.2,15.1,1012.2,0,0,0,0,0,2024-01-16 18:00:00
2024-01-16 18:00:00,19.088686,72.867919,11,VABB,50.0,2.6,22000.0,3000.0,25.0,15.0,,0,0,0,0,0,2024-01-16 18:00:00
2024-01-16 18:30:00,19.088686,72.867919,11,VABB,330.0,3.1,22000.0,3000.0,24.0,14.0,,0,0,0,0,0,2024-01-16 18:00:00
2024-01-16 19:00:00,19.088686,72.867919,11,VABB,260.0,2.6,22000.0,3000.0,24.0,14.0,,0,0,0,0,0,2024-01-16 19:00:00
2024-01-16 19:30:00,19.088686,72.867919,11,VABB,40.0,1.5,22000.0,3000.0,24.0,14.0,,0,0,0,0,0,2024-01-16 19:00:00
2024-01-16 20:00:00,19.088686,72.867919,11,VABB,10.0,1.5,22000.0,3000.0,24.0,14.0,,0,0,0,0,0,2024-01-16 20:00:00
2024-01-16 20:30:00,19.088686,72.867919,11,VABB,360.0,1.5,22000.0,3000.0,23.0,14.0,,0,0,0,0,0,2024-01-16 20:00:00
2024-01-16 21:00:00,19.088686,72.867919,11,VABB,,0.0,,2000.0,19.6,14.8,1010.9,0,0,0,0,0,2024-01-16 21:00:00
2024-01-16 21:00:00,19.088686,72.867919,11,VABB,0.0,0.0,22000.0,3000.0,23.0,14.0,,0,0,0,0,0,2024-01-16 21:00:00
2024-01-16 21:30:00,19.088686,72.867919,11,VABB,60.0,2.6,22000.0,3000.0,23.0,14.0,,0,0,0,0,0,2024-01-16 21:00:00
2024-01-16 22:00:00,19.088686,72.867919,11,VABB,40.0,1.5,22000.0,3000.0,23.0,14.0,,0,0,0,0,0,2024-01-16 22:00:00
2024-01-16 22:30:00,19.088686,72.867919,11,VABB,70.0,1.5,22000.0,3000.0,23.0,15.0,,0,0,0,0,0,2024-01-16 22:00:00
2024-01-16 23:00:00,19.088686,72.867919,11,VABB,80.0,2.1,22000.0,3000.0,23.0,15.0,,0,0,0,0,0,2024-01-16 23:00:00
2024-01-16 23:30:00,19.088686,72.867919,11,VABB,0.0,0.0,22000.0,3000.0,23.0,14.0,,0,0,0,0,0,2024-01-16 23:00:00
2024-01-17 00:00:00,19.088686,72.867919,11,VABB,,0.0,,2000.0,18.0,14.6,1010.4,0,0,0,0,0,2024-01-17 00:00:00
2024-01-17 00:00:00,19.088686,72.867919,11,VABB,80.0,1.5,22000.0,3000.0,22.0,15.0,,0,1,0,0,0,2024-01-17 00:00:00
2024-01-17 00:30:00,19.088686,72.867919,11,VABB,0.0,0.0,22000.0,3000.0,22.0,16.0,,0,1,0,0,0,2024-01-17 00:00:00
2024-01-17 01:00:00,19.088686,72.867919,11,VABB,80.0,1.5,22000.0,2500.0,22.0,16.0,,0,1,0,0,0,2024-01-17 01:00:00
2024-01-17 01:30:00,19.088686,72.867919,11,VABB,100.0,2.1,22000.0,2500.0,22.0,15.0,,0,1,0,0,0,2024-01-17 01:00:00
2024-01-17 02:00:00,19.088686,72.867919,11,VABB,140.0,2.6,22000.0,2100.0,22.0,14.0,,0,1,0,0,0,2024-01-17 02:00:00
2024-01-17 02:30:00,19.088686,72.867919,11,VABB,130.0,2.1,22000.0,1800.0,22.0,14.0,,0,1,1,0,0,2024-01-17 02:00:00
2024-01-17 03:00:00,19.088686,72.867919,11,VABB,,0.0,,2000.0,18.0,15.3,1012.4,0,0,0,0,0,2024-01-17 03:00:00
2024-01-17 03:00:00,19.088686,72.867919,11,VABB,90.0,1.5,22000.0,1500.0,23.0,14.0,,0,1,0,0,0,2024-01-17 03:00:00
2024-01-17 03:30:00,19.088686,72.867919,11,VABB,130.0,2.1,22000.0,1500.0,24.0,14.0,,0,1,0,0,0,2024-01-17 03:00:00
2024-01-17 04:00:00,19.088686,72.867919,11,VABB,70.0,2.1,22000.0,1800.0,25.0,13.0,,0,1,0,0,0,2024-01-17 04:00:00
2024-01-17 04:30:00,19.088686,72.867919,11,VABB,80.0,3.1,22000.0,2100.0,25.0,12.0,,0,0,0,0,0,2024-01-17 04:00:00
2024-01-17 05:00:00,19.088686,72.867919,11,VABB,50.0,2.6,22000.0,2100.0,26.0,12.0,,0,0,0,0,0,2024-01-17 05:00:00
2024-01-17 05:30:00,19.088686,72.867919,11,VABB,330.0,1.5,22000.0,2100.0,26.0,11.0,,0,0,0,0,0,2024-01-17 05:00:00
2024-01-17 06:00:00,19.088686,72.867919,11,VABB,,0.0,,2000.0,27.0,12.2,1012.4,0,0,0,0,0,2024-01-17 06:00:00
2024-01-17 06:00:00,19.088686,72.867919,11,VABB,360.0,1.0,22000.0,2100.0,27.0,11.0,,0,0,0,0,0,2024-01-17 06:00:00
2024-01-17 06:30:00,19.088686,72.867919,11,VABB,290.0,2.1,22000.0,2500.0,28.0,12.0,,0,0,0,0,0,2024-01-17 06:00:00
2024-01-17 07:00:00,19.088686,72.867919,11,VABB,270.0,5.1,22000.0,2500.0,28.0,13.0,,0,0,0,0,0,2024-01-17 07:00:00
2024-01-17 07:30:00,19.088686,72.867919,11,VABB,270.0,5.1,22000.0,2500.0,28.0,13.0,,0,0,0,0,0,2024-01-17 07:00:00
2024-01-17 08:00:00,19.088686,72.867919,11,VABB,270.0,4.6,22000.0,2500.0,28.0,14.0,,0,0,0,0,0,2024-01-17 08:00:00
2024-01-17 08:30:00,19.088686,72.867919,11,VABB,270.0,4.1,22000.0,2500.0,28.0,13.0,,0,0,0,0,0,2024-01-17 08:00:00
2024-01-17 09:00:00,19.088686,72.867919,11,VABB,320.0,1.5,,2000.0,28.8,13.8,1009.9,0,0,0,0,0,2024-01-17 09:00:00
2024-01-17 09:00:00,19.088686,72.867919,11,VABB,290.0,3.6,22000.0,3000.0,27.0,14.0,,0,0,0,0,0,2024-01-17 09:00:00
2024-01-17 09:30:00,19.088686,72.867919,11,VABB,280.0,4.1,22000.0,3000.0,28.0,15.0,,0,0,0,0,0,2024-01-17 09:00:00
2024-01-17 10:00:00,19.088686,72.867919,11,VABB,280.0,5.1,22000.0,4000.0,27.0,15.0,,0,0,0,0,0,2024-01-17 10:00:00
2024-01-17 10:30:00,19.088686,72.867919,11,VABB,300.0,4.6,22000.0,4000.0,27.0,16.0,,0,0,0,0,0,2024-01-17 10:00:00
2024-01-17 11:00:00,19.088686,72.867919,11,VABB,270.0,5.7,22000.0,4000.0,27.0,16.0,,0,0,0,0,0,2024-01-17 11:00:00
2024-01-17 11:30:00,19.088686,72.867919,11,VABB,280.0,4.6,22000.0,3500.0,26.0,16.0,,0,0,0,0,0,2024-01-17 11:00:00
2024-01-17 12:00:00,19.088686,72.867919,11,VABB,340.0,1.5,,2000.0,26.8,16.9,1010.0,0,0,0,0,0,2024-01-17 12:00:00
2024-01-17 12:00:00,19.088686,72.867919,11,VABB,290.0,5.7,22000.0,3500.0,26.0,17.0,,0,0,0,0,0,2024-01-17 12:00:00
2024-01-17 12:30:00,19.088686,72.867919,11,VABB,280.0,5.7,22000.0,3500.0,25.0,17.0,,0,0,0,0,0,2024-01-17 12:00:00
2024-01-17 13:00:00,19.088686,72.867919,11,VABB,300.0,2.6,22000.0,3000.0,25.0,17.0,,0,0,0,0,0,2024-01-17 13:00:00
2024-01-17 13:30:00,19.088686,72.867919,11,VABB,300.0,3.1,22000.0,3000.0,25.0,17.0,,0,1,0,0,0,2024-01-17 13:00:00
2024-01-17 14:00:00,19.088686,72.867919,11,VABB,290.0,3.1,22000.0,3000.0,25.0,17.0,,0,1,0,0,0,2024-01-17 14:00:00
2024-01-17 14:30:00,19.088686,72.867919,11,VABB,300.0,2.1,22000.0,3000.0,25.0,17.0,,0,1,0,0,0,2024-01-17 14:00:00
2024-01-17 15:00:00,19.088686,72.867919,11,VABB,,0.0,,2000.0,24.0,17.6,1012.4,0,0,0,0,0,2024-01-17 15:00:00
2024-01-17 15:00:00,19.088686,72.867919,11,VABB,310.0,2.6,22000.0,3000.0,26.0,17.0,,0,1,0,0,0,2024-01-17 15:00:00
2024-01-17 15:30:00,19.088686,72.867919,11,VABB,10.0,3.1,22000.0,3000.0,25.0,17.0,,0,1,0,0,0,2024-01-17 15:00:00
2024-01-17 16:00:00,19.088686,72.867919,11,VABB,340.0,2.6,22000.0,3000.0,25.0,17.0,,0,1,0,0,0,2024-01-17 16:00:00
2024-01-17 16:30:00,19.088686,72.867919,11,VABB,320.0,1.5,22000.0,3000.0,25.0,16.0,,0,1,0,0,0,2024-01-17 16:00:00
2024-01-17 17:00:00,19.088686,72.867919,11,VABB,320.0,1.5,22000.0,3000.0,24.0,16.0,,0,1,0,0,0,2024-01-17 17:00:00
2024-01-17 17:30:00,19.088686,72.867919,11,VABB,40.0,2.1,22000.0,2500.0,25.0,16.0,,0,1,0,0,0,2024-01-17 17:00:00
2024-01-17 18:00:00,19.088686,72.867919,11,VABB,,0.0,,2000.0,22.2,17.0,1012.9,0,0,0,0,0,2024-01-17 18:00:00
2024-01-17 18:00:00,19.088686,72.867919,11,VABB,60.0,2.6,22000.0,2500.0,25.0,16.0,,0,1,0,0,0,2024-01-17 18:00:00
2024-01-17 18:30:00,19.088686,72.867919,11,VABB,40.0,2.6,22000.0,2500.0,25.0,16.0,,0,0,0,0,0,2024-01-17 18:00:00
2024-01-17 19:00:00,19.088686,72.867919,11,VABB,0.0,0.0,22000.0,2500.0,24.0,16.0,,0,0,0,0,0,2024-01-17 19:00:00
2024-01-17 19:30:00,19.088686,72.867919,11,VABB,10.0,2.6,22000.0,2500.0,24.0,15.0,,0,0,0,0,0,2024-01-17 19:00:00
2024-01-17 20:00:00,19.088686,72.867919,11,VABB,40.0,1.5,22000.0,2500.0,23.0,16.0,,0,1,0,0,0,2024-01-17 20:00:00
2024-01-17 20:30:00,19.088686,72.867919,11,VABB,40.0,2.1,22000.0,2500.0,23.0,16.0,,0,1,0,0,0,2024-01-17 20:00:00
2024-01-17 21:00:00,19.088686,72.867919,11,VABB,,0.0,,2000.0,19.8,15.1,1011.9,0,0,0,0,0,2024-01-17 21:00:00
2024-01-17 21:00:00,19.088686,72.867919,11,VABB,50.0,1.5,22000.0,2500.0,23.0,16.0,,0,1,0,0,0,2024-01-17 21:00:00
2024-01-17 21:30:00,19.088686,72.867919,11,VABB,90.0,2.1,22000.0,2500.0,23.0,15.0,,0,1,0,0,0,2024-01-17 21:00:00
2024-01-17 22:00:00,19.088686,72.867919,11,VABB,0.0,0.0,22000.0,2500.0,23.0,15.0,,0,1,0,0,0,2024-01-17 22:00:00
2024-01-17 22:30:00,19.088686,72.867919,11,VABB,0.0,0.0,22000.0,2500.0,22.0,15.0,,0,1,0,0,0,2024-01-17 22:00:00
2024-01-17 23:00:00,19.088686,72.867919,11,VABB,200.0,2.1,22000.0,2500.0,23.0,15.0,,0,1,0,0,0,2024-01-17 23:00:00
2024-01-17 23:30:00,19.088686,72.867919,11,VABB,0.0,0.0,22000.0,2500.0,23.0,15.0,,0,1,0,0,0,2024-01-17 23:00:00
2024-01-18 00:00:00,19.088686,72.867919,11,VABB,,0.0,22000.0,2000.0,18.6,15.2,1011.7,0,0,0,0,0,2024-01-18 00:00:00
2024-01-18 00:00:00,19.088686,72.867919,11,VABB,140.0,2.6,22000.0,2500.0,23.0,15.0,,0,1,0,0,0,2024-01-18 00:00:00
2024-01-18 00:30:00,19.088686,72.867919,11,VABB,40.0,1.5,22000.0,2500.0,23.0,15.0,,0,1,0,0,0,2024-01-18 00:00:00
2024-01-18 01:00:00,19.088686,72.867919,11,VABB,190.0,1.5,22000.0,2500.0,22.0,15.0,,0,1,0,0,0,2024-01-18 01:00:00
2024-01-18 01:30:00,19.088686,72.867919,11,VABB,200.0,2.1,22000.0,2200.0,22.0,15.0,,0,1,0,0,0,2024-01-18 01:00:00
2024-01-18 02:00:00,19.088686,72.867919,11,VABB,170.0,1.5,22000.0,2200.0,22.0,16.0,,0,1,0,0,0,2024-01-18 02:00:00
2024-01-18 02:30:00,19.088686,72.867919,11,VABB,190.0,2.1,22000.0,1700.0,22.0,16.0,,0,1,0,0,0,2024-01-18 02:00:00
2024-01-18 03:00:00,19.088686,72.867919,11,VABB,,0.0,,2000.0,18.6,15.9,1014.4,0,0,0,0,0,2024-01-18 03:00:00
2024-01-18 03:00:00,19.088686,72.867919,11,VABB,190.0,2.1,22000.0,1700.0,23.0,16.0,,0,1,0,0,0,2024-01-18 03:00:00
2024-01-18 03:30:00,19.088686,72.867919,11,VABB,0.0,0.0,22000.0,1800.0,24.0,15.0,,0,1,0,0,0,2024-01-18 03:00:00
2024-01-18 04:00:00,19.088686,72.867919,11,VABB,330.0,1.5,22000.0,2100.0,25.0,12.0,,0,1,0,0,0,2024-01-18 04:00:00
2024-01-18 04:30:00,19.088686,72.867919,11,VABB,40.0,3.6,22000.0,2100.0,25.0,12.0,,0,1,0,0,0,2024-01-18 04:00:00
2024-01-18 05:00:00,19.088686,72.867919,11,VABB,80.0,3.1,22000.0,2100.0,27.0,13.0,,0,1,0,0,0,2024-01-18 05:00:00
2024-01-18 05:30:00,19.088686,72.867919,11,VABB,50.0,3.1,22000.0,2500.0,26.0,11.0,,0,1,0,0,0,2024-01-18 05:00:00
2024-01-18 06:00:00,19.088686,72.867919,11,VABB,50.0,1.5,,2000.0,27.0,12.2,1014.8,0,0,0,0,0,2024-01-18 06:00:00
2024-01-18 06:00:00,19.088686,72.867919,11,VABB,30.0,4.1,22000.0,3000.0,27.0,12.0,,0,1,0,0,0,2024-01-18 06:00:00
2024-01-18 06:30:00,19.088686,72.867919,11,VABB,170.0,3.1,22000.0,3000.0,28.0,12.0,,0,1,0,0,0,2024-01-18 06:00:00
2024-01-18 07:30:00,19.088686,72.867919,11,VABB,230.0,3.6,22000.0,3000.0,28.0,14.0,,0,1,0,0,0,2024-01-18 07:00:00
2024-01-18 09:00:00,19.088686,72.867919,11,VABB,270.0,2.1,22000.0,2000.0,28.2,13.8,1011.3,0,0,0,0,0,2024-01-18 09:00:00
2024-01-18 09:00:00,19.088686,72.867919,11,VABB,250.0,4.1,22000.0,3000.0,27.0,13.0,,0,0,0,0,0,2024-01-18 09:00:00
2024-01-18 09:30:00,19.088686,72.867919,11,VABB,270.0,5.1,22000.0,3000.0,27.0,13.0,,0,0,0,0,0,2024-01-18 09:00:00
2024-01-18 11:00:00,19.088686,72.867919,11,VABB,260.0,4.6,22000.0,3000.0,27.0,13.0,,0,0,0,0,0,2024-01-18 11:00:00
2024-01-18 11:30:00,19.088686,72.867919,11,VABB,290.0,3.1,22000.0,3000.0,27.0,13.0,,0,0,0,0,0,2024-01-18 11:00:00
2024-01-18 12:00:00,19.088686,72.867919,11,VABB,270.0,1.5,,2000.0,27.2,13.8,1011.2,0,0,0,0,0,2024-01-18 12:00:00
2024-01-18 12:00:00,19.088686,72.867919,11,VABB,290.0,3.1,22000.0,3000.0,27.0,13.0,,0,0,0,0,0,2024-01-18 12:00:00
2024-01-18 12:30:00,19.088686,72.867919,11,VABB,340.0,3.1,22000.0,3000.0,26.0,14.0,,0,0,0,0,0,2024-01-18 12:00:00
2024-01-18 13:00:00,19.088686,72.867919,11,VABB,320.0,4.1,22000.0,3000.0,26.0,14.0,,0,0,0,0,0,2024-01-18 13:00:00
2024-01-18 13:30:00,19.088686,72.867919,11,VABB,310.0,3.1,22000.0,3000.0,25.0,14.0,,0,0,0,0,0,2024-01-18 13:00:00
2024-01-18 14:00:00,19.088686,72.867919,11,VABB,300.0,3.6,22000.0,3000.0,25.0,14.0,,0,0,0,0,0,2024-01-18 14:00:00
2024-01-18 14:30:00,19.088686,72.867919,11,VABB,330.0,3.6,22000.0,3000.0,25.0,14.0,,0,0,0,0,0,2024-01-18 14:00:00
2024-01-18 15:00:00,19.088686,72.867919,11,VABB,270.0,1.5,,2000.0,24.2,14.0,1013.4,0,0,0,0,0,2024-01-18 15:00:00
2024-01-18 15:00:00,19.088686,72.867919,11,VABB,320.0,2.1,22000.0,3000.0,25.0,13.0,,0,0,0,0,0,2024-01-18 15:00:00
2024-01-18 15:30:00,19.088686,72.867919,11,VABB,300.0,2.1,22000.0,3000.0,25.0,13.0,,0,0,0,0,0,2024-01-18 15:00:00
2024-01-18 16:00:00,19.088686,72.867919,11,VABB,340.0,3.1,22000.0,3000.0,25.0,13.0,,0,0,0,0,0,2024-01-18 16:00:00
2024-01-18 16:30:00,19.088686,72.867919,11,VABB,20.0,3.6,22000.0,3000.0,24.0,14.0,,0,0,0,0,0,2024-01-18 16:00:00
2024-01-18 17:00:00,19.088686,72.867919,11,VABB,10.0,3.1,22000.0,3000.0,24.0,14.0,,0,0,0,0,0,2024-01-18 17:00:00
2024-01-18 17:30:00,19.088686,72.867919,11,VABB,30.0,2.6,22000.0,3000.0,24.0,13.0,,0,0,0,0,0,2024-01-18 17:00:00
2024-01-18 18:00:00,19.088686,72.867919,11,VABB,,0.0,,2000.0,21.8,14.3,1013.7,0,0,0,0,0,2024-01-18 18:00:00
2024-01-18 18:00:00,19.088686,72.867919,11,VABB,100.0,2.1,22000.0,3000.0,23.0,13.0,,0,0,0,0,0,2024-01-18 18:00:00
2024-01-18 18:30:00,19.088686,72.867919,11,VABB,90.0,3.6,22000.0,3000.0,23.0,13.0,,0,0,0,0,0,2024-01-18 18:00:00
2024-01-18 19:00:00,19.088686,72.867919,11,VABB,100.0,3.6,22000.0,3000.0,23.0,13.0,,0,0,0,0,0,2024-01-18 19:00:00
2024-01-18 19:30:00,19.088686,72.867919,11,VABB,90.0,3.1,22000.0,3000.0,23.0,13.0,,0,0,0,0,0,2024-01-18 19:00:00
2024-01-18 20:00:00,19.088686,72.867919,11,VABB,110.0,2.6,22000.0,3000.0,22.0,13.0,,0,0,0,0,0,2024-01-18 20:00:00
2024-01-18 20:30:00,19.088686,72.867919,11,VABB,80.0,2.6,22000.0,3000.0,22.0,13.0,,0,0,0,0,0,2024-01-18 20:00:00
2024-01-18 21:00:00,19.088686,72.867919,11,VABB,,0.0,,2000.0,19.4,13.8,1012.2,0,0,0,0,0,2024-01-18 21:00:00
2024-01-18 21:00:00,19.088686,72.867919,11,VABB,50.0,2.1,22000.0,2500.0,23.0,13.0,,0,0,0,0,0,2024-01-18 21:00:00
2024-01-18 21:30:00,19.088686,72.867919,11,VABB,0.0,0.0,22000.0,2500.0,23.0,14.0,,0,0,0,0,0,2024-01-18 21:00:00
2024-01-18 22:00:00,19.088686,72.867919,11,VABB,0.0,0.0,22000.0,2500.0,22.0,14.0,,0,0,0,0,0,2024-01-18 22:00:00
2024-01-18 22:30:00,19.088686,72.867919,11,VABB,100.0,1.5,22000.0,2500.0,21.0,14.0,,0,1,0,0,0,2024-01-18 22:00:00
2024-01-18 23:00:00,19.088686,72.867919,11,VABB,80.0,2.1,22000.0,2500.0,22.0,14.0,,0,1,0,0,0,2024-01-18 23:00:00
2024-01-18 23:30:00,19.088686,72.867919,11,VABB,90.0,2.1,22000.0,2500.0,22.0,14.0,,0,1,0,0,0,2024-01-18 23:00:00
2024-01-19 00:00:00,19.088686,72.867919,11,VABB,,0.0,,2000.0,18.2,14.0,1011.9,0,0,0,0,0,2024-01-19 00:00:00
2024-01-19 00:00:00,19.088686,72.867919,11,VABB,120.0,2.6,22000.0,2500.0,22.0,14.0,,0,1,0,0,0,2024-01-19 00:00:00
2024-01-19 00:30:00,19.088686,72.867919,11,VABB,0.0,0.0,22000.0,2500.0,22.0,14.0,,0,1,0,0,0,2024-01-19 00:00:00
2024-01-19 01:00:00,19.088686,72.867919,11,VABB,160.0,1.5,22000.0,2500.0,22.0,14.0,,0,1,0,0,0,2024-01-19 01:00:00
2024-01-19 01:30:00,19.088686,72.867919,11,VABB,160.0,2.1,22000.0,2100.0,22.0,14.0,,0,1,1,0,0,2024-01-19 01:00:00
2024-01-19 02:00:00,19.088686,72.867919,11,VABB,170.0,2.1,10000.0,2100.0,22.0,14.0,,0,1,0,0,0,2024-01-19 02:00:00
2024-01-19 02:30:00,19.088686,72.867919,11,VABB,160.0,2.1,10000.0,1800.0,22.0,14.0,,0,1,0,0,0,2024-01-19 02:00:00
2024-01-19 03:00:00,19.088686,72.867919,11,VABB,,0.0,,2000.0,17.8,14.7,1014.1,0,0,0,0,0,2024-01-19 03:00:00
2024-01-19 03:00:00,19.088686,72.867919,11,VABB,0.0,0.0,10000.0,1700.0,23.0,15.0,,0,1,0,0,0,2024-01-19 03:00:00
2024-01-19 03:30:00,19.088686,72.867919,11,VABB,140.0,1.5,10000.0,1700.0,23.0,15.0,,0,1,0,0,0,2024-01-19 03:00:00
2024-01-19 04:00:00,19.088686,72.867919,11,VABB,160.0,2.1,22000.0,1800.0,24.0,15.0,,0,0,0,0,0,2024-01-19 04:00:00
2024-01-19 04:30:00,19.088686,72.867919,11,VABB,180.0,1.5,22000.0,1800.0,25.0,14.0,,0,0,0,0,0,2024-01-19 04:00:00
2024-01-19 05:00:00,19.088686,72.867919,11,VABB,120.0,2.6,22000.0,2100.0,26.0,14.0,,0,0,0,0,0,2024-01-19 05:00:00
2024-01-19 05:30:00,19.088686,72.867919,11,VABB,0.0,0.0,22000.0,2100.0,27.0,14.0,,0,0,0,0,0,2024-01-19 05:00:00
2024-01-19 06:00:00,19.088686,72.867919,11,VABB,,0.0,,2000.0,26.8,13.7,1014.0,0,0,0,0,0,2024-01-19 06:00:00
2024-01-19 06:00:00,19.088686,72.867919,11,VABB,250.0,3.6,22000.0,2200.0,27.0,13.0,,0,0,0,0,0,2024-01-19 06:00:00
2024-01-19 06:30:00,19.088686,72.867919,11,VABB,280.0,3.6,22000.0,2500.0,27.0,13.0,,0,0,0,0,0,2024-01-19 06:00:00
2024-01-19 07:00:00,19.088686,72.867919,11,VABB,250.0,4.1,22000.0,2500.0,27.0,14.0,,0,0,0,0,0,2024-01-19 07:00:00
2024-01-19 07:30:00,19.088686,72.867919,11,VABB,270.0,4.1,22000.0,2500.0,27.0,14.0,,0,0,0,0,0,2024-01-19 07:00:00
2024-01-19 08:00:00,19.088686,72.867919,11,VABB,270.0,5.1,22000.0,2500.0,28.0,14.0,,0,0,0,0,0,2024-01-19 08:00:00
2024-01-19 08:30:00,19.088686,72.867919,11,VABB,260.0,4.6,22000.0,2500.0,28.0,12.0,,0,0,0,0,0,2024-01-19 08:00:00
2024-01-19 09:00:00,19.088686,72.867919,11,VABB,290.0,2.1,,2000.0,28.6,14.4,1011.2,0,0,0,0,0,2024-01-19 09:00:00
2024-01-19 09:00:00,19.088686,72.867919,11,VABB,270.0,4.6,22000.0,2500.0,28.0,13.0,,0,0,0,0,0,2024-01-19 09:00:00
2024-01-19 09:30:00,19.088686,72.867919,11,VABB,270.0,4.1,22000.0,3000.0,28.0,14.0,,0,0,0,0,0,2024-01-19 09:00:00
2024-01-19 10:00:00,19.088686,72.867919,11,VABB,270.0,5.1,22000.0,2500.0,28.0,15.0,,0,0,0,0,0,2024-01-19 10:00:00
2024-01-19 10:30:00,19.088686,72.867919,11,VABB,290.0,4.1,22000.0,2500.0,27.0,16.0,,0,0,0,0,0,2024-01-19 10:00:00
2024-01-19 11:00:00,19.088686,72.867919,11,VABB,280.0,4.1,22000.0,2200.0,27.0,18.0,,0,0,0,0,0,2024-01-19 11:00:00
2024-01-19 11:30:00,19.088686,72.867919,11,VABB,290.0,4.6,22000.0,2200.0,27.0,18.0,,0,1,0,0,0,2024-01-19 11:00:00
2024-01-19 12:00:00,19.088686,72.867919,11,VABB,270.0,1.5,,2000.0,26.6,18.5,1010.9,0,0,0,0,0,2024-01-19 12:00:00
2024-01-19 12:00:00,19.088686,72.867919,11,VABB,270.0,5.1,22000.0,2200.0,26.0,18.0,,0,1,0,0,0,2024-01-19 12:00:00
2024-01-19 12:30:00,19.088686,72.867919,11,VABB,280.0,3.6,22000.0,2200.0,26.0,17.0,,0,0,0,0,0,2024-01-19 12:00:00
2024-01-19 13:00:00,19.088686,72.867919,11,VABB,280.0,3.6,22000.0,2200.0,26.0,18.0,,0,0,0,0,0,2024-01-19 13:00:00
2024-01-19 13:30:00,19.088686,72.867919,11,VABB,270.0,2.6,22000.0,2200.0,26.0,17.0,,0,0,0,0,0,2024-01-19 13:00:00
2024-01-19 14:00:00,19.088686,72.867919,11,VABB,300.0,1.5,22000.0,2100.0,25.0,18.0,,0,1,0,0,0,2024-01-19 14:00:00
2024-01-19 14:30:00,19.088686,72.867919,11,VABB,40.0,2.6,22000.0,2100.0,26.0,18.0,,0,1,0,0,0,2024-01-19 14:00:00
2024-01-19 15:00:00,19.088686,72.867919,11,VABB,,0.0,,2000.0,23.6,18.5,1013.1,0,0,0,0,0,2024-01-19 15:00:00
2024-01-19 15:00:00,19.088686,72.867919,11,VABB,0.0,0.0,22000.0,2100.0,26.0,17.0,,0,0,0,0,0,2024-01-19 15:00:00
2024-01-19 15:30:00,19.088686,72.867919,11,VABB,20.0,2.1,22000.0,2100.0,26.0,17.0,,0,0,0,0,0,2024-01-19 15:00:00
2024-01-19 16:00:00,19.088686,72.867919,11,VABB,230.0,1.5,22000.0,2100.0,25.0,17.0,,0,0,0,0,0,2024-01-19 16:00:00
2024-01-19 16:30:00,19.088686,72.867919,11,VABB,30.0,1.5,22000.0,2100.0,25.0,17.0,,0,0,0,0,0,2024-01-19 16:00:00
2024-01-19 17:00:00,19.088686,72.867919,11,VABB,40.0,2.6,22000.0,2100.0,25.0,17.0,,0,0,0,0,0,2024-01-19 17:00:00
2024-01-19 17:30:00,19.088686,72.867919,11,VABB,0.0,0.0,22000.0,2100.0,24.0,17.0,,0,1,0,0,0,2024-01-19 17:00:00
2024-01-19 18:00:00,19.088686,72.867919,11,VABB,,0.0,,2000.0,21.0,16.7,1013.5,0,0,0,0,0,2024-01-19 18:00:00
2024-01-19 18:00:00,19.088686,72.867919,11,VABB,100.0,1.5,22000.0,2100.0,24.0,18.0,,0,1,0,0,0,2024-01-19 18:00:00
2024-01-19 18:30:00,19.088686,72.867919,11,VABB,90.0,1.5,22000.0,2100.0,24.0,18.0,,0,1,0,0,0,2024-01-19 18:00:00
2024-01-19 19:00:00,19.088686,72.867919,11,VABB,150.0,2.1,22000.0,2100.0,24.0,17.0,,0,1,0,0,0,2024-01-19 19:00:00
2024-01-19 19:30:00,19.088686,72.867919,11,VABB,190.0,1.5,22000.0,2100.0,24.0,18.0,,0,1,0,0,0,2024-01-19 19:00:00
2024-01-19 20:00:00,19.088686,72.867919,11,VABB,160.0,2.6,22000.0,2100.0,24.0,18.0,,0,1,0,0,0,2024-01-19 20:00:00
2024-01-19 20:30:00,19.088686,72.867919,11,VABB,140.0,2.6,22000.0,2100.0,24.0,17.0,,0,1,0,0,0,2024-01-19 20:00:00
2024-01-19 21:00:00,19.088686,72.867919,11,VABB,,0.0,,2000.0,19.8,16.8,1012.5,0,0,0,0,0,2024-01-19 21:00:00
2024-01-19 21:00:00,19.088686,72.867919,11,VABB,140.0,2.6,22000.0,2100.0,24.0,17.0,,0,1,0,0,0,2024-01-19 21:00:00
2024-01-19 21:30:00,19.088686,72.867919,11,VABB,160.0,2.6,22000.0,2100.0,24.0,17.0,,0,1,0,0,0,2024-01-19 21:00:00
2024-01-19 22:00:00,19.088686,72.867919,11,VABB,110.0,1.5,22000.0,2100.0,23.0,17.0,,0,1,0,0,0,2024-01-19 22:00:00
2024-01-19 22:30:00,19.088686,72.867919,11,VABB,80.0,1.5,22000.0,1800.0,22.0,18.0,,0,1,0,0,0,2024-01-19 22:00:00
2024-01-19 22:42:00,19.088686,72.867919,11,VABB,80.0,1.5,22000.0,1800.0,22.0,18.0,,0,1,0,0,0,2024-01-19 22:00:00
2024-01-19 23:00:00,19.088686,72.867919,11,VABB,150.0,1.5,22000.0,1600.0,23.0,19.0,,0,1,0,0,0,2024-01-19 23:00:00
2024-01-19 23:30:00,19.088686,72.867919,11,VABB,130.0,2.1,22000.0,1600.0,23.0,19.0,,0,1,0,0,0,2024-01-19 23:00:00
2024-01-20 00:00:00,19.088686,72.867919,11,VABB,,0.0,,2000.0,19.2,17.2,1012.4,0,0,0,0,0,2024-01-20 00:00:00
2024-01-20 00:30:00,19.088686,72.867919,11,VABB,40.0,2.1,22000.0,1600.0,22.0,18.0,,1,0,0,0,0,2024-01-20 00:00:00
2024-01-20 01:00:00,19.088686,72.867919,11,VABB,0.0,0.0,22000.0,1600.0,22.0,18.0,,1,0,0,0,0,2024-01-20 01:00:00
2024-01-20 01:30:00,19.088686,72.867919,11,VABB,0.0,0.0,22000.0,1600.0,22.0,18.0,,1,0,0,0,0,2024-01-20 01:00:00
2024-01-20 02:00:00,19.088686,72.867919,11,VABB,330.0,1.5,22000.0,1700.0,22.0,17.0,,1,0,0,0,0,2024-01-20 02:00:00
2024-01-20 02:30:00,19.088686,72.867919,11,VABB,140.0,1.5,22000.0,1500.0,22.0,17.0,,1,0,0,0,0,2024-01-20 02:00:00
2024-01-20 03:00:00,19.088686,72.867919,11,VABB,,0.0,,2000.0,18.6,17.0,1015.0,0,0,0,0,0,2024-01-20 03:00:00
2024-01-20 03:00:00,19.088686,72.867919,11,VABB,110.0,2.6,,1200.0,23.0,17.0,,0,1,0,0,0,2024-01-20 03:00:00
2024-01-20 03:30:00,19.088686,72.867919,11,VABB,0.0,0.0,,1200.0,23.0,17.0,,0,1,0,0,0,2024-01-20 03:00:00
2024-01-20 04:00:00,19.088686,72.867919,11,VABB,90.0,2.1,,1200.0,24.0,17.0,,0,1,0,0,0,2024-01-20 04:00:00
2024-01-20 04:30:00,19.088686,72.867919,11,VABB,100.0,2.6,,1200.0,25.0,17.0,,0,1,0,0,0,2024-01-20 04:00:00
2024-01-20 05:00:00,19.088686,72.867919,11,VABB,120.0,2.1,22000.0,1500.0,26.0,17.0,,0,0,0,0,0,2024-01-20 05:00:00
2024-01-20 05:30:00,19.088686,72.867919,11,VABB,190.0,2.1,22000.0,1500.0,27.0,16.0,,0,0,0,0,0,2024-01-20 05:00:00
2024-01-20 06:00:00,19.088686,72.867919,11,VABB,,0.0,,2000.0,27.4,16.5,1015.8,0,0,0,0,0,2024-01-20 06:00:00
2024-01-20 06:00:00,19.088686,72.867919,11,VABB,110.0,1.5,22000.0,1600.0,27.0,15.0,,0,0,0,0,0,2024-01-20 06:00:00
2024-01-20 06:30:00,19.088686,72.867919,11,VABB,170.0,1.5,22000.0,1600.0,29.0,15.0,,0,0,0,0,0,2024-01-20 06:00:00
2024-01-20 07:00:00,19.088686,72.867919,11,VABB,260.0,4.6,22000.0,1600.0,28.0,17.0,,0,0,0,0,0,2024-01-20 07:00:00
2024-01-20 07:30:00,19.088686,72.867919,11,VABB,260.0,4.6,22000.0,1600.0,27.0,18.0,,0,0,0,0,0,2024-01-20 07:00:00
2024-01-20 08:00:00,19.088686,72.867919,11,VABB,260.0,5.7,22000.0,1800.0,28.0,17.0,,0,0,0,0,0,2024-01-20 08:00:00
2024-01-20 08:30:00,19.088686,72.867919,11,VABB,260.0,5.1,22000.0,2100.0,28.0,16.0,,0,0,0,0,0,2024-01-20 08:00:00
2024-01-20 09:00:00,19.088686,72.867919,11,VABB,320.0,3.1,,2000.0,28.2,15.9,1013.1,0,0,0,0,0,2024-01-20 09:00:00
2024-01-20 09:00:00,19.088686,72.867919,11,VABB,270.0,5.1,22000.0,2500.0,28.0,16.0,,0,0,0,0,0,2024-01-20 09:00:00
2024-01-20 09:30:00,19.088686,72.867919,11,VABB,280.0,4.1,22000.0,2500.0,28.0,16.0,,0,0,0,0,0,2024-01-20 09:00:00
2024-01-20 10:00:00,19.088686,72.867919,11,VABB,310.0,4.6,22000.0,2500.0,28.0,16.0,,0,0,0,0,0,2024-01-20 10:00:00
2024-01-20 10:30:00,19.088686,72.867919,11,VABB,300.0,5.1,22000.0,2500.0,28.0,15.0,,0,0,0,0,0,2024-01-20 10:00:00
2024-01-20 11:00:00,19.088686,72.867919,11,VABB,300.0,5.7,22000.0,3000.0,28.0,15.0,,0,0,0,0,0,2024-01-20 11:00:00
2024-01-20 11:30:00,19.088686,72.867919,11,VABB,320.0,4.6,22000.0,3000.0,27.0,17.0,,0,0,0,0,0,2024-01-20 11:00:00
2024-01-20 12:00:00,19.088686,72.867919,11,VABB,360.0,3.1,,2000.0,26.4,16.0,1012.7,0,0,0,0,0,2024-01-20 12:00:00
2024-01-20 12:00:00,19.088686,72.867919,11,VABB,320.0,4.1,22000.0,3000.0,27.0,16.0,,0,0,0,0,0,2024-01-20 12:00:00
2024-01-20 12:30:00,19.088686,72.867919,11,VABB,310.0,3.1,22000.0,3000.0,27.0,16.0,,0,0,0,0,0,2024-01-20 12:00:00
2024-01-20 13:00:00,19.088686,72.867919,11,VABB,320.0,3.1,22000.0,2500.0,26.0,16.0,,0,0,0,0,0,2024-01-20 13:00:00
2024-01-20 13:30:00,19.088686,72.867919,11,VABB,30.0,2.1,22000.0,2500.0,26.0,17.0,,0,0,0,0,0,2024-01-20 13:00:00
2024-01-20 14:00:00,19.088686,72.867919,11,VABB,340.0,3.1,22000.0,2500.0,25.0,16.0,,0,0,0,0,0,2024-01-20 14:00:00
2024-01-20 14:30:00,19.088686,72.867919,11,VABB,70.0,3.6,22000.0,2500.0,25.0,16.0,,0,0,0,0,0,2024-01-20 14:00:00
2024-01-20 15:00:00,19.088686,72.867919,11,VABB,360.0,2.1,,2000.0,24.4,15.5,1014.1,0,0,0,0,0,2024-01-20 15:00:00
2024-01-20 15:00:00,19.088686,72.867919,11,VABB,30.0,2.1,22000.0,2500.0,25.0,16.0,,0,0,0,0,0,2024-01-20 15:00:00
2024-01-20 15:30:00,19.088686,72.867919,11,VABB,10.0,2.6,22000.0,2500.0,25.0,16.0,,0,0,0,0,0,2024-01-20 15:00:00
2024-01-20 16:00:00,19.088686,72.867919,11,VABB,330.0,3.1,22000.0,2500.0,25.0,15.0,,0,0,0,0,0,2024-01-20 16:00:00
2024-01-20 16:30:00,19.088686,72.867919,11,VABB,350.0,2.6,22000.0,2500.0,25.0,14.0,,0,0,0,0,0,2024-01-20 16:00:00
2024-01-20 17:00:00,19.088686,72.867919,11,VABB,10.0,3.6,22000.0,2500.0,25.0,14.0,,0,0,0,0,0,2024-01-20 17:00:00
2024-01-20 17:30:00,19.088686,72.867919,11,VABB,30.0,3.1,22000.0,2500.0,24.0,14.0,,0,0,0,0,0,2024-01-20 17:00:00
2024-01-20 18:00:00,19.088686,72.867919,11,VABB,,0.0,,2000.0,22.0,15.3,1014.9,0,0,0,0,0,2024-01-20 18:00:00
2024-01-20 18:00:00,19.088686,72.867919,11,VABB,10.0,2.1,22000.0,2500.0,24.0,14.0,,0,0,0,0,0,2024-01-20 18:00:00
2024-01-20 18:30:00,19.088686,72.867919,11,VABB,90.0,3.1,22000.0,2500.0,24.0,14.0,,0,0,0,0,0,2024-01-20 18:00:00
2024-01-20 19:00:00,19.088686,72.867919,11,VABB,10.0,3.1,22000.0,2500.0,24.0,13.0,,0,0,0,0,0,2024-01-20 19:00:00
2024-01-20 19:30:00,19.088686,72.867919,11,VABB,40.0,1.5,22000.0,2500.0,24.0,13.0,,0,0,0,0,0,2024-01-20 19:00:00
2024-01-20 20:00:00,19.088686,72.867919,11,VABB,10.0,2.1,22000.0,2500.0,24.0,13.0,,0,0,0,0,0,2024-01-20 20:00:00
2024-01-20 20:30:00,19.088686,72.867919,11,VABB,340.0,1.5,22000.0,2500.0,24.0,13.0,,0,0,0,0,0,2024-01-20 20:00:00
2024-01-20 21:00:00,19.088686,72.867919,11,VABB,,0.0,,2000.0,18.8,13.9,1013.7,0,0,0,0,0,2024-01-20 21:00:00
2024-01-20 21:00:00,19.088686,72.867919,11,VABB,0.0,0.0,22000.0,2500.0,23.0,12.0,,0,0,0,0,0,2024-01-20 21:00:00
2024-01-20 21:30:00,19.088686,72.867919,11,VABB,0.0,0.0,22000.0,2500.0,23.0,12.0,,0,0,0,0,0,2024-01-20 21:00:00
2024-01-20 22:00:00,19.088686,72.867919,11,VABB,0.0,0.0,22000.0,2500.0,22.0,13.0,,0,0,0,0,0,2024-01-20 22:00:00
2024-01-20 22:30:00,19.088686,72.867919,11,VABB,0.0,0.0,22000.0,2500.0,21.0,14.0,,0,1,0,0,0,2024-01-20 22:00:00
2024-01-20 23:00:00,19.088686,72.867919,11,VABB,180.0,2.6,22000.0,2500.0,22.0,12.0,,0,0,0,0,0,2024-01-20 23:00:00
2024-01-20 23:30:00,19.088686,72.867919,11,VABB,220.0,2.6,22000.0,2500.0,22.0,12.0,,0,0,0,0,0,2024-01-20 23:00:00
2024-01-21 00:00:00,19.088686,72.867919,11,VABB,,0.0,,2000.0,17.2,12.9,1013.0,0,0,0,0,0,2024-01-21 00:00:00
2024-01-21 00:00:00,19.088686,72.867919,11,VABB,140.0,2.1,22000.0,2500.0,22.0,11.0,,0,0,0,0,0,2024-01-21 00:00:00
2024-01-21 00:30:00,19.088686,72.867919,11,VABB,90.0,2.1,22000.0,2500.0,22.0,10.0,,0,0,0,0,0,2024-01-21 00:00:00
2024-01-21 01:00:00,19.088686,72.867919,11,VABB,110.0,2.6,22000.0,2200.0,21.0,10.0,,0,0,0,0,0,2024-01-21 01:00:00
2024-01-21 01:30:00,19.088686,72.867919,11,VABB,100.0,1.5,22000.0,2200.0,21.0,10.0,,0,0,0,0,0,2024-01-21 01:00:00
2024-01-21 02:00:00,19.088686,72.867919,11,VABB,90.0,1.5,22000.0,2200.0,22.0,11.0,,0,0,0,0,0,2024-01-21 02:00:00
2024-01-21 02:30:00,19.088686,72.867919,11,VABB,110.0,1.5,22000.0,2200.0,22.0,11.0,,0,0,0,0,0,2024-01-21 02:00:00
2024-01-21 03:00:00,19.088686,72.867919,11,VABB,,0.0,,2000.0,17.6,13.0,1014.9,0,0,0,0,0,2024-01-21 03:00:00
2024-01-21 03:00:00,19.088686,72.867919,11,VABB,90.0,1.5,22000.0,2200.0,23.0,12.0,,0,0,0,0,0,2024-01-21 03:00:00
2024-01-21 03:30:00,19.088686,72.867919,11,VABB,30.0,4.1,22000.0,2200.0,24.0,12.0,,0,0,0,0,0,2024-01-21 03:00:00
2024-01-21 04:00:00,19.088686,72.867919,11,VABB,40.0,3.6,22000.0,2100.0,24.0,13.0,,0,0,0,0,0,2024-01-21 04:00:00
2024-01-21 04:30:00,19.088686,72.867919,11,VABB,40.0,4.6,22000.0,2200.0,25.0,13.0,,0,0,0,0,0,2024-01-21 04:00:00
2024-01-21 05:00:00,19.088686,72.867919,11,VABB,40.0,4.1,22000.0,2200.0,26.0,14.0,,0,0,0,0,0,2024-01-21 05:00:00
2024-01-21 05:30:00,19.088686,72.867919,11,VABB,60.0,5.1,22000.0,2200.0,27.0,13.0,,0,0,0,0,0,2024-01-21 05:00:00
2024-01-21 06:00:00,19.088686,72.867919,11,VABB,50.0,2.1,,2000.0,28.6,15.2,1015.1,0,0,0,0,0,2024-01-21 06:00:00
2024-01-21 06:00:00,19.088686,72.867919,11,VABB,50.0,4.6,22000.0,2500.0,28.0,14.0,,0,0,0,0,0,2024-01-21 06:00:00
2024-01-21 06:30:00,19.088686,72.867919,11,VABB,20.0,3.6,22000.0,2500.0,29.0,13.0,,0,0,0,0,0,2024-01-21 06:00:00
2024-01-21 07:00:00,19.088686,72.867919,11,VABB,40.0,3.6,22000.0,2500.0,29.0,13.0,,0,0,0,0,0,2024-01-21 07:00:00
2024-01-21 07:30:00,19.088686,72.867919,11,VABB,20.0,3.1,22000.0,2500.0,30.0,13.0,,0,0,0,0,0,2024-01-21 07:00:00
2024-01-21 08:00:00,19.088686,72.867919,11,VABB,20.0,4.1,22000.0,3000.0,31.0,13.0,,0,0,0,0,0,2024-01-21 08:00:00
2024-01-21 08:30:00,19.088686,72.867919,11,VABB,100.0,2.1,22000.0,3000.0,31.0,13.0,,0,0,0,0,0,2024-01-21 08:00:00
2024-01-21 09:00:00,19.088686,72.867919,11,VABB,320.0,2.6,,2000.0,31.4,15.7,1011.9,0,0,0,0,0,2024-01-21 09:00:00
2024-01-21 09:00:00,19.088686,72.867919,11,VABB,250.0,5.1,22000.0,3000.0,30.0,15.0,,0,0,0,0,0,2024-01-21 09:00:00
2024-01-21 09:30:00,19.088686,72.867919,11,VABB,300.0,4.1,22000.0,3000.0,30.0,16.0,,0,0,0,0,0,2024-01-21 09:00:00
2024-01-21 10:00:00,19.088686,72.867919,11,VABB,280.0,5.7,22000.0,3000.0,30.0,16.0,,0,0,0,0,0,2024-01-21 10:00:00
2024-01-21 10:30:00,19.088686,72.867919,11,VABB,290.0,4.1,22000.0,3500.0,30.0,17.0,,0,0,0,0,0,2024-01-21 10:00:00
2024-01-21 11:00:00,19.088686,72.867919,11,VABB,320.0,3.6,22000.0,4000.0,29.0,16.0,,0,0,0,0,0,2024-01-21 11:00:00
2024-01-21 11:30:00,19.088686,72.867919,11,VABB,310.0,4.1,22000.0,4000.0,29.0,16.0,,0,0,0,0,0,2024-01-21 11:00:00
2024-01-21 12:00:00,19.088686,72.867919,11,VABB,320.0,3.1,,2000.0,28.4,15.8,1011.0,0,0,0,0,0,2024-01-21 12:00:00
2024-01-21 12:00:00,19.088686,72.867919,11,VABB,300.0,4.1,22000.0,4000.0,29.0,15.0,,0,0,0,0,0,2024-01-21 12:00:00
2024-01-21 12:30:00,19.088686,72.867919,11,VABB,310.0,3.1,22000.0,4000.0,28.0,15.0,,0,0,0,0,0,2024-01-21 12:00:00
2024-01-21 13:00:00,19.088686,72.867919,11,VABB,290.0,2.6,22000.0,4000.0,28.0,15.0,,0,0,0,0,0,2024-01-21 13:00:00
2024-01-21 13:30:00,19.088686,72.867919,11,VABB,310.0,2.1,22000.0,3000.0,28.0,15.0,,0,0,0,0,0,2024-01-21 13:00:00
2024-01-21 14:00:00,19.088686,72.867919,11,VABB,340.0,2.6,22000.0,3000.0,27.0,15.0,,0,0,0,0,0,2024-01-21 14:00:00
2024-01-21 14:30:00,19.088686,72.867919,11,VABB,40.0,2.6,22000.0,3000.0,28.0,15.0,,0,0,0,0,0,2024-01-21 14:00:00
2024-01-21 15:00:00,19.088686,72.867919,11,VABB,,0.0,,2000.0,24.6,16.1,1013.2,0,0,0,0,0,2024-01-21 15:00:00
2024-01-21 15:30:00,19.088686,72.867919,11,VABB,330.0,1.5,22000.0,3000.0,27.0,15.0,,0,0,0,0,0,2024-01-21 15:00:00
2024-01-21 16:00:00,19.088686,72.867919,11,VABB,350.0,1.5,22000.0,3000.0,26.0,15.0,,0,0,0,0,0,2024-01-21 16:00:00
2024-01-21 16:30:00,19.088686,72.867919,11,VABB,0.0,0.0,22000.0,3000.0,26.0,15.0,,0,0,0,0,0,2024-01-21 16:00:00
2024-01-21 17:00:00,19.088686,72.867919,11,VABB,40.0,2.1,22000.0,3000.0,26.0,15.0,,0,0,0,0,0,2024-01-21 17:00:00
2024-01-21 17:30:00,19.088686,72.867919,11,VABB,40.0,1.5,22000.0,3000.0,25.0,15.0,,0,0,0,0,0,2024-01-21 17:00:00
2024-01-21 18:00:00,19.088686,72.867919,11,VABB,,0.0,,2000.0,21.6,15.6,1013.6,0,0,0,0,0,2024-01-21 18:00:00
2024-01-21 18:00:00,19.088686,72.867919,11,VABB,0.0,0.0,22000.0,2500.0,25.0,15.0,,0,0,0,0,0,2024-01-21 18:00:00
2024-01-21 18:30:00,19.088686,72.867919,11,VABB,0.0,0.0,22000.0,2500.0,24.0,15.0,,0,0,0,0,0,2024-01-21 18:00:00
2024-01-21 19:00:00,19.088686,72.867919,11,VABB,0.0,0.0,22000.0,2500.0,25.0,15.0,,0,0,0,0,0,2024-01-21 19:00:00
2024-01-21 19:30:00,19.088686,72.867919,11,VABB,130.0,2.1,22000.0,2500.0,25.0,16.0,,0,0,0,0,0,2024-01-21 19:00:00
2024-01-21 20:00:00,19.088686,72.867919,11,VABB,110.0,2.1,22000.0,2200.0,25.0,16.0,,0,1,0,0,0,2024-01-21 20:00:00
2024-01-21 20:30:00,19.088686,72.867919,11,VABB,110.0,3.6,22000.0,2200.0,24.0,17.0,,0,1,0,0,0,2024-01-21 20:00:00
2024-01-21 21:00:00,19.088686,72.867919,11,VABB,,0.0,,2000.0,20.0,16.7,1013.0,0,0,0,0,0,2024-01-21 21:00:00
2024-01-21 21:00:00,19.088686,72.867919,11,VABB,120.0,1.5,22000.0,2200.0,24.0,15.0,,0,0,0,0,0,2024-01-21 21:00:00
2024-01-21 21:30:00,19.088686,72.867919,11,VABB,160.0,2.1,22000.0,2200.0,24.0,15.0,,0,0,0,0,0,2024-01-21 21:00:00
2024-01-21 22:00:00,19.088686,72.867919,11,VABB,120.0,3.1,22000.0,2200.0,23.0,14.0,,0,0,0,0,0,2024-01-21 22:00:00
2024-01-21 22:30:00,19.088686,72.867919,11,VABB,100.0,2.1,22000.0,2200.0,22.0,13.0,,0,1,0,0,0,2024-01-21 22:00:00
2024-01-21 23:00:00,19.088686,72.867919,11,VABB,140.0,2.6,22000.0,2200.0,23.0,13.0,,0,1,0,0,0,2024-01-21 23:00:00
2024-01-21 23:30:00,19.088686,72.867919,11,VABB,50.0,1.5,22000.0,2200.0,23.0,13.0,,0,1,0,0,0,2024-01-21 23:00:00
2024-01-22 00:00:00,19.088686,72.867919,11,VABB,,0.0,,2000.0,18.4,14.2,1012.8,0,0,0,0,0,2024-01-22 00:00:00
2024-01-22 00:00:00,19.088686,72.867919,11,VABB,100.0,1.5,22000.0,2200.0,23.0,13.0,,0,1,0,0,0,2024-01-22 00:00:00
2024-01-22 00:30:00,19.088686,72.867919,11,VABB,110.0,2.1,22000.0,2200.0,23.0,13.0,,0,1,0,0,0,2024-01-22 00:00:00
2024-01-22 01:00:00,19.088686,72.867919,11,VABB,120.0,2.1,22000.0,2200.0,23.0,13.0,,0,1,0,0,0,2024-01-22 01:00:00
2024-01-22 01:30:00,19.088686,72.867919,11,VABB,140.0,2.1,10000.0,2200.0,23.0,14.0,,0,1,0,0,0,2024-01-22 01:00:00
2024-01-22 02:00:00,19.088686,72.867919,11,VABB,70.0,2.1,10000.0,1800.0,24.0,14.0,,0,1,1,0,0,2024-01-22 02:00:00
2024-01-22 02:30:00,19.088686,72.867919,11,VABB,110.0,2.1,10000.0,1600.0,23.0,14.0,,0,0,0,0,0,2024-01-22 02:00:00
2024-01-22 03:00:00,19.088686,72.867919,11,VABB,,0.0,22000.0,2000.0,18.4,14.2,1014.7,0,0,0,0,0,2024-01-22 03:00:00
2024-01-22 03:00:00,19.088686,72.867919,11,VABB,160.0,1.5,10000.0,1600.0,24.0,14.0,,0,0,0,0,0,2024-01-22 03:00:00
2024-01-22 03:30:00,19.088686,72.867919,11,VABB,90.0,2.1,10000.0,1600.0,25.0,14.0,,0,0,0,0,0,2024-01-22 03:00:00
2024-01-22 04:00:00,19.088686,72.867919,11,VABB,110.0,2.6,10000.0,1600.0,26.0,13.0,,0,0,0,0,0,2024-01-22 04:00:00
2024-01-22 04:30:00,19.088686,72.867919,11,VABB,120.0,2.6,22000.0,2100.0,27.0,13.0,,0,0,0,0,0,2024-01-22 04:00:00
2024-01-22 05:00:00,19.088686,72.867919,11,VABB,90.0,2.6,22000.0,2200.0,27.0,12.0,,0,0,0,0,0,2024-01-22 05:00:00
2024-01-22 05:30:00,19.088686,72.867919,11,VABB,220.0,1.5,22000.0,2200.0,29.0,13.0,,0,0,0,0,0,2024-01-22 05:00:00
2024-01-22 06:00:00,19.088686,72.867919,11,VABB,,0.0,22000.0,2000.0,29.8,13.4,1015.5,0,0,0,0,0,2024-01-22 06:00:00
2024-01-22 06:30:00,19.088686,72.867919,11,VABB,160.0,2.1,22000.0,2500.0,29.0,12.0,,0,0,0,0,0,2024-01-22 06:00:00
2024-01-22 07:00:00,19.088686,72.867919,11,VABB,160.0,2.6,22000.0,2500.0,30.0,12.0,,0,0,0,0,0,2024-01-22 07:00:00
2024-01-22 07:30:00,19.088686,72.867919,11,VABB,300.0,5.1,22000.0,2500.0,30.0,13.0,,0,0,0,0,0,2024-01-22 07:00:00
2024-01-22 08:00:00,19.088686,72.867919,11,VABB,270.0,6.2,22000.0,2500.0,30.0,13.0,,0,0,0,0,0,2024-01-22 08:00:00
2024-01-22 08:30:00,19.088686,72.867919,11,VABB,260.0,5.1,22000.0,2500.0,29.0,13.0,,0,0,0,0,0,2024-01-22 08:00:00
2024-01-22 09:00:00,19.088686,72.867919,11,VABB,360.0,2.1,,2000.0,29.6,16.1,1012.8,0,0,0,0,0,2024-01-22 09:00:00
2024-01-22 09:00:00,19.088686,72.867919,11,VABB,270.0,5.1,22000.0,2500.0,29.0,16.0,,0,0,0,0,0,2024-01-22 09:00:00
2024-01-22 09:30:00,19.088686,72.867919,11,VABB,290.0,4.6,22000.0,2500.0,29.0,15.0,,0,0,0,0,0,2024-01-22 09:00:00
2024-01-22 10:00:00,19.088686,72.867919,11,VABB,250.0,4.6,22000.0,2500.0,29.0,16.0,,0,0,0,0,0,2024-01-22 10:00:00
2024-01-22 10:30:00,19.088686,72.867919,11,VABB,270.0,5.1,22000.0,2500.0,29.0,16.0,,0,0,0,0,0,2024-01-22 10:00:00
2024-01-22 11:00:00,19.088686,72.867919,11,VABB,280.0,5.1,22000.0,2500.0,29.0,16.0,,0,0,0,0,0,2024-01-22 11:00:00
2024-01-22 11:30:00,19.088686,72.867919,11,VABB,310.0,3.6,22000.0,2500.0,28.0,16.0,,0,0,0,0,0,2024-01-22 11:00:00
2024-01-22 12:00:00,19.088686,72.867919,11,VABB,360.0,2.1,,2000.0,27.4,16.5,1012.9,0,0,0,0,0,2024-01-22 12:00:00
2024-01-22 12:00:00,19.088686,72.867919,11,VABB,320.0,3.1,22000.0,2500.0,27.0,16.0,,0,0,0,0,0,2024-01-22 12:00:00
2024-01-22 12:30:00,19.088686,72.867919,11,VABB,320.0,3.6,10000.0,3000.0,27.0,16.0,,0,0,0,0,0,2024-01-22 12:00:00
2024-01-22 13:00:00,19.088686,72.867919,11,VABB,300.0,2.6,10000.0,3000.0,27.0,15.0,,0,0,0,0,0,2024-01-22 13:00:00
2024-01-22 13:30:00,19.088686,72.867919,11,VABB,310.0,2.6,10000.0,3000.0,26.0,14.0,,0,0,0,0,0,2024-01-22 13:00:00
2024-01-22 14:00:00,19.088686,72.867919,11,VABB,300.0,3.1,10000.0,3000.0,26.0,15.0,,0,0,0,0,0,2024-01-22 14:00:00
2024-01-22 14:30:00,19.088686,72.867919,11,VABB,350.0,2.6,10000.0,3000.0,25.0,17.0,,0,0,0,0,0,2024-01-22 14:00:00
2024-01-22 15:00:00,19.088686,72.867919,11,VABB,,0.0,,2000.0,24.2,17.8,1015.1,0,0,0,0,0,2024-01-22 15:00:00
2024-01-22 15:00:00,19.088686,72.867919,11,VABB,40.0,2.6,22000.0,2500.0,26.0,17.0,,0,0,0,0,0,2024-01-22 15:00:00
2024-01-22 15:30:00,19.088686,72.867919,11,VABB,330.0,2.6,22000.0,2500.0,26.0,16.0,,0,0,0,0,0,2024-01-22 15:00:00
2024-01-22 16:00:00,19.088686,72.867919,11,VABB,40.0,3.1,22000.0,2500.0,26.0,16.0,,0,0,0,0,0,2024-01-22 16:00:00
2024-01-22 16:30:00,19.088686,72.867919,11,VABB,350.0,3.6,22000.0,2200.0,25.0,15.0,,0,0,0,0,0,2024-01-22 16:00:00
2024-01-22 17:00:00,19.088686,72.867919,11,VABB,360.0,3.6,22000.0,2200.0,25.0,14.0,,0,0,0,0,0,2024-01-22 17:00:00
2024-01-22 17:30:00,19.088686,72.867919,11,VABB,30.0,3.1,22000.0,2200.0,25.0,10.0,,0,0,0,0,0,2024-01-22 17:00:00
2024-01-22 18:00:00,19.088686,72.867919,11,VABB,,0.0,,2000.0,20.8,14.3,1015.9,0,0,0,0,0,2024-01-22 18:00:00
2024-01-22 18:00:00,19.088686,72.867919,11,VABB,0.0,0.0,22000.0,2200.0,25.0,11.0,,0,0,0,0,0,2024-01-22 18:00:00
2024-01-22 18:30:00,19.088686,72.867919,11,VABB,70.0,2.1,22000.0,2200.0,25.0,10.0,,0,0,0,0,0,2024-01-22 18:00:00
2024-01-22 19:00:00,19.088686,72.867919,11,VABB,240.0,2.6,22000.0,2200.0,25.0,7.0,,0,0,0,0,0,2024-01-22 19:00:00
2024-01-22 19:30:00,19.088686,72.867919,11,VABB,40.0,2.6,22000.0,2200.0,25.0,7.0,,0,0,0,0,0,2024-01-22 19:00:00
2024-01-22 20:00:00,19.088686,72.867919,11,VABB,30.0,1.5,22000.0,2200.0,24.0,6.0,,0,0,0,0,0,2024-01-22 20:00:00
2024-01-22 20:30:00,19.088686,72.867919,11,VABB,50.0,1.5,22000.0,2200.0,24.0,7.0,,0,0,0,0,0,2024-01-22 20:00:00
2024-01-22 21:00:00,19.088686,72.867919,11,VABB,,0.0,,2000.0,17.8,11.2,1015.1,0,0,0,0,0,2024-01-22 21:00:00
2024-01-22 21:30:00,19.088686,72.867919,11,VABB,30.0,1.5,22000.0,2200.0,23.0,8.0,,0,0,0,0,0,2024-01-22 21:00:00
2024-01-22 22:00:00,19.088686,72.867919,11,VABB,40.0,3.1,22000.0,2200.0,25.0,6.0,,0,0,0,0,0,2024-01-22 22:00:00
2024-01-22 22:30:00,19.088686,72.867919,11,VABB,0.0,0.0,22000.0,2200.0,23.0,6.0,,0,0,0,0,0,2024-01-22 22:00:00
2024-01-22 23:00:00,19.088686,72.867919,11,VABB,350.0,1.5,22000.0,2200.0,25.0,5.0,,0,0,0,0,0,2024-01-22 23:00:00
2024-01-22 23:30:00,19.088686,72.867919,11,VABB,100.0,1.5,22000.0,2200.0,23.0,5.0,,0,0,0,0,0,2024-01-22 23:00:00
2024-01-23 00:00:00,19.088686,72.867919,11,VABB,,0.0,,2000.0,16.2,8.8,1014.4,0,0,0,0,0,2024-01-23 00:00:00
2024-01-23 00:00:00,19.088686,72.867919,11,VABB,40.0,2.1,22000.0,2200.0,24.0,6.0,,0,0,0,0,0,2024-01-23 00:00:00
2024-01-23 00:30:00,19.088686,72.867919,11,VABB,0.0,0.0,22000.0,2200.0,23.0,5.0,,0,0,0,0,0,2024-01-23 00:00:00
2024-01-23 01:00:00,19.088686,72.867919,11,VABB,50.0,3.1,22000.0,2200.0,24.0,4.0,,0,0,0,0,0,2024-01-23 01:00:00
2024-01-23 01:30:00,19.088686,72.867919,11,VABB,60.0,2.6,10000.0,2500.0,23.0,4.0,,0,0,0,0,0,2024-01-23 01:00:00
2024-01-23 02:00:00,19.088686,72.867919,11,VABB,70.0,2.1,10000.0,2500.0,24.0,3.0,,0,0,0,0,0,2024-01-23 02:00:00
2024-01-23 02:30:00,19.088686,72.867919,11,VABB,50.0,2.1,10000.0,3000.0,24.0,3.0,,0,0,0,0,0,2024-01-23 02:00:00
2024-01-23 03:00:00,19.088686,72.867919,11,VABB,,0.0,22000.0,2000.0,,9.0,1016.0,0,0,0,0,0,2024-01-23 03:00:00
2024-01-23 03:00:00,19.088686,72.867919,11,VABB,70.0,3.1,10000.0,3500.0,25.0,3.0,,0,0,0,0,0,2024-01-23 03:00:00
2024-01-23 03:30:00,19.088686,72.867919,11,VABB,30.0,3.1,10000.0,3500.0,26.0,2.0,,0,0,0,0,0,2024-01-23 03:00:00
2024-01-23 04:00:00,19.088686,72.867919,11,VABB,10.0,3.1,10000.0,3500.0,26.0,2.0,,0,0,0,0,0,2024-01-23 04:00:00
2024-01-23 04:30:00,19.088686,72.867919,11,VABB,10.0,4.1,10000.0,3500.0,27.0,1.0,,0,0,0,0,0,2024-01-23 04:00:00
2024-01-23 05:00:00,19.088686,72.867919,11,VABB,330.0,3.6,10000.0,3500.0,27.0,0.0,,0,0,0,0,0,2024-01-23 05:00:00
2024-01-23 05:30:00,19.088686,72.867919,11,VABB,350.0,4.1,10000.0,4000.0,28.0,-1.0,,0,0,0,0,0,2024-01-23 05:00:00
2024-01-23 06:00:00,19.088686,72.867919,11,VABB,50.0,2.1,22000.0,2000.0,28.4,7.2,1015.9,0,0,0,0,0,2024-01-23 06:00:00
2024-01-23 06:00:00,19.088686,72.867919,11,VABB,320.0,3.1,10000.0,4000.0,28.0,1.0,,0,0,0,0,0,2024-01-23 06:00:00
2024-01-23 06:30:00,19.088686,72.867919,11,VABB,340.0,2.6,10000.0,4000.0,29.0,1.0,,0,0,0,0,0,2024-01-23 06:00:00
2024-01-23 07:00:00,19.088686,72.867919,11,VABB,70.0,4.1,10000.0,4000.0,30.0,0.0,,0,0,0,0,0,2024-01-23 07:00:00
2024-01-23 07:30:00,19.088686,72.867919,11,VABB,300.0,4.6,10000.0,4000.0,28.0,7.0,,0,0,0,0,0,2024-01-23 07:00:00
2024-01-23 08:00:00,19.088686,72.867919,11,VABB,300.0,5.1,10000.0,4000.0,28.0,8.0,,0,0,0,0,0,2024-01-23 08:00:00
2024-01-23 08:30:00,19.088686,72.867919,11,VABB,290.0,6.2,10000.0,4000.0,29.0,9.0,,0,0,0,0,0,2024-01-23 08:00:00
2024-01-23 09:00:00,19.088686,72.867919,11,VABB,320.0,3.1,22000.0,2000.0,28.6,10.2,1012.9,0,0,0,0,0,2024-01-23 09:00:00
2024-01-23 09:00:00,19.088686,72.867919,11,VABB,330.0,4.1,10000.0,4000.0,30.0,9.0,,0,0,0,0,0,2024-01-23 09:00:00
2024-01-23 09:30:00,19.088686,72.867919,11,VABB,300.0,4.1,10000.0,4000.0,28.0,9.0,,0,0,0,0,1,2024-01-23 09:00:00
2024-01-23 10:00:00,19.088686,72.867919,11,VABB,320.0,3.6,10000.0,4000.0,28.0,9.0,,0,0,0,0,1,2024-01-23 10:00:00
2024-01-23 10:30:00,19.088686,72.867919,11,VABB,330.0,5.1,10000.0,4000.0,29.0,10.0,,0,0,0,0,0,2024-01-23 10:00:00
2024-01-23 11:00:00,19.088686,72.867919,11,VABB,330.0,5.7,10000.0,4000.0,28.0,10.0,,0,0,0,0,0,2024-01-23 11:00:00
2024-01-23 11:30:00,19.088686,72.867919,11,VABB,320.0,5.7,10000.0,4000.0,27.0,12.0,,0,0,0,0,0,2024-01-23 11:00:00
2024-01-23 12:00:00,19.088686,72.867919,11,VABB,320.0,3.1,22000.0,2000.0,26.6,12.1,1012.2,0,0,0,0,0,2024-01-23 12:00:00
2024-01-23 12:00:00,19.088686,72.867919,11,VABB,310.0,3.6,10000.0,4000.0,27.0,12.0,,0,0,0,0,0,2024-01-23 12:00:00
2024-01-23 12:30:00,19.088686,72.867919,11,VABB,320.0,3.6,10000.0,4000.0,26.0,13.0,,0,0,0,0,0,2024-01-23 12:00:00
2024-01-23 13:00:00,19.088686,72.867919,11,VABB,350.0,4.1,10000.0,4000.0,26.0,14.0,,0,0,1,0,0,2024-01-23 13:00:00
2024-01-23 13:30:00,19.088686,72.867919,11,VABB,320.0,4.1,10000.0,3000.0,25.0,15.0,,0,0,0,0,0,2024-01-23 13:00:00
2024-01-23 14:00:00,19.088686,72.867919,11,VABB,340.0,4.6,22000.0,3000.0,25.0,14.0,,0,0,0,0,0,2024-01-23 14:00:00
2024-01-23 14:30:00,19.088686,72.867919,11,VABB,340.0,5.1,22000.0,3000.0,25.0,13.0,,0,0,0,0,0,2024-01-23 14:00:00
2024-01-23 15:00:00,19.088686,72.867919,11,VABB,320.0,4.1,,2000.0,24.2,12.4,1013.6,0,0,0,0,0,2024-01-23 15:00:00
2024-01-23 15:00:00,19.088686,72.867919,11,VABB,340.0,3.1,22000.0,3000.0,25.0,13.0,,0,0,0,0,0,2024-01-23 15:00:00
2024-01-23 15:30:00,19.088686,72.867919,11,VABB,10.0,3.1,22000.0,3000.0,24.0,13.0,,0,0,0,0,0,2024-01-23 15:00:00
2024-01-23 16:00:00,19.088686,72.867919,11,VABB,60.0,2.6,22000.0,3000.0,24.0,13.0,,0,0,0,0,0,2024-01-23 16:00:00
2024-01-23 16:30:00,19.088686,72.867919,11,VABB,20.0,2.1,22000.0,2500.0,24.0,12.0,,0,0,0,0,0,2024-01-23 16:00:00
2024-01-23 17:00:00,19.088686,72.867919,11,VABB,50.0,3.1,22000.0,2500.0,24.0,12.0,,0,0,0,0,0,2024-01-23 17:00:00
2024-01-23 17:30:00,19.088686,72.867919,11,VABB,20.0,1.5,22000.0,2500.0,24.0,11.0,,0,0,0,0,0,2024-01-23 17:00:00
2024-01-23 18:00:00,19.088686,72.867919,11,VABB,,0.0,,2000.0,22.0,11.2,1014.3,0,0,0,0,0,2024-01-23 18:00:00
2024-01-23 18:00:00,19.088686,72.867919,11,VABB,10.0,2.1,22000.0,2500.0,24.0,11.0,,0,0,0,0,0,2024-01-23 18:00:00
2024-01-23 18:30:00,19.088686,72.867919,11,VABB,20.0,1.5,22000.0,2500.0,23.0,11.0,,0,0,0,0,0,2024-01-23 18:00:00
2024-01-23 19:00:00,19.088686,72.867919,11,VABB,20.0,3.6,22000.0,2500.0,24.0,10.0,,0,0,0,0,0,2024-01-23 19:00:00
2024-01-23 19:30:00,19.088686,72.867919,11,VABB,20.0,2.6,22000.0,2500.0,23.0,9.0,,0,0,0,0,0,2024-01-23 19:00:00
2024-01-23 20:00:00,19.088686,72.867919,11,VABB,40.0,3.1,22000.0,2500.0,23.0,9.0,,0,0,0,0,0,2024-01-23 20:00:00
2024-01-23 20:30:00,19.088686,72.867919,11,VABB,10.0,2.1,22000.0,2500.0,23.0,8.0,,0,0,0,0,0,2024-01-23 20:00:00
2024-01-23 21:00:00,19.088686,72.867919,11,VABB,,0.0,,2000.0,18.6,10.9,1013.8,0,0,0,0,0,2024-01-23 21:00:00
2024-01-23 21:00:00,19.088686,72.867919,11,VABB,20.0,1.5,22000.0,2500.0,23.0,8.0,,0,0,0,0,0,2024-01-23 21:00:00
2024-01-23 21:30:00,19.088686,72.867919,11,VABB,50.0,1.5,22000.0,2500.0,22.0,8.0,,0,0,0,0,0,2024-01-23 21:00:00
2024-01-23 22:00:00,19.088686,72.867919,11,VABB,350.0,2.1,22000.0,2500.0,22.0,7.0,,0,0,0,0,0,2024-01-23 22:00:00
2024-01-23 22:30:00,19.088686,72.867919,11,VABB,0.0,0.0,22000.0,2500.0,21.0,9.0,,0,0,0,0,0,2024-01-23 22:00:00
2024-01-23 23:00:00,19.088686,72.867919,11,VABB,160.0,1.5,22000.0,2500.0,22.0,9.0,,0,0,0,0,0,2024-01-23 23:00:00
2024-01-23 23:30:00,19.088686,72.867919,11,VABB,0.0,0.0,22000.0,2500.0,21.0,9.0,,0,0,0,0,0,2024-01-23 23:00:00
2024-01-24 00:00:00,19.088686,72.867919,11,VABB,,0.0,,2000.0,16.6,10.6,1013.1,0,0,0,0,0,2024-01-24 00:00:00
2024-01-24 00:00:00,19.088686,72.867919,11,VABB,140.0,1.5,22000.0,2500.0,21.0,10.0,,0,0,0,0,0,2024-01-24 00:00:00
2024-01-24 00:30:00,19.088686,72.867919,11,VABB,0.0,0.0,22000.0,2500.0,20.0,8.0,,0,0,0,0,0,2024-01-24 00:00:00
2024-01-24 01:00:00,19.088686,72.867919,11,VABB,240.0,2.1,22000.0,2500.0,21.0,9.0,,0,0,0,0,0,2024-01-24 01:00:00
2024-01-24 01:30:00,19.088686,72.867919,11,VABB,90.0,2.1,10000.0,2200.0,21.0,8.0,,0,0,0,0,0,2024-01-24 01:00:00
2024-01-24 02:00:00,19.088686,72.867919,11,VABB,110.0,1.5,10000.0,2100.0,21.0,8.0,,0,0,0,0,0,2024-01-24 02:00:00
2024-01-24 02:30:00,19.088686,72.867919,11,VABB,80.0,1.5,10000.0,2100.0,21.0,7.0,,0,0,1,0,0,2024-01-24 02:00:00
2024-01-24 03:00:00,19.088686,72.867919,11,VABB,,0.0,22000.0,2000.0,16.4,12.0,1015.7,0,0,0,0,0,2024-01-24 03:00:00
2024-01-24 03:00:00,19.088686,72.867919,11,VABB,40.0,2.1,10000.0,1800.0,23.0,6.0,,0,0,0,0,0,2024-01-24 03:00:00
2024-01-24 03:30:00,19.088686,72.867919,11,VABB,50.0,3.1,10000.0,2200.0,24.0,5.0,,0,0,0,0,0,2024-01-24 03:00:00
2024-01-24 04:00:00,19.088686,72.867919,11,VABB,40.0,4.1,10000.0,2200.0,25.0,4.0,,0,0,0,0,0,2024-01-24 04:00:00
2024-01-24 04:30:00,19.088686,72.867919,11,VABB,40.0,3.1,10000.0,2500.0,25.0,5.0,,0,0,0,0,0,2024-01-24 04:00:00
2024-01-24 05:00:00,19.088686,72.867919,11,VABB,30.0,4.6,10000.0,2500.0,26.0,5.0,,0,0,0,0,0,2024-01-24 05:00:00
2024-01-24 05:30:00,19.088686,72.867919,11,VABB,50.0,4.1,10000.0,2500.0,28.0,6.0,,0,0,0,0,0,2024-01-24 05:00:00
2024-01-24 06:00:00,19.088686,72.867919,11,VABB,50.0,2.1,22000.0,2000.0,28.0,6.5,1015.9,0,0,0,0,0,2024-01-24 06:00:00
2024-01-24 06:00:00,19.088686,72.867919,11,VABB,100.0,4.6,10000.0,2500.0,28.0,5.0,,0,0,0,0,0,2024-01-24 06:00:00
2024-01-24 06:30:00,19.088686,72.867919,11,VABB,80.0,3.6,10000.0,2500.0,29.0,6.0,,0,0,0,0,0,2024-01-24 06:00:00
2024-01-24 07:00:00,19.088686,72.867919,11,VABB,50.0,3.6,10000.0,2500.0,29.0,5.0,,0,0,0,0,0,2024-01-24 07:00:00
2024-01-24 07:30:00,19.088686,72.867919,11,VABB,360.0,4.1,10000.0,2500.0,30.0,6.0,,0,0,0,0,0,2024-01-24 07:00:00
2024-01-24 08:00:00,19.088686,72.867919,11,VABB,20.0,3.6,10000.0,2500.0,30.0,6.0,,0,0,0,0,0,2024-01-24 08:00:00
2024-01-24 08:30:00,19.088686,72.867919,11,VABB,290.0,4.1,10000.0,2500.0,30.0,11.0,,0,0,0,0,0,2024-01-24 08:00:00
2024-01-24 09:00:00,19.088686,72.867919,11,VABB,320.0,3.1,,2000.0,29.6,12.2,1012.7,0,0,0,0,0,2024-01-24 09:00:00
2024-01-24 09:00:00,19.088686,72.867919,11,VABB,290.0,5.7,10000.0,2200.0,29.0,12.0,,0,0,0,0,0,2024-01-24 09:00:00
2024-01-24 09:30:00,19.088686,72.867919,11,VABB,300.0,4.1,10000.0,2200.0,29.0,11.0,,0,0,0,0,0,2024-01-24 09:00:00
2024-01-24 10:00:00,19.088686,72.867919,11,VABB,300.0,4.6,10000.0,2100.0,29.0,10.0,,0,0,0,0,0,2024-01-24 10:00:00
2024-01-24 10:30:00,19.088686,72.867919,11,VABB,300.0,3.6,10000.0,2500.0,29.0,13.0,,0,0,0,0,0,2024-01-24 10:00:00
2024-01-24 11:00:00,19.088686,72.867919,11,VABB,190.0,2.6,10000.0,2500.0,29.0,12.0,,0,0,0,0,0,2024-01-24 11:00:00
2024-01-24 11:30:00,19.088686,72.867919,11,VABB,310.0,4.1,10000.0,2500.0,29.0,10.0,,0,0,0,0,0,2024-01-24 11:00:00
2024-01-24 12:00:00,19.088686,72.867919,11,VABB,320.0,3.1,22000.0,2000.0,28.2,10.6,1011.9,0,0,0,0,0,2024-01-24 12:00:00
2024-01-24 12:00:00,19.088686,72.867919,11,VABB,290.0,4.6,10000.0,2500.0,28.0,10.0,,0,0,0,0,0,2024-01-24 12:00:00
2024-01-24 12:30:00,19.088686,72.867919,11,VABB,320.0,3.1,10000.0,2500.0,28.0,10.0,,0,0,0,0,0,2024-01-24 12:00:00
2024-01-24 13:00:00,19.088686,72.867919,11,VABB,330.0,3.1,10000.0,2500.0,27.0,10.0,,0,0,0,0,0,2024-01-24 13:00:00
2024-01-24 13:30:00,19.088686,72.867919,11,VABB,330.0,3.1,10000.0,2500.0,26.0,12.0,,0,0,0,0,0,2024-01-24 13:00:00
2024-01-24 14:00:00,19.088686,72.867919,11,VABB,340.0,5.1,10000.0,2500.0,26.0,12.0,,0,0,0,0,0,2024-01-24 14:00:00
2024-01-24 14:30:00,19.088686,72.867919,11,VABB,330.0,3.6,10000.0,2500.0,26.0,13.0,,0,0,0,0,0,2024-01-24 14:00:00
2024-01-24 15:00:00,19.088686,72.867919,11,VABB,320.0,3.1,,2000.0,24.6,14.1,1013.6,0,0,0,0,0,2024-01-24 15:00:00
2024-01-24 15:00:00,19.088686,72.867919,11,VABB,330.0,3.6,10000.0,2500.0,26.0,14.0,,0,0,0,0,0,2024-01-24 15:00:00
2024-01-24 15:30:00,19.088686,72.867919,11,VABB,350.0,2.6,10000.0,2200.0,25.0,14.0,,0,0,0,0,0,2024-01-24 15:00:00
2024-01-24 16:00:00,19.088686,72.867919,11,VABB,360.0,4.1,10000.0,2200.0,25.0,13.0,,0,0,0,0,0,2024-01-24 16:00:00
2024-01-24 16:30:00,19.088686,72.867919,11,VABB,10.0,3.1,10000.0,2200.0,24.0,13.0,,0,0,0,0,0,2024-01-24 16:00:00
2024-01-24 17:00:00,19.088686,72.867919,11,VABB,10.0,2.1,10000.0,2200.0,24.0,13.0,,0,0,0,0,0,2024-01-24 17:00:00
2024-01-24 17:30:00,19.088686,72.867919,11,VABB,10.0,2.1,10000.0,2200.0,24.0,13.0,,0,0,0,0,0,2024-01-24 17:00:00
2024-01-24 18:00:00,19.088686,72.867919,11,VABB,,0.0,,2000.0,21.4,13.4,1014.4,0,0,0,0,0,2024-01-24 18:00:00
2024-01-24 18:00:00,19.088686,72.867919,11,VABB,50.0,1.5,10000.0,2500.0,24.0,12.0,,0,0,0,0,0,2024-01-24 18:00:00
2024-01-24 18:30:00,19.088686,72.867919,11,VABB,180.0,2.1,22000.0,2500.0,24.0,12.0,,0,0,0,0,0,2024-01-24 18:00:00
2024-01-24 19:00:00,19.088686,72.867919,11,VABB,170.0,1.5,22000.0,2500.0,24.0,12.0,,0,0,0,0,0,2024-01-24 19:00:00
2024-01-24 19:30:00,19.088686,72.867919,11,VABB,0.0,0.0,22000.0,2500.0,24.0,12.0,,0,0,0,0,0,2024-01-24 19:00:00
2024-01-24 20:00:00,19.088686,72.867919,11,VABB,60.0,2.1,22000.0,2500.0,25.0,7.0,,0,0,0,0,0,2024-01-24 20:00:00
2024-01-24 20:30:00,19.088686,72.867919,11,VABB,60.0,2.1,22000.0,2500.0,25.0,5.0,,0,0,0,0,0,2024-01-24 20:00:00
2024-01-24 21:00:00,19.088686,72.867919,11,VABB,,0.0,,2000.0,18.6,,1013.6,0,0,0,0,0,2024-01-24 21:00:00
2024-01-24 21:00:00,19.088686,72.867919,11,VABB,50.0,3.1,22000.0,2500.0,25.0,4.0,,0,0,0,0,0,2024-01-24 21:00:00
2024-01-24 21:30:00,19.088686,72.867919,11,VABB,60.0,3.1,22000.0,2500.0,25.0,4.0,,0,0,0,0,0,2024-01-24 21:00:00
2024-01-24 22:00:00,19.088686,72.867919,11,VABB,40.0,1.5,22000.0,2500.0,25.0,4.0,,0,0,0,0,0,2024-01-24 22:00:00
2024-01-24 22:30:00,19.088686,72.867919,11,VABB,50.0,2.1,22000.0,2500.0,24.0,4.0,,0,0,0,0,0,2024-01-24 22:00:00
2024-01-24 23:00:00,19.088686,72.867919,11,VABB,60.0,3.1,22000.0,2500.0,24.0,4.0,,0,0,0,0,0,2024-01-24 23:00:00
2024-01-24 23:30:00,19.088686,72.867919,11,VABB,90.0,2.6,22000.0,2500.0,24.0,4.0,,0,0,0,0,0,2024-01-24 23:00:00
2024-01-25 00:00:00,19.088686,72.867919,11,VABB,,0.0,,2000.0,21.4,4.2,1013.7,0,0,0,0,0,2024-01-25 00:00:00
2024-01-25 00:00:00,19.088686,72.867919,11,VABB,110.0,2.1,22000.0,2500.0,24.0,4.0,,0,0,0,0,0,2024-01-25 00:00:00
2024-01-25 00:30:00,19.088686,72.867919,11,VABB,80.0,1.5,22000.0,2500.0,23.0,4.0,,0,0,0,0,0,2024-01-25 00:00:00
2024-01-25 01:00:00,19.088686,72.867919,11,VABB,80.0,2.1,22000.0,2500.0,23.0,4.0,,0,0,0,0,0,2024-01-25 01:00:00
2024-01-25 01:30:00,19.088686,72.867919,11,VABB,90.0,3.1,22000.0,2500.0,23.0,5.0,,0,0,0,0,0,2024-01-25 01:00:00
2024-01-25 02:00:00,19.088686,72.867919,11,VABB,90.0,2.6,22000.0,2500.0,23.0,5.0,,0,0,0,0,0,2024-01-25 02:00:00
2024-01-25 02:30:00,19.088686,72.867919,11,VABB,90.0,2.1,22000.0,2200.0,23.0,5.0,,0,0,0,0,0,2024-01-25 02:00:00
2024-01-25 03:00:00,19.088686,72.867919,11,VABB,,0.0,22000.0,2000.0,19.8,7.8,1016.4,0,0,0,0,0,2024-01-25 03:00:00
2024-01-25 03:00:00,19.088686,72.867919,11,VABB,80.0,2.6,22000.0,2200.0,24.0,5.0,,0,0,0,0,0,2024-01-25 03:00:00
2024-01-25 03:30:00,19.088686,72.867919,11,VABB,90.0,2.1,22000.0,2200.0,25.0,5.0,,0,0,0,0,0,2024-01-25 03:00:00
2024-01-25 04:00:00,19.088686,72.867919,11,VABB,70.0,2.1,22000.0,2200.0,26.0,6.0,,0,0,0,0,0,2024-01-25 04:00:00
2024-01-25 04:30:00,19.088686,72.867919,11,VABB,110.0,3.1,22000.0,2500.0,27.0,6.0,,0,0,0,0,0,2024-01-25 04:00:00
2024-01-25 05:00:00,19.088686,72.867919,11,VABB,120.0,4.1,22000.0,2500.0,28.0,6.0,,0,0,0,0,0,2024-01-25 05:00:00
2024-01-25 05:30:00,19.088686,72.867919,11,VABB,100.0,3.1,22000.0,2500.0,29.0,6.0,,0,0,0,0,0,2024-01-25 05:00:00
2024-01-25 06:00:00,19.088686,72.867919,11,VABB,,0.0,,2000.0,29.6,7.5,1016.9,0,0,0,0,0,2024-01-25 06:00:00
2024-01-25 06:00:00,19.088686,72.867919,11,VABB,80.0,3.1,22000.0,2500.0,30.0,6.0,,0,0,0,0,0,2024-01-25 06:00:00
2024-01-25 06:30:00,19.088686,72.867919,11,VABB,70.0,2.6,22000.0,2500.0,30.0,5.0,,0,0,0,0,0,2024-01-25 06:00:00
2024-01-25 07:00:00,19.088686,72.867919,11,VABB,50.0,3.1,22000.0,2500.0,31.0,7.0,,0,0,0,0,0,2024-01-25 07:00:00
2024-01-25 07:30:00,19.088686,72.867919,11,VABB,60.0,3.1,22000.0,2500.0,30.0,5.0,,0,0,0,0,0,2024-01-25 07:00:00
2024-01-25 08:00:00,19.088686,72.867919,11,VABB,0.0,0.0,22000.0,2500.0,31.0,5.0,,0,0,0,0,0,2024-01-25 08:00:00
2024-01-25 08:30:00,19.088686,72.867919,11,VABB,290.0,3.1,22000.0,3000.0,30.0,8.0,,0,0,0,0,0,2024-01-25 08:00:00
2024-01-25 09:00:00,19.088686,72.867919,11,VABB,320.0,1.5,,2000.0,31.4,12.1,1013.8,0,0,0,0,0,2024-01-25 09:00:00
2024-01-25 09:00:00,19.088686,72.867919,11,VABB,280.0,3.1,22000.0,3000.0,31.0,11.0,,0,0,0,0,0,2024-01-25 09:00:00
2024-01-25 09:30:00,19.088686,72.867919,11,VABB,270.0,3.6,22000.0,3000.0,31.0,11.0,,0,0,0,0,0,2024-01-25 09:00:00
2024-01-25 10:00:00,19.088686,72.867919,11,VABB,260.0,3.6,22000.0,3000.0,30.0,13.0,,0,0,0,0,0,2024-01-25 10:00:00
2024-01-25 10:30:00,19.088686,72.867919,11,VABB,270.0,3.6,22000.0,3000.0,30.0,11.0,,0,0,0,0,0,2024-01-25 10:00:00
2024-01-25 11:00:00,19.088686,72.867919,11,VABB,290.0,3.6,22000.0,3000.0,30.0,10.0,,0,0,0,0,0,2024-01-25 11:00:00
2024-01-25 11:30:00,19.088686,72.867919,11,VABB,320.0,4.1,22000.0,3000.0,30.0,11.0,,0,0,0,0,0,2024-01-25 11:00:00
2024-01-25 12:00:00,19.088686,72.867919,11,VABB,360.0,1.5,22000.0,2000.0,28.8,12.9,1013.5,0,0,0,0,0,2024-01-25 12:00:00
2024-01-25 12:00:00,19.088686,72.867919,11,VABB,300.0,3.6,22000.0,3000.0,29.0,12.0,,0,0,0,0,0,2024-01-25 12:00:00
2024-01-25 12:30:00,19.088686,72.867919,11,VABB,290.0,3.1,2000.0,3000.0,28.0,11.0,,0,0,0,0,0,2024-01-25 12:00:00
2024-01-25 13:00:00,19.088686,72.867919,11,VABB,280.0,3.1,10000.0,3000.0,28.0,12.0,,0,0,0,0,0,2024-01-25 13:00:00
2024-01-25 13:30:00,19.088686,72.867919,11,VABB,330.0,3.1,10000.0,3000.0,27.0,11.0,,0,0,0,0,0,2024-01-25 13:00:00
2024-01-25 14:00:00,19.088686,72.867919,11,VABB,330.0,2.1,10000.0,2500.0,27.0,10.0,,0,0,0,0,0,2024-01-25 14:00:00
2024-01-25 14:30:00,19.088686,72.867919,11,VABB,20.0,3.1,10000.0,2500.0,27.0,10.0,,0,0,0,0,0,2024-01-25 14:00:00
2024-01-25 15:00:00,19.088686,72.867919,11,VABB,,0.0,,2000.0,25.6,12.5,1015.0,0,0,0,0,0,2024-01-25 15:00:00
2024-01-25 15:00:00,19.088686,72.867919,11,VABB,0.0,0.0,10000.0,2500.0,26.0,10.0,,0,0,0,0,0,2024-01-25 15:00:00
2024-01-25 15:30:00,19.088686,72.867919,11,VABB,0.0,0.0,22000.0,2500.0,26.0,10.0,,0,0,0,0,0,2024-01-25 15:00:00
2024-01-25 16:00:00,19.088686,72.867919,11,VABB,0.0,0.0,22000.0,2500.0,26.0,10.0,,0,0,0,0,0,2024-01-25 16:00:00
2024-01-25 16:30:00,19.088686,72.867919,11,VABB,0.0,0.0,22000.0,2500.0,26.0,11.0,,0,0,0,0,0,2024-01-25 16:00:00
2024-01-25 17:00:00,19.088686,72.867919,11,VABB,140.0,2.1,22000.0,2500.0,26.0,9.0,,0,0,0,0,0,2024-01-25 17:00:00
2024-01-25 17:30:00,19.088686,72.867919,11,VABB,0.0,0.0,22000.0,2500.0,26.0,10.0,,0,0,0,0,0,2024-01-25 17:00:00
2024-01-25 18:00:00,19.088686,72.867919,11,VABB,,0.0,,2000.0,21.0,12.1,1016.0,0,0,0,0,0,2024-01-25 18:00:00
2024-01-25 18:00:00,19.088686,72.867919,11,VABB,110.0,3.1,22000.0,2500.0,25.0,10.0,,0,0,0,0,0,2024-01-25 18:00:00
2024-01-25 18:30:00,19.088686,72.867919,11,VABB,130.0,1.5,22000.0,2500.0,25.0,11.0,,0,0,0,0,0,2024-01-25 18:00:00
2024-01-25 19:00:00,19.088686,72.867919,11,VABB,150.0,2.6,22000.0,2500.0,25.0,11.0,,0,0,0,0,0,2024-01-25 19:00:00
2024-01-25 19:30:00,19.088686,72.867919,11,VABB,110.0,2.1,22000.0,2500.0,25.0,11.0,,0,0,0,0,0,2024-01-25 19:00:00
2024-01-25 20:00:00,19.088686,72.867919,11,VABB,0.0,0.0,22000.0,2500.0,24.0,12.0,,0,0,0,0,0,2024-01-25 20:00:00
2024-01-25 20:30:00,19.088686,72.867919,11,VABB,90.0,1.5,22000.0,2500.0,24.0,11.0,,0,0,0,0,0,2024-01-25 20:00:00
2024-01-25 21:00:00,19.088686,72.867919,11,VABB,,0.0,,2000.0,19.0,12.2,1014.9,0,0,0,0,0,2024-01-25 21:00:00
2024-01-25 21:00:00,19.088686,72.867919,11,VABB,0.0,0.0,22000.0,2500.0,23.0,10.0,,0,0,0,0,0,2024-01-25 21:00:00
2024-01-25 21:30:00,19.088686,72.867919,11,VABB,200.0,2.1,22000.0,2500.0,24.0,11.0,,0,0,0,0,0,2024-01-25 21:00:00
2024-01-25 22:00:00,19.088686,72.867919,11,VABB,0.0,0.0,22000.0,2500.0,23.0,12.0,,0,0,0,0,0,2024-01-25 22:00:00
2024-01-25 22:30:00,19.088686,72.867919,11,VABB,0.0,0.0,22000.0,2500.0,21.0,12.0,,0,0,0,0,0,2024-01-25 22:00:00
2024-01-25 23:00:00,19.088686,72.867919,11,VABB,170.0,1.5,22000.0,2500.0,22.0,11.0,,0,0,0,0,0,2024-01-25 23:00:00
2024-01-25 23:30:00,19.088686,72.867919,11,VABB,180.0,1.5,22000.0,2500.0,23.0,11.0,,0,0,0,0,0,2024-01-25 23:00:00
2024-01-26 00:00:00,19.088686,72.867919,11,VABB,,0.0,,2000.0,17.6,12.6,1014.3,0,0,0,0,0,2024-01-26 00:00:00
2024-01-26 00:00:00,19.088686,72.867919,11,VABB,0.0,0.0,22000.0,2500.0,22.0,9.0,,0,0,0,0,0,2024-01-26 00:00:00
2024-01-26 00:30:00,19.088686,72.867919,11,VABB,90.0,1.5,22000.0,2500.0,23.0,10.0,,0,0,0,0,0,2024-01-26 00:00:00
2024-01-26 01:00:00,19.088686,72.867919,11,VABB,180.0,1.5,22000.0,2500.0,23.0,10.0,,0,0,0,0,0,2024-01-26 01:00:00
2024-01-26 01:30:00,19.088686,72.867919,11,VABB,170.0,2.1,22000.0,2500.0,23.0,10.0,,0,0,0,0,0,2024-01-26 01:00:00
2024-01-26 02:00:00,19.088686,72.867919,11,VABB,160.0,2.1,10000.0,2500.0,23.0,10.0,,0,0,0,0,0,2024-01-26 02:00:00
2024-01-26 02:30:00,19.088686,72.867919,11,VABB,0.0,0.0,10000.0,2100.0,24.0,9.0,,0,0,0,0,0,2024-01-26 02:00:00
2024-01-26 03:00:00,19.088686,72.867919,11,VABB,,0.0,22000.0,2000.0,17.4,12.4,1017.0,0,0,0,0,0,2024-01-26 03:00:00
2024-01-26 03:00:00,19.088686,72.867919,11,VABB,110.0,2.1,10000.0,1800.0,24.0,9.0,,0,0,0,0,0,2024-01-26 03:00:00
2024-01-26 03:30:00,19.088686,72.867919,11,VABB,90.0,1.5,10000.0,1800.0,25.0,9.0,,0,0,0,0,0,2024-01-26 03:00:00
2024-01-26 04:00:00,19.088686,72.867919,11,VABB,110.0,1.5,10000.0,2100.0,26.0,10.0,,0,0,0,0,0,2024-01-26 04:00:00
2024-01-26 04:30:00,19.088686,72.867919,11,VABB,140.0,2.1,10000.0,2100.0,27.0,8.0,,0,0,0,0,0,2024-01-26 04:00:00
2024-01-26 05:00:00,19.088686,72.867919,11,VABB,130.0,2.6,10000.0,2100.0,27.0,8.0,,0,0,0,0,0,2024-01-26 05:00:00
2024-01-26 05:30:00,19.088686,72.867919,11,VABB,120.0,3.1,10000.0,2100.0,30.0,8.0,,0,0,0,0,0,2024-01-26 05:00:00
2024-01-26 06:00:00,19.088686,72.867919,11,VABB,,0.0,22000.0,2000.0,30.2,13.1,1017.9,0,0,0,0,0,2024-01-26 06:00:00
2024-01-26 06:00:00,19.088686,72.867919,11,VABB,140.0,1.5,10000.0,2500.0,29.0,8.0,,0,0,0,0,0,2024-01-26 06:00:00
2024-01-26 06:30:00,19.088686,72.867919,11,VABB,130.0,3.6,10000.0,2500.0,31.0,9.0,,0,0,0,0,0,2024-01-26 06:00:00
2024-01-26 07:00:00,19.088686,72.867919,11,VABB,40.0,2.1,10000.0,2500.0,32.0,9.0,,0,0,0,0,0,2024-01-26 07:00:00
2024-01-26 07:30:00,19.088686,72.867919,11,VABB,150.0,2.1,10000.0,2500.0,32.0,9.0,,0,0,0,0,0,2024-01-26 07:00:00
2024-01-26 08:00:00,19.088686,72.867919,11,VABB,250.0,2.1,10000.0,2500.0,33.0,9.0,,0,0,0,0,0,2024-01-26 08:00:00
2024-01-26 08:30:00,19.088686,72.867919,11,VABB,250.0,4.1,10000.0,2500.0,33.0,12.0,,0,0,0,0,0,2024-01-26 08:00:00
2024-01-26 09:00:00,19.088686,72.867919,11,VABB,320.0,1.5,22000.0,2000.0,32.4,12.5,1014.6,0,0,0,0,0,2024-01-26 09:00:00
2024-01-26 09:00:00,19.088686,72.867919,11,VABB,260.0,4.6,10000.0,2500.0,32.0,13.0,,0,0,0,0,0,2024-01-26 09:00:00
2024-01-26 09:30:00,19.088686,72.867919,11,VABB,270.0,5.1,10000.0,2500.0,32.0,12.0,,0,0,0,0,0,2024-01-26 09:00:00
2024-01-26 10:00:00,19.088686,72.867919,11,VABB,260.0,5.1,10000.0,3000.0,31.0,12.0,,0,0,0,0,0,2024-01-26 10:00:00
2024-01-26 10:30:00,19.088686,72.867919,11,VABB,300.0,3.1,10000.0,3000.0,31.0,13.0,,0,0,0,0,0,2024-01-26 10:00:00
2024-01-26 11:00:00,19.088686,72.867919,11,VABB,280.0,4.6,10000.0,3000.0,30.0,13.0,,0,0,0,0,0,2024-01-26 11:00:00
2024-01-26 11:30:00,19.088686,72.867919,11,VABB,320.0,3.1,10000.0,3000.0,31.0,12.0,,0,0,0,0,0,2024-01-26 11:00:00
2024-01-26 12:00:00,19.088686,72.867919,11,VABB,320.0,1.5,22000.0,2000.0,29.4,14.6,1014.6,0,0,0,0,0,2024-01-26 12:00:00
2024-01-26 12:00:00,19.088686,72.867919,11,VABB,300.0,4.1,10000.0,3000.0,30.0,14.0,,0,0,0,0,0,2024-01-26 12:00:00
2024-01-26 12:30:00,19.088686,72.867919,11,VABB,300.0,3.6,10000.0,2500.0,29.0,14.0,,0,0,0,0,0,2024-01-26 12:00:00
2024-01-26 13:00:00,19.088686,72.867919,11,VABB,320.0,2.6,10000.0,2500.0,28.0,15.0,,0,0,0,0,0,2024-01-26 13:00:00
2024-01-26 13:30:00,19.088686,72.867919,11,VABB,320.0,1.5,10000.0,2500.0,28.0,14.0,,0,0,0,0,0,2024-01-26 13:00:00
2024-01-26 14:00:00,19.088686,72.867919,11,VABB,320.0,2.1,10000.0,2500.0,27.0,12.0,,0,0,0,0,0,2024-01-26 14:00:00
2024-01-26 14:30:00,19.088686,72.867919,11,VABB,340.0,2.1,10000.0,2500.0,27.0,12.0,,0,0,0,0,0,2024-01-26 14:00:00
2024-01-26 15:00:00,19.088686,72.867919,11,VABB,,0.0,,2000.0,25.2,12.8,1016.6,0,0,0,0,0,2024-01-26 15:00:00
2024-01-26 15:00:00,19.088686,72.867919,11,VABB,300.0,2.1,10000.0,2500.0,27.0,12.0,,0,0,0,0,0,2024-01-26 15:00:00
2024-01-26 15:30:00,19.088686,72.867919,11,VABB,340.0,2.1,10000.0,2500.0,27.0,13.0,,0,0,0,0,0,2024-01-26 15:00:00
2024-01-26 16:00:00,19.088686,72.867919,11,VABB,40.0,2.1,10000.0,2500.0,27.0,13.0,,0,0,0,0,0,2024-01-26 16:00:00
2024-01-26 16:02:00,19.088686,72.867919,11,VABB,40.0,2.1,10000.0,2500.0,27.0,13.0,,0,0,0,0,0,2024-01-26 16:00:00
2024-01-26 16:30:00,19.088686,72.867919,11,VABB,50.0,1.5,10000.0,2500.0,27.0,13.0,,0,0,0,0,0,2024-01-26 16:00:00
2024-01-26 17:00:00,19.088686,72.867919,11,VABB,160.0,1.5,10000.0,2500.0,27.0,13.0,,0,0,0,0,0,2024-01-26 17:00:00
2024-01-26 17:30:00,19.088686,72.867919,11,VABB,110.0,2.1,10000.0,2500.0,26.0,12.0,,0,0,0,0,0,2024-01-26 17:00:00
2024-01-26 18:00:00,19.088686,72.867919,11,VABB,,0.0,,2000.0,22.2,15.2,1017.3,0,0,0,0,0,2024-01-26 18:00:00
2024-01-26 18:00:00,19.088686,72.867919,11,VABB,110.0,1.5,10000.0,2500.0,25.0,11.0,,0,0,0,0,0,2024-01-26 18:00:00
2024-01-26 18:30:00,19.088686,72.867919,11,VABB,110.0,1.5,10000.0,2500.0,25.0,11.0,,0,0,0,0,0,2024-01-26 18:00:00
2024-01-26 19:00:00,19.088686,72.867919,11,VABB,80.0,2.1,22000.0,2500.0,26.0,11.0,,0,0,0,0,0,2024-01-26 19:00:00
2024-01-26 19:30:00,19.088686,72.867919,11,VABB,50.0,3.6,22000.0,2500.0,27.0,10.0,,0,0,0,0,0,2024-01-26 19:00:00
2024-01-26 20:00:00,19.088686,72.867919,11,VABB,60.0,2.6,22000.0,2500.0,26.0,10.0,,0,0,0,0,0,2024-01-26 20:00:00
2024-01-26 20:30:00,19.088686,72.867919,11,VABB,0.0,0.0,22000.0,2500.0,26.0,10.0,,0,0,0,0,0,2024-01-26 20:00:00
2024-01-26 21:00:00,19.088686,72.867919,11,VABB,,0.0,,2000.0,20.6,13.3,1016.3,0,0,0,0,0,2024-01-26 21:00:00
2024-01-26 21:00:00,19.088686,72.867919,11,VABB,40.0,2.6,22000.0,2500.0,26.0,10.0,,0,0,0,0,0,2024-01-26 21:00:00
2024-01-26 21:30:00,19.088686,72.867919,11,VABB,40.0,2.1,22000.0,2500.0,26.0,10.0,,0,0,0,0,0,2024-01-26 21:00:00
2024-01-26 22:00:00,19.088686,72.867919,11,VABB,80.0,1.5,22000.0,2500.0,25.0,10.0,,0,0,0,0,0,2024-01-26 22:00:00
2024-01-26 22:30:00,19.088686,72.867919,11,VABB,0.0,0.0,22000.0,2500.0,25.0,10.0,,0,0,0,0,0,2024-01-26 22:00:00
2024-01-26 23:00:00,19.088686,72.867919,11,VABB,170.0,1.5,22000.0,2500.0,24.0,11.0,,0,0,0,0,0,2024-01-26 23:00:00
2024-01-26 23:30:00,19.088686,72.867919,11,VABB,150.0,2.1,22000.0,2500.0,25.0,10.0,,0,0,0,0,0,2024-01-26 23:00:00
2024-01-27 00:00:00,19.088686,72.867919,11,VABB,,0.0,,2000.0,19.2,13.2,1015.0,0,0,0,0,0,2024-01-27 00:00:00
2024-01-27 00:00:00,19.088686,72.867919,11,VABB,160.0,2.1,22000.0,2500.0,25.0,10.0,,0,0,0,0,0,2024-01-27 00:00:00
2024-01-27 00:30:00,19.088686,72.867919,11,VABB,140.0,1.5,22000.0,2500.0,25.0,10.0,,0,0,0,0,0,2024-01-27 00:00:00
2024-01-27 01:00:00,19.088686,72.867919,11,VABB,200.0,2.1,22000.0,2500.0,25.0,10.0,,0,0,0,0,0,2024-01-27 01:00:00
2024-01-27 01:30:00,19.088686,72.867919,11,VABB,200.0,1.5,22000.0,2500.0,25.0,9.0,,0,0,0,0,0,2024-01-27 01:00:00
2024-01-27 02:00:00,19.088686,72.867919,11,VABB,120.0,2.1,22000.0,2500.0,26.0,9.0,,0,0,0,0,0,2024-01-27 02:00:00
2024-01-27 02:30:00,19.088686,72.867919,11,VABB,140.0,2.6,22000.0,2500.0,24.0,9.0,,0,0,0,0,0,2024-01-27 02:00:00
2024-01-27 03:00:00,19.088686,72.867919,11,VABB,,0.0,22000.0,2000.0,21.0,12.1,1016.8,0,0,0,0,0,2024-01-27 03:00:00
2024-01-27 03:00:00,19.088686,72.867919,11,VABB,100.0,2.6,22000.0,2500.0,24.0,9.0,,0,0,0,0,0,2024-01-27 03:00:00
2024-01-27 03:30:00,19.088686,72.867919,11,VABB,80.0,2.6,22000.0,2500.0,26.0,10.0,,0,0,0,0,0,2024-01-27 03:00:00
2024-01-27 04:00:00,19.088686,72.867919,11,VABB,100.0,2.6,22000.0,2500.0,27.0,10.0,,0,0,0,0,0,2024-01-27 04:00:00
2024-01-27 04:30:00,19.088686,72.867919,11,VABB,100.0,2.1,22000.0,2500.0,29.0,11.0,,0,0,0,0,0,2024-01-27 04:00:00
2024-01-27 05:00:00,19.088686,72.867919,11,VABB,30.0,2.6,22000.0,2500.0,30.0,10.0,,0,0,0,0,0,2024-01-27 05:00:00
2024-01-27 05:30:00,19.088686,72.867919,11,VABB,50.0,2.1,22000.0,2500.0,30.0,10.0,,0,0,0,0,0,2024-01-27 05:00:00
2024-01-27 06:00:00,19.088686,72.867919,11,VABB,50.0,1.5,,2000.0,31.8,11.7,1017.6,0,0,0,0,0,2024-01-27 06:00:00
2024-01-27 06:00:00,19.088686,72.867919,11,VABB,60.0,2.6,22000.0,2500.0,30.0,10.0,,0,0,0,0,0,2024-01-27 06:00:00
2024-01-27 06:30:00,19.088686,72.867919,11,VABB,20.0,2.1,22000.0,2500.0,32.0,11.0,,0,0,0,0,0,2024-01-27 06:00:00
2024-01-27 07:00:00,19.088686,72.867919,11,VABB,40.0,3.1,22000.0,3000.0,32.0,11.0,,0,0,0,0,0,2024-01-27 07:00:00
2024-01-27 07:30:00,19.088686,72.867919,11,VABB,50.0,1.5,22000.0,3000.0,33.0,10.0,,0,0,0,0,0,2024-01-27 07:00:00
2024-01-27 08:00:00,19.088686,72.867919,11,VABB,50.0,1.5,22000.0,3000.0,34.0,10.0,,0,0,0,0,0,2024-01-27 08:00:00
2024-01-27 08:30:00,19.088686,72.867919,11,VABB,260.0,5.7,22000.0,3000.0,32.0,15.0,,0,0,0,0,0,2024-01-27 08:00:00
2024-01-27 09:00:00,19.088686,72.867919,11,VABB,,0.0,,2000.0,32.8,16.8,1014.6,0,0,0,0,0,2024-01-27 09:00:00
2024-01-27 09:00:00,19.088686,72.867919,11,VABB,240.0,5.7,22000.0,3000.0,32.0,15.0,,0,0,0,0,0,2024-01-27 09:00:00
2024-01-27 09:30:00,19.088686,72.867919,11,VABB,270.0,4.6,22000.0,3000.0,32.0,13.0,,0,0,0,0,0,2024-01-27 09:00:00
2024-01-27 10:00:00,19.088686,72.867919,11,VABB,150.0,1.5,22000.0,3000.0,32.0,13.0,,0,0,0,0,0,2024-01-27 10:00:00
2024-01-27 10:30:00,19.088686,72.867919,11,VABB,270.0,4.6,22000.0,3000.0,32.0,14.0,,0,0,0,0,0,2024-01-27 10:00:00
2024-01-27 11:00:00,19.088686,72.867919,11,VABB,270.0,4.1,22000.0,3000.0,32.0,13.0,,0,0,0,0,0,2024-01-27 11:00:00
2024-01-27 11:30:00,19.088686,72.867919,11,VABB,310.0,3.6,22000.0,3000.0,32.0,10.0,,0,0,0,0,0,2024-01-27 11:00:00
2024-01-27 12:00:00,19.088686,72.867919,11,VABB,,0.0,,2000.0,31.4,12.6,1013.9,0,0,0,0,0,2024-01-27 12:00:00
2024-01-27 12:00:00,19.088686,72.867919,11,VABB,320.0,3.6,22000.0,3000.0,32.0,10.0,,0,0,0,0,0,2024-01-27 12:00:00
2024-01-27 12:30:00,19.088686,72.867919,11,VABB,330.0,2.1,22000.0,3000.0,30.0,11.0,,0,0,0,0,0,2024-01-27 12:00:00
2024-01-27 13:00:00,19.088686,72.867919,11,VABB,280.0,3.1,22000.0,3000.0,30.0,13.0,,0,0,0,0,0,2024-01-27 13:00:00
2024-01-27 14:00:00,19.088686,72.867919,11,VABB,320.0,1.5,22000.0,3000.0,28.0,12.0,,0,0,0,0,0,2024-01-27 14:00:00
2024-01-27 14:30:00,19.088686,72.867919,11,VABB,320.0,1.5,22000.0,3000.0,28.0,13.0,,0,0,0,0,0,2024-01-27 14:00:00
2024-01-27 15:00:00,19.088686,72.867919,11,VABB,,0.0,,2000.0,27.0,13.1,1015.8,0,0,0,0,0,2024-01-27 15:00:00
2024-01-27 15:00:00,19.088686,72.867919,11,VABB,360.0,2.1,22000.0,3000.0,29.0,12.0,,0,0,0,0,0,2024-01-27 15:00:00
2024-01-27 15:30:00,19.088686,72.867919,11,VABB,340.0,2.1,22000.0,3000.0,28.0,11.0,,0,0,0,0,0,2024-01-27 15:00:00
2024-01-27 16:00:00,19.088686,72.867919,11,VABB,20.0,1.5,22000.0,3000.0,28.0,10.0,,0,0,0,0,0,2024-01-27 16:00:00
2024-01-27 16:30:00,19.088686,72.867919,11,VABB,0.0,0.0,22000.0,3000.0,28.0,11.0,,0,0,0,0,0,2024-01-27 16:00:00
2024-01-27 17:00:00,19.088686,72.867919,11,VABB,80.0,3.1,22000.0,3000.0,28.0,10.0,,0,0,0,0,0,2024-01-27 17:00:00
2024-01-27 17:30:00,19.088686,72.867919,11,VABB,50.0,1.5,22000.0,3000.0,28.0,9.0,,0,0,0,0,0,2024-01-27 17:00:00
2024-01-27 18:00:00,19.088686,72.867919,11,VABB,,0.0,,2000.0,23.2,12.8,1016.9,0,0,0,0,0,2024-01-27 18:00:00
2024-01-27 18:00:00,19.088686,72.867919,11,VABB,120.0,1.5,22000.0,3000.0,28.0,7.0,,0,0,0,0,0,2024-01-27 18:00:00
2024-01-27 18:30:00,19.088686,72.867919,11,VABB,0.0,0.0,22000.0,3000.0,27.0,8.0,,0,0,0,0,0,2024-01-27 18:00:00
2024-01-27 19:00:00,19.088686,72.867919,11,VABB,0.0,0.0,22000.0,3000.0,27.0,8.0,,0,0,0,0,0,2024-01-27 19:00:00
2024-01-27 19:30:00,19.088686,72.867919,11,VABB,0.0,0.0,22000.0,3000.0,26.0,11.0,,0,0,0,0,0,2024-01-27 19:00:00
2024-01-27 20:00:00,19.088686,72.867919,11,VABB,0.0,0.0,22000.0,3000.0,25.0,10.0,,0,0,0,0,0,2024-01-27 20:00:00
2024-01-27 20:30:00,19.088686,72.867919,11,VABB,0.0,0.0,22000.0,3000.0,25.0,10.0,,0,0,0,0,0,2024-01-27 20:00:00
2024-01-27 21:00:00,19.088686,72.867919,11,VABB,,0.0,,2000.0,20.2,12.4,1015.3,0,0,0,0,0,2024-01-27 21:00:00
2024-01-27 21:00:00,19.088686,72.867919,11,VABB,120.0,1.5,22000.0,2500.0,27.0,8.0,,0,0,0,0,0,2024-01-27 21:00:00
2024-01-27 21:30:00,19.088686,72.867919,11,VABB,0.0,0.0,22000.0,2500.0,25.0,9.0,,0,0,0,0,0,2024-01-27 21:00:00
2024-01-27 22:00:00,19.088686,72.867919,11,VABB,0.0,0.0,22000.0,2500.0,23.0,10.0,,0,0,0,0,0,2024-01-27 22:00:00
2024-01-27 23:30:00,19.088686,72.867919,11,VABB,220.0,1.5,22000.0,2500.0,25.0,8.0,,0,0,0,0,0,2024-01-27 23:00:00
2024-01-28 00:00:00,19.088686,72.867919,11,VABB,,0.0,,2000.0,19.0,13.8,1014.7,0,0,0,0,0,2024-01-28 00:00:00
2024-01-28 00:00:00,19.088686,72.867919,11,VABB,0.0,0.0,22000.0,2500.0,24.0,10.0,,0,0,0,0,0,2024-01-28 00:00:00
2024-01-28 00:30:00,19.088686,72.867919,11,VABB,200.0,1.5,22000.0,2500.0,24.0,10.0,,0,0,0,0,0,2024-01-28 00:00:00
2024-01-28 01:00:00,19.088686,72.867919,11,VABB,0.0,0.0,22000.0,2500.0,24.0,8.0,,0,0,0,0,0,2024-01-28 01:00:00
2024-01-28 01:30:00,19.088686,72.867919,11,VABB,0.0,0.0,10000.0,2100.0,23.0,9.0,,0,0,0,0,0,2024-01-28 01:00:00
2024-01-28 02:00:00,19.088686,72.867919,11,VABB,0.0,0.0,10000.0,1800.0,24.0,10.0,,0,0,0,0,0,2024-01-28 02:00:00
2024-01-28 02:30:00,19.088686,72.867919,11,VABB,130.0,2.6,10000.0,1800.0,24.0,12.0,,0,0,0,0,0,2024-01-28 02:00:00
2024-01-28 03:00:00,19.088686,72.867919,11,VABB,,0.0,,2000.0,18.8,13.9,1016.5,0,0,0,0,0,2024-01-28 03:00:00
2024-01-28 03:00:00,19.088686,72.867919,11,VABB,120.0,3.1,22000.0,1800.0,25.0,11.0,,0,0,0,0,0,2024-01-28 03:00:00
2024-01-28 03:30:00,19.088686,72.867919,11,VABB,80.0,1.5,22000.0,1800.0,26.0,11.0,,0,0,0,0,0,2024-01-28 03:00:00
2024-01-28 04:00:00,19.088686,72.867919,11,VABB,140.0,2.6,22000.0,2100.0,28.0,12.0,,0,0,0,0,0,2024-01-28 04:00:00
2024-01-28 04:30:00,19.088686,72.867919,11,VABB,110.0,1.5,22000.0,2100.0,28.0,11.0,,0,0,0,0,0,2024-01-28 04:00:00
2024-01-28 05:00:00,19.088686,72.867919,11,VABB,100.0,3.1,22000.0,2200.0,32.0,10.0,,0,0,0,0,0,2024-01-28 05:00:00
2024-01-28 05:30:00,19.088686,72.867919,11,VABB,130.0,2.1,22000.0,2500.0,32.0,8.0,,0,0,0,0,0,2024-01-28 05:00:00
2024-01-28 06:00:00,19.088686,72.867919,11,VABB,70.0,1.5,,2000.0,33.2,13.9,1017.1,0,0,0,0,0,2024-01-28 06:00:00
2024-01-28 06:00:00,19.088686,72.867919,11,VABB,40.0,2.6,22000.0,2500.0,33.0,6.0,,0,0,0,0,0,2024-01-28 06:00:00
2024-01-28 06:30:00,19.088686,72.867919,11,VABB,110.0,2.1,22000.0,3000.0,33.0,8.0,,0,0,0,0,0,2024-01-28 06:00:00
2024-01-28 07:00:00,19.088686,72.867919,11,VABB,10.0,2.1,22000.0,3000.0,34.0,8.0,,0,0,0,0,0,2024-01-28 07:00:00
2024-01-28 07:30:00,19.088686,72.867919,11,VABB,260.0,5.7,22000.0,3000.0,33.0,12.0,,0,0,0,0,0,2024-01-28 07:00:00
2024-01-28 08:00:00,19.088686,72.867919,11,VABB,270.0,5.7,22000.0,3000.0,33.0,10.0,,0,0,0,0,0,2024-01-28 08:00:00
2024-01-28 08:30:00,19.088686,72.867919,11,VABB,320.0,4.1,22000.0,3000.0,32.0,8.0,,0,0,0,0,0,2024-01-28 08:00:00
2024-01-28 09:00:00,19.088686,72.867919,11,VABB,320.0,1.5,,2000.0,32.8,6.8,1014.0,0,0,0,0,0,2024-01-28 09:00:00
2024-01-28 09:00:00,19.088686,72.867919,11,VABB,320.0,4.6,22000.0,3000.0,33.0,6.0,,0,0,0,0,0,2024-01-28 09:00:00
2024-01-28 09:30:00,19.088686,72.867919,11,VABB,320.0,4.1,22000.0,3000.0,32.0,6.0,,0,0,0,0,0,2024-01-28 09:00:00
2024-01-28 10:00:00,19.088686,72.867919,11,VABB,330.0,3.6,22000.0,3000.0,32.0,7.0,,0,0,0,0,0,2024-01-28 10:00:00
2024-01-28 10:30:00,19.088686,72.867919,11,VABB,290.0,4.1,22000.0,3000.0,32.0,7.0,,0,0,0,0,0,2024-01-28 10:00:00
2024-01-28 11:00:00,19.088686,72.867919,11,VABB,300.0,4.6,22000.0,3500.0,32.0,8.0,,0,0,0,0,0,2024-01-28 11:00:00
2024-01-28 11:30:00,19.088686,72.867919,11,VABB,320.0,3.6,22000.0,4000.0,32.0,7.0,,0,0,0,0,0,2024-01-28 11:00:00
2024-01-28 12:00:00,19.088686,72.867919,11,VABB,320.0,2.1,,2000.0,30.6,7.6,1013.8,0,0,0,0,0,2024-01-28 12:00:00
2024-01-28 12:00:00,19.088686,72.867919,11,VABB,320.0,4.1,22000.0,4000.0,31.0,6.0,,0,0,0,0,0,2024-01-28 12:00:00
2024-01-28 12:30:00,19.088686,72.867919,11,VABB,310.0,5.7,22000.0,4000.0,31.0,6.0,,0,0,0,0,0,2024-01-28 12:00:00
2024-01-28 13:00:00,19.088686,72.867919,11,VABB,330.0,3.6,22000.0,3500.0,30.0,8.0,,0,0,1,0,0,2024-01-28 13:00:00
2024-01-28 13:30:00,19.088686,72.867919,11,VABB,350.0,3.6,22000.0,3000.0,29.0,9.0,,0,0,0,0,0,2024-01-28 13:00:00
2024-01-28 14:00:00,19.088686,72.867919,11,VABB,310.0,3.6,22000.0,3000.0,29.0,9.0,,0,0,0,0,0,2024-01-28 14:00:00
2024-01-28 14:30:00,19.088686,72.867919,11,VABB,330.0,3.1,22000.0,3000.0,28.0,9.0,,0,0,0,0,0,2024-01-28 14:00:00
2024-01-28 15:00:00,19.088686,72.867919,11,VABB,360.0,2.1,,2000.0,27.4,9.4,1015.5,0,0,0,0,0,2024-01-28 15:00:00
2024-01-28 15:00:00,19.088686,72.867919,11,VABB,310.0,2.6,22000.0,3000.0,28.0,9.0,,0,0,0,0,0,2024-01-28 15:00:00
2024-01-28 15:30:00,19.088686,72.867919,11,VABB,10.0,3.1,22000.0,3000.0,28.0,8.0,,0,0,0,0,0,2024-01-28 15:00:00
2024-01-28 16:00:00,19.088686,72.867919,11,VABB,10.0,2.6,22000.0,3000.0,28.0,8.0,,0,0,0,0,0,2024-01-28 16:00:00
2024-01-28 16:30:00,19.088686,72.867919,11,VABB,50.0,2.6,22000.0,3000.0,28.0,7.0,,0,0,0,0,0,2024-01-28 16:00:00
2024-01-28 17:00:00,19.088686,72.867919,11,VABB,50.0,2.6,22000.0,3000.0,29.0,5.0,,0,0,0,0,0,2024-01-28 17:00:00
2024-01-28 17:30:00,19.088686,72.867919,11,VABB,150.0,1.5,22000.0,3000.0,28.0,5.0,,0,0,0,0,0,2024-01-28 17:00:00
2024-01-28 18:00:00,19.088686,72.867919,11,VABB,,0.0,,2000.0,23.6,9.7,1016.4,0,0,0,0,0,2024-01-28 18:00:00
2024-01-28 18:00:00,19.088686,72.867919,11,VABB,140.0,2.6,22000.0,3000.0,27.0,6.0,,0,0,0,0,0,2024-01-28 18:00:00
2024-01-28 18:30:00,19.088686,72.867919,11,VABB,90.0,2.6,22000.0,3000.0,27.0,5.0,,0,0,0,0,0,2024-01-28 18:00:00
2024-01-28 19:00:00,19.088686,72.867919,11,VABB,130.0,3.6,22000.0,3000.0,27.0,6.0,,0,0,0,0,0,2024-01-28 19:00:00
2024-01-28 19:30:00,19.088686,72.867919,11,VABB,140.0,1.5,22000.0,3000.0,27.0,6.0,,0,0,0,0,0,2024-01-28 19:00:00
2024-01-28 20:00:00,19.088686,72.867919,11,VABB,0.0,0.0,22000.0,2500.0,26.0,7.0,,0,0,0,0,0,2024-01-28 20:00:00
2024-01-28 20:30:00,19.088686,72.867919,11,VABB,0.0,0.0,22000.0,2500.0,25.0,8.0,,0,0,0,0,0,2024-01-28 20:00:00
2024-01-28 21:00:00,19.088686,72.867919,11,VABB,,0.0,,2000.0,21.0,10.8,1015.4,0,0,0,0,0,2024-01-28 21:00:00
2024-01-28 21:00:00,19.088686,72.867919,11,VABB,340.0,2.1,22000.0,2500.0,26.0,9.0,,0,0,0,0,0,2024-01-28 21:00:00
2024-01-28 21:30:00,19.088686,72.867919,11,VABB,30.0,2.6,22000.0,2500.0,26.0,9.0,,0,0,0,0,0,2024-01-28 21:00:00
2024-01-28 22:00:00,19.088686,72.867919,11,VABB,40.0,1.5,22000.0,2500.0,25.0,9.0,,0,0,0,0,0,2024-01-28 22:00:00
2024-01-28 22:30:00,19.088686,72.867919,11,VABB,270.0,2.1,22000.0,2500.0,25.0,9.0,,0,0,0,0,0,2024-01-28 22:00:00
2024-01-28 23:00:00,19.088686,72.867919,11,VABB,0.0,0.0,22000.0,2500.0,25.0,9.0,,0,0,0,0,0,2024-01-28 23:00:00
2024-01-28 23:30:00,19.088686,72.867919,11,VABB,0.0,0.0,22000.0,2500.0,25.0,8.0,,0,0,0,0,0,2024-01-28 23:00:00
2024-01-29 00:00:00,19.088686,72.867919,11,VABB,,0.0,,2000.0,20.0,12.2,1014.5,0,0,0,0,0,2024-01-29 00:00:00
2024-01-29 00:00:00,19.088686,72.867919,11,VABB,,1.5,22000.0,2500.0,25.0,8.0,,0,0,0,1,0,2024-01-29 00:00:00
2024-01-29 00:30:00,19.088686,72.867919,11,VABB,0.0,0.0,22000.0,2500.0,24.0,9.0,,0,0,0,0,0,2024-01-29 00:00:00
2024-01-29 01:00:00,19.088686,72.867919,11,VABB,0.0,0.0,22000.0,2500.0,24.0,9.0,,0,0,0,0,0,2024-01-29 01:00:00
2024-01-29 01:30:00,19.088686,72.867919,11,VABB,,1.5,22000.0,2500.0,24.0,9.0,,0,0,0,1,0,2024-01-29 01:00:00
2024-01-29 02:00:00,19.088686,72.867919,11,VABB,160.0,2.6,22000.0,2100.0,24.0,9.0,,0,0,0,0,0,2024-01-29 02:00:00
2024-01-29 02:30:00,19.088686,72.867919,11,VABB,180.0,2.1,22000.0,1800.0,24.0,9.0,,0,0,0,0,0,2024-01-29 02:00:00
2024-01-29 03:00:00,19.088686,72.867919,11,VABB,,0.0,,2000.0,19.8,13.9,1016.8,0,0,0,0,0,2024-01-29 03:00:00
2024-01-29 03:00:00,19.088686,72.867919,11,VABB,150.0,2.6,22000.0,1600.0,24.0,10.0,,0,0,0,0,0,2024-01-29 03:00:00
2024-01-29 03:30:00,19.088686,72.867919,11,VABB,190.0,2.6,22000.0,1400.0,25.0,10.0,,0,0,0,0,0,2024-01-29 03:00:00
2024-01-29 04:00:00,19.088686,72.867919,11,VABB,200.0,2.1,22000.0,1400.0,27.0,10.0,,0,0,0,0,0,2024-01-29 04:00:00
2024-01-29 04:30:00,19.088686,72.867919,11,VABB,20.0,2.1,22000.0,1800.0,29.0,6.0,,0,0,0,0,0,2024-01-29 04:00:00
2024-01-29 05:00:00,19.088686,72.867919,11,VABB,30.0,2.1,22000.0,2100.0,31.0,7.0,,0,0,0,0,0,2024-01-29 05:00:00
2024-01-29 05:30:00,19.088686,72.867919,11,VABB,50.0,2.6,22000.0,2100.0,31.0,6.0,,0,0,0,0,0,2024-01-29 05:00:00
2024-01-29 06:00:00,19.088686,72.867919,11,VABB,320.0,1.5,22000.0,2000.0,30.4,15.1,1017.5,0,0,0,0,0,2024-01-29 06:00:00
2024-01-29 06:00:00,19.088686,72.867919,11,VABB,290.0,3.6,22000.0,2100.0,31.0,10.0,,0,0,0,0,0,2024-01-29 06:00:00
2024-01-29 06:30:00,19.088686,72.867919,11,VABB,290.0,3.1,22000.0,2500.0,32.0,10.0,,0,0,0,0,0,2024-01-29 06:00:00
2024-01-29 07:00:00,19.088686,72.867919,11,VABB,10.0,5.7,22000.0,2500.0,32.0,8.0,,0,0,0,0,0,2024-01-29 07:00:00
2024-01-29 07:30:00,19.088686,72.867919,11,VABB,350.0,3.1,22000.0,2500.0,32.0,9.0,,0,0,0,0,0,2024-01-29 07:00:00
2024-01-29 08:00:00,19.088686,72.867919,11,VABB,20.0,3.6,22000.0,3000.0,32.0,8.0,,0,0,0,0,0,2024-01-29 08:00:00
2024-01-29 08:30:00,19.088686,72.867919,11,VABB,310.0,5.1,22000.0,3000.0,32.0,8.0,,0,0,0,0,0,2024-01-29 08:00:00
2024-01-29 09:00:00,19.088686,72.867919,11,VABB,320.0,2.1,,2000.0,32.0,12.0,1014.3,0,0,0,0,0,2024-01-29 09:00:00
2024-01-29 09:00:00,19.088686,72.867919,11,VABB,280.0,5.1,22000.0,3000.0,32.0,12.0,,0,0,0,0,0,2024-01-29 09:00:00
2024-01-29 09:30:00,19.088686,72.867919,11,VABB,310.0,3.6,22000.0,3000.0,32.0,12.0,,0,0,0,0,0,2024-01-29 09:00:00
2024-01-29 10:00:00,19.088686,72.867919,11,VABB,320.0,4.6,22000.0,3500.0,32.0,11.0,,0,0,0,0,0,2024-01-29 10:00:00
2024-01-29 10:30:00,19.088686,72.867919,11,VABB,310.0,5.1,22000.0,3500.0,31.0,12.0,,0,0,0,0,0,2024-01-29 10:00:00
2024-01-29 11:00:00,19.088686,72.867919,11,VABB,330.0,5.7,22000.0,4000.0,31.0,12.0,,0,0,0,0,0,2024-01-29 11:00:00
2024-01-29 11:30:00,19.088686,72.867919,11,VABB,320.0,4.6,22000.0,4000.0,31.0,12.0,,0,0,0,0,0,2024-01-29 11:00:00
2024-01-29 12:00:00,19.088686,72.867919,11,VABB,360.0,3.1,22000.0,2000.0,30.0,12.3,1013.7,0,0,0,0,0,2024-01-29 12:00:00
2024-01-29 12:00:00,19.088686,72.867919,11,VABB,320.0,4.1,22000.0,4000.0,30.0,12.0,,0,0,0,0,0,2024-01-29 12:00:00
2024-01-29 12:30:00,19.088686,72.867919,11,VABB,330.0,4.6,22000.0,4000.0,30.0,12.0,,0,0,0,0,0,2024-01-29 12:00:00
2024-01-29 13:00:00,19.088686,72.867919,11,VABB,330.0,4.6,22000.0,4000.0,29.0,12.0,,0,0,0,0,0,2024-01-29 13:00:00
2024-01-29 13:30:00,19.088686,72.867919,11,VABB,330.0,4.6,22000.0,3000.0,29.0,12.0,,0,0,0,0,0,2024-01-29 13:00:00
2024-01-29 14:00:00,19.088686,72.867919,11,VABB,10.0,4.1,22000.0,3000.0,29.0,11.0,,0,0,0,0,0,2024-01-29 14:00:00
2024-01-29 14:30:00,19.088686,72.867919,11,VABB,340.0,4.1,22000.0,3000.0,29.0,11.0,,0,0,0,0,0,2024-01-29 14:00:00
2024-01-29 15:00:00,19.088686,72.867919,11,VABB,360.0,2.1,,2000.0,27.4,11.8,1015.3,0,0,0,0,0,2024-01-29 15:00:00
2024-01-29 15:00:00,19.088686,72.867919,11,VABB,340.0,3.6,22000.0,3000.0,29.0,12.0,,0,0,0,0,0,2024-01-29 15:00:00
2024-01-29 15:30:00,19.088686,72.867919,11,VABB,360.0,3.6,22000.0,3000.0,28.0,12.0,,0,0,0,0,0,2024-01-29 15:00:00
2024-01-29 16:00:00,19.088686,72.867919,11,VABB,0.0,0.0,22000.0,2500.0,27.0,13.0,,0,0,0,0,0,2024-01-29 16:00:00
2024-01-29 16:30:00,19.088686,72.867919,11,VABB,20.0,2.6,22000.0,2500.0,27.0,13.0,,0,0,0,0,0,2024-01-29 16:00:00
2024-01-29 17:00:00,19.088686,72.867919,11,VABB,80.0,2.6,22000.0,2500.0,27.0,13.0,,0,0,0,0,0,2024-01-29 17:00:00
2024-01-29 17:30:00,19.088686,72.867919,11,VABB,70.0,2.1,22000.0,2500.0,27.0,14.0,,0,0,0,0,0,2024-01-29 17:00:00
2024-01-29 18:00:00,19.088686,72.867919,11,VABB,,0.0,,2000.0,24.4,14.3,1016.0,0,0,0,0,0,2024-01-29 18:00:00
2024-01-29 18:00:00,19.088686,72.867919,11,VABB,20.0,2.6,22000.0,2500.0,26.0,14.0,,0,0,0,0,0,2024-01-29 18:00:00
2024-01-29 18:30:00,19.088686,72.867919,11,VABB,360.0,3.1,22000.0,2200.0,26.0,12.0,,0,0,0,0,0,2024-01-29 18:00:00
2024-01-29 19:00:00,19.088686,72.867919,11,VABB,10.0,3.1,22000.0,2200.0,26.0,11.0,,0,0,0,0,0,2024-01-29 19:00:00
2024-01-29 19:30:00,19.088686,72.867919,11,VABB,350.0,2.1,22000.0,2200.0,26.0,10.0,,0,0,0,0,0,2024-01-29 19:00:00
2024-01-29 20:00:00,19.088686,72.867919,11,VABB,10.0,1.5,22000.0,2200.0,26.0,11.0,,0,0,0,0,0,2024-01-29 20:00:00
2024-01-29 20:30:00,19.088686,72.867919,11,VABB,130.0,1.5,22000.0,2200.0,25.0,11.0,,0,0,0,0,0,2024-01-29 20:00:00
2024-01-29 21:00:00,19.088686,72.867919,11,VABB,,0.0,,2000.0,21.0,13.7,1014.0,0,0,0,0,0,2024-01-29 21:00:00
2024-01-29 21:00:00,19.088686,72.867919,11,VABB,0.0,0.0,22000.0,2200.0,25.0,11.0,,0,0,0,0,0,2024-01-29 21:00:00
2024-01-29 21:30:00,19.088686,72.867919,11,VABB,0.0,0.0,22000.0,2200.0,25.0,12.0,,0,0,0,0,0,2024-01-29 21:00:00
2024-01-29 22:00:00,19.088686,72.867919,11,VABB,230.0,1.5,22000.0,2200.0,25.0,12.0,,0,0,0,0,0,2024-01-29 22:00:00
2024-01-29 22:30:00,19.088686,72.867919,11,VABB,0.0,0.0,22000.0,2200.0,23.0,13.0,,0,0,0,0,0,2024-01-29 22:00:00
2024-01-29 23:00:00,19.088686,72.867919,11,VABB,30.0,2.6,22000.0,2200.0,24.0,13.0,,0,0,0,0,0,2024-01-29 23:00:00
2024-01-29 23:30:00,19.088686,72.867919,11,VABB,20.0,2.1,22000.0,2200.0,25.0,12.0,,0,0,0,0,0,2024-01-29 23:00:00
2024-01-30 00:00:00,19.088686,72.867919,11,VABB,,0.0,,2000.0,19.6,14.5,1013.8,0,0,0,0,0,2024-01-30 00:00:00
2024-01-30 00:00:00,19.088686,72.867919,11,VABB,330.0,1.5,22000.0,2200.0,24.0,12.0,,0,0,0,0,0,2024-01-30 00:00:00
2024-01-30 00:30:00,19.088686,72.867919,11,VABB,0.0,0.0,22000.0,2200.0,23.0,12.0,,0,0,0,0,0,2024-01-30 00:00:00
2024-01-30 01:00:00,19.088686,72.867919,11,VABB,40.0,2.1,22000.0,2100.0,24.0,12.0,,0,0,0,0,0,2024-01-30 01:00:00
2024-01-30 01:30:00,19.088686,72.867919,11,VABB,160.0,1.5,10000.0,2100.0,24.0,13.0,,0,0,0,0,0,2024-01-30 01:00:00
2024-01-30 02:00:00,19.088686,72.867919,11,VABB,0.0,0.0,10000.0,2100.0,24.0,13.0,,0,0,0,0,0,2024-01-30 02:00:00
2024-01-30 02:30:00,19.088686,72.867919,11,VABB,30.0,1.5,10000.0,1800.0,24.0,13.0,,0,0,0,0,0,2024-01-30 02:00:00
2024-01-30 03:00:00,19.088686,72.867919,11,VABB,,0.0,22000.0,2000.0,19.6,14.5,1015.9,0,0,0,0,0,2024-01-30 03:00:00
2024-01-30 03:00:00,19.088686,72.867919,11,VABB,30.0,2.1,22000.0,1700.0,24.0,12.0,,0,0,0,0,0,2024-01-30 03:00:00
2024-01-30 03:30:00,19.088686,72.867919,11,VABB,0.0,0.0,22000.0,1700.0,25.0,13.0,,0,0,0,0,0,2024-01-30 03:00:00
2024-01-30 04:00:00,19.088686,72.867919,11,VABB,0.0,0.0,22000.0,1800.0,26.0,13.0,,0,0,0,0,0,2024-01-30 04:00:00
2024-01-30 04:30:00,19.088686,72.867919,11,VABB,330.0,2.1,22000.0,1800.0,27.0,12.0,,0,0,0,0,0,2024-01-30 04:00:00
2024-01-30 05:00:00,19.088686,72.867919,11,VABB,350.0,1.5,22000.0,2100.0,29.0,12.0,,0,0,0,0,0,2024-01-30 05:00:00
2024-01-30 05:30:00,19.088686,72.867919,11,VABB,320.0,1.5,22000.0,2100.0,29.0,12.0,,0,0,0,0,0,2024-01-30 05:00:00
2024-01-30 06:00:00,19.088686,72.867919,11,VABB,,0.0,22000.0,2000.0,30.4,15.6,1015.8,0,0,0,0,0,2024-01-30 06:00:00
2024-01-30 06:00:00,19.088686,72.867919,11,VABB,340.0,2.6,22000.0,2100.0,30.0,12.0,,0,0,0,0,0,2024-01-30 06:00:00
2024-01-30 06:30:00,19.088686,72.867919,11,VABB,60.0,2.1,22000.0,2500.0,32.0,12.0,,0,0,0,0,0,2024-01-30 06:00:00
2024-01-30 07:00:00,19.088686,72.867919,11,VABB,230.0,4.6,22000.0,2500.0,31.0,14.0,,0,0,0,0,0,2024-01-30 07:00:00
2024-01-30 07:30:00,19.088686,72.867919,11,VABB,250.0,5.7,22000.0,2500.0,31.0,16.0,,0,0,0,0,0,2024-01-30 07:00:00
2024-01-30 08:00:00,19.088686,72.867919,11,VABB,240.0,5.7,22000.0,3000.0,30.0,16.0,,0,0,0,0,0,2024-01-30 08:00:00
2024-01-30 08:30:00,19.088686,72.867919,11,VABB,260.0,4.6,22000.0,3000.0,30.0,16.0,,0,0,0,0,0,2024-01-30 08:00:00
2024-01-30 09:00:00,19.088686,72.867919,11,VABB,320.0,2.1,,2000.0,30.0,15.4,1013.1,0,0,0,0,0,2024-01-30 09:00:00
2024-01-30 09:00:00,19.088686,72.867919,11,VABB,290.0,4.6,22000.0,3000.0,30.0,15.0,,0,0,0,0,0,2024-01-30 09:00:00
2024-01-30 09:30:00,19.088686,72.867919,11,VABB,320.0,3.1,22000.0,3000.0,30.0,16.0,,0,0,0,0,0,2024-01-30 09:00:00
2024-01-30 10:00:00,19.088686,72.867919,11,VABB,310.0,4.1,22000.0,3000.0,30.0,15.0,,0,0,0,0,0,2024-01-30 10:00:00
2024-01-30 10:30:00,19.088686,72.867919,11,VABB,300.0,4.1,22000.0,3000.0,29.0,15.0,,0,0,0,0,0,2024-01-30 10:00:00
2024-01-30 11:00:00,19.088686,72.867919,11,VABB,310.0,4.1,22000.0,3000.0,29.0,15.0,,0,0,0,0,0,2024-01-30 11:00:00
2024-01-30 11:30:00,19.088686,72.867919,11,VABB,290.0,4.1,22000.0,3000.0,29.0,14.0,,0,0,0,0,0,2024-01-30 11:00:00
2024-01-30 12:00:00,19.088686,72.867919,11,VABB,320.0,2.1,22000.0,2000.0,27.8,15.0,1012.4,0,0,0,0,0,2024-01-30 12:00:00
2024-01-30 12:00:00,19.088686,72.867919,11,VABB,300.0,3.1,22000.0,3000.0,28.0,15.0,,0,0,0,0,0,2024-01-30 12:00:00
2024-01-30 12:30:00,19.088686,72.867919,11,VABB,300.0,3.6,10000.0,3000.0,28.0,15.0,,0,0,0,0,0,2024-01-30 12:00:00
2024-01-30 13:00:00,19.088686,72.867919,11,VABB,300.0,3.1,10000.0,3000.0,27.0,15.0,,0,0,0,0,0,2024-01-30 13:00:00
2024-01-30 13:30:00,19.088686,72.867919,11,VABB,330.0,2.6,10000.0,3000.0,27.0,16.0,,0,0,0,0,0,2024-01-30 13:00:00
2024-01-30 14:00:00,19.088686,72.867919,11,VABB,290.0,2.6,22000.0,3000.0,26.0,17.0,,0,0,0,0,0,2024-01-30 14:00:00
2024-01-30 14:30:00,19.088686,72.867919,11,VABB,310.0,2.1,22000.0,2500.0,26.0,17.0,,0,0,0,0,0,2024-01-30 14:00:00
2024-01-30 15:00:00,19.088686,72.867919,11,VABB,,0.0,22000.0,2000.0,24.6,17.9,1014.3,0,0,0,0,0,2024-01-30 15:00:00
2024-01-30 15:00:00,19.088686,72.867919,11,VABB,290.0,2.6,22000.0,2500.0,26.0,17.0,,0,0,0,0,0,2024-01-30 15:00:00
2024-01-30 15:30:00,19.088686,72.867919,11,VABB,0.0,0.0,22000.0,2500.0,26.0,17.0,,0,0,0,0,0,2024-01-30 15:00:00
2024-01-30 16:00:00,19.088686,72.867919,11,VABB,270.0,2.1,22000.0,2500.0,26.0,17.0,,0,0,0,0,0,2024-01-30 16:00:00
2024-01-30 16:30:00,19.088686,72.867919,11,VABB,280.0,1.5,22000.0,2500.0,25.0,18.0,,0,0,0,0,0,2024-01-30 16:00:00
2024-01-30 17:00:00,19.088686,72.867919,11,VABB,270.0,2.1,22000.0,2500.0,25.0,18.0,,0,1,0,0,0,2024-01-30 17:00:00
2024-01-30 17:30:00,19.088686,72.867919,11,VABB,290.0,2.1,22000.0,2500.0,25.0,18.0,,0,1,0,0,0,2024-01-30 17:00:00
2024-01-30 18:00:00,19.088686,72.867919,11,VABB,,0.0,,2000.0,22.2,17.4,1015.0,0,0,0,0,0,2024-01-30 18:00:00
2024-01-30 18:00:00,19.088686,72.867919,11,VABB,0.0,0.0,22000.0,2500.0,25.0,18.0,,0,1,0,0,0,2024-01-30 18:00:00
2024-01-30 18:30:00,19.088686,72.867919,11,VABB,0.0,0.0,22000.0,2500.0,25.0,16.0,,0,1,0,0,0,2024-01-30 18:00:00
2024-01-30 19:00:00,19.088686,72.867919,11,VABB,0.0,0.0,22000.0,2500.0,25.0,16.0,,0,1,0,0,0,2024-01-30 19:00:00
2024-01-30 19:30:00,19.088686,72.867919,11,VABB,320.0,1.5,22000.0,2500.0,25.0,17.0,,0,1,0,0,0,2024-01-30 19:00:00
2024-01-30 20:00:00,19.088686,72.867919,11,VABB,0.0,0.0,22000.0,2500.0,24.0,16.0,,0,1,0,0,0,2024-01-30 20:00:00
2024-01-30 20:30:00,19.088686,72.867919,11,VABB,350.0,2.6,22000.0,2500.0,25.0,13.0,,0,0,0,0,0,2024-01-30 20:00:00
2024-01-30 21:00:00,19.088686,72.867919,11,VABB,,0.0,,2000.0,20.4,16.1,1014.0,0,0,0,0,0,2024-01-30 21:00:00
2024-01-30 21:00:00,19.088686,72.867919,11,VABB,300.0,2.1,22000.0,2500.0,24.0,15.0,,0,0,0,0,0,2024-01-30 21:00:00
2024-01-30 21:30:00,19.088686,72.867919,11,VABB,330.0,3.1,22000.0,2500.0,24.0,14.0,,0,0,0,0,0,2024-01-30 21:00:00
2024-01-30 22:00:00,19.088686,72.867919,11,VABB,350.0,2.6,22000.0,2500.0,24.0,14.0,,0,0,0,0,0,2024-01-30 22:00:00
2024-01-30 22:30:00,19.088686,72.867919,11,VABB,360.0,1.5,22000.0,2500.0,23.0,14.0,,0,0,0,0,0,2024-01-30 22:00:00
2024-01-30 23:00:00,19.088686,72.867919,11,VABB,360.0,2.6,22000.0,2500.0,23.0,15.0,,0,0,0,0,0,2024-01-30 23:00:00
2024-01-30 23:30:00,19.088686,72.867919,11,VABB,10.0,3.1,22000.0,2500.0,24.0,16.0,,0,0,0,0,0,2024-01-30 23:00:00
2024-01-31 00:00:00,19.088686,72.867919,11,VABB,360.0,2.1,,2000.0,22.2,16.3,1013.3,0,0,0,0,0,2024-01-31 00:00:00
2024-01-31 00:00:00,19.088686,72.867919,11,VABB,10.0,2.1,22000.0,2500.0,23.0,16.0,,0,0,0,0,0,2024-01-31 00:00:00
2024-01-31 00:30:00,19.088686,72.867919,11,VABB,360.0,2.6,22000.0,2200.0,23.0,15.0,,0,0,0,0,0,2024-01-31 00:00:00
2024-01-31 01:00:00,19.088686,72.867919,11,VABB,350.0,2.6,22000.0,2200.0,23.0,15.0,,0,0,0,0,0,2024-01-31 01:00:00
2024-01-31 01:30:00,19.088686,72.867919,11,VABB,30.0,2.1,10000.0,2200.0,24.0,15.0,,0,0,0,0,0,2024-01-31 01:00:00
2024-01-31 02:00:00,19.088686,72.867919,11,VABB,340.0,2.1,10000.0,2100.0,23.0,15.0,,0,0,0,0,0,2024-01-31 02:00:00
2024-01-31 02:30:00,19.088686,72.867919,11,VABB,30.0,2.1,10000.0,2100.0,24.0,14.0,,0,0,0,0,0,2024-01-31 02:00:00
2024-01-31 03:00:00,19.088686,72.867919,11,VABB,,0.0,22000.0,2000.0,20.6,16.3,1015.9,0,0,0,0,0,2024-01-31 03:00:00
2024-01-31 03:00:00,19.088686,72.867919,11,VABB,30.0,3.1,10000.0,2100.0,24.0,14.0,,0,0,0,0,0,2024-01-31 03:00:00
2024-01-31 03:30:00,19.088686,72.867919,11,VABB,160.0,1.5,10000.0,2100.0,24.0,15.0,,0,0,0,0,0,2024-01-31 03:00:00
2024-01-31 04:00:00,19.088686,72.867919,11,VABB,140.0,2.1,10000.0,2100.0,25.0,15.0,,0,0,0,0,0,2024-01-31 04:00:00
2024-01-31 04:30:00,19.088686,72.867919,11,VABB,140.0,2.1,10000.0,1800.0,26.0,14.0,,0,0,0,0,0,2024-01-31 04:00:00
2024-01-31 05:00:00,19.088686,72.867919,11,VABB,360.0,3.1,10000.0,2100.0,29.0,13.0,,0,0,0,0,0,2024-01-31 05:00:00
2024-01-31 05:30:00,19.088686,72.867919,11,VABB,50.0,2.6,10000.0,2500.0,29.0,13.0,,0,0,0,0,0,2024-01-31 05:00:00
2024-01-31 06:00:00,19.088686,72.867919,11,VABB,,0.0,22000.0,2000.0,29.4,13.8,1015.7,0,0,0,0,0,2024-01-31 06:00:00
2024-01-31 06:00:00,19.088686,72.867919,11,VABB,60.0,2.6,10000.0,2500.0,29.0,14.0,,0,0,0,0,0,2024-01-31 06:00:00
2024-01-31 06:30:00,19.088686,72.867919,11,VABB,260.0,1.5,22000.0,2500.0,30.0,15.0,,0,0,0,0,0,2024-01-31 06:00:00
2024-01-31 07:00:00,19.088686,72.867919,11,VABB,250.0,4.1,22000.0,2500.0,30.0,15.0,,0,0,0,0,0,2024-01-31 07:00:00
2024-01-31 07:30:00,19.088686,72.867919,11,VABB,270.0,4.6,22000.0,2500.0,30.0,15.0,,0,0,0,0,0,2024-01-31 07:00:00
2024-01-31 08:00:00,19.088686,72.867919,11,VABB,250.0,5.7,22000.0,3000.0,30.0,16.0,,0,0,0,0,0,2024-01-31 08:00:00
2024-01-31 08:30:00,19.088686,72.867919,11,VABB,240.0,6.2,22000.0,3500.0,29.0,16.0,,0,0,0,0,0,2024-01-31 08:00:00
2024-01-31 09:00:00,19.088686,72.867919,11,VABB,320.0,2.1,,2000.0,30.6,17.0,1012.6,0,0,0,0,0,2024-01-31 09:00:00
2024-01-31 09:00:00,19.088686,72.867919,11,VABB,270.0,6.2,22000.0,3500.0,30.0,17.0,,0,0,0,0,0,2024-01-31 09:00:00
2024-01-31 09:30:00,19.088686,72.867919,11,VABB,250.0,6.7,22000.0,3500.0,29.0,16.0,,0,0,0,0,0,2024-01-31 09:00:00
2024-01-31 10:00:00,19.088686,72.867919,11,VABB,330.0,4.6,22000.0,3500.0,29.0,14.0,,0,0,0,0,0,2024-01-31 10:00:00
2024-01-31 10:30:00,19.088686,72.867919,11,VABB,320.0,4.6,22000.0,3500.0,29.0,15.0,,0,0,0,0,0,2024-01-31 10:00:00
2024-01-31 11:00:00,19.088686,72.867919,11,VABB,330.0,5.7,22000.0,3500.0,29.0,14.0,,0,0,0,0,0,2024-01-31 11:00:00
2024-01-31 11:30:00,19.088686,72.867919,11,VABB,320.0,5.1,22000.0,3500.0,30.0,14.0,,0,0,0,0,0,2024-01-31 11:00:00
2024-01-31 12:00:00,19.088686,72.867919,11,VABB,360.0,3.1,22000.0,2000.0,28.4,14.1,1012.7,0,0,0,0,0,2024-01-31 12:00:00
2024-01-31 12:00:00,19.088686,72.867919,11,VABB,310.0,4.1,22000.0,4000.0,29.0,13.0,,0,0,0,0,0,2024-01-31 12:00:00
2024-01-31 12:30:00,19.088686,72.867919,11,VABB,310.0,4.1,22000.0,4000.0,28.0,13.0,,0,0,0,0,0,2024-01-31 12:00:00
2024-01-31 13:00:00,19.088686,72.867919,11,VABB,300.0,3.6,22000.0,4000.0,27.0,14.0,,0,0,0,0,0,2024-01-31 13:00:00
2024-01-31 13:30:00,19.088686,72.867919,11,VABB,360.0,3.1,22000.0,3500.0,27.0,15.0,,0,0,0,0,0,2024-01-31 13:00:00
2024-01-31 14:00:00,19.088686,72.867919,11,VABB,310.0,3.1,10000.0,3500.0,27.0,15.0,,0,0,0,0,0,2024-01-31 14:00:00
2024-01-31 14:30:00,19.088686,72.867919,11,VABB,310.0,2.6,10000.0,3000.0,26.0,15.0,,0,0,0,0,0,2024-01-31 14:00:00
2024-01-31 15:00:00,19.088686,72.867919,11,VABB,320.0,2.1,,2000.0,25.6,16.6,1014.5,0,0,0,0,0,2024-01-31 15:00:00
2024-01-31 15:00:00,19.088686,72.867919,11,VABB,310.0,2.6,22000.0,3000.0,26.0,14.0,,0,0,0,0,0,2024-01-31 15:00:00
2024-01-31 15:30:00,19.088686,72.867919,11,VABB,290.0,2.1,22000.0,3000.0,26.0,15.0,,0,0,0,0,0,2024-01-31 15:00:00
2024-01-31 16:00:00,19.088686,72.867919,11,VABB,300.0,1.5,22000.0,3000.0,25.0,15.0,,0,0,0,0,0,2024-01-31 16:00:00
2024-01-31 16:30:00,19.088686,72.867919,11,VABB,280.0,1.5,22000.0,3000.0,26.0,15.0,,0,0,0,0,0,2024-01-31 16:00:00
2024-01-31 17:00:00,19.088686,72.867919,11,VABB,320.0,2.1,22000.0,2500.0,25.0,16.0,,0,0,0,0,0,2024-01-31 17:00:00
2024-01-31 17:30:00,19.088686,72.867919,11,VABB,300.0,1.5,22000.0,2500.0,25.0,17.0,,0,1,0,0,0,2024-01-31 17:00:00
2024-01-31 18:00:00,19.088686,72.867919,11,VABB,,0.0,,2000.0,21.6,17.1,1015.2,0,0,0,0,0,2024-01-31 18:00:00
2024-01-31 18:00:00,19.088686,72.867919,11,VABB,300.0,1.5,22000.0,2500.0,25.0,18.0,,0,1,0,0,0,2024-01-31 18:00:00
2024-01-31 18:30:00,19.088686,72.867919,11,VABB,330.0,1.5,22000.0,2500.0,25.0,19.0,,0,1,0,0,0,2024-01-31 18:00:00
2024-01-31 19:00:00,19.088686,72.867919,11,VABB,350.0,2.1,22000.0,2500.0,25.0,19.0,,0,1,0,0,0,2024-01-31 19:00:00
2024-01-31 19:30:00,19.088686,72.867919,11,VABB,350.0,1.5,22000.0,2200.0,25.0,19.0,,0,1,0,0,0,2024-01-31 19:00:00
2024-01-31 20:00:00,19.088686,72.867919,11,VABB,340.0,2.1,22000.0,2200.0,24.0,19.0,,0,1,0,0,0,2024-01-31 20:00:00
2024-01-31 20:30:00,19.088686,72.867919,11,VABB,350.0,2.6,22000.0,2200.0,24.0,20.0,,0,1,0,0,0,2024-01-31 20:00:00
2024-01-31 21:00:00,19.088686,72.867919,11,VABB,,0.0,,2000.0,21.0,18.1,1014.6,0,0,0,0,0,2024-01-31 21:00:00
2024-01-31 21:00:00,19.088686,72.867919,11,VABB,20.0,2.1,22000.0,2200.0,24.0,19.0,,0,1,0,0,0,2024-01-31 21:00:00
2024-01-31 21:30:00,19.088686,72.867919,11,VABB,350.0,2.1,22000.0,2200.0,24.0,20.0,,0,1,0,0,0,2024-01-31 21:00:00
2024-01-31 22:00:00,19.088686,72.867919,11,VABB,360.0,2.1,22000.0,2100.0,24.0,20.0,,1,0,0,0,0,2024-01-31 22:00:00
2024-01-31 22:30:00,19.088686,72.867919,11,VABB,10.0,2.1,22000.0,2100.0,23.0,20.0,,1,0,0,0,0,2024-01-31 22:00:00
2024-01-31 23:00:00,19.088686,72.867919,11,VABB,20.0,2.1,22000.0,2100.0,23.0,20.0,,1,0,0,0,0,2024-01-31 23:00:00
2024-01-31 23:30:00,19.088686,72.867919,11,VABB,40.0,3.1,22000.0,2100.0,24.0,20.0,,1,0,0,0,0,2024-01-31 23:00:00
2024-02-01 00:00:00,19.088686,72.867919,11,VABB,,0.0,,2000.0,20.4,17.8,1014.0,0,0,0,0,0,2024-02-01 00:00:00
2024-02-01 00:00:00,19.088686,72.867919,11,VABB,360.0,1.5,22000.0,2100.0,23.0,20.0,,1,0,0,0,0,2024-02-01 00:00:00
2024-02-01 00:30:00,19.088686,72.867919,11,VABB,10.0,2.1,22000.0,2100.0,23.0,20.0,,1,0,0,0,0,2024-02-01 00:00:00
2024-02-01 01:00:00,19.088686,72.867919,11,VABB,90.0,2.1,22000.0,2100.0,23.0,20.0,,1,0,0,0,0,2024-02-01 01:00:00
2024-02-01 01:30:00,19.088686,72.867919,11,VABB,100.0,2.6,2000.0,2100.0,23.0,19.0,,1,0,0,0,0,2024-02-01 01:00:00
2024-02-01 02:00:00,19.088686,72.867919,11,VABB,80.0,3.1,10000.0,1800.0,22.0,18.0,,1,0,0,0,0,2024-02-01 02:00:00
2024-02-01 02:30:00,19.088686,72.867919,11,VABB,100.0,3.1,10000.0,1800.0,23.0,17.0,,1,0,0,0,0,2024-02-01 02:00:00
2024-02-01 02:35:00,19.088686,72.867919,11,VABB,100.0,3.1,10000.0,1800.0,23.0,17.0,,1,0,0,0,0,2024-02-01 02:00:00
2024-02-01 03:00:00,19.088686,72.867919,11,VABB,,0.0,22000.0,2000.0,21.6,18.1,1016.7,0,0,0,0,0,2024-02-01 03:00:00
2024-02-01 03:00:00,19.088686,72.867919,11,VABB,100.0,2.1,10000.0,1800.0,24.0,18.0,,1,0,0,0,0,2024-02-01 03:00:00
2024-02-01 03:30:00,19.088686,72.867919,11,VABB,100.0,2.6,10000.0,1800.0,25.0,19.0,,0,1,0,0,0,2024-02-01 03:00:00
2024-02-01 04:00:00,19.088686,72.867919,11,VABB,0.0,0.0,10000.0,1800.0,25.0,20.0,,0,1,0,0,0,2024-02-01 04:00:00
2024-02-01 04:30:00,19.088686,72.867919,11,VABB,40.0,3.6,3048.0,2200.0,26.0,20.0,,0,1,0,0,0,2024-02-01 04:00:00
2024-02-01 05:00:00,19.088686,72.867919,11,VABB,50.0,2.6,3048.0,2200.0,26.0,20.0,,0,1,0,0,0,2024-02-01 05:00:00
2024-02-01 05:30:00,19.088686,72.867919,11,VABB,320.0,2.6,2000.0,2500.0,26.0,17.0,,0,1,0,0,0,2024-02-01 05:00:00
2024-02-01 06:00:00,19.088686,72.867919,11,VABB,50.0,1.5,22000.0,2000.0,27.6,15.1,1015.2,0,0,0,0,0,2024-02-01 06:00:00
2024-02-01 06:00:00,19.088686,72.867919,11,VABB,330.0,4.1,2000.0,2500.0,28.0,16.0,,0,0,0,0,0,2024-02-01 06:00:00
2024-02-01 06:30:00,19.088686,72.867919,11,VABB,270.0,5.1,2000.0,2500.0,27.0,18.0,,0,0,0,0,0,2024-02-01 06:00:00
2024-02-01 07:00:00,19.088686,72.867919,11,VABB,270.0,3.6,2000.0,3000.0,27.0,18.0,,0,0,0,0,0,2024-02-01 07:00:00
2024-02-01 07:30:00,19.088686,72.867919,11,VABB,270.0,5.7,2000.0,4000.0,28.0,17.0,,0,0,0,0,0,2024-02-01 07:00:00
2024-02-01 08:00:00,19.088686,72.867919,11,VABB,270.0,5.7,2000.0,4000.0,29.0,15.0,,0,0,0,0,0,2024-02-01 08:00:00
2024-02-01 08:30:00,19.088686,72.867919,11,VABB,300.0,5.1,2000.0,4000.0,29.0,14.0,,0,0,0,0,0,2024-02-01 08:00:00
2024-02-01 09:00:00,19.088686,72.867919,11,VABB,360.0,2.1,,2000.0,28.6,12.6,1014.3,0,0,0,0,0,2024-02-01 09:00:00
2024-02-01 09:00:00,19.088686,72.867919,11,VABB,310.0,4.6,2000.0,4000.0,28.0,13.0,,0,0,0,0,0,2024-02-01 09:00:00
2024-02-01 09:30:00,19.088686,72.867919,11,VABB,270.0,6.2,2000.0,4000.0,28.0,14.0,,0,0,0,0,0,2024-02-01 09:00:00
2024-02-01 10:00:00,19.088686,72.867919,11,VABB,290.0,6.2,2000.0,4000.0,28.0,12.0,,0,0,0,0,0,2024-02-01 10:00:00
2024-02-01 10:30:00,19.088686,72.867919,11,VABB,300.0,4.1,2000.0,4000.0,28.0,14.0,,0,0,0,0,0,2024-02-01 10:00:00
2024-02-01 11:00:00,19.088686,72.867919,11,VABB,310.0,4.6,22000.0,4000.0,27.0,13.0,,0,0,0,0,0,2024-02-01 11:00:00
2024-02-01 11:30:00,19.088686,72.867919,11,VABB,340.0,3.6,22000.0,4000.0,27.0,14.0,,0,0,0,0,0,2024-02-01 11:00:00
2024-02-01 12:00:00,19.088686,72.867919,11,VABB,320.0,1.5,,2000.0,27.2,13.6,1013.5,0,0,0,0,0,2024-02-01 12:00:00
2024-02-01 12:00:00,19.088686,72.867919,11,VABB,340.0,3.1,22000.0,4000.0,26.0,14.0,,0,0,0,0,0,2024-02-01 12:00:00
2024-02-01 12:30:00,19.088686,72.867919,11,VABB,290.0,4.6,22000.0,4000.0,27.0,13.0,,0,0,0,0,0,2024-02-01 12:00:00
2024-02-01 13:00:00,19.088686,72.867919,11,VABB,340.0,3.1,22000.0,3000.0,26.0,13.0,,0,0,0,0,0,2024-02-01 13:00:00
2024-02-01 13:30:00,19.088686,72.867919,11,VABB,320.0,2.6,10000.0,3000.0,26.0,14.0,,0,0,0,0,0,2024-02-01 13:00:00
2024-02-01 14:00:00,19.088686,72.867919,11,VABB,310.0,2.6,10000.0,3000.0,26.0,15.0,,0,0,0,0,0,2024-02-01 14:00:00
2024-02-01 14:30:00,19.088686,72.867919,11,VABB,310.0,2.1,22000.0,3000.0,25.0,16.0,,0,0,0,0,0,2024-02-01 14:00:00
2024-02-01 15:00:00,19.088686,72.867919,11,VABB,320.0,1.5,,2000.0,24.8,17.1,1015.3,0,0,0,0,0,2024-02-01 15:00:00
2024-02-01 15:00:00,19.088686,72.867919,11,VABB,330.0,3.1,22000.0,3000.0,26.0,16.0,,0,0,0,0,0,2024-02-01 15:00:00
2024-02-01 15:30:00,19.088686,72.867919,11,VABB,330.0,1.5,22000.0,3000.0,26.0,16.0,,0,0,0,0,0,2024-02-01 15:00:00
2024-02-01 16:00:00,19.088686,72.867919,11,VABB,330.0,2.6,22000.0,3000.0,25.0,16.0,,0,0,0,0,0,2024-02-01 16:00:00
2024-02-01 16:30:00,19.088686,72.867919,11,VABB,330.0,2.1,22000.0,3000.0,25.0,17.0,,0,0,0,0,0,2024-02-01 16:00:00
2024-02-01 17:00:00,19.088686,72.867919,11,VABB,30.0,3.1,22000.0,3000.0,25.0,17.0,,0,0,0,0,0,2024-02-01 17:00:00
2024-02-01 17:30:00,19.088686,72.867919,11,VABB,60.0,2.6,22000.0,3000.0,25.0,18.0,,0,1,0,0,0,2024-02-01 17:00:00
2024-02-01 18:00:00,19.088686,72.867919,11,VABB,,0.0,,2000.0,22.4,17.9,1016.2,0,0,0,0,0,2024-02-01 18:00:00
2024-02-01 18:00:00,19.088686,72.867919,11,VABB,80.0,3.1,22000.0,3000.0,25.0,18.0,,0,1,0,0,0,2024-02-01 18:00:00
2024-02-01 18:30:00,19.088686,72.867919,11,VABB,340.0,2.6,22000.0,3000.0,25.0,16.0,,0,1,0,0,0,2024-02-01 18:00:00
2024-02-01 19:00:00,19.088686,72.867919,11,VABB,10.0,2.6,22000.0,2500.0,24.0,16.0,,0,1,0,0,0,2024-02-01 19:00:00
2024-02-01 19:30:00,19.088686,72.867919,11,VABB,10.0,1.5,22000.0,2500.0,24.0,17.0,,0,1,0,0,0,2024-02-01 19:00:00
2024-02-01 20:00:00,19.088686,72.867919,11,VABB,20.0,2.1,22000.0,2500.0,24.0,18.0,,0,1,0,0,0,2024-02-01 20:00:00
2024-02-01 20:30:00,19.088686,72.867919,11,VABB,350.0,2.1,22000.0,2500.0,24.0,18.0,,0,1,0,0,0,2024-02-01 20:00:00
2024-02-01 21:00:00,19.088686,72.867919,11,VABB,,0.0,,2000.0,20.2,17.3,1015.4,0,0,0,0,0,2024-02-01 21:00:00
2024-02-01 21:00:00,19.088686,72.867919,11,VABB,350.0,2.6,22000.0,2500.0,24.0,18.0,,0,1,0,0,0,2024-02-01 21:00:00
2024-02-01 21:30:00,19.088686,72.867919,11,VABB,50.0,3.1,22000.0,2500.0,24.0,18.0,,0,1,0,0,0,2024-02-01 21:00:00
2024-02-01 22:00:00,19.088686,72.867919,11,VABB,10.0,2.1,22000.0,2500.0,24.0,17.0,,0,1,0,0,0,2024-02-01 22:00:00
2024-02-01 22:30:00,19.088686,72.867919,11,VABB,360.0,1.5,22000.0,2500.0,23.0,16.0,,0,1,0,0,0,2024-02-01 22:00:00
2024-02-01 23:00:00,19.088686,72.867919,11,VABB,50.0,3.6,22000.0,2500.0,24.0,16.0,,0,1,0,0,0,2024-02-01 23:00:00
2024-02-01 23:30:00,19.088686,72.867919,11,VABB,350.0,2.1,22000.0,2500.0,24.0,17.0,,0,1,0,0,0,2024-02-01 23:00:00
2024-02-02 00:00:00,19.088686,72.867919,11,VABB,,0.0,,2000.0,19.8,16.8,1014.8,0,0,0,0,0,2024-02-02 00:00:00
2024-02-02 00:00:00,19.088686,72.867919,11,VABB,340.0,2.6,22000.0,2500.0,23.0,17.0,,0,1,0,0,0,2024-02-02 00:00:00
2024-02-02 00:30:00,19.088686,72.867919,11,VABB,20.0,3.1,22000.0,2500.0,23.0,17.0,,0,1,0,0,0,2024-02-02 00:00:00
2024-02-02 01:00:00,19.088686,72.867919,11,VABB,120.0,1.5,22000.0,2500.0,22.0,16.0,,0,1,0,0,0,2024-02-02 01:00:00
2024-02-02 01:30:00,19.088686,72.867919,11,VABB,190.0,2.1,22000.0,2500.0,23.0,16.0,,0,1,0,0,0,2024-02-02 01:00:00
2024-02-02 02:00:00,19.088686,72.867919,11,VABB,190.0,1.5,22000.0,2500.0,23.0,16.0,,0,1,0,0,0,2024-02-02 02:00:00
2024-02-02 02:30:00,19.088686,72.867919,11,VABB,160.0,2.1,22000.0,2500.0,23.0,16.0,,0,1,0,0,0,2024-02-02 02:00:00
2024-02-02 03:00:00,19.088686,72.867919,11,VABB,,0.0,,2000.0,20.0,17.1,1016.7,0,0,0,0,0,2024-02-02 03:00:00
2024-02-02 03:00:00,19.088686,72.867919,11,VABB,0.0,0.0,22000.0,2500.0,24.0,17.0,,0,1,0,0,0,2024-02-02 03:00:00
2024-02-02 03:30:00,19.088686,72.867919,11,VABB,260.0,2.6,22000.0,2500.0,25.0,16.0,,0,1,0,0,0,2024-02-02 03:00:00
2024-02-02 04:00:00,19.088686,72.867919,11,VABB,90.0,2.1,22000.0,3000.0,26.0,16.0,,0,1,0,0,0,2024-02-02 04:00:00
2024-02-02 04:30:00,19.088686,72.867919,11,VABB,60.0,2.1,22000.0,3000.0,26.0,16.0,,0,1,0,0,0,2024-02-02 04:00:00
2024-02-02 05:00:00,19.088686,72.867919,11,VABB,40.0,3.1,22000.0,3000.0,27.0,15.0,,0,0,0,0,0,2024-02-02 05:00:00
2024-02-02 05:30:00,19.088686,72.867919,11,VABB,30.0,2.1,22000.0,3000.0,28.0,15.0,,0,0,0,0,0,2024-02-02 05:00:00
2024-02-02 06:00:00,19.088686,72.867919,11,VABB,,0.0,,2000.0,28.8,14.2,1017.1,0,0,0,0,0,2024-02-02 06:00:00
2024-02-02 06:00:00,19.088686,72.867919,11,VABB,60.0,4.1,22000.0,3000.0,29.0,14.0,,0,0,0,0,0,2024-02-02 06:00:00
2024-02-02 06:30:00,19.088686,72.867919,11,VABB,50.0,3.6,22000.0,3000.0,29.0,15.0,,0,0,0,0,0,2024-02-02 06:00:00
2024-02-02 07:00:00,19.088686,72.867919,11,VABB,40.0,3.6,22000.0,3000.0,30.0,14.0,,0,0,0,0,0,2024-02-02 07:00:00
2024-02-02 07:30:00,19.088686,72.867919,11,VABB,20.0,2.6,22000.0,3500.0,31.0,13.0,,0,0,0,0,0,2024-02-02 07:00:00
2024-02-02 08:00:00,19.088686,72.867919,11,VABB,40.0,3.6,22000.0,4000.0,31.0,13.0,,0,0,0,0,0,2024-02-02 08:00:00
2024-02-02 08:30:00,19.088686,72.867919,11,VABB,10.0,4.6,22000.0,4000.0,32.0,12.0,,0,0,0,0,0,2024-02-02 08:00:00
2024-02-02 09:00:00,19.088686,72.867919,11,VABB,320.0,2.6,,2000.0,30.8,18.1,1014.2,0,0,0,0,0,2024-02-02 09:00:00
2024-02-02 09:00:00,19.088686,72.867919,11,VABB,290.0,5.1,22000.0,3000.0,30.0,17.0,,0,0,0,0,0,2024-02-02 09:00:00
2024-02-02 09:30:00,19.088686,72.867919,11,VABB,270.0,6.2,22000.0,3000.0,29.0,18.0,,0,0,0,0,0,2024-02-02 09:00:00
2024-02-02 10:00:00,19.088686,72.867919,11,VABB,280.0,6.2,22000.0,3000.0,29.0,19.0,,0,0,0,0,0,2024-02-02 10:00:00
2024-02-02 10:30:00,19.088686,72.867919,11,VABB,290.0,5.1,22000.0,3000.0,29.0,18.0,,0,0,0,0,0,2024-02-02 10:00:00
2024-02-02 11:00:00,19.088686,72.867919,11,VABB,300.0,5.7,22000.0,3000.0,29.0,17.0,,0,0,0,0,0,2024-02-02 11:00:00
2024-02-02 11:30:00,19.088686,72.867919,11,VABB,300.0,4.6,22000.0,3000.0,28.0,16.0,,0,0,0,0,0,2024-02-02 11:00:00
2024-02-02 12:00:00,19.088686,72.867919,11,VABB,320.0,3.1,,2000.0,28.0,15.7,1012.9,0,0,0,0,0,2024-02-02 12:00:00
2024-02-02 12:00:00,19.088686,72.867919,11,VABB,330.0,3.6,22000.0,3000.0,28.0,16.0,,0,0,0,0,0,2024-02-02 12:00:00
2024-02-02 12:30:00,19.088686,72.867919,11,VABB,340.0,4.1,22000.0,3000.0,28.0,16.0,,0,0,0,0,0,2024-02-02 12:00:00
2024-02-02 13:00:00,19.088686,72.867919,11,VABB,340.0,4.1,22000.0,3000.0,27.0,15.0,,0,0,0,0,0,2024-02-02 13:00:00
2024-02-02 13:30:00,19.088686,72.867919,11,VABB,320.0,2.6,22000.0,3000.0,26.0,16.0,,0,0,0,0,0,2024-02-02 13:00:00
2024-02-02 14:00:00,19.088686,72.867919,11,VABB,320.0,3.1,22000.0,3000.0,26.0,16.0,,0,0,0,0,0,2024-02-02 14:00:00
2024-02-02 14:30:00,19.088686,72.867919,11,VABB,320.0,3.1,22000.0,3000.0,27.0,16.0,,0,0,0,0,0,2024-02-02 14:00:00
2024-02-02 15:00:00,19.088686,72.867919,11,VABB,,0.0,,2000.0,25.4,15.9,1014.3,0,0,0,0,0,2024-02-02 15:00:00
2024-02-02 15:00:00,19.088686,72.867919,11,VABB,350.0,3.1,22000.0,3000.0,26.0,16.0,,0,0,0,0,0,2024-02-02 15:00:00
2024-02-02 15:30:00,19.088686,72.867919,11,VABB,320.0,2.6,22000.0,3000.0,26.0,16.0,,0,0,0,0,0,2024-02-02 15:00:00
2024-02-02 16:00:00,19.088686,72.867919,11,VABB,340.0,3.1,22000.0,3000.0,26.0,17.0,,0,0,0,0,0,2024-02-02 16:00:00
2024-02-02 16:30:00,19.088686,72.867919,11,VABB,360.0,2.6,22000.0,3000.0,25.0,17.0,,0,0,0,0,0,2024-02-02 16:00:00
2024-02-02 17:00:00,19.088686,72.867919,11,VABB,10.0,2.6,22000.0,3000.0,26.0,17.0,,0,0,0,0,0,2024-02-02 17:00:00
2024-02-02 17:30:00,19.088686,72.867919,11,VABB,20.0,2.1,22000.0,3000.0,26.0,17.0,,0,0,0,0,0,2024-02-02 17:00:00
2024-02-02 18:00:00,19.088686,72.867919,11,VABB,,0.0,,2000.0,23.6,16.8,1015.5,0,0,0,0,0,2024-02-02 18:00:00
2024-02-02 18:00:00,19.088686,72.867919,11,VABB,350.0,2.1,22000.0,3000.0,25.0,16.0,,0,0,0,0,0,2024-02-02 18:00:00
2024-02-02 18:30:00,19.088686,72.867919,11,VABB,50.0,2.1,22000.0,3000.0,25.0,16.0,,0,0,0,0,0,2024-02-02 18:00:00
2024-02-02 19:00:00,19.088686,72.867919,11,VABB,10.0,2.6,22000.0,3000.0,26.0,16.0,,0,0,0,0,0,2024-02-02 19:00:00
2024-02-02 19:30:00,19.088686,72.867919,11,VABB,130.0,2.6,22000.0,3000.0,25.0,16.0,,0,0,0,0,0,2024-02-02 19:00:00
2024-02-02 20:00:00,19.088686,72.867919,11,VABB,140.0,2.1,22000.0,3000.0,25.0,16.0,,0,0,0,0,0,2024-02-02 20:00:00
2024-02-02 20:30:00,19.088686,72.867919,11,VABB,300.0,2.1,22000.0,2500.0,25.0,16.0,,0,0,0,0,0,2024-02-02 20:00:00
2024-02-02 21:00:00,19.088686,72.867919,11,VABB,,0.0,,2000.0,21.4,16.5,1014.1,0,0,0,0,0,2024-02-02 21:00:00
2024-02-02 21:00:00,19.088686,72.867919,11,VABB,0.0,0.0,22000.0,2500.0,25.0,16.0,,0,0,0,0,0,2024-02-02 21:00:00
2024-02-02 21:30:00,19.088686,72.867919,11,VABB,30.0,2.1,22000.0,2500.0,25.0,16.0,,0,0,0,0,0,2024-02-02 21:00:00
2024-02-02 22:00:00,19.088686,72.867919,11,VABB,0.0,0.0,22000.0,2100.0,24.0,16.0,,0,0,0,0,0,2024-02-02 22:00:00
2024-02-02 22:30:00,19.088686,72.867919,11,VABB,100.0,2.1,22000.0,2100.0,24.0,16.0,,0,1,0,0,0,2024-02-02 22:00:00
2024-02-02 23:00:00,19.088686,72.867919,11,VABB,80.0,1.5,22000.0,2100.0,24.0,16.0,,0,1,0,0,0,2024-02-02 23:00:00
2024-02-02 23:30:00,19.088686,72.867919,11,VABB,70.0,1.5,22000.0,2100.0,24.0,16.0,,0,1,0,0,0,2024-02-02 23:00:00
2024-02-03 00:00:00,19.088686,72.867919,11,VABB,,0.0,,2000.0,20.2,15.9,1013.5,0,0,0,0,0,2024-02-03 00:00:00
2024-02-03 00:00:00,19.088686,72.867919,11,VABB,130.0,2.1,22000.0,2100.0,24.0,16.0,,0,1,0,0,0,2024-02-03 00:00:00
2024-02-03 00:30:00,19.088686,72.867919,11,VABB,0.0,0.0,22000.0,2100.0,24.0,15.0,,0,1,0,0,0,2024-02-03 00:00:00
2024-02-03 01:00:00,19.088686,72.867919,11,VABB,120.0,2.1,22000.0,2100.0,24.0,15.0,,0,1,0,0,0,2024-02-03 01:00:00
2024-02-03 01:30:00,19.088686,72.867919,11,VABB,140.0,2.1,22000.0,2100.0,24.0,15.0,,0,1,0,0,0,2024-02-03 01:00:00
2024-02-03 02:00:00,19.088686,72.867919,11,VABB,100.0,2.1,22000.0,2100.0,24.0,15.0,,0,0,0,0,0,2024-02-03 02:00:00
2024-02-03 02:30:00,19.088686,72.867919,11,VABB,110.0,2.6,22000.0,2500.0,25.0,15.0,,0,0,0,0,0,2024-02-03 02:00:00
2024-02-03 03:00:00,19.088686,72.867919,11,VABB,,0.0,,2000.0,22.4,15.8,1015.6,0,0,0,0,0,2024-02-03 03:00:00
2024-02-03 03:00:00,19.088686,72.867919,11,VABB,120.0,3.6,22000.0,2500.0,25.0,15.0,,0,0,0,0,0,2024-02-03 03:00:00
2024-02-03 03:30:00,19.088686,72.867919,11,VABB,120.0,3.1,22000.0,2500.0,26.0,15.0,,0,0,0,0,0,2024-02-03 03:00:00
2024-02-03 04:00:00,19.088686,72.867919,11,VABB,120.0,3.1,22000.0,2500.0,27.0,15.0,,0,0,0,0,0,2024-02-03 04:00:00
2024-02-03 04:30:00,19.088686,72.867919,11,VABB,130.0,2.6,22000.0,2500.0,27.0,15.0,,0,0,0,0,0,2024-02-03 04:00:00
2024-02-03 05:30:00,19.088686,72.867919,11,VABB,120.0,5.1,22000.0,2500.0,30.0,14.0,,0,0,0,0,0,2024-02-03 05:00:00
2024-02-03 06:00:00,19.088686,72.867919,11,VABB,70.0,2.1,,2000.0,31.2,15.4,1016.1,0,0,0,0,0,2024-02-03 06:00:00
2024-02-03 06:00:00,19.088686,72.867919,11,VABB,110.0,4.6,22000.0,3000.0,31.0,14.0,,0,0,0,0,0,2024-02-03 06:00:00
2024-02-03 06:30:00,19.088686,72.867919,11,VABB,110.0,3.6,22000.0,3000.0,32.0,14.0,,0,0,0,0,0,2024-02-03 06:00:00
2024-02-03 07:00:00,19.088686,72.867919,11,VABB,130.0,4.1,22000.0,3000.0,33.0,12.0,,0,0,0,0,0,2024-02-03 07:00:00
2024-02-03 07:30:00,19.088686,72.867919,11,VABB,140.0,4.6,22000.0,3000.0,34.0,12.0,,0,0,0,0,0,2024-02-03 07:00:00
2024-02-03 08:00:00,19.088686,72.867919,11,VABB,90.0,1.5,22000.0,3000.0,35.0,11.0,,0,0,0,0,0,2024-02-03 08:00:00
2024-02-03 08:30:00,19.088686,72.867919,11,VABB,130.0,2.1,22000.0,3500.0,35.0,10.0,,0,0,0,0,0,2024-02-03 08:00:00
2024-02-03 09:00:00,19.088686,72.867919,11,VABB,,0.0,,2000.0,35.8,12.2,1012.9,0,0,0,0,0,2024-02-03 09:00:00
2024-02-03 09:00:00,19.088686,72.867919,11,VABB,120.0,2.1,22000.0,3500.0,35.0,10.0,,0,0,0,0,0,2024-02-03 09:00:00
2024-02-03 09:30:00,19.088686,72.867919,11,VABB,270.0,3.1,22000.0,3500.0,35.0,13.0,,0,0,0,0,0,2024-02-03 09:00:00
2024-02-03 10:00:00,19.088686,72.867919,11,VABB,280.0,4.6,22000.0,3500.0,34.0,13.0,,0,0,0,0,0,2024-02-03 10:00:00
2024-02-03 10:30:00,19.088686,72.867919,11,VABB,290.0,4.6,22000.0,3500.0,34.0,13.0,,0,0,0,0,0,2024-02-03 10:00:00
2024-02-03 11:00:00,19.088686,72.867919,11,VABB,270.0,4.6,22000.0,3500.0,34.0,14.0,,0,0,0,0,0,2024-02-03 11:00:00
2024-02-03 11:30:00,19.088686,72.867919,11,VABB,310.0,4.1,22000.0,3500.0,33.0,14.0,,0,0,0,0,0,2024-02-03 11:00:00
2024-02-03 12:00:00,19.088686,72.867919,11,VABB,340.0,2.1,,2000.0,31.6,16.4,1012.6,0,0,0,0,0,2024-02-03 12:00:00
2024-02-03 12:00:00,19.088686,72.867919,11,VABB,300.0,4.6,22000.0,3500.0,32.0,14.0,,0,0,0,0,0,2024-02-03 12:00:00
2024-02-03 12:30:00,19.088686,72.867919,11,VABB,330.0,3.6,22000.0,3500.0,30.0,17.0,,0,0,0,0,0,2024-02-03 12:00:00
2024-02-03 13:00:00,19.088686,72.867919,11,VABB,310.0,2.1,22000.0,3000.0,29.0,18.0,,0,0,0,0,0,2024-02-03 13:00:00
2024-02-03 13:30:00,19.088686,72.867919,11,VABB,310.0,2.6,22000.0,3000.0,29.0,17.0,,0,0,0,0,0,2024-02-03 13:00:00
2024-02-03 14:00:00,19.088686,72.867919,11,VABB,340.0,3.6,22000.0,2500.0,30.0,16.0,,0,0,0,0,0,2024-02-03 14:00:00
2024-02-03 14:30:00,19.088686,72.867919,11,VABB,330.0,4.1,22000.0,2500.0,29.0,14.0,,0,0,0,0,0,2024-02-03 14:00:00
2024-02-03 15:00:00,19.088686,72.867919,11,VABB,360.0,3.1,,2000.0,28.2,13.8,1014.5,0,0,0,0,0,2024-02-03 15:00:00
2024-02-03 15:00:00,19.088686,72.867919,11,VABB,40.0,3.6,22000.0,2500.0,29.0,13.0,,0,0,0,0,0,2024-02-03 15:00:00
2024-02-03 15:30:00,19.088686,72.867919,11,VABB,30.0,3.1,22000.0,3000.0,29.0,14.0,,0,0,0,0,0,2024-02-03 15:00:00
2024-02-03 16:00:00,19.088686,72.867919,11,VABB,340.0,3.6,22000.0,3000.0,29.0,13.0,,0,0,0,0,0,2024-02-03 16:00:00
2024-02-03 16:30:00,19.088686,72.867919,11,VABB,30.0,3.1,22000.0,3000.0,28.0,13.0,,0,0,0,0,0,2024-02-03 16:00:00
2024-02-03 17:00:00,19.088686,72.867919,11,VABB,40.0,4.1,22000.0,2500.0,29.0,12.0,,0,0,0,0,0,2024-02-03 17:00:00
2024-02-03 17:30:00,19.088686,72.867919,11,VABB,140.0,3.1,22000.0,2500.0,28.0,12.0,,0,0,0,0,0,2024-02-03 17:00:00
2024-02-03 18:00:00,19.088686,72.867919,11,VABB,,0.0,,2000.0,25.0,15.0,1015.7,0,0,0,0,0,2024-02-03 18:00:00
2024-02-03 18:00:00,19.088686,72.867919,11,VABB,150.0,2.6,22000.0,2500.0,28.0,13.0,,0,0,0,0,0,2024-02-03 18:00:00
2024-02-03 18:30:00,19.088686,72.867919,11,VABB,150.0,2.6,22000.0,2500.0,28.0,13.0,,0,0,0,0,0,2024-02-03 18:00:00
2024-02-03 19:00:00,19.088686,72.867919,11,VABB,140.0,2.6,22000.0,2500.0,28.0,13.0,,0,0,0,0,0,2024-02-03 19:00:00
2024-02-03 19:30:00,19.088686,72.867919,11,VABB,130.0,2.1,22000.0,2500.0,28.0,14.0,,0,0,0,0,0,2024-02-03 19:00:00
2024-02-03 20:00:00,19.088686,72.867919,11,VABB,0.0,0.0,22000.0,2500.0,27.0,14.0,,0,0,0,0,0,2024-02-03 20:00:00
2024-02-03 20:30:00,19.088686,72.867919,11,VABB,30.0,1.5,22000.0,2500.0,26.0,15.0,,0,0,0,0,0,2024-02-03 20:00:00
2024-02-03 21:00:00,19.088686,72.867919,11,VABB,,0.0,,2000.0,22.8,15.5,1014.7,0,0,0,0,0,2024-02-03 21:00:00
2024-02-03 21:00:00,19.088686,72.867919,11,VABB,0.0,0.0,22000.0,2200.0,26.0,15.0,,0,0,0,0,0,2024-02-03 21:00:00
2024-02-03 21:30:00,19.088686,72.867919,11,VABB,0.0,0.0,22000.0,2200.0,27.0,14.0,,0,0,0,0,0,2024-02-03 21:00:00
2024-02-03 22:00:00,19.088686,72.867919,11,VABB,0.0,0.0,22000.0,2100.0,25.0,15.0,,0,0,0,0,0,2024-02-03 22:00:00
2024-02-03 22:30:00,19.088686,72.867919,11,VABB,0.0,0.0,22000.0,2100.0,24.0,15.0,,0,0,0,0,0,2024-02-03 22:00:00
2024-02-03 23:00:00,19.088686,72.867919,11,VABB,0.0,0.0,22000.0,2100.0,25.0,15.0,,0,0,0,0,0,2024-02-03 23:00:00
2024-02-03 23:30:00,19.088686,72.867919,11,VABB,0.0,0.0,22000.0,2100.0,26.0,15.0,,0,0,0,0,0,2024-02-03 23:00:00
2024-02-04 00:00:00,19.088686,72.867919,11,VABB,,0.0,,2000.0,21.4,15.7,1014.7,0,0,0,0,0,2024-02-04 00:00:00
2024-02-04 00:00:00,19.088686,72.867919,11,VABB,0.0,0.0,22000.0,2100.0,25.0,15.0,,0,0,0,0,0,2024-02-04 00:00:00
2024-02-04 00:30:00,19.088686,72.867919,11,VABB,190.0,2.6,22000.0,2100.0,25.0,15.0,,0,0,0,0,0,2024-02-04 00:00:00
2024-02-04 01:00:00,19.088686,72.867919,11,VABB,150.0,2.1,22000.0,2100.0,26.0,14.0,,0,0,0,0,0,2024-02-04 01:00:00
2024-02-04 01:30:00,19.088686,72.867919,11,VABB,210.0,2.1,22000.0,2100.0,25.0,15.0,,0,0,0,0,0,2024-02-04 01:00:00
2024-02-04 02:00:00,19.088686,72.867919,11,VABB,200.0,2.1,22000.0,2100.0,25.0,15.0,,0,0,0,0,0,2024-02-04 02:00:00
2024-02-04 02:30:00,19.088686,72.867919,11,VABB,160.0,2.6,22000.0,2100.0,25.0,15.0,,0,0,0,0,0,2024-02-04 02:00:00
2024-02-04 03:00:00,19.088686,72.867919,11,VABB,,0.0,,2000.0,21.4,16.8,1016.4,0,0,0,0,0,2024-02-04 03:00:00
2024-02-04 03:00:00,19.088686,72.867919,11,VABB,100.0,3.6,22000.0,1800.0,26.0,15.0,,0,0,0,0,0,2024-02-04 03:00:00
2024-02-04 03:30:00,19.088686,72.867919,11,VABB,110.0,3.1,22000.0,2100.0,27.0,14.0,,0,0,0,0,0,2024-02-04 03:00:00
2024-02-04 04:00:00,19.088686,72.867919,11,VABB,80.0,2.6,22000.0,2100.0,28.0,14.0,,0,0,0,0,0,2024-02-04 04:00:00
2024-02-04 04:30:00,19.088686,72.867919,11,VABB,100.0,2.6,22000.0,2200.0,30.0,14.0,,0,0,0,0,0,2024-02-04 04:00:00
2024-02-04 05:00:00,19.088686,72.867919,11,VABB,180.0,1.5,22000.0,2200.0,31.0,14.0,,0,0,0,0,0,2024-02-04 05:00:00
2024-02-04 05:30:00,19.088686,72.867919,11,VABB,120.0,1.5,22000.0,2500.0,32.0,14.0,,0,0,0,0,0,2024-02-04 05:00:00
2024-02-04 06:00:00,19.088686,72.867919,11,VABB,90.0,1.5,,2000.0,32.8,15.5,1016.7,0,0,0,0,0,2024-02-04 06:00:00
2024-02-04 06:00:00,19.088686,72.867919,11,VABB,130.0,2.6,22000.0,2500.0,33.0,15.0,,0,0,0,0,0,2024-02-04 06:00:00
2024-02-04 06:30:00,19.088686,72.867919,11,VABB,140.0,2.1,22000.0,2500.0,33.0,15.0,,0,0,0,0,0,2024-02-04 06:00:00
2024-02-04 07:00:00,19.088686,72.867919,11,VABB,130.0,1.5,22000.0,2500.0,34.0,14.0,,0,0,0,0,0,2024-02-04 07:00:00
2024-02-04 07:30:00,19.088686,72.867919,11,VABB,220.0,2.6,22000.0,2500.0,35.0,14.0,,0,0,0,0,0,2024-02-04 07:00:00
2024-02-04 08:00:00,19.088686,72.867919,11,VABB,260.0,4.6,22000.0,2200.0,34.0,17.0,,0,0,0,0,0,2024-02-04 08:00:00
2024-02-04 08:30:00,19.088686,72.867919,11,VABB,250.0,6.2,22000.0,2200.0,32.0,18.0,,0,0,0,0,0,2024-02-04 08:00:00
2024-02-04 09:00:00,19.088686,72.867919,11,VABB,,0.0,,2000.0,32.4,17.8,1013.9,0,0,0,0,0,2024-02-04 09:00:00
2024-02-04 09:00:00,19.088686,72.867919,11,VABB,260.0,5.1,22000.0,2500.0,32.0,17.0,,0,0,0,0,0,2024-02-04 09:00:00
2024-02-04 09:30:00,19.088686,72.867919,11,VABB,260.0,4.1,22000.0,2500.0,32.0,18.0,,0,0,0,0,0,2024-02-04 09:00:00
2024-02-04 10:00:00,19.088686,72.867919,11,VABB,270.0,5.1,22000.0,2500.0,31.0,19.0,,0,0,0,0,0,2024-02-04 10:00:00
2024-02-04 10:30:00,19.088686,72.867919,11,VABB,270.0,4.1,22000.0,2500.0,31.0,19.0,,0,0,0,0,0,2024-02-04 10:00:00
2024-02-04 11:00:00,19.088686,72.867919,11,VABB,270.0,4.6,22000.0,2500.0,31.0,17.0,,0,0,0,0,0,2024-02-04 11:00:00
2024-02-04 11:30:00,19.088686,72.867919,11,VABB,260.0,4.6,22000.0,2500.0,31.0,18.0,,0,0,0,0,0,2024-02-04 11:00:00
2024-02-04 12:00:00,19.088686,72.867919,11,VABB,320.0,1.5,,2000.0,31.4,18.1,1013.5,0,0,0,0,0,2024-02-04 12:00:00
2024-02-04 12:00:00,19.088686,72.867919,11,VABB,260.0,3.6,22000.0,2500.0,30.0,19.0,,0,0,0,0,0,2024-02-04 12:00:00
2024-02-04 12:30:00,19.088686,72.867919,11,VABB,270.0,4.1,22000.0,2500.0,30.0,18.0,,0,0,0,0,0,2024-02-04 12:00:00
2024-02-04 13:00:00,19.088686,72.867919,11,VABB,280.0,3.6,22000.0,2500.0,29.0,17.0,,0,0,0,0,0,2024-02-04 13:00:00
2024-02-04 13:30:00,19.088686,72.867919,11,VABB,290.0,1.5,22000.0,2500.0,29.0,17.0,,0,0,0,0,0,2024-02-04 13:00:00
2024-02-04 14:00:00,19.088686,72.867919,11,VABB,330.0,2.1,22000.0,2500.0,29.0,17.0,,0,0,0,0,0,2024-02-04 14:00:00
2024-02-04 14:30:00,19.088686,72.867919,11,VABB,310.0,1.5,22000.0,2500.0,29.0,16.0,,0,0,0,0,0,2024-02-04 14:00:00
2024-02-04 15:00:00,19.088686,72.867919,11,VABB,,0.0,,2000.0,27.0,18.6,1015.2,0,0,0,0,0,2024-02-04 15:00:00
2024-02-04 15:00:00,19.088686,72.867919,11,VABB,340.0,1.5,22000.0,2500.0,29.0,16.0,,0,0,0,0,0,2024-02-04 15:00:00
2024-02-04 15:30:00,19.088686,72.867919,11,VABB,340.0,1.5,22000.0,2500.0,29.0,16.0,,0,0,0,0,0,2024-02-04 15:00:00
2024-02-04 16:00:00,19.088686,72.867919,11,VABB,10.0,2.1,22000.0,2500.0,29.0,15.0,,0,0,0,0,0,2024-02-04 16:00:00
2024-02-04 16:30:00,19.088686,72.867919,11,VABB,30.0,2.1,22000.0,2500.0,29.0,16.0,,0,0,0,0,0,2024-02-04 16:00:00
2024-02-04 17:00:00,19.088686,72.867919,11,VABB,180.0,2.1,22000.0,2500.0,29.0,15.0,,0,0,0,0,0,2024-02-04 17:00:00
2024-02-04 17:30:00,19.088686,72.867919,11,VABB,160.0,2.1,22000.0,2500.0,28.0,15.0,,0,0,0,0,0,2024-02-04 17:00:00
2024-02-04 18:00:00,19.088686,72.867919,11,VABB,,0.0,,2000.0,24.0,17.2,1015.9,0,0,0,0,0,2024-02-04 18:00:00
2024-02-04 18:00:00,19.088686,72.867919,11,VABB,110.0,1.5,22000.0,2500.0,28.0,16.0,,0,0,0,0,0,2024-02-04 18:00:00
2024-02-04 18:30:00,19.088686,72.867919,11,VABB,150.0,1.5,22000.0,2500.0,28.0,16.0,,0,0,0,0,0,2024-02-04 18:00:00
2024-02-04 19:00:00,19.088686,72.867919,11,VABB,150.0,2.1,22000.0,2500.0,28.0,16.0,,0,0,0,0,0,2024-02-04 19:00:00
2024-02-04 19:30:00,19.088686,72.867919,11,VABB,200.0,1.5,22000.0,2500.0,27.0,16.0,,0,0,0,0,0,2024-02-04 19:00:00
2024-02-04 20:00:00,19.088686,72.867919,11,VABB,0.0,0.0,22000.0,2500.0,27.0,16.0,,0,0,0,0,0,2024-02-04 20:00:00
2024-02-04 20:30:00,19.088686,72.867919,11,VABB,0.0,0.0,22000.0,2500.0,26.0,17.0,,0,0,0,0,0,2024-02-04 20:00:00
2024-02-04 21:00:00,19.088686,72.867919,11,VABB,,0.0,,2000.0,23.0,17.5,1015.2,0,0,0,0,0,2024-02-04 21:00:00
2024-02-04 21:00:00,19.088686,72.867919,11,VABB,0.0,0.0,22000.0,2500.0,27.0,16.0,,0,0,0,0,0,2024-02-04 21:00:00
2024-02-04 21:30:00,19.088686,72.867919,11,VABB,0.0,0.0,22000.0,2500.0,27.0,16.0,,0,0,0,0,0,2024-02-04 21:00:00
2024-02-04 22:00:00,19.088686,72.867919,11,VABB,0.0,0.0,22000.0,2500.0,26.0,16.0,,0,0,0,0,0,2024-02-04 22:00:00
2024-02-04 22:30:00,19.088686,72.867919,11,VABB,0.0,0.0,22000.0,2200.0,25.0,17.0,,0,0,0,0,0,2024-02-04 22:00:00
2024-02-04 23:00:00,19.088686,72.867919,11,VABB,0.0,0.0,22000.0,2200.0,25.0,14.0,,0,0,0,0,0,2024-02-04 23:00:00
2024-02-04 23:30:00,19.088686,72.867919,11,VABB,30.0,1.5,22000.0,2100.0,25.0,14.0,,0,0,0,0,0,2024-02-04 23:00:00
2024-02-05 00:00:00,19.088686,72.867919,11,VABB,,0.0,,2000.0,21.6,16.3,1014.8,0,0,0,0,0,2024-02-05 00:00:00
2024-02-05 00:00:00,19.088686,72.867919,11,VABB,0.0,0.0,22000.0,2100.0,25.0,15.0,,0,0,0,0,0,2024-02-05 00:00:00
2024-02-05 00:30:00,19.088686,72.867919,11,VABB,0.0,0.0,22000.0,2200.0,25.0,16.0,,0,0,0,0,0,2024-02-05 00:00:00
2024-02-05 01:00:00,19.088686,72.867919,11,VABB,0.0,0.0,22000.0,2200.0,25.0,15.0,,0,0,0,0,0,2024-02-05 01:00:00
2024-02-05 01:30:00,19.088686,72.867919,11,VABB,180.0,1.5,22000.0,2200.0,25.0,16.0,,0,0,0,0,0,2024-02-05 01:00:00
2024-02-05 02:00:00,19.088686,72.867919,11,VABB,240.0,2.1,22000.0,1800.0,25.0,15.0,,0,0,0,0,0,2024-02-05 02:00:00
2024-02-05 02:30:00,19.088686,72.867919,11,VABB,200.0,1.5,22000.0,1800.0,25.0,15.0,,0,0,0,0,0,2024-02-05 02:00:00
2024-02-05 03:00:00,19.088686,72.867919,11,VABB,,0.0,,2000.0,21.6,17.4,1016.6,0,0,0,0,0,2024-02-05 03:00:00
2024-02-05 03:00:00,19.088686,72.867919,11,VABB,190.0,2.1,22000.0,1700.0,26.0,15.0,,0,0,0,0,0,2024-02-05 03:00:00
2024-02-05 03:30:00,19.088686,72.867919,11,VABB,200.0,2.6,22000.0,1800.0,27.0,16.0,,0,0,0,0,0,2024-02-05 03:00:00
2024-02-05 04:00:00,19.088686,72.867919,11,VABB,70.0,1.5,22000.0,1800.0,28.0,15.0,,0,0,0,0,0,2024-02-05 04:00:00
2024-02-05 04:30:00,19.088686,72.867919,11,VABB,50.0,2.1,22000.0,1900.0,29.0,14.0,,0,0,0,0,0,2024-02-05 04:00:00
2024-02-05 05:00:00,19.088686,72.867919,11,VABB,140.0,1.5,22000.0,1900.0,31.0,15.0,,0,0,0,0,0,2024-02-05 05:00:00
2024-02-05 05:30:00,19.088686,72.867919,11,VABB,0.0,0.0,22000.0,2100.0,32.0,14.0,,0,0,0,0,0,2024-02-05 05:00:00
2024-02-05 06:00:00,19.088686,72.867919,11,VABB,,0.0,,2000.0,31.4,17.3,1017.9,0,0,0,0,0,2024-02-05 06:00:00
2024-02-05 06:00:00,19.088686,72.867919,11,VABB,50.0,1.5,22000.0,2100.0,32.0,14.0,,0,0,0,0,0,2024-02-05 06:00:00
2024-02-05 06:30:00,19.088686,72.867919,11,VABB,320.0,1.5,22000.0,2500.0,32.0,13.0,,0,0,0,0,0,2024-02-05 06:00:00
2024-02-05 07:00:00,19.088686,72.867919,11,VABB,310.0,2.6,22000.0,2500.0,33.0,13.0,,0,0,0,0,0,2024-02-05 07:00:00
2024-02-05 07:30:00,19.088686,72.867919,11,VABB,270.0,4.1,22000.0,2500.0,33.0,17.0,,0,0,0,0,0,2024-02-05 07:00:00
2024-02-05 08:00:00,19.088686,72.867919,11,VABB,300.0,4.1,22000.0,2500.0,33.0,17.0,,0,0,0,0,0,2024-02-05 08:00:00
2024-02-05 08:30:00,19.088686,72.867919,11,VABB,290.0,4.6,22000.0,3000.0,33.0,17.0,,0,0,0,0,0,2024-02-05 08:00:00
2024-02-05 09:00:00,19.088686,72.867919,11,VABB,320.0,1.5,,2000.0,32.4,16.2,1014.4,0,0,0,0,0,2024-02-05 09:00:00
2024-02-05 09:00:00,19.088686,72.867919,11,VABB,270.0,5.1,22000.0,3000.0,33.0,17.0,,0,0,0,0,0,2024-02-05 09:00:00
2024-02-05 09:30:00,19.088686,72.867919,11,VABB,290.0,5.1,22000.0,3000.0,33.0,17.0,,0,0,0,0,0,2024-02-05 09:00:00
2024-02-05 10:00:00,19.088686,72.867919,11,VABB,310.0,4.1,22000.0,3000.0,32.0,16.0,,0,0,0,0,0,2024-02-05 10:00:00
2024-02-05 10:30:00,19.088686,72.867919,11,VABB,300.0,5.1,22000.0,4000.0,32.0,16.0,,0,0,0,0,0,2024-02-05 10:00:00
2024-02-05 11:00:00,19.088686,72.867919,11,VABB,320.0,4.6,22000.0,4000.0,32.0,15.0,,0,0,0,0,0,2024-02-05 11:00:00
2024-02-05 11:30:00,19.088686,72.867919,11,VABB,310.0,4.1,22000.0,4000.0,32.0,14.0,,0,0,0,0,0,2024-02-05 11:00:00
2024-02-05 12:00:00,19.088686,72.867919,11,VABB,360.0,2.1,,2000.0,30.6,14.1,1013.5,0,0,0,0,0,2024-02-05 12:00:00
2024-02-05 12:00:00,19.088686,72.867919,11,VABB,250.0,3.1,22000.0,4000.0,31.0,14.0,,0,0,0,0,0,2024-02-05 12:00:00
2024-02-05 12:30:00,19.088686,72.867919,11,VABB,290.0,2.6,22000.0,3500.0,30.0,15.0,,0,0,0,0,0,2024-02-05 12:00:00
2024-02-05 13:00:00,19.088686,72.867919,11,VABB,310.0,3.1,22000.0,3000.0,30.0,15.0,,0,0,0,0,0,2024-02-05 13:00:00
2024-02-05 13:30:00,19.088686,72.867919,11,VABB,310.0,3.6,22000.0,3000.0,29.0,13.0,,0,0,0,0,0,2024-02-05 13:00:00
2024-02-05 14:00:00,19.088686,72.867919,11,VABB,310.0,2.6,22000.0,3000.0,29.0,13.0,,0,0,0,0,0,2024-02-05 14:00:00
2024-02-05 14:30:00,19.088686,72.867919,11,VABB,340.0,2.1,22000.0,2500.0,29.0,13.0,,0,0,0,0,0,2024-02-05 14:00:00
2024-02-05 15:00:00,19.088686,72.867919,11,VABB,,0.0,,2000.0,26.6,15.9,1015.0,0,0,0,0,0,2024-02-05 15:00:00
2024-02-05 15:00:00,19.088686,72.867919,11,VABB,350.0,2.6,22000.0,2500.0,29.0,13.0,,0,0,0,0,0,2024-02-05 15:00:00
2024-02-05 15:30:00,19.088686,72.867919,11,VABB,80.0,2.1,22000.0,2500.0,29.0,15.0,,0,0,0,0,0,2024-02-05 15:00:00
2024-02-05 16:00:00,19.088686,72.867919,11,VABB,50.0,2.6,22000.0,2500.0,28.0,14.0,,0,0,0,0,0,2024-02-05 16:00:00
2024-02-05 16:30:00,19.088686,72.867919,11,VABB,30.0,2.6,22000.0,2500.0,28.0,13.0,,0,0,0,0,0,2024-02-05 16:00:00
2024-02-05 17:00:00,19.088686,72.867919,11,VABB,70.0,2.6,22000.0,2500.0,29.0,11.0,,0,0,0,0,0,2024-02-05 17:00:00
2024-02-05 17:30:00,19.088686,72.867919,11,VABB,0.0,0.0,22000.0,2500.0,28.0,11.0,,0,0,0,0,0,2024-02-05 17:00:00
2024-02-05 18:00:00,19.088686,72.867919,11,VABB,,0.0,,2000.0,23.4,14.3,1016.3,0,0,0,0,0,2024-02-05 18:00:00
2024-02-05 18:00:00,19.088686,72.867919,11,VABB,,1.5,22000.0,2500.0,29.0,10.0,,0,0,0,1,0,2024-02-05 18:00:00
2024-02-05 18:30:00,19.088686,72.867919,11,VABB,,1.5,22000.0,2500.0,28.0,11.0,,0,0,0,1,0,2024-02-05 18:00:00
2024-02-05 19:00:00,19.088686,72.867919,11,VABB,10.0,2.1,22000.0,2500.0,27.0,13.0,,0,0,0,0,0,2024-02-05 19:00:00
2024-02-05 19:30:00,19.088686,72.867919,11,VABB,170.0,2.6,22000.0,2500.0,27.0,13.0,,0,0,0,0,0,2024-02-05 19:00:00
2024-02-05 20:00:00,19.088686,72.867919,11,VABB,160.0,2.1,22000.0,2500.0,27.0,13.0,,0,0,0,0,0,2024-02-05 20:00:00
2024-02-05 20:30:00,19.088686,72.867919,11,VABB,,1.5,22000.0,2500.0,26.0,14.0,,0,0,0,1,0,2024-02-05 20:00:00
2024-02-05 21:00:00,19.088686,72.867919,11,VABB,,0.0,,2000.0,21.8,15.1,1014.8,0,0,0,0,0,2024-02-05 21:00:00
2024-02-05 21:00:00,19.088686,72.867919,11,VABB,200.0,2.6,22000.0,2500.0,26.0,14.0,,0,0,0,0,0,2024-02-05 21:00:00
2024-02-05 21:30:00,19.088686,72.867919,11,VABB,60.0,2.1,22000.0,2500.0,26.0,15.0,,0,0,0,0,0,2024-02-05 21:00:00
2024-02-05 22:00:00,19.088686,72.867919,11,VABB,330.0,2.1,22000.0,2500.0,25.0,15.0,,0,0,0,0,0,2024-02-05 22:00:00
2024-02-05 22:30:00,19.088686,72.867919,11,VABB,350.0,2.1,22000.0,2500.0,25.0,16.0,,0,0,0,0,0,2024-02-05 22:00:00
2024-02-05 23:00:00,19.088686,72.867919,11,VABB,0.0,0.0,22000.0,2200.0,25.0,17.0,,0,1,0,0,0,2024-02-05 23:00:00
2024-02-05 23:30:00,19.088686,72.867919,11,VABB,340.0,2.6,22000.0,2200.0,25.0,17.0,,0,1,0,0,0,2024-02-05 23:00:00
2024-02-06 00:00:00,19.088686,72.867919,11,VABB,,0.0,,2000.0,21.4,17.5,1014.3,0,0,0,0,0,2024-02-06 00:00:00
2024-02-06 00:00:00,19.088686,72.867919,11,VABB,10.0,2.1,22000.0,2200.0,25.0,16.0,,0,1,0,0,0,2024-02-06 00:00:00
2024-02-06 00:30:00,19.088686,72.867919,11,VABB,60.0,2.1,22000.0,2200.0,24.0,15.0,,0,0,0,0,0,2024-02-06 00:00:00
2024-02-06 01:00:00,19.088686,72.867919,11,VABB,0.0,0.0,22000.0,2200.0,24.0,14.0,,0,0,0,0,0,2024-02-06 01:00:00
2024-02-06 01:30:00,19.088686,72.867919,11,VABB,190.0,1.5,22000.0,2200.0,24.0,15.0,,0,0,1,0,0,2024-02-06 01:00:00
2024-02-06 02:00:00,19.088686,72.867919,11,VABB,160.0,2.1,22000.0,2200.0,24.0,14.0,,0,0,1,0,0,2024-02-06 02:00:00
2024-02-06 02:30:00,19.088686,72.867919,11,VABB,170.0,1.5,22000.0,2000.0,25.0,14.0,,0,0,1,0,0,2024-02-06 02:00:00
2024-02-06 03:00:00,19.088686,72.867919,11,VABB,,0.0,,2000.0,20.2,15.9,1016.8,0,0,0,0,0,2024-02-06 03:00:00
2024-02-06 03:00:00,19.088686,72.867919,11,VABB,160.0,2.1,22000.0,2000.0,25.0,14.0,,0,0,1,0,0,2024-02-06 03:00:00
2024-02-06 03:30:00,19.088686,72.867919,11,VABB,0.0,0.0,22000.0,2000.0,27.0,14.0,,0,0,0,0,0,2024-02-06 03:00:00
2024-02-06 04:00:00,19.088686,72.867919,11,VABB,0.0,0.0,22000.0,2200.0,28.0,14.0,,0,0,0,0,0,2024-02-06 04:00:00
2024-02-06 04:30:00,19.088686,72.867919,11,VABB,60.0,2.1,22000.0,2200.0,30.0,14.0,,0,0,0,0,0,2024-02-06 04:00:00
2024-02-06 05:00:00,19.088686,72.867919,11,VABB,30.0,1.5,22000.0,2200.0,30.0,13.0,,0,0,0,0,0,2024-02-06 05:00:00
2024-02-06 05:30:00,19.088686,72.867919,11,VABB,50.0,3.1,22000.0,2200.0,32.0,12.0,,0,0,0,0,0,2024-02-06 05:00:00
2024-02-06 06:00:00,19.088686,72.867919,11,VABB,50.0,1.5,,2000.0,31.6,16.8,1017.3,0,0,0,0,0,2024-02-06 06:00:00
2024-02-06 06:00:00,19.088686,72.867919,11,VABB,60.0,1.5,22000.0,2500.0,32.0,13.0,,0,0,0,0,0,2024-02-06 06:00:00
2024-02-06 06:30:00,19.088686,72.867919,11,VABB,30.0,2.6,22000.0,2500.0,33.0,13.0,,0,0,0,0,0,2024-02-06 06:00:00
2024-02-06 07:00:00,19.088686,72.867919,11,VABB,240.0,6.2,22000.0,2500.0,32.0,17.0,,0,0,0,0,0,2024-02-06 07:00:00
2024-02-06 07:30:00,19.088686,72.867919,11,VABB,260.0,5.1,22000.0,2500.0,32.0,16.0,,0,0,0,0,0,2024-02-06 07:00:00
2024-02-06 08:00:00,19.088686,72.867919,11,VABB,260.0,5.7,22000.0,2500.0,32.0,17.0,,0,0,0,0,0,2024-02-06 08:00:00
2024-02-06 08:30:00,19.088686,72.867919,11,VABB,240.0,6.7,22000.0,2500.0,32.0,18.0,,0,0,0,0,0,2024-02-06 08:00:00
2024-02-06 09:00:00,19.088686,72.867919,11,VABB,320.0,2.1,,2000.0,33.2,18.5,1014.2,0,0,0,0,0,2024-02-06 09:00:00
2024-02-06 09:00:00,19.088686,72.867919,11,VABB,260.0,6.2,22000.0,3000.0,32.0,19.0,,0,0,0,0,0,2024-02-06 09:00:00
2024-02-06 09:30:00,19.088686,72.867919,11,VABB,290.0,4.6,22000.0,3000.0,32.0,17.0,,0,0,0,0,0,2024-02-06 09:00:00
2024-02-06 10:00:00,19.088686,72.867919,11,VABB,300.0,4.6,22000.0,3000.0,32.0,17.0,,0,0,0,0,0,2024-02-06 10:00:00
2024-02-06 10:30:00,19.088686,72.867919,11,VABB,310.0,4.6,22000.0,3000.0,32.0,18.0,,0,0,0,0,0,2024-02-06 10:00:00
2024-02-06 11:00:00,19.088686,72.867919,11,VABB,320.0,4.6,22000.0,3500.0,32.0,14.0,,0,0,0,0,0,2024-02-06 11:00:00
2024-02-06 11:30:00,19.088686,72.867919,11,VABB,310.0,4.6,22000.0,3500.0,31.0,15.0,,0,0,0,0,0,2024-02-06 11:00:00
2024-02-06 12:00:00,19.088686,72.867919,11,VABB,320.0,3.1,,2000.0,30.2,16.1,1013.7,0,0,0,0,0,2024-02-06 12:00:00
2024-02-06 12:00:00,19.088686,72.867919,11,VABB,310.0,4.1,22000.0,3500.0,31.0,16.0,,0,0,0,0,0,2024-02-06 12:00:00
2024-02-06 12:30:00,19.088686,72.867919,11,VABB,300.0,4.1,22000.0,3500.0,30.0,17.0,,0,0,0,0,0,2024-02-06 12:00:00
2024-02-06 13:00:00,19.088686,72.867919,11,VABB,310.0,3.1,22000.0,3500.0,29.0,17.0,,0,0,0,0,0,2024-02-06 13:00:00
2024-02-06 13:30:00,19.088686,72.867919,11,VABB,300.0,3.1,22000.0,3000.0,29.0,17.0,,0,0,0,0,0,2024-02-06 13:00:00
2024-02-06 14:00:00,19.088686,72.867919,11,VABB,310.0,3.1,22000.0,3000.0,29.0,16.0,,0,0,0,0,0,2024-02-06 14:00:00
2024-02-06 14:30:00,19.088686,72.867919,11,VABB,300.0,1.5,22000.0,2700.0,28.0,17.0,,0,0,0,0,0,2024-02-06 14:00:00
2024-02-06 15:00:00,19.088686,72.867919,11,VABB,320.0,3.1,,2000.0,27.2,18.1,1015.4,0,0,0,0,0,2024-02-06 15:00:00
2024-02-06 15:00:00,19.088686,72.867919,11,VABB,350.0,2.6,22000.0,2700.0,28.0,18.0,,0,0,0,0,0,2024-02-06 15:00:00
2024-02-06 15:30:00,19.088686,72.867919,11,VABB,320.0,1.5,22000.0,3000.0,28.0,19.0,,0,0,0,0,0,2024-02-06 15:00:00
2024-02-06 16:00:00,19.088686,72.867919,11,VABB,330.0,2.1,22000.0,2500.0,28.0,19.0,,0,0,0,0,0,2024-02-06 16:00:00
2024-02-06 16:30:00,19.088686,72.867919,11,VABB,360.0,1.5,22000.0,2500.0,27.0,19.0,,0,0,0,0,0,2024-02-06 16:00:00
2024-02-06 17:00:00,19.088686,72.867919,11,VABB,30.0,2.6,22000.0,2500.0,28.0,19.0,,0,0,0,0,0,2024-02-06 17:00:00
2024-02-06 17:30:00,19.088686,72.867919,11,VABB,20.0,2.1,22000.0,2500.0,27.0,19.0,,0,0,0,0,0,2024-02-06 17:00:00
2024-02-06 18:00:00,19.088686,72.867919,11,VABB,,0.0,,2000.0,24.6,19.3,1016.4,0,0,0,0,0,2024-02-06 18:00:00
2024-02-06 18:00:00,19.088686,72.867919,11,VABB,0.0,0.0,22000.0,2500.0,27.0,19.0,,0,1,0,0,0,2024-02-06 18:00:00
2024-02-06 18:30:00,19.088686,72.867919,11,VABB,350.0,3.1,22000.0,2500.0,27.0,18.0,,0,1,0,0,0,2024-02-06 18:00:00
2024-02-06 19:00:00,19.088686,72.867919,11,VABB,50.0,2.1,22000.0,2500.0,26.0,19.0,,0,1,0,0,0,2024-02-06 19:00:00
2024-02-06 19:30:00,19.088686,72.867919,11,VABB,350.0,2.1,22000.0,2500.0,26.0,19.0,,0,1,0,0,0,2024-02-06 19:00:00
2024-02-06 20:00:00,19.088686,72.867919,11,VABB,340.0,3.1,22000.0,2500.0,25.0,18.0,,0,1,0,0,0,2024-02-06 20:00:00
2024-02-06 20:30:00,19.088686,72.867919,11,VABB,340.0,3.6,22000.0,2500.0,25.0,18.0,,0,1,0,0,0,2024-02-06 20:00:00
2024-02-06 21:00:00,19.088686,72.867919,11,VABB,360.0,1.5,,2000.0,24.6,19.0,1015.4,0,0,0,0,0,2024-02-06 21:00:00
2024-02-06 21:00:00,19.088686,72.867919,11,VABB,330.0,3.1,22000.0,2500.0,26.0,18.0,,0,1,0,0,0,2024-02-06 21:00:00
2024-02-06 21:30:00,19.088686,72.867919,11,VABB,340.0,3.1,22000.0,2500.0,26.0,19.0,,0,1,0,0,0,2024-02-06 21:00:00
2024-02-06 22:00:00,19.088686,72.867919,11,VABB,340.0,3.1,22000.0,2500.0,25.0,19.0,,0,1,0,0,0,2024-02-06 22:00:00
2024-02-06 22:30:00,19.088686,72.867919,11,VABB,340.0,3.1,22000.0,2500.0,24.0,19.0,,0,1,0,0,0,2024-02-06 22:00:00
2024-02-06 23:00:00,19.088686,72.867919,11,VABB,360.0,2.1,22000.0,2500.0,24.0,19.0,,0,1,0,0,0,2024-02-06 23:00:00
2024-02-06 23:30:00,19.088686,72.867919,11,VABB,360.0,2.1,22000.0,2500.0,25.0,19.0,,0,1,0,0,0,2024-02-06 23:00:00
2024-02-07 00:00:00,19.088686,72.867919,11,VABB,,0.0,,2000.0,23.6,19.2,1015.1,0,0,0,0,0,2024-02-07 00:00:00
2024-02-07 00:00:00,19.088686,72.867919,11,VABB,360.0,3.1,22000.0,2500.0,24.0,19.0,,0,1,0,0,0,2024-02-07 00:00:00
2024-02-07 00:30:00,19.088686,72.867919,11,VABB,350.0,2.6,22000.0,2500.0,24.0,19.0,,0,1,0,0,0,2024-02-07 00:00:00
2024-02-07 01:00:00,19.088686,72.867919,11,VABB,10.0,2.6,22000.0,2500.0,24.0,19.0,,0,1,0,0,0,2024-02-07 01:00:00
2024-02-07 01:30:00,19.088686,72.867919,11,VABB,10.0,2.6,22000.0,2200.0,25.0,19.0,,0,1,0,0,0,2024-02-07 01:00:00
2024-02-07 02:00:00,19.088686,72.867919,11,VABB,360.0,2.6,22000.0,2200.0,24.0,18.0,,0,1,0,0,0,2024-02-07 02:00:00
2024-02-07 02:30:00,19.088686,72.867919,11,VABB,40.0,1.5,22000.0,1900.0,24.0,19.0,,0,1,0,0,0,2024-02-07 02:00:00
2024-02-07 03:00:00,19.088686,72.867919,11,VABB,50.0,1.5,,2000.0,22.4,19.6,1017.5,0,0,0,0,0,2024-02-07 03:00:00
2024-02-07 03:00:00,19.088686,72.867919,11,VABB,20.0,1.5,22000.0,1900.0,25.0,19.0,,0,1,0,0,0,2024-02-07 03:00:00
2024-02-07 03:30:00,19.088686,72.867919,11,VABB,50.0,3.1,22000.0,1800.0,26.0,19.0,,0,1,0,0,0,2024-02-07 03:00:00
2024-02-07 04:00:00,19.088686,72.867919,11,VABB,100.0,1.5,22000.0,1800.0,27.0,19.0,,0,0,0,0,0,2024-02-07 04:00:00
2024-02-07 04:30:00,19.088686,72.867919,11,VABB,360.0,1.5,22000.0,1800.0,28.0,18.0,,0,0,0,0,0,2024-02-07 04:00:00
2024-02-07 05:00:00,19.088686,72.867919,11,VABB,340.0,2.6,22000.0,2100.0,30.0,17.0,,0,0,0,0,0,2024-02-07 05:00:00
2024-02-07 05:30:00,19.088686,72.867919,11,VABB,80.0,2.1,22000.0,2200.0,30.0,17.0,,0,0,0,0,0,2024-02-07 05:00:00
2024-02-07 06:00:00,19.088686,72.867919,11,VABB,50.0,1.5,22000.0,2000.0,30.6,20.0,1018.5,0,0,0,0,0,2024-02-07 06:00:00
2024-02-07 06:00:00,19.088686,72.867919,11,VABB,180.0,1.5,22000.0,2200.0,31.0,18.0,,0,0,0,0,0,2024-02-07 06:00:00
2024-02-07 06:30:00,19.088686,72.867919,11,VABB,340.0,2.6,22000.0,2500.0,32.0,17.0,,0,0,0,0,0,2024-02-07 06:00:00
2024-02-07 07:00:00,19.088686,72.867919,11,VABB,10.0,4.1,10000.0,2500.0,33.0,15.0,,0,0,0,0,0,2024-02-07 07:00:00
2024-02-07 07:30:00,19.088686,72.867919,11,VABB,40.0,3.1,10000.0,2500.0,33.0,14.0,,0,0,0,0,0,2024-02-07 07:00:00
2024-02-07 08:00:00,19.088686,72.867919,11,VABB,320.0,2.1,22000.0,2500.0,34.0,15.0,,0,0,0,0,0,2024-02-07 08:00:00
2024-02-07 08:30:00,19.088686,72.867919,11,VABB,310.0,5.1,22000.0,2500.0,33.0,19.0,,0,0,0,0,0,2024-02-07 08:00:00
2024-02-07 09:00:00,19.088686,72.867919,11,VABB,320.0,2.1,,2000.0,32.2,17.2,1014.9,0,0,0,0,0,2024-02-07 09:00:00
2024-02-07 09:00:00,19.088686,72.867919,11,VABB,280.0,6.7,22000.0,2500.0,32.0,18.0,,0,0,0,0,0,2024-02-07 09:00:00
2024-02-07 09:30:00,19.088686,72.867919,11,VABB,300.0,4.1,22000.0,2500.0,32.0,19.0,,0,0,0,0,1,2024-02-07 09:00:00
2024-02-07 10:00:00,19.088686,72.867919,11,VABB,300.0,3.6,22000.0,2500.0,30.0,19.0,,0,0,0,0,1,2024-02-07 10:00:00
2024-02-07 10:30:00,19.088686,72.867919,11,VABB,310.0,5.1,22000.0,2500.0,31.0,18.0,,0,0,0,0,0,2024-02-07 10:00:00
2024-02-07 11:00:00,19.088686,72.867919,11,VABB,300.0,6.2,22000.0,2500.0,31.0,17.0,,0,0,0,0,1,2024-02-07 11:00:00
2024-02-07 11:30:00,19.088686,72.867919,11,VABB,310.0,5.1,22000.0,2500.0,31.0,17.0,,0,0,0,0,0,2024-02-07 11:00:00
2024-02-07 12:00:00,19.088686,72.867919,11,VABB,360.0,2.1,,2000.0,29.4,17.1,1013.9,0,0,0,0,0,2024-02-07 12:00:00
2024-02-07 12:00:00,19.088686,72.867919,11,VABB,10.0,2.1,22000.0,2500.0,30.0,17.0,,0,0,0,0,0,2024-02-07 12:00:00
2024-02-07 12:30:00,19.088686,72.867919,11,VABB,330.0,3.6,22000.0,2500.0,29.0,16.0,,0,0,0,0,1,2024-02-07 12:00:00
2024-02-07 13:00:00,19.088686,72.867919,11,VABB,320.0,4.1,22000.0,2500.0,28.0,17.0,,0,0,0,0,0,2024-02-07 13:00:00
2024-02-07 13:30:00,19.088686,72.867919,11,VABB,320.0,3.6,22000.0,2500.0,28.0,18.0,,0,0,0,0,0,2024-02-07 13:00:00
2024-02-07 14:00:00,19.088686,72.867919,11,VABB,330.0,4.6,22000.0,2500.0,28.0,17.0,,0,0,0,0,0,2024-02-07 14:00:00
2024-02-07 14:30:00,19.088686,72.867919,11,VABB,180.0,4.6,22000.0,2500.0,28.0,17.0,,0,0,0,0,0,2024-02-07 14:00:00
2024-02-07 15:00:00,19.088686,72.867919,11,VABB,50.0,2.1,,2000.0,26.6,16.2,1015.8,0,0,0,0,0,2024-02-07 15:00:00
2024-02-07 15:00:00,19.088686,72.867919,11,VABB,330.0,4.6,22000.0,2500.0,27.0,16.0,,0,0,0,0,0,2024-02-07 15:00:00
2024-02-07 15:30:00,19.088686,72.867919,11,VABB,10.0,2.6,22000.0,2500.0,27.0,16.0,,0,0,0,0,0,2024-02-07 15:00:00
2024-02-07 16:00:00,19.088686,72.867919,11,VABB,260.0,3.1,22000.0,2500.0,27.0,15.0,,0,0,0,0,0,2024-02-07 16:00:00
2024-02-07 16:30:00,19.088686,72.867919,11,VABB,30.0,1.5,22000.0,2500.0,27.0,15.0,,0,0,0,0,0,2024-02-07 16:00:00
2024-02-07 17:00:00,19.088686,72.867919,11,VABB,340.0,4.1,22000.0,2500.0,26.0,15.0,,0,0,0,0,0,2024-02-07 17:00:00
2024-02-07 17:30:00,19.088686,72.867919,11,VABB,20.0,3.1,22000.0,2500.0,26.0,15.0,,0,0,0,0,0,2024-02-07 17:00:00
2024-02-07 18:00:00,19.088686,72.867919,11,VABB,,0.0,,2000.0,24.0,15.8,1016.2,0,0,0,0,0,2024-02-07 18:00:00
2024-02-07 18:00:00,19.088686,72.867919,11,VABB,10.0,2.1,22000.0,2500.0,27.0,15.0,,0,0,0,0,0,2024-02-07 18:00:00
2024-02-07 18:30:00,19.088686,72.867919,11,VABB,30.0,2.1,22000.0,2500.0,26.0,14.0,,0,0,0,0,0,2024-02-07 18:00:00
2024-02-07 19:00:00,19.088686,72.867919,11,VABB,20.0,1.5,22000.0,2500.0,25.0,14.0,,0,0,0,0,0,2024-02-07 19:00:00
2024-02-07 19:30:00,19.088686,72.867919,11,VABB,10.0,1.5,22000.0,2500.0,25.0,14.0,,0,0,0,0,0,2024-02-07 19:00:00
2024-02-07 20:00:00,19.088686,72.867919,11,VABB,10.0,1.5,22000.0,2500.0,24.0,14.0,,0,0,0,0,0,2024-02-07 20:00:00
2024-02-07 20:30:00,19.088686,72.867919,11,VABB,0.0,0.0,22000.0,2500.0,24.0,14.0,,0,0,0,0,0,2024-02-07 20:00:00
2024-02-07 21:00:00,19.088686,72.867919,11,VABB,,0.0,,2000.0,21.4,15.0,1014.8,0,0,0,0,0,2024-02-07 21:00:00
2024-02-07 21:00:00,19.088686,72.867919,11,VABB,0.0,0.0,22000.0,2500.0,24.0,14.0,,0,0,0,0,0,2024-02-07 21:00:00
2024-02-07 21:30:00,19.088686,72.867919,11,VABB,0.0,0.0,22000.0,2500.0,24.0,14.0,,0,0,0,0,0,2024-02-07 21:00:00
2024-02-07 22:00:00,19.088686,72.867919,11,VABB,0.0,0.0,22000.0,2500.0,24.0,14.0,,0,0,0,0,0,2024-02-07 22:00:00
2024-02-07 22:30:00,19.088686,72.867919,11,VABB,0.0,0.0,22000.0,2500.0,23.0,14.0,,0,0,0,0,0,2024-02-07 22:00:00
2024-02-07 23:00:00,19.088686,72.867919,11,VABB,10.0,2.1,22000.0,2500.0,23.0,14.0,,0,0,0,0,0,2024-02-07 23:00:00
2024-02-07 23:30:00,19.088686,72.867919,11,VABB,70.0,2.1,22000.0,2500.0,24.0,14.0,,0,0,0,0,0,2024-02-07 23:00:00
2024-02-08 00:00:00,19.088686,72.867919,11,VABB,,0.0,,2000.0,20.2,15.1,1014.4,0,0,0,0,0,2024-02-08 00:00:00
2024-02-08 00:00:00,19.088686,72.867919,11,VABB,0.0,0.0,22000.0,2500.0,23.0,14.0,,0,0,0,0,0,2024-02-08 00:00:00
2024-02-08 00:30:00,19.088686,72.867919,11,VABB,0.0,0.0,22000.0,2500.0,23.0,14.0,,0,0,0,0,0,2024-02-08 00:00:00
2024-02-08 01:00:00,19.088686,72.867919,11,VABB,0.0,0.0,22000.0,2500.0,23.0,14.0,,0,0,0,0,0,2024-02-08 01:00:00
2024-02-08 01:30:00,19.088686,72.867919,11,VABB,70.0,2.6,22000.0,2500.0,24.0,14.0,,0,0,0,0,0,2024-02-08 01:00:00
2024-02-08 02:00:00,19.088686,72.867919,11,VABB,40.0,1.5,22000.0,2100.0,23.0,14.0,,0,0,0,0,0,2024-02-08 02:00:00
2024-02-08 02:30:00,19.088686,72.867919,11,VABB,290.0,2.6,22000.0,1800.0,24.0,15.0,,0,0,0,0,0,2024-02-08 02:00:00
2024-02-08 03:00:00,19.088686,72.867919,11,VABB,,0.0,22000.0,2000.0,20.6,15.6,1016.7,0,0,0,0,0,2024-02-08 03:00:00
2024-02-08 03:00:00,19.088686,72.867919,11,VABB,80.0,3.1,22000.0,1800.0,25.0,14.0,,0,0,0,0,0,2024-02-08 03:00:00
2024-02-08 03:30:00,19.088686,72.867919,11,VABB,340.0,1.5,22000.0,2100.0,25.0,14.0,,0,0,0,0,0,2024-02-08 03:00:00
2024-02-08 04:00:00,19.088686,72.867919,11,VABB,10.0,2.6,22000.0,2100.0,27.0,14.0,,0,0,0,0,0,2024-02-08 04:00:00
2024-02-08 04:30:00,19.088686,72.867919,11,VABB,20.0,2.1,22000.0,2100.0,28.0,14.0,,0,0,0,0,0,2024-02-08 04:00:00
2024-02-08 05:00:00,19.088686,72.867919,11,VABB,60.0,3.6,22000.0,2100.0,29.0,14.0,,0,0,0,0,0,2024-02-08 05:00:00
2024-02-08 05:30:00,19.088686,72.867919,11,VABB,30.0,2.6,22000.0,2100.0,30.0,14.0,,0,0,0,0,0,2024-02-08 05:00:00
2024-02-08 06:00:00,19.088686,72.867919,11,VABB,50.0,1.5,,2000.0,30.4,14.3,1017.4,0,0,0,0,0,2024-02-08 06:00:00
2024-02-08 06:00:00,19.088686,72.867919,11,VABB,40.0,3.1,22000.0,2500.0,31.0,14.0,,0,0,0,0,0,2024-02-08 06:00:00
2024-02-08 06:30:00,19.088686,72.867919,11,VABB,330.0,1.0,22000.0,2500.0,32.0,12.0,,0,0,0,0,0,2024-02-08 06:00:00
2024-02-08 07:00:00,19.088686,72.867919,11,VABB,0.0,0.0,22000.0,2500.0,32.0,11.0,,0,0,0,0,0,2024-02-08 07:00:00
2024-02-08 07:30:00,19.088686,72.867919,11,VABB,290.0,3.1,22000.0,2500.0,32.0,16.0,,0,0,0,0,0,2024-02-08 07:00:00
2024-02-08 08:00:00,19.088686,72.867919,11,VABB,280.0,4.1,22000.0,2500.0,32.0,16.0,,0,0,0,0,0,2024-02-08 08:00:00
2024-02-08 08:30:00,19.088686,72.867919,11,VABB,280.0,5.7,22000.0,3000.0,32.0,16.0,,0,0,0,0,0,2024-02-08 08:00:00
2024-02-08 09:00:00,19.088686,72.867919,11,VABB,320.0,2.1,,2000.0,32.0,16.5,1013.8,0,0,0,0,0,2024-02-08 09:00:00
2024-02-08 09:00:00,19.088686,72.867919,11,VABB,260.0,6.2,22000.0,3000.0,32.0,16.0,,0,0,0,0,0,2024-02-08 09:00:00
2024-02-08 09:30:00,19.088686,72.867919,11,VABB,280.0,5.1,22000.0,3000.0,32.0,15.0,,0,0,0,0,0,2024-02-08 09:00:00
2024-02-08 10:00:00,19.088686,72.867919,11,VABB,270.0,6.2,22000.0,3500.0,31.0,16.0,,0,0,0,0,0,2024-02-08 10:00:00
2024-02-08 10:30:00,19.088686,72.867919,11,VABB,300.0,3.6,22000.0,3500.0,31.0,17.0,,0,0,0,0,0,2024-02-08 10:00:00
2024-02-08 11:00:00,19.088686,72.867919,11,VABB,290.0,5.7,22000.0,3500.0,31.0,16.0,,0,0,0,0,0,2024-02-08 11:00:00
2024-02-08 11:30:00,19.088686,72.867919,11,VABB,310.0,5.1,22000.0,3500.0,30.0,16.0,,0,0,0,0,0,2024-02-08 11:00:00
2024-02-08 12:00:00,19.088686,72.867919,11,VABB,320.0,2.6,,2000.0,29.6,16.5,1012.6,0,0,0,0,0,2024-02-08 12:00:00
2024-02-08 12:00:00,19.088686,72.867919,11,VABB,310.0,4.1,22000.0,4000.0,30.0,16.0,,0,0,0,0,0,2024-02-08 12:00:00
2024-02-08 12:30:00,19.088686,72.867919,11,VABB,320.0,4.1,22000.0,4000.0,29.0,16.0,,0,0,0,0,0,2024-02-08 12:00:00
2024-02-08 13:00:00,19.088686,72.867919,11,VABB,320.0,2.6,22000.0,4000.0,29.0,16.0,,0,0,0,0,0,2024-02-08 13:00:00
2024-02-08 13:30:00,19.088686,72.867919,11,VABB,300.0,2.6,22000.0,3500.0,28.0,16.0,,0,0,0,0,0,2024-02-08 13:00:00
2024-02-08 14:00:00,19.088686,72.867919,11,VABB,360.0,2.1,22000.0,3500.0,28.0,17.0,,0,0,0,0,0,2024-02-08 14:00:00
2024-02-08 14:30:00,19.088686,72.867919,11,VABB,310.0,2.1,22000.0,3500.0,28.0,17.0,,0,0,0,0,0,2024-02-08 14:00:00
2024-02-08 15:00:00,19.088686,72.867919,11,VABB,320.0,2.6,,2000.0,26.6,18.1,1013.8,0,0,0,0,0,2024-02-08 15:00:00
2024-02-08 15:00:00,19.088686,72.867919,11,VABB,320.0,3.1,22000.0,3500.0,27.0,18.0,,0,0,0,0,0,2024-02-08 15:00:00
2024-02-08 15:30:00,19.088686,72.867919,11,VABB,350.0,3.6,22000.0,3500.0,28.0,17.0,,0,0,0,0,0,2024-02-08 15:00:00
2024-02-08 16:00:00,19.088686,72.867919,11,VABB,170.0,3.1,22000.0,3000.0,28.0,17.0,,0,0,0,0,0,2024-02-08 16:00:00
2024-02-08 16:30:00,19.088686,72.867919,11,VABB,360.0,2.6,22000.0,3000.0,27.0,17.0,,0,0,0,0,0,2024-02-08 16:00:00
2024-02-08 17:00:00,19.088686,72.867919,11,VABB,320.0,2.1,22000.0,3000.0,27.0,17.0,,0,0,0,0,0,2024-02-08 17:00:00
2024-02-08 17:30:00,19.088686,72.867919,11,VABB,300.0,1.5,22000.0,3000.0,26.0,17.0,,0,0,0,0,0,2024-02-08 17:00:00
2024-02-08 18:00:00,19.088686,72.867919,11,VABB,,0.0,,2000.0,24.0,17.6,1014.9,0,0,0,0,0,2024-02-08 18:00:00
2024-02-08 18:00:00,19.088686,72.867919,11,VABB,20.0,1.5,22000.0,3000.0,25.0,16.0,,0,0,0,0,0,2024-02-08 18:00:00
2024-02-08 18:30:00,19.088686,72.867919,11,VABB,350.0,1.5,22000.0,3000.0,26.0,16.0,,0,0,0,0,0,2024-02-08 18:00:00
2024-02-08 19:00:00,19.088686,72.867919,11,VABB,0.0,0.0,22000.0,2500.0,25.0,16.0,,0,0,0,0,0,2024-02-08 19:00:00
2024-02-08 19:30:00,19.088686,72.867919,11,VABB,350.0,1.5,22000.0,2500.0,25.0,16.0,,0,0,0,0,0,2024-02-08 19:00:00
2024-02-08 20:00:00,19.088686,72.867919,11,VABB,0.0,0.0,22000.0,2500.0,24.0,16.0,,0,0,0,0,0,2024-02-08 20:00:00
2024-02-08 20:30:00,19.088686,72.867919,11,VABB,0.0,0.0,22000.0,2500.0,24.0,16.0,,0,1,0,0,0,2024-02-08 20:00:00
2024-02-08 21:00:00,19.088686,72.867919,11,VABB,,0.0,,2000.0,21.8,16.6,1013.3,0,0,0,0,0,2024-02-08 21:00:00
2024-02-08 21:00:00,19.088686,72.867919,11,VABB,0.0,0.0,22000.0,2500.0,24.0,16.0,,0,1,0,0,0,2024-02-08 21:00:00
2024-02-08 21:30:00,19.088686,72.867919,11,VABB,30.0,2.1,22000.0,2500.0,25.0,17.0,,0,1,0,0,0,2024-02-08 21:00:00
2024-02-08 22:00:00,19.088686,72.867919,11,VABB,20.0,1.5,22000.0,2500.0,25.0,17.0,,0,1,0,0,0,2024-02-08 22:00:00
2024-02-08 22:30:00,19.088686,72.867919,11,VABB,0.0,0.0,22000.0,2500.0,23.0,17.0,,0,1,0,0,0,2024-02-08 22:00:00
2024-02-08 23:00:00,19.088686,72.867919,11,VABB,0.0,0.0,22000.0,2500.0,24.0,17.0,,0,1,0,0,0,2024-02-08 23:00:00
2024-02-08 23:30:00,19.088686,72.867919,11,VABB,0.0,0.0,22000.0,2500.0,25.0,17.0,,0,1,0,0,0,2024-02-08 23:00:00
2024-02-09 00:00:00,19.088686,72.867919,11,VABB,,0.0,,2000.0,20.2,16.6,1013.3,0,0,0,0,0,2024-02-09 00:00:00
2024-02-09 00:00:00,19.088686,72.867919,11,VABB,180.0,2.1,22000.0,2500.0,24.0,17.0,,0,1,0,0,0,2024-02-09 00:00:00
2024-02-09 00:30:00,19.088686,72.867919,11,VABB,220.0,1.5,22000.0,2500.0,24.0,16.0,,0,1,0,0,0,2024-02-09 00:00:00
2024-02-09 01:00:00,19.088686,72.867919,11,VABB,0.0,0.0,22000.0,2500.0,24.0,16.0,,0,1,0,0,0,2024-02-09 01:00:00
2024-02-09 01:30:00,19.088686,72.867919,11,VABB,330.0,1.5,22000.0,2100.0,24.0,16.0,,0,1,0,0,0,2024-02-09 01:00:00
2024-02-09 02:00:00,19.088686,72.867919,11,VABB,280.0,2.1,22000.0,2100.0,24.0,16.0,,0,1,0,0,0,2024-02-09 02:00:00
2024-02-09 02:30:00,19.088686,72.867919,11,VABB,40.0,2.6,22000.0,1800.0,25.0,17.0,,0,1,0,0,0,2024-02-09 02:00:00
2024-02-09 03:00:00,19.088686,72.867919,11,VABB,,0.0,22000.0,2000.0,21.2,17.3,1015.7,0,0,0,0,0,2024-02-09 03:00:00
2024-02-09 03:00:00,19.088686,72.867919,11,VABB,80.0,2.1,22000.0,1800.0,25.0,18.0,,0,1,0,0,0,2024-02-09 03:00:00
2024-02-09 03:30:00,19.088686,72.867919,11,VABB,50.0,2.1,22000.0,1800.0,25.0,17.0,,0,1,0,0,0,2024-02-09 03:00:00
2024-02-09 04:00:00,19.088686,72.867919,11,VABB,60.0,2.1,22000.0,2100.0,25.0,17.0,,0,1,0,0,0,2024-02-09 04:00:00
2024-02-09 04:30:00,19.088686,72.867919,11,VABB,200.0,1.5,22000.0,2100.0,28.0,16.0,,0,1,0,0,0,2024-02-09 04:00:00
2024-02-09 05:00:00,19.088686,72.867919,11,VABB,140.0,2.1,22000.0,2100.0,30.0,16.0,,0,1,0,0,0,2024-02-09 05:00:00
2024-02-09 05:30:00,19.088686,72.867919,11,VABB,40.0,2.6,22000.0,2100.0,30.0,16.0,,0,0,0,0,0,2024-02-09 05:00:00
2024-02-09 06:00:00,19.088686,72.867919,11,VABB,320.0,1.5,,2000.0,30.6,16.2,1016.4,0,0,0,0,0,2024-02-09 06:00:00
2024-02-09 06:00:00,19.088686,72.867919,11,VABB,350.0,2.6,22000.0,2200.0,31.0,16.0,,0,0,0,0,0,2024-02-09 06:00:00
2024-02-09 06:30:00,19.088686,72.867919,11,VABB,260.0,4.6,22000.0,2200.0,30.0,16.0,,0,0,0,0,0,2024-02-09 06:00:00
2024-02-09 07:00:00,19.088686,72.867919,11,VABB,250.0,5.1,22000.0,2200.0,31.0,17.0,,0,0,0,0,0,2024-02-09 07:00:00
2024-02-09 07:30:00,19.088686,72.867919,11,VABB,270.0,5.7,22000.0,2500.0,31.0,17.0,,0,0,0,0,0,2024-02-09 07:00:00
2024-02-09 08:00:00,19.088686,72.867919,11,VABB,300.0,4.1,22000.0,2500.0,31.0,16.0,,0,0,0,0,0,2024-02-09 08:00:00
2024-02-09 08:30:00,19.088686,72.867919,11,VABB,310.0,3.6,22000.0,2800.0,31.0,14.0,,0,0,0,0,0,2024-02-09 08:00:00
2024-02-09 09:00:00,19.088686,72.867919,11,VABB,320.0,3.1,,2000.0,31.6,15.9,1013.6,0,0,0,0,0,2024-02-09 09:00:00
2024-02-09 09:00:00,19.088686,72.867919,11,VABB,310.0,5.1,22000.0,2800.0,31.0,15.0,,0,0,0,0,0,2024-02-09 09:00:00
2024-02-09 09:30:00,19.088686,72.867919,11,VABB,300.0,4.6,22000.0,3000.0,32.0,16.0,,0,0,0,0,0,2024-02-09 09:00:00
2024-02-09 10:00:00,19.088686,72.867919,11,VABB,310.0,4.6,22000.0,3500.0,32.0,15.0,,0,0,0,0,0,2024-02-09 10:00:00
2024-02-09 10:30:00,19.088686,72.867919,11,VABB,310.0,4.6,22000.0,3500.0,31.0,14.0,,0,0,0,0,0,2024-02-09 10:00:00
2024-02-09 11:00:00,19.088686,72.867919,11,VABB,320.0,4.6,22000.0,3500.0,31.0,12.0,,0,0,0,0,0,2024-02-09 11:00:00
2024-02-09 11:30:00,19.088686,72.867919,11,VABB,300.0,4.6,22000.0,3500.0,31.0,13.0,,0,0,0,0,0,2024-02-09 11:00:00
2024-02-09 12:00:00,19.088686,72.867919,11,VABB,320.0,3.1,,2000.0,29.6,12.7,1012.7,0,0,0,0,0,2024-02-09 12:00:00
2024-02-09 12:00:00,19.088686,72.867919,11,VABB,330.0,3.6,22000.0,3500.0,30.0,14.0,,0,0,0,0,0,2024-02-09 12:00:00
2024-02-09 12:30:00,19.088686,72.867919,11,VABB,320.0,3.1,22000.0,3500.0,29.0,13.0,,0,0,0,0,0,2024-02-09 12:00:00
2024-02-09 13:00:00,19.088686,72.867919,11,VABB,310.0,3.1,22000.0,3000.0,28.0,14.0,,0,0,0,0,0,2024-02-09 13:00:00
2024-02-09 13:30:00,19.088686,72.867919,11,VABB,310.0,2.6,22000.0,3000.0,27.0,14.0,,0,0,0,0,0,2024-02-09 13:00:00
2024-02-09 14:00:00,19.088686,72.867919,11,VABB,310.0,3.1,22000.0,3000.0,27.0,14.0,,0,0,0,0,0,2024-02-09 14:00:00
2024-02-09 14:30:00,19.088686,72.867919,11,VABB,310.0,2.6,22000.0,3000.0,27.0,15.0,,0,0,0,0,0,2024-02-09 14:00:00
2024-02-09 15:00:00,19.088686,72.867919,11,VABB,320.0,3.1,,2000.0,25.8,15.6,1015.0,0,0,0,0,0,2024-02-09 15:00:00
2024-02-09 15:00:00,19.088686,72.867919,11,VABB,330.0,2.1,22000.0,3000.0,26.0,16.0,,0,0,0,0,0,2024-02-09 15:00:00
2024-02-09 15:30:00,19.088686,72.867919,11,VABB,350.0,2.1,22000.0,3000.0,26.0,13.0,,0,0,0,0,0,2024-02-09 15:00:00
2024-02-09 16:00:00,19.088686,72.867919,11,VABB,0.0,0.0,22000.0,3000.0,26.0,13.0,,0,0,0,0,0,2024-02-09 16:00:00
2024-02-09 16:30:00,19.088686,72.867919,11,VABB,60.0,1.5,22000.0,2500.0,26.0,14.0,,0,0,0,0,0,2024-02-09 16:00:00
2024-02-09 17:00:00,19.088686,72.867919,11,VABB,10.0,3.1,22000.0,2500.0,26.0,13.0,,0,0,0,0,0,2024-02-09 17:00:00
2024-02-09 17:30:00,19.088686,72.867919,11,VABB,30.0,4.6,22000.0,2500.0,27.0,11.0,,0,0,0,0,0,2024-02-09 17:00:00
2024-02-09 18:00:00,19.088686,72.867919,11,VABB,,0.0,,2000.0,22.0,14.2,1016.3,0,0,0,0,0,2024-02-09 18:00:00
2024-02-09 18:00:00,19.088686,72.867919,11,VABB,350.0,2.1,22000.0,2500.0,26.0,11.0,,0,0,0,0,0,2024-02-09 18:00:00
2024-02-09 18:30:00,19.088686,72.867919,11,VABB,50.0,4.6,22000.0,2500.0,27.0,12.0,,0,0,0,0,0,2024-02-09 18:00:00
2024-02-09 19:00:00,19.088686,72.867919,11,VABB,20.0,2.1,22000.0,2500.0,26.0,11.0,,0,0,0,0,0,2024-02-09 19:00:00
2024-02-09 19:30:00,19.088686,72.867919,11,VABB,20.0,3.1,22000.0,2500.0,25.0,11.0,,0,0,0,0,0,2024-02-09 19:00:00
2024-02-09 20:00:00,19.088686,72.867919,11,VABB,10.0,2.6,22000.0,2500.0,25.0,11.0,,0,0,0,0,0,2024-02-09 20:00:00
2024-02-09 20:30:00,19.088686,72.867919,11,VABB,10.0,2.6,22000.0,2500.0,25.0,11.0,,0,0,0,0,0,2024-02-09 20:00:00
2024-02-09 21:00:00,19.088686,72.867919,11,VABB,,0.0,,2000.0,19.8,12.3,1015.1,0,0,0,0,0,2024-02-09 21:00:00
2024-02-09 21:00:00,19.088686,72.867919,11,VABB,350.0,4.6,22000.0,2500.0,25.0,10.0,,0,0,0,0,0,2024-02-09 21:00:00
2024-02-09 21:30:00,19.088686,72.867919,11,VABB,360.0,2.6,22000.0,2500.0,25.0,10.0,,0,0,0,0,0,2024-02-09 21:00:00
2024-02-09 22:00:00,19.088686,72.867919,11,VABB,20.0,2.6,22000.0,2500.0,24.0,11.0,,0,0,0,0,0,2024-02-09 22:00:00
2024-02-09 22:30:00,19.088686,72.867919,11,VABB,20.0,2.1,22000.0,2500.0,24.0,11.0,,0,0,0,0,0,2024-02-09 22:00:00
2024-02-09 23:00:00,19.088686,72.867919,11,VABB,120.0,2.1,22000.0,2500.0,24.0,12.0,,0,0,0,0,0,2024-02-09 23:00:00
2024-02-09 23:30:00,19.088686,72.867919,11,VABB,0.0,0.0,22000.0,2500.0,24.0,13.0,,0,0,0,0,0,2024-02-09 23:00:00
2024-02-10 00:00:00,19.088686,72.867919,11,VABB,,0.0,,2000.0,18.6,12.1,1014.7,0,0,0,0,0,2024-02-10 00:00:00
2024-02-10 00:00:00,19.088686,72.867919,11,VABB,0.0,0.0,22000.0,2500.0,24.0,13.0,,0,0,0,0,0,2024-02-10 00:00:00
2024-02-10 00:30:00,19.088686,72.867919,11,VABB,230.0,2.1,22000.0,2500.0,23.0,12.0,,0,0,0,0,0,2024-02-10 00:00:00
2024-02-10 01:00:00,19.088686,72.867919,11,VABB,220.0,2.1,22000.0,2500.0,23.0,12.0,,0,0,0,0,0,2024-02-10 01:00:00
2024-02-10 01:30:00,19.088686,72.867919,11,VABB,0.0,0.0,22000.0,2500.0,23.0,12.0,,0,0,0,0,0,2024-02-10 01:00:00
2024-02-10 02:00:00,19.088686,72.867919,11,VABB,0.0,0.0,22000.0,2100.0,23.0,12.0,,0,0,0,0,0,2024-02-10 02:00:00
2024-02-10 02:30:00,19.088686,72.867919,11,VABB,350.0,1.5,22000.0,1800.0,24.0,13.0,,0,0,0,0,0,2024-02-10 02:00:00
2024-02-10 03:00:00,19.088686,72.867919,11,VABB,,0.0,,2000.0,19.0,14.5,1016.6,0,0,0,0,0,2024-02-10 03:00:00
2024-02-10 03:00:00,19.088686,72.867919,11,VABB,50.0,2.1,22000.0,1800.0,25.0,13.0,,0,0,0,0,0,2024-02-10 03:00:00
2024-02-10 03:30:00,19.088686,72.867919,11,VABB,20.0,2.1,22000.0,2100.0,25.0,12.0,,0,0,0,0,0,2024-02-10 03:00:00
2024-02-10 04:00:00,19.088686,72.867919,11,VABB,30.0,3.6,22000.0,2100.0,27.0,11.0,,0,0,0,0,0,2024-02-10 04:00:00
2024-02-10 04:30:00,19.088686,72.867919,11,VABB,300.0,1.5,22000.0,2100.0,27.0,11.0,,0,0,0,0,0,2024-02-10 04:00:00
2024-02-10 05:00:00,19.088686,72.867919,11,VABB,30.0,2.6,22000.0,2200.0,29.0,11.0,,0,0,0,0,0,2024-02-10 05:00:00
2024-02-10 05:30:00,19.088686,72.867919,11,VABB,260.0,2.1,22000.0,2200.0,29.0,11.0,,0,0,0,0,0,2024-02-10 05:00:00
2024-02-10 06:00:00,19.088686,72.867919,11,VABB,,0.0,,2000.0,29.2,12.1,1016.9,0,0,0,0,0,2024-02-10 06:00:00
2024-02-10 06:00:00,19.088686,72.867919,11,VABB,330.0,2.1,22000.0,2200.0,30.0,12.0,,0,0,0,0,0,2024-02-10 06:00:00
2024-02-10 06:30:00,19.088686,72.867919,11,VABB,20.0,3.6,22000.0,2200.0,31.0,10.0,,0,0,0,0,0,2024-02-10 06:00:00
2024-02-10 07:00:00,19.088686,72.867919,11,VABB,250.0,5.1,22000.0,2200.0,30.0,15.0,,0,0,0,0,0,2024-02-10 07:00:00
2024-02-10 07:30:00,19.088686,72.867919,11,VABB,300.0,4.6,22000.0,2500.0,31.0,13.0,,0,0,0,0,0,2024-02-10 07:00:00
2024-02-10 08:00:00,19.088686,72.867919,11,VABB,270.0,5.1,22000.0,2500.0,31.0,13.0,,0,0,0,0,0,2024-02-10 08:00:00
2024-02-10 08:30:00,19.088686,72.867919,11,VABB,290.0,6.7,22000.0,2200.0,31.0,13.0,,0,0,0,0,0,2024-02-10 08:00:00
2024-02-10 09:00:00,19.088686,72.867919,11,VABB,320.0,2.6,,2000.0,30.4,14.3,1014.6,0,0,0,0,0,2024-02-10 09:00:00
2024-02-10 09:00:00,19.088686,72.867919,11,VABB,290.0,5.7,22000.0,2500.0,31.0,13.0,,0,0,0,0,0,2024-02-10 09:00:00
2024-02-10 09:30:00,19.088686,72.867919,11,VABB,310.0,4.1,22000.0,3000.0,31.0,9.0,,0,0,0,0,0,2024-02-10 09:00:00
2024-02-10 10:00:00,19.088686,72.867919,11,VABB,320.0,5.1,22000.0,3000.0,30.0,11.0,,0,0,0,0,0,2024-02-10 10:00:00
2024-02-10 10:30:00,19.088686,72.867919,11,VABB,310.0,6.7,22000.0,3000.0,30.0,12.0,,0,0,0,0,0,2024-02-10 10:00:00
2024-02-10 11:00:00,19.088686,72.867919,11,VABB,320.0,5.1,22000.0,3000.0,29.0,11.0,,0,0,0,0,0,2024-02-10 11:00:00
2024-02-10 11:30:00,19.088686,72.867919,11,VABB,330.0,4.6,22000.0,3000.0,29.0,12.0,,0,0,0,0,0,2024-02-10 11:00:00
2024-02-10 12:00:00,19.088686,72.867919,11,VABB,320.0,4.1,,2000.0,28.4,13.7,1014.3,0,0,0,0,0,2024-02-10 12:00:00
2024-02-10 12:00:00,19.088686,72.867919,11,VABB,350.0,2.6,22000.0,4000.0,28.0,10.0,,0,0,0,0,0,2024-02-10 12:00:00
2024-02-10 12:30:00,19.088686,72.867919,11,VABB,340.0,2.6,22000.0,4000.0,27.0,11.0,,0,0,0,0,0,2024-02-10 12:00:00
2024-02-10 13:00:00,19.088686,72.867919,11,VABB,10.0,2.1,22000.0,3500.0,27.0,11.0,,0,0,0,0,0,2024-02-10 13:00:00
2024-02-10 13:30:00,19.088686,72.867919,11,VABB,10.0,2.6,22000.0,3500.0,27.0,10.0,,0,0,0,0,0,2024-02-10 13:00:00
2024-02-10 14:00:00,19.088686,72.867919,11,VABB,350.0,1.5,22000.0,3000.0,26.0,9.0,,0,0,0,0,0,2024-02-10 14:00:00
2024-02-10 14:30:00,19.088686,72.867919,11,VABB,330.0,3.1,22000.0,3000.0,27.0,9.0,,0,0,0,0,0,2024-02-10 14:00:00
2024-02-10 15:00:00,19.088686,72.867919,11,VABB,50.0,1.5,,2000.0,24.6,13.3,1016.3,0,0,0,0,0,2024-02-10 15:00:00
2024-02-10 15:00:00,19.088686,72.867919,11,VABB,330.0,4.1,22000.0,3000.0,27.0,9.0,,0,0,0,0,0,2024-02-10 15:00:00
2024-02-10 15:30:00,19.088686,72.867919,11,VABB,320.0,2.6,22000.0,3000.0,26.0,10.0,,0,0,0,0,0,2024-02-10 15:00:00
2024-02-10 16:00:00,19.088686,72.867919,11,VABB,160.0,2.6,22000.0,3000.0,26.0,13.0,,0,0,0,0,0,2024-02-10 16:00:00
2024-02-10 16:30:00,19.088686,72.867919,11,VABB,40.0,2.6,22000.0,2500.0,25.0,13.0,,0,0,0,0,0,2024-02-10 16:00:00
2024-02-10 17:00:00,19.088686,72.867919,11,VABB,10.0,2.6,22000.0,2500.0,25.0,12.0,,0,0,0,0,0,2024-02-10 17:00:00
2024-02-10 17:30:00,19.088686,72.867919,11,VABB,50.0,3.6,22000.0,2500.0,26.0,9.0,,0,0,0,0,0,2024-02-10 17:00:00
2024-02-10 18:00:00,19.088686,72.867919,11,VABB,,0.0,,2000.0,21.4,13.8,1017.0,0,0,0,0,0,2024-02-10 18:00:00
2024-02-10 18:00:00,19.088686,72.867919,11,VABB,70.0,1.5,22000.0,2500.0,25.0,8.0,,0,0,0,0,0,2024-02-10 18:00:00
2024-02-10 18:30:00,19.088686,72.867919,11,VABB,120.0,2.6,22000.0,2500.0,25.0,8.0,,0,0,0,0,0,2024-02-10 18:00:00
2024-02-10 19:00:00,19.088686,72.867919,11,VABB,150.0,3.1,22000.0,2500.0,25.0,9.0,,0,0,0,0,0,2024-02-10 19:00:00
2024-02-10 19:30:00,19.088686,72.867919,11,VABB,140.0,1.5,22000.0,2500.0,25.0,9.0,,0,0,0,0,0,2024-02-10 19:00:00
2024-02-10 20:00:00,19.088686,72.867919,11,VABB,310.0,2.1,22000.0,2500.0,24.0,9.0,,0,0,0,0,0,2024-02-10 20:00:00
2024-02-10 20:30:00,19.088686,72.867919,11,VABB,0.0,0.0,22000.0,2500.0,24.0,9.0,,0,0,0,0,0,2024-02-10 20:00:00
2024-02-10 21:00:00,19.088686,72.867919,11,VABB,,0.0,,2000.0,19.0,11.8,1015.6,0,0,0,0,0,2024-02-10 21:00:00
2024-02-10 21:00:00,19.088686,72.867919,11,VABB,60.0,2.1,22000.0,2500.0,22.0,10.0,,0,0,0,0,0,2024-02-10 21:00:00
2024-02-10 21:30:00,19.088686,72.867919,11,VABB,20.0,2.1,22000.0,2500.0,23.0,10.0,,0,0,0,0,0,2024-02-10 21:00:00
2024-02-10 22:00:00,19.088686,72.867919,11,VABB,0.0,0.0,22000.0,2500.0,22.0,9.0,,0,0,0,0,0,2024-02-10 22:00:00
2024-02-10 22:30:00,19.088686,72.867919,11,VABB,0.0,0.0,22000.0,2500.0,21.0,11.0,,0,0,0,0,0,2024-02-10 22:00:00
2024-02-10 23:00:00,19.088686,72.867919,11,VABB,30.0,2.6,22000.0,2500.0,24.0,10.0,,0,0,0,0,0,2024-02-10 23:00:00
2024-02-10 23:30:00,19.088686,72.867919,11,VABB,50.0,2.6,22000.0,2500.0,23.0,8.0,,0,0,0,0,0,2024-02-10 23:00:00
2024-02-11 00:00:00,19.088686,72.867919,11,VABB,,0.0,,2000.0,17.4,11.6,1014.3,0,0,0,0,0,2024-02-11 00:00:00
2024-02-11 00:00:00,19.088686,72.867919,11,VABB,350.0,2.1,22000.0,2500.0,23.0,9.0,,0,0,0,0,0,2024-02-11 00:00:00
2024-02-11 00:30:00,19.088686,72.867919,11,VABB,0.0,0.0,22000.0,2500.0,22.0,8.0,,0,0,0,0,0,2024-02-11 00:00:00
2024-02-11 01:00:00,19.088686,72.867919,11,VABB,100.0,2.1,22000.0,2500.0,23.0,9.0,,0,0,0,0,0,2024-02-11 01:00:00
2024-02-11 01:30:00,19.088686,72.867919,11,VABB,100.0,2.1,22000.0,2100.0,22.0,10.0,,0,0,0,0,0,2024-02-11 01:00:00
2024-02-11 02:00:00,19.088686,72.867919,11,VABB,150.0,1.5,22000.0,1800.0,22.0,11.0,,0,0,0,0,0,2024-02-11 02:00:00
2024-02-11 02:30:00,19.088686,72.867919,11,VABB,60.0,2.1,22000.0,2200.0,23.0,11.0,,0,0,0,0,0,2024-02-11 02:00:00
2024-02-11 03:00:00,19.088686,72.867919,11,VABB,,0.0,,2000.0,18.4,13.5,1016.6,0,0,0,0,0,2024-02-11 03:00:00
2024-02-11 03:00:00,19.088686,72.867919,11,VABB,120.0,1.5,22000.0,2200.0,24.0,11.0,,0,0,0,0,0,2024-02-11 03:00:00
2024-02-11 03:30:00,19.088686,72.867919,11,VABB,,1.5,22000.0,2200.0,24.0,11.0,,0,0,0,1,0,2024-02-11 03:00:00
2024-02-11 04:00:00,19.088686,72.867919,11,VABB,0.0,0.0,22000.0,2200.0,25.0,11.0,,0,0,0,0,0,2024-02-11 04:00:00
2024-02-11 04:30:00,19.088686,72.867919,11,VABB,0.0,0.0,22000.0,2200.0,27.0,11.0,,0,0,0,0,0,2024-02-11 04:00:00
2024-02-11 05:00:00,19.088686,72.867919,11,VABB,50.0,2.1,22000.0,2200.0,28.0,11.0,,0,0,0,0,0,2024-02-11 05:00:00
2024-02-11 05:30:00,19.088686,72.867919,11,VABB,50.0,2.6,22000.0,2200.0,29.0,11.0,,0,0,0,0,0,2024-02-11 05:00:00
2024-02-11 06:00:00,19.088686,72.867919,11,VABB,,0.0,,2000.0,30.0,13.3,1017.9,0,0,0,0,0,2024-02-11 06:00:00
2024-02-11 06:00:00,19.088686,72.867919,11,VABB,100.0,1.5,22000.0,2500.0,31.0,12.0,,0,0,0,0,0,2024-02-11 06:00:00
2024-02-11 06:30:00,19.088686,72.867919,11,VABB,30.0,3.1,22000.0,2500.0,31.0,10.0,,0,0,0,0,0,2024-02-11 06:00:00
2024-02-11 07:00:00,19.088686,72.867919,11,VABB,270.0,4.1,22000.0,2500.0,30.0,14.0,,0,0,0,0,0,2024-02-11 07:00:00
2024-02-11 07:30:00,19.088686,72.867919,11,VABB,260.0,5.7,22000.0,2500.0,30.0,15.0,,0,0,0,0,0,2024-02-11 07:00:00
2024-02-11 08:00:00,19.088686,72.867919,11,VABB,260.0,4.6,22000.0,2500.0,31.0,15.0,,0,0,0,0,0,2024-02-11 08:00:00
2024-02-11 08:30:00,19.088686,72.867919,11,VABB,270.0,5.1,22000.0,2500.0,31.0,16.0,,0,0,0,0,0,2024-02-11 08:00:00
2024-02-11 09:00:00,19.088686,72.867919,11,VABB,320.0,2.1,,2000.0,32.2,15.9,1014.7,0,0,0,0,0,2024-02-11 09:00:00
2024-02-11 09:00:00,19.088686,72.867919,11,VABB,270.0,5.1,22000.0,2500.0,31.0,15.0,,0,0,0,0,0,2024-02-11 09:00:00
2024-02-11 09:30:00,19.088686,72.867919,11,VABB,290.0,5.1,22000.0,2500.0,31.0,16.0,,0,0,0,0,0,2024-02-11 09:00:00
2024-02-11 10:00:00,19.088686,72.867919,11,VABB,310.0,4.6,22000.0,3000.0,31.0,15.0,,0,0,0,0,0,2024-02-11 10:00:00
2024-02-11 10:30:00,19.088686,72.867919,11,VABB,280.0,5.7,22000.0,3500.0,30.0,15.0,,0,0,0,0,0,2024-02-11 10:00:00
2024-02-11 11:00:00,19.088686,72.867919,11,VABB,320.0,5.1,22000.0,4000.0,29.0,14.0,,0,0,0,0,0,2024-02-11 11:00:00
2024-02-11 11:30:00,19.088686,72.867919,11,VABB,320.0,5.1,22000.0,4000.0,29.0,15.0,,0,0,0,0,0,2024-02-11 11:00:00
2024-02-11 12:00:00,19.088686,72.867919,11,VABB,320.0,3.1,22000.0,2000.0,28.6,16.8,1014.2,0,0,0,0,0,2024-02-11 12:00:00
2024-02-11 12:00:00,19.088686,72.867919,11,VABB,340.0,5.1,22000.0,4000.0,28.0,15.0,,0,0,0,0,0,2024-02-11 12:00:00
2024-02-11 12:30:00,19.088686,72.867919,11,VABB,320.0,4.1,10000.0,4000.0,27.0,14.0,,0,0,0,0,0,2024-02-11 12:00:00
2024-02-11 13:00:00,19.088686,72.867919,11,VABB,300.0,4.6,10000.0,3500.0,27.0,15.0,,0,0,0,0,0,2024-02-11 13:00:00
2024-02-11 13:30:00,19.088686,72.867919,11,VABB,320.0,3.1,10000.0,3500.0,26.0,15.0,,0,0,0,0,0,2024-02-11 13:00:00
2024-02-11 14:00:00,19.088686,72.867919,11,VABB,330.0,3.1,22000.0,3000.0,27.0,15.0,,0,0,0,0,0,2024-02-11 14:00:00
2024-02-11 14:30:00,19.088686,72.867919,11,VABB,310.0,2.1,22000.0,3000.0,26.0,15.0,,0,0,0,0,0,2024-02-11 14:00:00
2024-02-11 15:00:00,19.088686,72.867919,11,VABB,,0.0,,2000.0,25.2,16.1,1016.0,0,0,0,0,0,2024-02-11 15:00:00
2024-02-11 15:00:00,19.088686,72.867919,11,VABB,40.0,1.5,22000.0,3000.0,26.0,14.0,,0,0,0,0,0,2024-02-11 15:00:00
2024-02-11 15:30:00,19.088686,72.867919,11,VABB,20.0,3.1,22000.0,3000.0,26.0,14.0,,0,0,0,0,0,2024-02-11 15:00:00
2024-02-11 16:00:00,19.088686,72.867919,11,VABB,30.0,2.6,22000.0,3000.0,26.0,14.0,,0,0,0,0,0,2024-02-11 16:00:00
2024-02-11 16:30:00,19.088686,72.867919,11,VABB,10.0,2.1,22000.0,3000.0,26.0,13.0,,0,0,0,0,0,2024-02-11 16:00:00
2024-02-11 17:00:00,19.088686,72.867919,11,VABB,130.0,2.1,22000.0,3000.0,26.0,11.0,,0,0,0,0,0,2024-02-11 17:00:00
2024-02-11 17:30:00,19.088686,72.867919,11,VABB,190.0,1.5,22000.0,3000.0,26.0,11.0,,0,0,0,0,0,2024-02-11 17:00:00
2024-02-11 18:00:00,19.088686,72.867919,11,VABB,,0.0,,2000.0,21.2,14.4,1017.1,0,0,0,0,0,2024-02-11 18:00:00
2024-02-11 18:00:00,19.088686,72.867919,11,VABB,180.0,1.5,22000.0,3000.0,26.0,11.0,,0,0,0,0,0,2024-02-11 18:00:00
2024-02-11 18:30:00,19.088686,72.867919,11,VABB,0.0,0.0,22000.0,3000.0,26.0,11.0,,0,0,0,0,0,2024-02-11 18:00:00
2024-02-11 19:00:00,19.088686,72.867919,11,VABB,0.0,0.0,22000.0,3000.0,24.0,13.0,,0,0,0,0,0,2024-02-11 19:00:00
2024-02-11 19:30:00,19.088686,72.867919,11,VABB,0.0,0.0,22000.0,2500.0,24.0,12.0,,0,0,0,0,0,2024-02-11 19:00:00
2024-02-11 20:00:00,19.088686,72.867919,11,VABB,0.0,0.0,22000.0,2500.0,23.0,13.0,,0,0,0,0,0,2024-02-11 20:00:00
2024-02-11 20:30:00,19.088686,72.867919,11,VABB,0.0,0.0,22000.0,2500.0,22.0,12.0,,0,0,0,0,0,2024-02-11 20:00:00
2024-02-11 21:00:00,19.088686,72.867919,11,VABB,,0.0,,2000.0,19.4,14.2,1015.2,0,0,0,0,0,2024-02-11 21:00:00
2024-02-11 21:00:00,19.088686,72.867919,11,VABB,0.0,0.0,22000.0,2500.0,23.0,12.0,,0,0,0,0,0,2024-02-11 21:00:00
2024-02-11 21:30:00,19.088686,72.867919,11,VABB,0.0,0.0,22000.0,2500.0,23.0,12.0,,0,0,0,0,0,2024-02-11 21:00:00
2024-02-11 22:00:00,19.088686,72.867919,11,VABB,330.0,2.1,22000.0,2500.0,24.0,13.0,,0,0,0,0,0,2024-02-11 22:00:00
2024-02-11 22:30:00,19.088686,72.867919,11,VABB,0.0,0.0,22000.0,2500.0,22.0,13.0,,0,0,0,0,0,2024-02-11 22:00:00
2024-02-11 23:00:00,19.088686,72.867919,11,VABB,0.0,0.0,22000.0,2500.0,23.0,13.0,,0,0,0,0,0,2024-02-11 23:00:00
2024-02-11 23:30:00,19.088686,72.867919,11,VABB,0.0,0.0,22000.0,2500.0,22.0,13.0,,0,0,0,0,0,2024-02-11 23:00:00
2024-02-12 00:00:00,19.088686,72.867919,11,VABB,,0.0,,2000.0,18.2,14.8,1014.7,0,0,0,0,0,2024-02-12 00:00:00
2024-02-12 00:00:00,19.088686,72.867919,11,VABB,30.0,2.1,22000.0,2500.0,23.0,12.0,,0,0,0,0,0,2024-02-12 00:00:00
2024-02-12 00:30:00,19.088686,72.867919,11,VABB,20.0,2.1,22000.0,2200.0,22.0,13.0,,0,0,0,0,0,2024-02-12 00:00:00
2024-02-12 01:00:00,19.088686,72.867919,11,VABB,70.0,1.5,22000.0,2200.0,23.0,14.0,,0,0,0,0,0,2024-02-12 01:00:00
2024-02-12 01:30:00,19.088686,72.867919,11,VABB,0.0,0.0,22000.0,1500.0,23.0,14.0,,0,0,0,0,0,2024-02-12 01:00:00
2024-02-12 02:00:00,19.088686,72.867919,11,VABB,90.0,2.1,22000.0,1600.0,23.0,14.0,,0,0,0,0,0,2024-02-12 02:00:00
2024-02-12 02:30:00,19.088686,72.867919,11,VABB,0.0,0.0,22000.0,1800.0,24.0,14.0,,0,0,0,0,0,2024-02-12 02:00:00
2024-02-12 03:00:00,19.088686,72.867919,11,VABB,,0.0,22000.0,2000.0,18.4,15.4,1016.5,0,0,0,0,0,2024-02-12 03:00:00
2024-02-12 03:00:00,19.088686,72.867919,11,VABB,0.0,0.0,10000.0,1900.0,24.0,14.0,,0,0,0,0,0,2024-02-12 03:00:00
2024-02-12 03:30:00,19.088686,72.867919,11,VABB,70.0,2.1,22000.0,1800.0,25.0,14.0,,0,0,0,0,0,2024-02-12 03:00:00
2024-02-12 04:00:00,19.088686,72.867919,11,VABB,110.0,3.1,22000.0,1800.0,26.0,14.0,,0,0,0,0,0,2024-02-12 04:00:00
2024-02-12 04:30:00,19.088686,72.867919,11,VABB,90.0,2.1,22000.0,1700.0,27.0,14.0,,0,0,0,0,0,2024-02-12 04:00:00
2024-02-12 05:00:00,19.088686,72.867919,11,VABB,40.0,2.6,22000.0,2100.0,28.0,14.0,,0,0,0,0,0,2024-02-12 05:00:00
2024-02-12 05:30:00,19.088686,72.867919,11,VABB,350.0,2.6,22000.0,2100.0,29.0,13.0,,0,0,0,0,0,2024-02-12 05:00:00
2024-02-12 06:00:00,19.088686,72.867919,11,VABB,,0.0,22000.0,2000.0,29.8,12.5,1017.1,0,0,0,0,0,2024-02-12 06:00:00
2024-02-12 06:00:00,19.088686,72.867919,11,VABB,340.0,1.5,22000.0,2200.0,30.0,12.0,,0,0,0,0,0,2024-02-12 06:00:00
2024-02-12 06:30:00,19.088686,72.867919,11,VABB,280.0,3.1,22000.0,2200.0,30.0,16.0,,0,0,0,0,0,2024-02-12 06:00:00
2024-02-12 07:00:00,19.088686,72.867919,11,VABB,260.0,4.1,22000.0,2200.0,30.0,16.0,,0,0,0,0,0,2024-02-12 07:00:00
2024-02-12 07:30:00,19.088686,72.867919,11,VABB,270.0,4.1,22000.0,2200.0,31.0,16.0,,0,0,0,0,0,2024-02-12 07:00:00
2024-02-12 08:00:00,19.088686,72.867919,11,VABB,260.0,4.6,22000.0,2500.0,31.0,16.0,,0,0,0,0,0,2024-02-12 08:00:00
2024-02-12 08:30:00,19.088686,72.867919,11,VABB,250.0,4.6,22000.0,2500.0,32.0,12.0,,0,0,0,0,0,2024-02-12 08:00:00
2024-02-12 09:00:00,19.088686,72.867919,11,VABB,230.0,1.5,22000.0,2000.0,32.0,18.5,1014.2,0,0,0,0,0,2024-02-12 09:00:00
2024-02-12 09:00:00,19.088686,72.867919,11,VABB,250.0,5.7,10000.0,2500.0,32.0,16.0,,0,0,0,0,0,2024-02-12 09:00:00
2024-02-12 09:30:00,19.088686,72.867919,11,VABB,260.0,4.6,10000.0,2500.0,32.0,10.0,,0,0,0,0,0,2024-02-12 09:00:00
2024-02-12 10:00:00,19.088686,72.867919,11,VABB,280.0,4.1,10000.0,3000.0,32.0,9.0,,0,0,0,0,0,2024-02-12 10:00:00
2024-02-12 10:30:00,19.088686,72.867919,11,VABB,240.0,4.6,10000.0,3000.0,32.0,11.0,,0,0,0,0,0,2024-02-12 10:00:00
2024-02-12 11:00:00,19.088686,72.867919,11,VABB,250.0,5.7,10000.0,3000.0,31.0,12.0,,0,0,0,0,0,2024-02-12 11:00:00
2024-02-12 11:30:00,19.088686,72.867919,11,VABB,240.0,6.2,10000.0,3000.0,30.0,15.0,,0,0,0,0,0,2024-02-12 11:00:00
2024-02-12 12:00:00,19.088686,72.867919,11,VABB,,0.0,7500.0,2000.0,30.0,18.2,1013.3,0,0,0,0,0,2024-02-12 12:00:00
2024-02-12 12:00:00,19.088686,72.867919,11,VABB,300.0,4.1,10000.0,2500.0,29.0,17.0,,0,0,0,0,0,2024-02-12 12:00:00
2024-02-12 12:30:00,19.088686,72.867919,11,VABB,280.0,3.6,10000.0,2500.0,29.0,18.0,,0,0,0,0,0,2024-02-12 12:00:00
2024-02-12 13:00:00,19.088686,72.867919,11,VABB,310.0,3.6,10000.0,2500.0,27.0,19.0,,0,0,0,0,0,2024-02-12 13:00:00
2024-02-12 13:30:00,19.088686,72.867919,11,VABB,350.0,3.1,10000.0,2100.0,27.0,19.0,,0,0,0,0,0,2024-02-12 13:00:00
2024-02-12 14:00:00,19.088686,72.867919,11,VABB,330.0,3.1,10000.0,2100.0,27.0,18.0,,0,0,0,0,0,2024-02-12 14:00:00
2024-02-12 14:30:00,19.088686,72.867919,11,VABB,310.0,3.1,10000.0,2100.0,27.0,16.0,,0,0,0,0,0,2024-02-12 14:00:00
2024-02-12 15:00:00,19.088686,72.867919,11,VABB,320.0,2.6,,2000.0,25.6,17.3,1015.5,0,0,0,0,0,2024-02-12 15:00:00
2024-02-12 15:00:00,19.088686,72.867919,11,VABB,340.0,2.6,10000.0,2100.0,27.0,16.0,,0,0,0,0,0,2024-02-12 15:00:00
2024-02-12 15:30:00,19.088686,72.867919,11,VABB,10.0,3.1,10000.0,2100.0,26.0,15.0,,0,0,0,0,0,2024-02-12 15:00:00
2024-02-12 16:00:00,19.088686,72.867919,11,VABB,310.0,2.6,22000.0,2300.0,26.0,15.0,,0,0,0,0,0,2024-02-12 16:00:00
2024-02-12 16:30:00,19.088686,72.867919,11,VABB,10.0,3.1,22000.0,2300.0,26.0,16.0,,0,0,0,0,0,2024-02-12 16:00:00
2024-02-12 18:00:00,19.088686,72.867919,11,VABB,,0.0,,2000.0,22.6,16.0,1016.4,0,0,0,0,0,2024-02-12 18:00:00
2024-02-12 18:30:00,19.088686,72.867919,11,VABB,30.0,2.1,22000.0,2300.0,26.0,14.0,,0,0,0,0,0,2024-02-12 18:00:00
2024-02-12 19:00:00,19.088686,72.867919,11,VABB,10.0,2.1,22000.0,2300.0,26.0,13.0,,0,0,0,0,0,2024-02-12 19:00:00
2024-02-12 19:30:00,19.088686,72.867919,11,VABB,70.0,2.1,22000.0,2300.0,25.0,12.0,,0,0,0,0,0,2024-02-12 19:00:00
2024-02-12 20:00:00,19.088686,72.867919,11,VABB,0.0,0.0,22000.0,2500.0,25.0,11.0,,0,0,0,0,0,2024-02-12 20:00:00
2024-02-12 20:30:00,19.088686,72.867919,11,VABB,0.0,0.0,22000.0,2500.0,24.0,12.0,,0,0,0,0,0,2024-02-12 20:00:00
2024-02-12 21:00:00,19.088686,72.867919,11,VABB,,0.0,,2000.0,20.0,14.9,1014.9,0,0,0,0,0,2024-02-12 21:00:00
2024-02-12 21:00:00,19.088686,72.867919,11,VABB,0.0,0.0,22000.0,2500.0,24.0,12.0,,0,0,0,0,0,2024-02-12 21:00:00
2024-02-12 21:30:00,19.088686,72.867919,11,VABB,240.0,2.1,22000.0,2500.0,25.0,12.0,,0,0,0,0,0,2024-02-12 21:00:00
2024-02-12 22:00:00,19.088686,72.867919,11,VABB,0.0,0.0,22000.0,2500.0,24.0,13.0,,0,0,0,0,0,2024-02-12 22:00:00
2024-02-12 22:30:00,19.088686,72.867919,11,VABB,0.0,0.0,22000.0,2500.0,24.0,13.0,,0,0,0,0,0,2024-02-12 22:00:00
2024-02-12 23:00:00,19.088686,72.867919,11,VABB,330.0,2.1,22000.0,2200.0,24.0,13.0,,0,0,0,0,0,2024-02-12 23:00:00
2024-02-12 23:30:00,19.088686,72.867919,11,VABB,70.0,1.5,22000.0,2200.0,23.0,12.0,,0,0,0,0,0,2024-02-12 23:00:00
2024-02-13 00:00:00,19.088686,72.867919,11,VABB,,0.0,,2000.0,18.8,14.7,1014.4,0,0,0,0,0,2024-02-13 00:00:00
2024-02-13 00:00:00,19.088686,72.867919,11,VABB,340.0,1.5,22000.0,2200.0,23.0,12.0,,0,0,0,0,0,2024-02-13 00:00:00
2024-02-13 00:30:00,19.088686,72.867919,11,VABB,360.0,2.1,22000.0,2200.0,23.0,11.0,,0,0,0,0,0,2024-02-13 00:00:00
2024-02-13 01:00:00,19.088686,72.867919,11,VABB,110.0,1.5,22000.0,2200.0,23.0,11.0,,0,0,1,0,0,2024-02-13 01:00:00
2024-02-13 01:30:00,19.088686,72.867919,11,VABB,350.0,1.5,22000.0,2200.0,24.0,10.0,,0,0,1,0,0,2024-02-13 01:00:00
2024-02-13 02:00:00,19.088686,72.867919,11,VABB,100.0,2.1,10000.0,2200.0,23.0,11.0,,0,0,0,0,0,2024-02-13 02:00:00
2024-02-13 02:30:00,19.088686,72.867919,11,VABB,20.0,1.5,10000.0,1800.0,23.0,12.0,,0,0,0,0,0,2024-02-13 02:00:00
2024-02-13 03:00:00,19.088686,72.867919,11,VABB,,0.0,22000.0,2000.0,19.2,14.0,1016.5,0,0,0,0,0,2024-02-13 03:00:00
2024-02-13 03:00:00,19.088686,72.867919,11,VABB,80.0,2.1,10000.0,1800.0,24.0,12.0,,0,0,0,0,0,2024-02-13 03:00:00
2024-02-13 03:30:00,19.088686,72.867919,11,VABB,40.0,2.1,10000.0,1800.0,25.0,11.0,,0,0,0,0,0,2024-02-13 03:00:00
2024-02-13 04:00:00,19.088686,72.867919,11,VABB,340.0,2.1,10000.0,1800.0,25.0,10.0,,0,0,0,0,0,2024-02-13 04:00:00
2024-02-13 04:30:00,19.088686,72.867919,11,VABB,60.0,3.1,10000.0,2200.0,27.0,9.0,,0,0,0,0,0,2024-02-13 04:00:00
2024-02-13 05:00:00,19.088686,72.867919,11,VABB,50.0,3.1,10000.0,2500.0,29.0,9.0,,0,0,0,0,0,2024-02-13 05:00:00
2024-02-13 05:30:00,19.088686,72.867919,11,VABB,50.0,4.1,10000.0,2500.0,30.0,8.0,,0,0,0,0,0,2024-02-13 05:00:00
2024-02-13 06:00:00,19.088686,72.867919,11,VABB,50.0,1.5,22000.0,2000.0,30.2,9.7,1016.3,0,0,0,0,0,2024-02-13 06:00:00
2024-02-13 06:00:00,19.088686,72.867919,11,VABB,50.0,4.1,10000.0,2500.0,30.0,6.0,,0,0,0,0,0,2024-02-13 06:00:00
2024-02-13 06:30:00,19.088686,72.867919,11,VABB,100.0,2.6,22000.0,2500.0,30.0,6.0,,0,0,0,0,0,2024-02-13 06:00:00
2024-02-13 07:00:00,19.088686,72.867919,11,VABB,90.0,2.1,22000.0,2500.0,31.0,6.0,,0,0,0,0,0,2024-02-13 07:00:00
2024-02-13 07:30:00,19.088686,72.867919,11,VABB,170.0,2.1,22000.0,3000.0,31.0,6.0,,0,0,0,0,0,2024-02-13 07:00:00
2024-02-13 08:00:00,19.088686,72.867919,11,VABB,300.0,4.1,22000.0,3000.0,30.0,14.0,,0,0,0,0,0,2024-02-13 08:00:00
2024-02-13 09:00:00,19.088686,72.867919,11,VABB,270.0,2.1,7500.0,2000.0,31.4,15.3,1013.5,0,0,0,0,0,2024-02-13 09:00:00
2024-02-13 09:30:00,19.088686,72.867919,11,VABB,280.0,6.2,22000.0,3000.0,30.0,15.0,,0,0,0,0,0,2024-02-13 09:00:00
2024-02-13 10:00:00,19.088686,72.867919,11,VABB,310.0,4.6,22000.0,3000.0,30.0,13.0,,0,0,0,0,0,2024-02-13 10:00:00
2024-02-13 10:30:00,19.088686,72.867919,11,VABB,290.0,5.1,22000.0,3000.0,29.0,14.0,,0,0,0,0,0,2024-02-13 10:00:00
2024-02-13 11:00:00,19.088686,72.867919,11,VABB,310.0,5.7,22000.0,3000.0,29.0,14.0,,0,0,0,0,0,2024-02-13 11:00:00
2024-02-13 11:30:00,19.088686,72.867919,11,VABB,320.0,6.2,22000.0,3000.0,29.0,12.0,,0,0,0,0,0,2024-02-13 11:00:00
2024-02-13 12:00:00,19.088686,72.867919,11,VABB,320.0,2.1,7500.0,2000.0,28.4,13.2,1013.1,0,0,0,0,0,2024-02-13 12:00:00
2024-02-13 12:00:00,19.088686,72.867919,11,VABB,310.0,3.1,22000.0,3000.0,29.0,13.0,,0,0,0,0,0,2024-02-13 12:00:00
2024-02-13 12:30:00,19.088686,72.867919,11,VABB,320.0,3.1,22000.0,3000.0,28.0,14.0,,0,0,0,0,0,2024-02-13 12:00:00
2024-02-13 13:00:00,19.088686,72.867919,11,VABB,320.0,2.1,22000.0,3000.0,28.0,13.0,,0,0,0,0,0,2024-02-13 13:00:00
2024-02-13 13:30:00,19.088686,72.867919,11,VABB,340.0,2.6,22000.0,3000.0,27.0,14.0,,0,0,0,0,0,2024-02-13 13:00:00
2024-02-13 14:00:00,19.088686,72.867919,11,VABB,330.0,2.6,22000.0,3000.0,27.0,14.0,,0,0,0,0,0,2024-02-13 14:00:00
2024-02-13 14:30:00,19.088686,72.867919,11,VABB,350.0,4.1,22000.0,3000.0,27.0,14.0,,0,0,0,0,0,2024-02-13 14:00:00
2024-02-13 15:00:00,19.088686,72.867919,11,VABB,360.0,2.1,,2000.0,26.0,15.5,1015.0,0,0,0,0,0,2024-02-13 15:00:00
2024-02-13 15:00:00,19.088686,72.867919,11,VABB,340.0,3.1,22000.0,2500.0,27.0,14.0,,0,0,0,0,0,2024-02-13 15:00:00
2024-02-13 15:30:00,19.088686,72.867919,11,VABB,60.0,2.1,22000.0,2500.0,27.0,14.0,,0,0,0,0,0,2024-02-13 15:00:00
2024-02-13 16:00:00,19.088686,72.867919,11,VABB,60.0,3.1,22000.0,2500.0,27.0,14.0,,0,0,0,0,0,2024-02-13 16:00:00
2024-02-13 16:30:00,19.088686,72.867919,11,VABB,50.0,2.6,22000.0,2500.0,26.0,11.0,,0,0,0,0,0,2024-02-13 16:00:00
2024-02-13 17:00:00,19.088686,72.867919,11,VABB,10.0,1.5,22000.0,2500.0,26.0,10.0,,0,0,0,0,0,2024-02-13 17:00:00
2024-02-13 17:30:00,19.088686,72.867919,11,VABB,40.0,2.6,22000.0,2500.0,27.0,9.0,,0,0,0,0,0,2024-02-13 17:00:00
2024-02-13 18:00:00,19.088686,72.867919,11,VABB,,0.0,,2000.0,22.4,13.0,1015.9,0,0,0,0,0,2024-02-13 18:00:00
2024-02-13 18:00:00,19.088686,72.867919,11,VABB,20.0,2.1,22000.0,3000.0,26.0,9.0,,0,0,0,0,0,2024-02-13 18:00:00
2024-02-13 18:30:00,19.088686,72.867919,11,VABB,20.0,3.1,22000.0,3000.0,26.0,8.0,,0,0,0,0,0,2024-02-13 18:00:00
2024-02-13 19:00:00,19.088686,72.867919,11,VABB,50.0,1.5,22000.0,3000.0,25.0,8.0,,0,0,0,0,0,2024-02-13 19:00:00
2024-02-13 19:30:00,19.088686,72.867919,11,VABB,30.0,1.5,22000.0,3000.0,26.0,8.0,,0,0,0,0,0,2024-02-13 19:00:00
2024-02-13 20:00:00,19.088686,72.867919,11,VABB,330.0,2.6,22000.0,3000.0,25.0,9.0,,0,0,0,0,0,2024-02-13 20:00:00
2024-02-13 20:30:00,19.088686,72.867919,11,VABB,340.0,3.1,22000.0,3000.0,25.0,9.0,,0,0,0,0,0,2024-02-13 20:00:00
2024-02-13 21:00:00,19.088686,72.867919,11,VABB,,0.0,,2000.0,20.2,12.0,1014.6,0,0,0,0,0,2024-02-13 21:00:00
2024-02-13 21:00:00,19.088686,72.867919,11,VABB,30.0,2.1,22000.0,3000.0,25.0,10.0,,0,0,0,0,0,2024-02-13 21:00:00
2024-02-13 21:30:00,19.088686,72.867919,11,VABB,0.0,0.0,22000.0,3000.0,24.0,10.0,,0,0,0,0,0,2024-02-13 21:00:00
2024-02-13 22:00:00,19.088686,72.867919,11,VABB,10.0,2.6,22000.0,3000.0,24.0,11.0,,0,0,0,0,0,2024-02-13 22:00:00
2024-02-13 22:30:00,19.088686,72.867919,11,VABB,0.0,0.0,22000.0,3000.0,23.0,11.0,,0,0,0,0,0,2024-02-13 22:00:00
2024-02-13 23:00:00,19.088686,72.867919,11,VABB,0.0,0.0,22000.0,3000.0,23.0,12.0,,0,0,0,0,0,2024-02-13 23:00:00
2024-02-13 23:30:00,19.088686,72.867919,11,VABB,0.0,0.0,22000.0,3000.0,24.0,11.0,,0,0,0,0,0,2024-02-13 23:00:00
2024-02-14 00:00:00,19.088686,72.867919,11,VABB,,0.0,,2000.0,19.4,12.7,1014.2,0,0,0,0,0,2024-02-14 00:00:00
2024-02-14 00:00:00,19.088686,72.867919,11,VABB,60.0,2.1,22000.0,2500.0,24.0,11.0,,0,0,0,0,0,2024-02-14 00:00:00
2024-02-14 00:30:00,19.088686,72.867919,11,VABB,50.0,1.5,22000.0,2500.0,24.0,11.0,,0,0,0,0,0,2024-02-14 00:00:00
2024-02-14 01:00:00,19.088686,72.867919,11,VABB,0.0,0.0,22000.0,2500.0,24.0,11.0,,0,0,0,0,0,2024-02-14 01:00:00
2024-02-14 01:30:00,19.088686,72.867919,11,VABB,10.0,2.6,10000.0,2200.0,25.0,11.0,,0,0,0,0,0,2024-02-14 01:00:00
2024-02-14 02:00:00,19.088686,72.867919,11,VABB,330.0,2.6,10000.0,2200.0,24.0,11.0,,0,0,0,0,0,2024-02-14 02:00:00
2024-02-14 02:30:00,19.088686,72.867919,11,VABB,30.0,2.6,10000.0,1800.0,25.0,11.0,,0,0,0,0,0,2024-02-14 02:00:00
2024-02-14 03:00:00,19.088686,72.867919,11,VABB,,0.0,7500.0,2000.0,19.8,14.3,1016.1,0,0,0,0,0,2024-02-14 03:00:00
2024-02-14 03:00:00,19.088686,72.867919,11,VABB,0.0,0.0,10000.0,1800.0,24.0,11.0,,0,0,0,0,0,2024-02-14 03:00:00
2024-02-14 03:30:00,19.088686,72.867919,11,VABB,50.0,3.6,3048.0,1800.0,27.0,11.0,,0,0,0,0,0,2024-02-14 03:00:00
2024-02-14 04:00:00,19.088686,72.867919,11,VABB,50.0,2.6,3048.0,2500.0,27.0,11.0,,0,0,0,0,0,2024-02-14 04:00:00
2024-02-14 04:30:00,19.088686,72.867919,11,VABB,50.0,3.6,10000.0,2500.0,27.0,9.0,,0,0,0,0,0,2024-02-14 04:00:00
2024-02-14 05:00:00,19.088686,72.867919,11,VABB,40.0,5.7,10000.0,2500.0,29.0,9.0,,0,0,0,0,0,2024-02-14 05:00:00
2024-02-14 05:30:00,19.088686,72.867919,11,VABB,40.0,3.6,10000.0,2500.0,30.0,9.0,,0,0,0,0,0,2024-02-14 05:00:00
2024-02-14 06:00:00,19.088686,72.867919,11,VABB,,0.0,22000.0,2000.0,30.2,10.7,1016.3,0,0,0,0,0,2024-02-14 06:00:00
2024-02-14 06:00:00,19.088686,72.867919,11,VABB,50.0,3.6,10000.0,2500.0,31.0,8.0,,0,0,0,0,0,2024-02-14 06:00:00
2024-02-14 06:30:00,19.088686,72.867919,11,VABB,40.0,3.1,10000.0,2500.0,32.0,8.0,,0,0,0,0,0,2024-02-14 06:00:00
2024-02-14 07:00:00,19.088686,72.867919,11,VABB,90.0,2.6,10000.0,2500.0,32.0,9.0,,0,0,0,0,0,2024-02-14 07:00:00
2024-02-14 07:30:00,19.088686,72.867919,11,VABB,350.0,3.1,10000.0,3000.0,33.0,8.0,,0,0,0,0,0,2024-02-14 07:00:00
2024-02-14 08:00:00,19.088686,72.867919,11,VABB,30.0,2.1,10000.0,3000.0,32.0,8.0,,0,0,0,0,0,2024-02-14 08:00:00
2024-02-14 08:30:00,19.088686,72.867919,11,VABB,320.0,5.1,10000.0,3000.0,32.0,13.0,,0,0,0,0,0,2024-02-14 08:00:00
2024-02-14 09:00:00,19.088686,72.867919,11,VABB,320.0,3.1,22000.0,2000.0,31.4,14.4,1013.2,0,0,0,0,0,2024-02-14 09:00:00
2024-02-14 09:00:00,19.088686,72.867919,11,VABB,290.0,4.6,10000.0,3000.0,31.0,16.0,,0,0,0,0,0,2024-02-14 09:00:00
2024-02-14 09:30:00,19.088686,72.867919,11,VABB,290.0,5.1,10000.0,3000.0,31.0,16.0,,0,0,0,0,0,2024-02-14 09:00:00
2024-02-14 10:00:00,19.088686,72.867919,11,VABB,340.0,5.1,10000.0,3000.0,30.0,14.0,,0,0,0,0,0,2024-02-14 10:00:00
2024-02-14 10:30:00,19.088686,72.867919,11,VABB,290.0,5.7,10000.0,3000.0,31.0,14.0,,0,0,0,0,0,2024-02-14 10:00:00
2024-02-14 11:00:00,19.088686,72.867919,11,VABB,350.0,3.1,10000.0,3000.0,31.0,15.0,,0,0,0,0,0,2024-02-14 11:00:00
2024-02-14 11:30:00,19.088686,72.867919,11,VABB,310.0,3.1,10000.0,3000.0,31.0,15.0,,0,0,0,0,0,2024-02-14 11:00:00
2024-02-14 12:00:00,19.088686,72.867919,11,VABB,320.0,3.1,22000.0,2000.0,29.6,14.9,1012.3,0,0,0,0,0,2024-02-14 12:00:00
2024-02-14 12:00:00,19.088686,72.867919,11,VABB,340.0,3.6,10000.0,3000.0,30.0,15.0,,0,0,0,0,0,2024-02-14 12:00:00
2024-02-14 12:30:00,19.088686,72.867919,11,VABB,330.0,2.1,10000.0,3000.0,28.0,15.0,,0,0,0,0,0,2024-02-14 12:00:00
2024-02-14 13:00:00,19.088686,72.867919,11,VABB,350.0,2.1,10000.0,2500.0,27.0,15.0,,0,0,0,0,0,2024-02-14 13:00:00
2024-02-14 13:30:00,19.088686,72.867919,11,VABB,350.0,1.5,10000.0,2200.0,27.0,16.0,,0,0,0,0,0,2024-02-14 13:00:00
2024-02-14 14:00:00,19.088686,72.867919,11,VABB,310.0,3.1,10000.0,2500.0,27.0,16.0,,0,0,0,0,0,2024-02-14 14:00:00
2024-02-14 14:30:00,19.088686,72.867919,11,VABB,340.0,2.1,10000.0,2500.0,26.0,15.0,,0,0,0,0,0,2024-02-14 14:00:00
2024-02-14 15:00:00,19.088686,72.867919,11,VABB,320.0,1.5,,2000.0,25.8,15.3,1014.1,0,0,0,0,0,2024-02-14 15:00:00
2024-02-14 15:00:00,19.088686,72.867919,11,VABB,300.0,3.1,10000.0,2200.0,26.0,15.0,,0,0,0,0,0,2024-02-14 15:00:00
2024-02-14 15:30:00,19.088686,72.867919,11,VABB,330.0,2.6,10000.0,2200.0,26.0,14.0,,0,0,0,0,0,2024-02-14 15:00:00
2024-02-14 16:00:00,19.088686,72.867919,11,VABB,340.0,3.6,10000.0,2300.0,26.0,13.0,,0,0,0,0,0,2024-02-14 16:00:00
2024-02-14 16:30:00,19.088686,72.867919,11,VABB,70.0,2.6,10000.0,2300.0,26.0,13.0,,0,0,0,0,0,2024-02-14 16:00:00
2024-02-14 17:00:00,19.088686,72.867919,11,VABB,350.0,3.1,10000.0,2300.0,26.0,12.0,,0,0,0,0,0,2024-02-14 17:00:00
2024-02-14 17:30:00,19.088686,72.867919,11,VABB,70.0,4.1,10000.0,2300.0,27.0,12.0,,0,0,0,0,0,2024-02-14 17:00:00
2024-02-14 18:00:00,19.088686,72.867919,11,VABB,,0.0,,2000.0,23.6,14.1,1014.6,0,0,0,0,0,2024-02-14 18:00:00
2024-02-14 18:00:00,19.088686,72.867919,11,VABB,10.0,2.6,10000.0,2300.0,26.0,12.0,,0,0,0,0,0,2024-02-14 18:00:00
2024-02-14 18:30:00,19.088686,72.867919,11,VABB,30.0,3.1,22000.0,2300.0,26.0,11.0,,0,0,0,0,0,2024-02-14 18:00:00
2024-02-14 19:00:00,19.088686,72.867919,11,VABB,340.0,3.1,22000.0,2300.0,25.0,11.0,,0,0,0,0,0,2024-02-14 19:00:00
2024-02-14 19:31:00,19.088686,72.867919,11,VABB,340.0,3.1,22000.0,2300.0,25.0,11.0,,0,0,0,0,0,2024-02-14 19:00:00
2024-02-14 20:00:00,19.088686,72.867919,11,VABB,340.0,2.1,22000.0,2300.0,25.0,11.0,,0,0,0,0,0,2024-02-14 20:00:00
2024-02-14 20:30:00,19.088686,72.867919,11,VABB,20.0,2.1,22000.0,2300.0,25.0,11.0,,0,0,0,0,0,2024-02-14 20:00:00
2024-02-14 21:00:00,19.088686,72.867919,11,VABB,,0.0,,2000.0,21.2,13.6,1013.4,0,0,0,0,0,2024-02-14 21:00:00
2024-02-14 21:00:00,19.088686,72.867919,11,VABB,50.0,3.1,22000.0,2300.0,25.0,11.0,,0,0,0,0,0,2024-02-14 21:00:00
2024-02-14 21:30:00,19.088686,72.867919,11,VABB,50.0,3.1,22000.0,2300.0,25.0,10.0,,0,0,0,0,0,2024-02-14 21:00:00
2024-02-14 22:00:00,19.088686,72.867919,11,VABB,40.0,1.5,10000.0,2200.0,24.0,10.0,,0,0,0,0,0,2024-02-14 22:00:00
2024-02-14 22:30:00,19.088686,72.867919,11,VABB,20.0,1.5,10000.0,2200.0,24.0,10.0,,0,0,0,0,0,2024-02-14 22:00:00
2024-02-14 23:00:00,19.088686,72.867919,11,VABB,40.0,1.5,10000.0,2200.0,23.0,9.0,,0,0,0,0,0,2024-02-14 23:00:00
2024-02-14 23:30:00,19.088686,72.867919,11,VABB,80.0,1.5,10000.0,2200.0,23.0,10.0,,0,0,0,0,0,2024-02-14 23:00:00
2024-02-15 00:00:00,19.088686,72.867919,11,VABB,,0.0,,2000.0,19.2,12.2,1013.0,0,0,0,0,0,2024-02-15 00:00:00
2024-02-15 00:00:00,19.088686,72.867919,11,VABB,0.0,0.0,10000.0,2200.0,23.0,9.0,,0,0,0,0,0,2024-02-15 00:00:00
2024-02-15 00:30:00,19.088686,72.867919,11,VABB,40.0,1.5,22000.0,2200.0,24.0,10.0,,0,0,0,0,0,2024-02-15 00:00:00
2024-02-15 01:00:00,19.088686,72.867919,11,VABB,60.0,1.5,22000.0,2200.0,23.0,11.0,,0,0,0,0,0,2024-02-15 01:00:00
2024-02-15 01:30:00,19.088686,72.867919,11,VABB,0.0,0.0,10000.0,2200.0,23.0,10.0,,0,0,0,0,0,2024-02-15 01:00:00
2024-02-15 02:00:00,19.088686,72.867919,11,VABB,0.0,0.0,10000.0,2100.0,24.0,11.0,,0,0,0,0,0,2024-02-15 02:00:00
2024-02-15 02:30:00,19.088686,72.867919,11,VABB,0.0,0.0,10000.0,2100.0,24.0,11.0,,0,0,0,0,0,2024-02-15 02:00:00
2024-02-15 03:00:00,19.088686,72.867919,11,VABB,,0.0,,2000.0,19.4,13.8,1015.1,0,0,0,0,0,2024-02-15 03:00:00
2024-02-15 03:00:00,19.088686,72.867919,11,VABB,170.0,2.1,10000.0,2100.0,24.0,10.0,,0,0,0,0,0,2024-02-15 03:00:00
2024-02-15 03:30:00,19.088686,72.867919,11,VABB,160.0,1.5,10000.0,2100.0,25.0,10.0,,0,0,0,0,0,2024-02-15 03:00:00
2024-02-15 04:00:00,19.088686,72.867919,11,VABB,50.0,2.1,10000.0,2200.0,27.0,10.0,,0,0,0,0,0,2024-02-15 04:00:00
2024-02-15 04:30:00,19.088686,72.867919,11,VABB,60.0,3.1,22000.0,2200.0,27.0,10.0,,0,0,0,0,0,2024-02-15 04:00:00
2024-02-15 05:00:00,19.088686,72.867919,11,VABB,60.0,2.1,22000.0,2200.0,29.0,10.0,,0,0,0,0,0,2024-02-15 05:00:00
2024-02-15 05:30:00,19.088686,72.867919,11,VABB,350.0,1.5,22000.0,2200.0,31.0,11.0,,0,0,0,0,0,2024-02-15 05:00:00
2024-02-15 06:00:00,19.088686,72.867919,11,VABB,,0.0,,2000.0,32.2,12.4,1015.4,0,0,0,0,0,2024-02-15 06:00:00
2024-02-15 06:00:00,19.088686,72.867919,11,VABB,50.0,2.6,22000.0,2500.0,31.0,10.0,,0,0,0,0,0,2024-02-15 06:00:00
2024-02-15 06:30:00,19.088686,72.867919,11,VABB,250.0,3.1,22000.0,2500.0,32.0,12.0,,0,0,0,0,0,2024-02-15 06:00:00
2024-02-15 07:00:00,19.088686,72.867919,11,VABB,240.0,2.6,22000.0,2500.0,32.0,14.0,,0,0,0,0,0,2024-02-15 07:00:00
2024-02-15 07:30:00,19.088686,72.867919,11,VABB,230.0,3.6,22000.0,2500.0,32.0,15.0,,0,0,0,0,0,2024-02-15 07:00:00
2024-02-15 08:00:00,19.088686,72.867919,11,VABB,270.0,4.1,22000.0,2500.0,32.0,14.0,,0,0,0,0,0,2024-02-15 08:00:00
2024-02-15 08:30:00,19.088686,72.867919,11,VABB,300.0,4.6,22000.0,2500.0,32.0,14.0,,0,0,0,0,0,2024-02-15 08:00:00
2024-02-15 09:00:00,19.088686,72.867919,11,VABB,320.0,1.5,,2000.0,32.4,14.5,1012.1,0,0,0,0,0,2024-02-15 09:00:00
2024-02-15 09:00:00,19.088686,72.867919,11,VABB,260.0,3.1,22000.0,2500.0,31.0,14.0,,0,0,0,0,0,2024-02-15 09:00:00
2024-02-15 09:30:00,19.088686,72.867919,11,VABB,300.0,5.1,22000.0,2500.0,31.0,14.0,,0,0,0,0,0,2024-02-15 09:00:00
2024-02-15 10:00:00,19.088686,72.867919,11,VABB,290.0,4.1,22000.0,3000.0,32.0,15.0,,0,0,0,0,0,2024-02-15 10:00:00
2024-02-15 10:30:00,19.088686,72.867919,11,VABB,300.0,4.1,22000.0,3000.0,31.0,15.0,,0,0,0,0,0,2024-02-15 10:00:00
2024-02-15 11:00:00,19.088686,72.867919,11,VABB,300.0,5.1,22000.0,3000.0,32.0,14.0,,0,0,0,0,0,2024-02-15 11:00:00
2024-02-15 11:30:00,19.088686,72.867919,11,VABB,330.0,4.1,22000.0,3000.0,31.0,14.0,,0,0,0,0,0,2024-02-15 11:00:00
2024-02-15 12:00:00,19.088686,72.867919,11,VABB,360.0,2.1,,2000.0,30.0,15.4,1011.2,0,0,0,0,0,2024-02-15 12:00:00
2024-02-15 12:00:00,19.088686,72.867919,11,VABB,300.0,3.6,22000.0,3000.0,30.0,14.0,,0,0,0,0,0,2024-02-15 12:00:00
2024-02-15 12:30:00,19.088686,72.867919,11,VABB,290.0,4.1,22000.0,2500.0,30.0,15.0,,0,0,0,0,0,2024-02-15 12:00:00
2024-02-15 13:00:00,19.088686,72.867919,11,VABB,300.0,2.6,22000.0,2500.0,29.0,15.0,,0,0,0,0,0,2024-02-15 13:00:00
2024-02-15 13:30:00,19.088686,72.867919,11,VABB,310.0,2.6,22000.0,2500.0,29.0,15.0,,0,0,0,0,0,2024-02-15 13:00:00
2024-02-15 14:00:00,19.088686,72.867919,11,VABB,330.0,2.6,22000.0,2500.0,28.0,15.0,,0,0,0,0,0,2024-02-15 14:00:00
2024-02-15 14:30:00,19.088686,72.867919,11,VABB,310.0,2.1,22000.0,2500.0,29.0,15.0,,0,0,0,0,0,2024-02-15 14:00:00
2024-02-15 15:00:00,19.088686,72.867919,11,VABB,,0.0,,2000.0,26.6,16.6,1012.9,0,0,0,0,0,2024-02-15 15:00:00
2024-02-15 15:00:00,19.088686,72.867919,11,VABB,340.0,1.5,22000.0,2500.0,28.0,14.0,,0,0,0,0,0,2024-02-15 15:00:00
2024-02-15 16:00:00,19.088686,72.867919,11,VABB,0.0,0.0,22000.0,2500.0,28.0,14.0,,0,0,0,0,0,2024-02-15 16:00:00
2024-02-15 16:30:00,19.088686,72.867919,11,VABB,270.0,2.1,22000.0,2200.0,27.0,18.0,,0,0,0,0,0,2024-02-15 16:00:00
2024-02-15 17:00:00,19.088686,72.867919,11,VABB,250.0,2.6,22000.0,2200.0,27.0,18.0,,0,0,0,0,0,2024-02-15 17:00:00
2024-02-15 17:30:00,19.088686,72.867919,11,VABB,220.0,2.6,22000.0,2500.0,26.0,20.0,,0,0,0,0,0,2024-02-15 17:00:00
2024-02-15 18:00:00,19.088686,72.867919,11,VABB,,0.0,,2000.0,24.6,19.0,1013.8,0,0,0,0,0,2024-02-15 18:00:00
2024-02-15 18:00:00,19.088686,72.867919,11,VABB,270.0,2.6,22000.0,2200.0,26.0,21.0,,0,1,0,0,0,2024-02-15 18:00:00
2024-02-15 18:30:00,19.088686,72.867919,11,VABB,270.0,2.1,22000.0,1800.0,26.0,21.0,,0,1,0,0,0,2024-02-15 18:00:00
2024-02-15 18:34:00,19.088686,72.867919,11,VABB,270.0,2.1,22000.0,1800.0,26.0,21.0,,0,1,0,0,0,2024-02-15 18:00:00
2024-02-15 19:00:00,19.088686,72.867919,11,VABB,240.0,2.6,22000.0,1800.0,26.0,21.0,,0,1,0,0,0,2024-02-15 19:00:00
2024-02-15 19:30:00,19.088686,72.867919,11,VABB,260.0,2.1,22000.0,1800.0,26.0,20.0,,0,1,0,0,0,2024-02-15 19:00:00
2024-02-15 20:00:00,19.088686,72.867919,11,VABB,200.0,2.1,22000.0,1500.0,26.0,20.0,,0,1,0,0,0,2024-02-15 20:00:00
2024-02-15 20:30:00,19.088686,72.867919,11,VABB,290.0,1.5,22000.0,1500.0,24.0,19.0,,0,1,0,0,0,2024-02-15 20:00:00
2024-02-15 21:00:00,19.088686,72.867919,11,VABB,,0.0,,2000.0,23.2,19.1,1012.3,0,0,0,0,0,2024-02-15 21:00:00
2024-02-15 21:00:00,19.088686,72.867919,11,VABB,0.0,0.0,22000.0,1500.0,25.0,18.0,,0,1,0,0,0,2024-02-15 21:00:00
2024-02-15 22:00:00,19.088686,72.867919,11,VABB,0.0,0.0,22000.0,1600.0,25.0,17.0,,0,1,0,0,0,2024-02-15 22:00:00
2024-02-15 22:30:00,19.088686,72.867919,11,VABB,0.0,0.0,22000.0,1600.0,25.0,18.0,,0,1,0,0,0,2024-02-15 22:00:00
2024-02-15 23:30:00,19.088686,72.867919,11,VABB,0.0,0.0,22000.0,1800.0,25.0,15.0,,0,0,0,0,0,2024-02-15 23:00:00
2024-02-16 00:00:00,19.088686,72.867919,11,VABB,,0.0,,2000.0,22.0,18.8,1012.0,0,0,0,0,0,2024-02-16 00:00:00
2024-02-16 00:00:00,19.088686,72.867919,11,VABB,130.0,1.5,22000.0,1800.0,26.0,15.0,,0,0,0,0,0,2024-02-16 00:00:00
2024-02-16 00:30:00,19.088686,72.867919,11,VABB,0.0,0.0,22000.0,1800.0,25.0,15.0,,0,0,0,0,0,2024-02-16 00:00:00
2024-02-16 01:00:00,19.088686,72.867919,11,VABB,110.0,2.6,22000.0,2100.0,25.0,15.0,,0,0,0,0,0,2024-02-16 01:00:00
2024-02-16 01:30:00,19.088686,72.867919,11,VABB,220.0,2.6,22000.0,1800.0,25.0,15.0,,0,0,0,0,0,2024-02-16 01:00:00
2024-02-16 02:00:00,19.088686,72.867919,11,VABB,140.0,3.6,22000.0,1800.0,26.0,15.0,,0,0,0,0,0,2024-02-16 02:00:00
2024-02-16 02:30:00,19.088686,72.867919,11,VABB,110.0,4.6,22000.0,1800.0,26.0,15.0,,0,0,0,0,0,2024-02-16 02:00:00
2024-02-16 03:00:00,19.088686,72.867919,11,VABB,,0.0,,2000.0,22.4,17.6,1014.5,0,0,0,0,0,2024-02-16 03:00:00
2024-02-16 03:00:00,19.088686,72.867919,11,VABB,130.0,3.1,22000.0,1600.0,26.0,14.0,,0,0,0,0,0,2024-02-16 03:00:00
2024-02-16 03:30:00,19.088686,72.867919,11,VABB,120.0,2.1,22000.0,1600.0,28.0,15.0,,0,0,0,0,0,2024-02-16 03:00:00
2024-02-16 04:00:00,19.088686,72.867919,11,VABB,100.0,3.1,22000.0,2100.0,29.0,15.0,,0,0,0,0,0,2024-02-16 04:00:00
2024-02-16 04:30:00,19.088686,72.867919,11,VABB,90.0,2.1,22000.0,2100.0,31.0,15.0,,0,0,0,0,0,2024-02-16 04:00:00
2024-02-16 05:00:00,19.088686,72.867919,11,VABB,80.0,1.5,22000.0,2100.0,32.0,15.0,,0,0,0,0,0,2024-02-16 05:00:00
2024-02-16 05:30:00,19.088686,72.867919,11,VABB,130.0,2.6,22000.0,2100.0,32.0,15.0,,0,0,0,0,0,2024-02-16 05:00:00
2024-02-16 06:00:00,19.088686,72.867919,11,VABB,,0.0,,2000.0,33.4,15.5,1014.6,0,0,0,0,0,2024-02-16 06:00:00
2024-02-16 06:00:00,19.088686,72.867919,11,VABB,130.0,2.1,22000.0,2500.0,32.0,13.0,,0,0,0,0,0,2024-02-16 06:00:00
2024-02-16 06:30:00,19.088686,72.867919,11,VABB,160.0,2.1,22000.0,2100.0,34.0,14.0,,0,0,0,0,0,2024-02-16 06:00:00
2024-02-16 07:00:00,19.088686,72.867919,11,VABB,260.0,4.6,22000.0,1600.0,32.0,20.0,,0,0,0,0,0,2024-02-16 07:00:00
2024-02-16 07:30:00,19.088686,72.867919,11,VABB,290.0,3.1,22000.0,1600.0,32.0,19.0,,0,0,0,0,0,2024-02-16 07:00:00
2024-02-16 08:00:00,19.088686,72.867919,11,VABB,270.0,4.6,22000.0,1800.0,33.0,19.0,,0,0,0,0,0,2024-02-16 08:00:00
2024-02-16 08:30:00,19.088686,72.867919,11,VABB,260.0,5.1,22000.0,1800.0,32.0,19.0,,0,0,0,0,0,2024-02-16 08:00:00
2024-02-16 09:00:00,19.088686,72.867919,11,VABB,270.0,2.6,22000.0,2000.0,32.0,19.2,1012.7,0,0,0,0,0,2024-02-16 09:00:00
2024-02-16 09:00:00,19.088686,72.867919,11,VABB,270.0,5.1,22000.0,1800.0,31.0,20.0,,0,0,0,0,0,2024-02-16 09:00:00
2024-02-16 09:30:00,19.088686,72.867919,11,VABB,270.0,4.6,22000.0,2100.0,32.0,18.0,,0,0,0,0,0,2024-02-16 09:00:00
2024-02-16 10:00:00,19.088686,72.867919,11,VABB,260.0,5.1,22000.0,2100.0,31.0,18.0,,0,0,0,0,0,2024-02-16 10:00:00
2024-02-16 10:30:00,19.088686,72.867919,11,VABB,270.0,4.1,22000.0,2100.0,32.0,18.0,,0,0,0,0,0,2024-02-16 10:00:00
2024-02-16 11:00:00,19.088686,72.867919,11,VABB,280.0,3.6,22000.0,2500.0,32.0,16.0,,0,0,0,0,0,2024-02-16 11:00:00
2024-02-16 11:30:00,19.088686,72.867919,11,VABB,310.0,2.6,22000.0,2500.0,32.0,14.0,,0,0,0,0,0,2024-02-16 11:00:00
2024-02-16 12:00:00,19.088686,72.867919,11,VABB,,0.0,22000.0,2000.0,31.6,17.2,1011.8,0,0,0,0,0,2024-02-16 12:00:00
2024-02-16 12:00:00,19.088686,72.867919,11,VABB,310.0,3.1,22000.0,2500.0,32.0,16.0,,0,0,0,0,0,2024-02-16 12:00:00
2024-02-16 12:30:00,19.088686,72.867919,11,VABB,290.0,2.6,22000.0,2500.0,32.0,16.0,,0,0,0,0,0,2024-02-16 12:00:00
2024-02-16 13:00:00,19.088686,72.867919,11,VABB,330.0,2.1,22000.0,2500.0,31.0,17.0,,0,0,0,0,0,2024-02-16 13:00:00
2024-02-16 13:30:00,19.088686,72.867919,11,VABB,310.0,2.6,22000.0,2500.0,30.0,17.0,,0,0,0,0,0,2024-02-16 13:00:00
2024-02-16 14:00:00,19.088686,72.867919,11,VABB,330.0,2.1,22000.0,2500.0,30.0,17.0,,0,0,0,0,0,2024-02-16 14:00:00
2024-02-16 14:30:00,19.088686,72.867919,11,VABB,350.0,2.1,22000.0,2500.0,29.0,17.0,,0,0,0,0,0,2024-02-16 14:00:00
2024-02-16 15:00:00,19.088686,72.867919,11,VABB,,0.0,22000.0,2000.0,27.8,17.3,1013.7,0,0,0,0,0,2024-02-16 15:00:00
2024-02-16 15:00:00,19.088686,72.867919,11,VABB,330.0,2.6,22000.0,2500.0,29.0,15.0,,0,0,0,0,0,2024-02-16 15:00:00
2024-02-16 15:30:00,19.088686,72.867919,11,VABB,50.0,2.6,22000.0,2500.0,29.0,16.0,,0,0,0,0,0,2024-02-16 15:00:00
2024-02-16 16:00:00,19.088686,72.867919,11,VABB,120.0,2.1,22000.0,2500.0,29.0,15.0,,0,0,0,0,0,2024-02-16 16:00:00
2024-02-16 16:30:00,19.088686,72.867919,11,VABB,90.0,2.6,10000.0,2500.0,30.0,15.0,,0,0,0,0,0,2024-02-16 16:00:00
2024-02-16 17:00:00,19.088686,72.867919,11,VABB,120.0,3.1,10000.0,2500.0,29.0,16.0,,0,0,0,0,0,2024-02-16 17:00:00
2024-02-16 17:30:00,19.088686,72.867919,11,VABB,160.0,2.1,10000.0,2500.0,29.0,16.0,,0,0,0,0,0,2024-02-16 17:00:00
2024-02-16 18:00:00,19.088686,72.867919,11,VABB,,0.0,22000.0,2000.0,25.6,18.4,1014.3,0,0,0,0,0,2024-02-16 18:00:00
2024-02-16 18:00:00,19.088686,72.867919,11,VABB,130.0,2.1,10000.0,2500.0,29.0,16.0,,0,0,0,0,0,2024-02-16 18:00:00
2024-02-16 18:30:00,19.088686,72.867919,11,VABB,50.0,2.6,10000.0,2500.0,29.0,16.0,,0,0,0,0,0,2024-02-16 18:00:00
2024-02-16 19:00:00,19.088686,72.867919,11,VABB,140.0,1.5,10000.0,2100.0,29.0,16.0,,0,0,0,0,0,2024-02-16 19:00:00
2024-02-16 19:30:00,19.088686,72.867919,11,VABB,120.0,1.5,10000.0,2100.0,29.0,16.0,,0,0,0,0,0,2024-02-16 19:00:00
2024-02-16 20:00:00,19.088686,72.867919,11,VABB,120.0,2.1,10000.0,2100.0,28.0,17.0,,0,0,0,0,0,2024-02-16 20:00:00
2024-02-16 20:30:00,19.088686,72.867919,11,VABB,0.0,0.0,10000.0,2100.0,28.0,17.0,,0,0,0,0,0,2024-02-16 20:00:00
2024-02-16 21:00:00,19.088686,72.867919,11,VABB,,0.0,22000.0,2000.0,25.0,18.4,1012.3,0,0,0,0,0,2024-02-16 21:00:00
2024-02-16 21:00:00,19.088686,72.867919,11,VABB,0.0,0.0,10000.0,2100.0,28.0,18.0,,0,0,0,0,0,2024-02-16 21:00:00
2024-02-16 21:30:00,19.088686,72.867919,11,VABB,210.0,2.6,10000.0,2100.0,27.0,18.0,,0,0,0,0,0,2024-02-16 21:00:00
2024-02-16 22:00:00,19.088686,72.867919,11,VABB,0.0,0.0,10000.0,2100.0,28.0,18.0,,0,0,0,0,0,2024-02-16 22:00:00
2024-02-16 22:30:00,19.088686,72.867919,11,VABB,0.0,0.0,10000.0,2100.0,28.0,17.0,,0,0,0,0,0,2024-02-16 22:00:00
2024-02-16 23:00:00,19.088686,72.867919,11,VABB,130.0,2.1,10000.0,2100.0,27.0,17.0,,0,0,0,0,0,2024-02-16 23:00:00
2024-02-16 23:30:00,19.088686,72.867919,11,VABB,120.0,2.6,10000.0,2100.0,27.0,18.0,,0,0,0,0,0,2024-02-16 23:00:00
2024-02-17 00:00:00,19.088686,72.867919,11,VABB,,0.0,,2000.0,23.6,17.9,1011.6,0,0,0,0,0,2024-02-17 00:00:00
2024-02-17 00:00:00,19.088686,72.867919,11,VABB,90.0,2.6,22000.0,2100.0,26.0,17.0,,0,1,0,0,0,2024-02-17 00:00:00
2024-02-17 00:30:00,19.088686,72.867919,11,VABB,0.0,0.0,22000.0,2100.0,26.0,18.0,,0,1,0,0,0,2024-02-17 00:00:00
2024-02-17 01:00:00,19.088686,72.867919,11,VABB,90.0,1.5,22000.0,2100.0,27.0,17.0,,0,1,0,0,0,2024-02-17 01:00:00
2024-02-17 01:30:00,19.088686,72.867919,11,VABB,170.0,2.6,22000.0,1800.0,26.0,18.0,,0,1,0,0,0,2024-02-17 01:00:00
2024-02-17 02:00:00,19.088686,72.867919,11,VABB,0.0,0.0,22000.0,1800.0,27.0,17.0,,0,0,0,0,0,2024-02-17 02:00:00
2024-02-17 02:30:00,19.088686,72.867919,11,VABB,50.0,2.1,22000.0,1800.0,28.0,17.0,,0,0,0,0,0,2024-02-17 02:00:00
2024-02-17 03:00:00,19.088686,72.867919,11,VABB,,0.0,22000.0,2000.0,23.0,18.9,1013.5,0,0,0,0,0,2024-02-17 03:00:00
2024-02-17 03:00:00,19.088686,72.867919,11,VABB,30.0,1.5,22000.0,1800.0,28.0,17.0,,0,0,0,0,0,2024-02-17 03:00:00
2024-02-17 03:30:00,19.088686,72.867919,11,VABB,180.0,1.5,22000.0,1800.0,28.0,17.0,,0,0,0,0,0,2024-02-17 03:00:00
2024-02-17 04:00:00,19.088686,72.867919,11,VABB,330.0,2.1,22000.0,1800.0,30.0,16.0,,0,0,0,0,0,2024-02-17 04:00:00
2024-02-17 04:30:00,19.088686,72.867919,11,VABB,140.0,2.1,22000.0,1800.0,31.0,16.0,,0,0,0,0,0,2024-02-17 04:00:00
2024-02-17 05:00:00,19.088686,72.867919,11,VABB,140.0,3.6,10000.0,1900.0,32.0,17.0,,0,0,0,0,0,2024-02-17 05:00:00
2024-02-17 05:30:00,19.088686,72.867919,11,VABB,310.0,1.5,22000.0,1900.0,33.0,17.0,,0,0,0,0,0,2024-02-17 05:00:00
2024-02-17 06:00:00,19.088686,72.867919,11,VABB,320.0,1.5,22000.0,2000.0,31.4,21.3,1014.1,0,0,0,0,0,2024-02-17 06:00:00
2024-02-17 06:00:00,19.088686,72.867919,11,VABB,290.0,2.6,22000.0,1800.0,33.0,20.0,,0,0,0,0,0,2024-02-17 06:00:00
2024-02-17 06:30:00,19.088686,72.867919,11,VABB,250.0,4.1,22000.0,1500.0,32.0,21.0,,0,0,0,0,0,2024-02-17 06:00:00
2024-02-17 07:00:00,19.088686,72.867919,11,VABB,260.0,3.1,22000.0,1700.0,33.0,20.0,,0,0,0,0,0,2024-02-17 07:00:00
2024-02-17 07:30:00,19.088686,72.867919,11,VABB,260.0,3.1,22000.0,2100.0,33.0,20.0,,0,0,0,0,0,2024-02-17 07:00:00
2024-02-17 08:00:00,19.088686,72.867919,11,VABB,250.0,5.1,22000.0,2100.0,33.0,20.0,,0,0,0,0,0,2024-02-17 08:00:00
2024-02-17 08:30:00,19.088686,72.867919,11,VABB,260.0,3.6,22000.0,2500.0,33.0,19.0,,0,0,0,0,0,2024-02-17 08:00:00
2024-02-17 09:00:00,19.088686,72.867919,11,VABB,270.0,1.5,,2000.0,33.2,20.7,1011.2,0,0,0,0,0,2024-02-17 09:00:00
2024-02-17 09:00:00,19.088686,72.867919,11,VABB,270.0,4.6,22000.0,2800.0,33.0,18.0,,0,0,0,0,0,2024-02-17 09:00:00
2024-02-17 09:30:00,19.088686,72.867919,11,VABB,260.0,4.6,22000.0,3000.0,33.0,19.0,,0,0,0,0,0,2024-02-17 09:00:00
2024-02-17 10:00:00,19.088686,72.867919,11,VABB,260.0,4.6,22000.0,3000.0,33.0,18.0,,0,0,0,0,0,2024-02-17 10:00:00
2024-02-17 10:30:00,19.088686,72.867919,11,VABB,270.0,3.6,22000.0,3000.0,32.0,18.0,,0,0,0,0,0,2024-02-17 10:00:00
2024-02-17 11:00:00,19.088686,72.867919,11,VABB,280.0,5.1,22000.0,3000.0,32.0,16.0,,0,0,0,0,0,2024-02-17 11:00:00
2024-02-17 11:30:00,19.088686,72.867919,11,VABB,270.0,5.1,22000.0,3000.0,32.0,14.0,,0,0,0,0,0,2024-02-17 11:00:00
2024-02-17 12:00:00,19.088686,72.867919,11,VABB,320.0,2.1,,2000.0,32.4,14.5,1010.6,0,0,0,0,0,2024-02-17 12:00:00
2024-02-17 12:00:00,19.088686,72.867919,11,VABB,250.0,4.6,22000.0,3000.0,32.0,14.0,,0,0,0,0,0,2024-02-17 12:00:00
2024-02-17 12:30:00,19.088686,72.867919,11,VABB,260.0,4.6,22000.0,3000.0,31.0,14.0,,0,0,0,0,0,2024-02-17 12:00:00
2024-02-17 13:00:00,19.088686,72.867919,11,VABB,290.0,3.6,22000.0,3000.0,31.0,16.0,,0,0,0,0,0,2024-02-17 13:00:00
2024-02-17 13:30:00,19.088686,72.867919,11,VABB,330.0,2.1,22000.0,2500.0,31.0,16.0,,0,0,0,0,0,2024-02-17 13:00:00
2024-02-17 14:00:00,19.088686,72.867919,11,VABB,330.0,2.6,22000.0,2500.0,30.0,17.0,,0,0,0,0,0,2024-02-17 14:00:00
2024-02-17 14:30:00,19.088686,72.867919,11,VABB,330.0,2.6,22000.0,2500.0,29.0,18.0,,0,0,0,0,0,2024-02-17 14:00:00
2024-02-17 15:00:00,19.088686,72.867919,11,VABB,320.0,2.1,,2000.0,27.6,20.0,1012.1,0,0,0,0,0,2024-02-17 15:00:00
2024-02-17 15:00:00,19.088686,72.867919,11,VABB,320.0,2.6,22000.0,2500.0,30.0,18.0,,0,0,0,0,0,2024-02-17 15:00:00
2024-02-17 15:30:00,19.088686,72.867919,11,VABB,330.0,2.1,22000.0,2500.0,29.0,18.0,,0,0,0,0,0,2024-02-17 15:00:00
2024-02-17 16:00:00,19.088686,72.867919,11,VABB,0.0,0.0,22000.0,2500.0,28.0,19.0,,0,0,0,0,0,2024-02-17 16:00:00
2024-02-17 16:30:00,19.088686,72.867919,11,VABB,100.0,2.6,22000.0,2500.0,29.0,18.0,,0,0,0,0,0,2024-02-17 16:00:00
2024-02-17 17:00:00,19.088686,72.867919,11,VABB,100.0,2.1,22000.0,2500.0,29.0,16.0,,0,0,0,0,0,2024-02-17 17:00:00
2024-02-17 17:30:00,19.088686,72.867919,11,VABB,110.0,2.1,22000.0,2500.0,28.0,15.0,,0,0,0,0,0,2024-02-17 17:00:00
2024-02-17 18:00:00,19.088686,72.867919,11,VABB,,0.0,,2000.0,24.6,18.3,1012.7,0,0,0,0,0,2024-02-17 18:00:00
2024-02-17 18:00:00,19.088686,72.867919,11,VABB,100.0,2.6,22000.0,2500.0,28.0,15.0,,0,0,0,0,0,2024-02-17 18:00:00
2024-02-17 18:30:00,19.088686,72.867919,11,VABB,150.0,2.6,22000.0,2500.0,29.0,15.0,,0,0,0,0,0,2024-02-17 18:00:00
2024-02-17 19:00:00,19.088686,72.867919,11,VABB,160.0,2.1,22000.0,2500.0,28.0,15.0,,0,0,0,0,0,2024-02-17 19:00:00
2024-02-17 19:30:00,19.088686,72.867919,11,VABB,150.0,2.1,22000.0,2500.0,28.0,15.0,,0,0,0,0,0,2024-02-17 19:00:00
2024-02-17 20:00:00,19.088686,72.867919,11,VABB,180.0,1.5,22000.0,2500.0,28.0,15.0,,0,0,0,0,0,2024-02-17 20:00:00
2024-02-17 20:30:00,19.088686,72.867919,11,VABB,150.0,2.1,22000.0,2500.0,28.0,15.0,,0,0,0,0,0,2024-02-17 20:00:00
2024-02-17 21:00:00,19.088686,72.867919,11,VABB,,0.0,,2000.0,22.6,17.1,1011.1,0,0,0,0,0,2024-02-17 21:00:00
2024-02-17 21:00:00,19.088686,72.867919,11,VABB,180.0,2.1,22000.0,2500.0,27.0,16.0,,0,0,0,0,0,2024-02-17 21:00:00
2024-02-17 21:30:00,19.088686,72.867919,11,VABB,160.0,2.1,22000.0,2500.0,27.0,16.0,,0,0,0,0,0,2024-02-17 21:00:00
2024-02-17 22:00:00,19.088686,72.867919,11,VABB,220.0,1.5,22000.0,2500.0,26.0,17.0,,0,0,0,0,0,2024-02-17 22:00:00
2024-02-17 22:30:00,19.088686,72.867919,11,VABB,120.0,1.5,22000.0,2500.0,25.0,17.0,,0,1,0,0,0,2024-02-17 22:00:00
2024-02-17 23:00:00,19.088686,72.867919,11,VABB,20.0,2.1,22000.0,2500.0,26.0,16.0,,0,0,0,0,0,2024-02-17 23:00:00
2024-02-17 23:30:00,19.088686,72.867919,11,VABB,340.0,2.6,22000.0,2500.0,27.0,17.0,,0,0,0,0,0,2024-02-17 23:00:00
2024-02-18 00:00:00,19.088686,72.867919,11,VABB,,0.0,,2000.0,22.0,17.8,1011.1,0,0,0,0,0,2024-02-18 00:00:00
2024-02-18 00:00:00,19.088686,72.867919,11,VABB,350.0,2.1,22000.0,2200.0,26.0,17.0,,0,0,0,0,0,2024-02-18 00:00:00
2024-02-18 00:30:00,19.088686,72.867919,11,VABB,0.0,0.0,22000.0,2200.0,26.0,18.0,,0,1,0,0,0,2024-02-18 00:00:00
2024-02-18 01:00:00,19.088686,72.867919,11,VABB,0.0,0.0,22000.0,2200.0,26.0,18.0,,0,1,0,0,0,2024-02-18 01:00:00
2024-02-18 01:30:00,19.088686,72.867919,11,VABB,110.0,3.1,22000.0,2200.0,25.0,18.0,,0,1,0,0,0,2024-02-18 01:00:00
2024-02-18 02:00:00,19.088686,72.867919,11,VABB,90.0,3.1,22000.0,1800.0,25.0,16.0,,0,0,0,0,0,2024-02-18 02:00:00
2024-02-18 02:30:00,19.088686,72.867919,11,VABB,110.0,3.6,22000.0,2200.0,26.0,15.0,,0,0,1,0,0,2024-02-18 02:00:00
2024-02-18 03:00:00,19.088686,72.867919,11,VABB,,0.0,,2000.0,22.4,17.2,1012.8,0,0,0,0,0,2024-02-18 03:00:00
2024-02-18 03:00:00,19.088686,72.867919,11,VABB,100.0,3.1,22000.0,2500.0,26.0,15.0,,0,0,0,0,0,2024-02-18 03:00:00
2024-02-18 03:30:00,19.088686,72.867919,11,VABB,100.0,1.5,22000.0,2500.0,28.0,15.0,,0,0,0,0,0,2024-02-18 03:00:00
2024-02-18 04:00:00,19.088686,72.867919,11,VABB,90.0,2.1,22000.0,2500.0,29.0,15.0,,0,0,0,0,0,2024-02-18 04:00:00
2024-02-18 04:30:00,19.088686,72.867919,11,VABB,40.0,3.1,22000.0,2500.0,32.0,15.0,,0,0,0,0,0,2024-02-18 04:00:00
2024-02-18 05:00:00,19.088686,72.867919,11,VABB,0.0,0.0,22000.0,2500.0,32.0,15.0,,0,0,0,0,0,2024-02-18 05:00:00
2024-02-18 05:30:00,19.088686,72.867919,11,VABB,0.0,0.0,22000.0,2500.0,34.0,14.0,,0,0,0,0,0,2024-02-18 05:00:00
2024-02-18 06:00:00,19.088686,72.867919,11,VABB,270.0,1.5,,2000.0,32.0,17.3,1012.9,0,0,0,0,0,2024-02-18 06:00:00
2024-02-18 06:00:00,19.088686,72.867919,11,VABB,300.0,2.6,22000.0,2800.0,33.0,17.0,,0,0,0,0,0,2024-02-18 06:00:00
2024-02-18 06:30:00,19.088686,72.867919,11,VABB,280.0,3.1,22000.0,3000.0,33.0,17.0,,0,0,0,0,0,2024-02-18 06:00:00
2024-02-18 07:00:00,19.088686,72.867919,11,VABB,320.0,2.1,22000.0,3000.0,33.0,17.0,,0,0,0,0,0,2024-02-18 07:00:00
2024-02-18 07:30:00,19.088686,72.867919,11,VABB,280.0,3.1,22000.0,3000.0,34.0,18.0,,0,0,0,0,0,2024-02-18 07:00:00
2024-02-18 08:00:00,19.088686,72.867919,11,VABB,260.0,7.2,22000.0,3000.0,33.0,17.0,,0,0,0,0,0,2024-02-18 08:00:00
2024-02-18 08:30:00,19.088686,72.867919,11,VABB,250.0,6.7,22000.0,3000.0,31.0,20.0,,0,0,0,0,0,2024-02-18 08:00:00
2024-02-18 09:00:00,19.088686,72.867919,11,VABB,320.0,2.1,,2000.0,31.4,20.3,1010.2,0,0,0,0,0,2024-02-18 09:00:00
2024-02-18 09:00:00,19.088686,72.867919,11,VABB,270.0,6.7,22000.0,3000.0,30.0,20.0,,0,0,0,0,0,2024-02-18 09:00:00
2024-02-18 09:30:00,19.088686,72.867919,11,VABB,260.0,6.2,22000.0,3000.0,30.0,21.0,,0,0,0,0,0,2024-02-18 09:00:00
2024-02-18 10:00:00,19.088686,72.867919,11,VABB,270.0,5.7,22000.0,3000.0,30.0,20.0,,0,0,0,0,0,2024-02-18 10:00:00
2024-02-18 10:30:00,19.088686,72.867919,11,VABB,260.0,6.2,22000.0,3000.0,31.0,20.0,,0,0,0,0,0,2024-02-18 10:00:00
2024-02-18 11:00:00,19.088686,72.867919,11,VABB,260.0,6.2,22000.0,3000.0,31.0,20.0,,0,0,0,0,0,2024-02-18 11:00:00
2024-02-18 11:30:00,19.088686,72.867919,11,VABB,290.0,4.6,22000.0,3000.0,30.0,19.0,,0,0,0,0,0,2024-02-18 11:00:00
2024-02-18 12:00:00,19.088686,72.867919,11,VABB,320.0,2.6,,2000.0,30.0,21.0,1009.7,0,0,0,0,0,2024-02-18 12:00:00
2024-02-18 12:00:00,19.088686,72.867919,11,VABB,290.0,5.1,22000.0,3000.0,30.0,18.0,,0,0,0,0,0,2024-02-18 12:00:00
2024-02-18 12:30:00,19.088686,72.867919,11,VABB,280.0,5.1,22000.0,3000.0,29.0,20.0,,0,0,0,0,0,2024-02-18 12:00:00
2024-02-18 13:00:00,19.088686,72.867919,11,VABB,270.0,5.1,22000.0,3000.0,29.0,20.0,,0,0,0,0,0,2024-02-18 13:00:00
2024-02-18 13:30:00,19.088686,72.867919,11,VABB,280.0,4.6,22000.0,3000.0,28.0,20.0,,0,0,0,0,0,2024-02-18 13:00:00
2024-02-18 14:00:00,19.088686,72.867919,11,VABB,320.0,3.1,22000.0,3000.0,28.0,21.0,,0,0,0,0,0,2024-02-18 14:00:00
2024-02-18 14:30:00,19.088686,72.867919,11,VABB,320.0,2.6,22000.0,3000.0,28.0,20.0,,0,0,0,0,0,2024-02-18 14:00:00
2024-02-18 15:00:00,19.088686,72.867919,11,VABB,,0.0,,2000.0,27.0,21.0,1011.0,0,0,0,0,0,2024-02-18 15:00:00
2024-02-18 15:00:00,19.088686,72.867919,11,VABB,280.0,2.1,22000.0,2500.0,28.0,20.0,,0,0,0,0,0,2024-02-18 15:00:00
2024-02-18 15:30:00,19.088686,72.867919,11,VABB,20.0,2.6,22000.0,2500.0,28.0,20.0,,0,1,0,0,0,2024-02-18 15:00:00
2024-02-18 16:00:00,19.088686,72.867919,11,VABB,0.0,0.0,22000.0,2500.0,27.0,20.0,,0,1,0,0,0,2024-02-18 16:00:00
2024-02-18 16:30:00,19.088686,72.867919,11,VABB,100.0,3.1,22000.0,2500.0,27.0,19.0,,0,1,0,0,0,2024-02-18 16:00:00
2024-02-18 17:00:00,19.088686,72.867919,11,VABB,100.0,2.1,22000.0,2500.0,27.0,18.0,,0,0,0,0,0,2024-02-18 17:00:00
2024-02-18 17:30:00,19.088686,72.867919,11,VABB,160.0,1.5,22000.0,2500.0,27.0,17.0,,0,0,0,0,0,2024-02-18 17:00:00
2024-02-18 18:00:00,19.088686,72.867919,11,VABB,,0.0,,2000.0,23.4,19.7,1012.5,0,0,0,0,0,2024-02-18 18:00:00
2024-02-18 18:00:00,19.088686,72.867919,11,VABB,130.0,2.1,22000.0,2500.0,27.0,18.0,,0,0,0,0,0,2024-02-18 18:00:00
2024-02-18 18:30:00,19.088686,72.867919,11,VABB,0.0,0.0,22000.0,2500.0,27.0,19.0,,0,0,0,0,0,2024-02-18 18:00:00
2024-02-18 19:00:00,19.088686,72.867919,11,VABB,260.0,2.1,22000.0,2500.0,26.0,18.0,,0,1,0,0,0,2024-02-18 19:00:00
2024-02-18 19:30:00,19.088686,72.867919,11,VABB,0.0,0.0,22000.0,2500.0,26.0,18.0,,0,1,0,0,0,2024-02-18 19:00:00
2024-02-18 20:00:00,19.088686,72.867919,11,VABB,0.0,0.0,22000.0,2500.0,26.0,19.0,,0,1,0,0,0,2024-02-18 20:00:00
2024-02-18 20:30:00,19.088686,72.867919,11,VABB,0.0,0.0,22000.0,2500.0,25.0,18.0,,0,1,0,0,0,2024-02-18 20:00:00
2024-02-18 21:00:00,19.088686,72.867919,11,VABB,,0.0,,2000.0,22.0,18.8,1011.4,0,0,0,0,0,2024-02-18 21:00:00
2024-02-18 21:00:00,19.088686,72.867919,11,VABB,0.0,0.0,22000.0,2500.0,25.0,18.0,,0,1,0,0,0,2024-02-18 21:00:00
2024-02-18 21:30:00,19.088686,72.867919,11,VABB,20.0,2.1,22000.0,2500.0,26.0,17.0,,0,1,0,0,0,2024-02-18 21:00:00
2024-02-18 22:00:00,19.088686,72.867919,11,VABB,10.0,2.1,22000.0,2500.0,25.0,17.0,,0,1,0,0,0,2024-02-18 22:00:00
2024-02-18 22:30:00,19.088686,72.867919,11,VABB,0.0,0.0,22000.0,2500.0,24.0,17.0,,0,1,0,0,0,2024-02-18 22:00:00
2024-02-18 23:00:00,19.088686,72.867919,11,VABB,0.0,0.0,22000.0,2500.0,25.0,17.0,,0,1,0,0,0,2024-02-18 23:00:00
2024-02-18 23:30:00,19.088686,72.867919,11,VABB,40.0,1.5,22000.0,2500.0,25.0,18.0,,0,1,0,0,0,2024-02-18 23:00:00
2024-02-19 00:00:00,19.088686,72.867919,11,VABB,,0.0,,2000.0,21.0,17.8,1010.9,0,0,0,0,0,2024-02-19 00:00:00
2024-02-19 00:00:00,19.088686,72.867919,11,VABB,130.0,2.6,22000.0,2500.0,25.0,17.0,,0,1,0,0,0,2024-02-19 00:00:00
2024-02-19 00:30:00,19.088686,72.867919,11,VABB,120.0,2.1,22000.0,2500.0,24.0,17.0,,0,1,0,0,0,2024-02-19 00:00:00
2024-02-19 01:00:00,19.088686,72.867919,11,VABB,110.0,1.5,22000.0,2500.0,24.0,17.0,,0,1,0,0,0,2024-02-19 01:00:00
2024-02-19 01:30:00,19.088686,72.867919,11,VABB,130.0,2.6,22000.0,2200.0,24.0,17.0,,0,1,0,0,0,2024-02-19 01:00:00
2024-02-19 02:00:00,19.088686,72.867919,11,VABB,0.0,0.0,22000.0,2200.0,24.0,16.0,,0,1,0,0,0,2024-02-19 02:00:00
2024-02-19 02:30:00,19.088686,72.867919,11,VABB,160.0,2.1,22000.0,2500.0,25.0,17.0,,0,0,0,0,0,2024-02-19 02:00:00
2024-02-19 03:00:00,19.088686,72.867919,11,VABB,,0.0,,2000.0,22.0,18.2,1013.2,0,0,0,0,0,2024-02-19 03:00:00
2024-02-19 03:00:00,19.088686,72.867919,11,VABB,80.0,2.6,22000.0,2500.0,26.0,17.0,,0,0,0,0,0,2024-02-19 03:00:00
2024-02-19 03:30:00,19.088686,72.867919,11,VABB,40.0,3.6,22000.0,2500.0,27.0,15.0,,0,0,0,0,0,2024-02-19 03:00:00
2024-02-19 04:00:00,19.088686,72.867919,11,VABB,280.0,1.5,22000.0,2500.0,29.0,14.0,,0,0,0,0,0,2024-02-19 04:00:00
2024-02-19 04:30:00,19.088686,72.867919,11,VABB,190.0,2.6,22000.0,2200.0,29.0,15.0,,0,0,0,0,0,2024-02-19 04:00:00
2024-02-19 05:00:00,19.088686,72.867919,11,VABB,310.0,3.1,22000.0,2200.0,30.0,16.0,,0,0,0,0,0,2024-02-19 05:00:00
2024-02-19 05:30:00,19.088686,72.867919,11,VABB,260.0,4.1,22000.0,2500.0,30.0,17.0,,0,0,0,0,0,2024-02-19 05:00:00
2024-02-19 06:00:00,19.088686,72.867919,11,VABB,230.0,1.5,,2000.0,30.6,19.7,1014.5,0,0,0,0,0,2024-02-19 06:00:00
2024-02-19 06:00:00,19.088686,72.867919,11,VABB,260.0,3.1,22000.0,3000.0,30.0,17.0,,0,0,0,0,0,2024-02-19 06:00:00
2024-02-19 06:30:00,19.088686,72.867919,11,VABB,270.0,5.1,22000.0,3000.0,31.0,17.0,,0,0,0,0,0,2024-02-19 06:00:00
2024-02-19 07:00:00,19.088686,72.867919,11,VABB,260.0,5.1,22000.0,3000.0,31.0,16.0,,0,0,0,0,0,2024-02-19 07:00:00
2024-02-19 07:30:00,19.088686,72.867919,11,VABB,280.0,5.7,22000.0,4000.0,32.0,16.0,,0,0,0,0,0,2024-02-19 07:00:00
2024-02-19 08:00:00,19.088686,72.867919,11,VABB,270.0,3.6,22000.0,4000.0,33.0,16.0,,0,0,0,0,1,2024-02-19 08:00:00
2024-02-19 08:30:00,19.088686,72.867919,11,VABB,290.0,5.1,22000.0,4000.0,32.0,15.0,,0,0,0,0,0,2024-02-19 08:00:00
2024-02-19 09:00:00,19.088686,72.867919,11,VABB,320.0,3.1,,2000.0,32.6,14.8,1011.4,0,0,0,0,0,2024-02-19 09:00:00
2024-02-19 09:00:00,19.088686,72.867919,11,VABB,290.0,5.1,22000.0,4000.0,32.0,14.0,,0,0,0,0,0,2024-02-19 09:00:00
2024-02-19 09:30:00,19.088686,72.867919,11,VABB,290.0,5.1,22000.0,4000.0,33.0,12.0,,0,0,0,0,0,2024-02-19 09:00:00
2024-02-19 10:00:00,19.088686,72.867919,11,VABB,290.0,5.1,22000.0,4000.0,32.0,12.0,,0,0,0,0,0,2024-02-19 10:00:00
2024-02-19 10:30:00,19.088686,72.867919,11,VABB,300.0,5.7,22000.0,4000.0,32.0,11.0,,0,0,0,0,0,2024-02-19 10:00:00
2024-02-19 11:00:00,19.088686,72.867919,11,VABB,320.0,3.6,22000.0,4000.0,32.0,10.0,,0,0,0,0,0,2024-02-19 11:00:00
2024-02-19 12:00:00,19.088686,72.867919,11,VABB,340.0,2.1,,2000.0,31.4,12.1,1010.9,0,0,0,0,0,2024-02-19 12:00:00
2024-02-19 12:00:00,19.088686,72.867919,11,VABB,310.0,3.1,22000.0,4000.0,31.0,11.0,,0,0,0,0,0,2024-02-19 12:00:00
2024-02-19 12:30:00,19.088686,72.867919,11,VABB,310.0,3.1,22000.0,4000.0,31.0,12.0,,0,0,0,0,0,2024-02-19 12:00:00
2024-02-19 13:00:00,19.088686,72.867919,11,VABB,320.0,2.6,22000.0,4000.0,30.0,12.0,,0,0,0,0,0,2024-02-19 13:00:00
2024-02-19 13:30:00,19.088686,72.867919,11,VABB,310.0,3.6,22000.0,3500.0,29.0,11.0,,0,0,0,0,0,2024-02-19 13:00:00
2024-02-19 14:00:00,19.088686,72.867919,11,VABB,320.0,3.1,22000.0,3500.0,29.0,12.0,,0,0,0,0,0,2024-02-19 14:00:00
2024-02-19 14:30:00,19.088686,72.867919,11,VABB,330.0,3.1,22000.0,3500.0,29.0,11.0,,0,0,0,0,0,2024-02-19 14:00:00
2024-02-19 15:00:00,19.088686,72.867919,11,VABB,,0.0,,2000.0,26.2,13.7,1012.5,0,0,0,0,0,2024-02-19 15:00:00
2024-02-19 15:00:00,19.088686,72.867919,11,VABB,340.0,2.1,22000.0,3500.0,29.0,12.0,,0,0,0,0,0,2024-02-19 15:00:00
2024-02-19 15:30:00,19.088686,72.867919,11,VABB,330.0,1.5,22000.0,3000.0,28.0,12.0,,0,0,0,0,0,2024-02-19 15:00:00
2024-02-19 16:00:00,19.088686,72.867919,11,VABB,330.0,1.5,22000.0,3000.0,28.0,13.0,,0,0,0,0,0,2024-02-19 16:00:00
2024-02-19 16:30:00,19.088686,72.867919,11,VABB,310.0,1.5,22000.0,3000.0,28.0,13.0,,0,0,0,0,0,2024-02-19 16:00:00
2024-02-19 17:00:00,19.088686,72.867919,11,VABB,340.0,1.5,22000.0,3000.0,27.0,14.0,,0,0,0,0,0,2024-02-19 17:00:00
2024-02-19 17:30:00,19.088686,72.867919,11,VABB,290.0,2.6,22000.0,3000.0,27.0,15.0,,0,0,0,0,0,2024-02-19 17:00:00
2024-02-19 18:00:00,19.088686,72.867919,11,VABB,,0.0,,2000.0,23.0,17.2,1013.6,0,0,0,0,0,2024-02-19 18:00:00
2024-02-19 18:00:00,19.088686,72.867919,11,VABB,0.0,0.0,22000.0,2500.0,27.0,16.0,,0,0,0,0,0,2024-02-19 18:00:00
2024-02-19 18:30:00,19.088686,72.867919,11,VABB,70.0,2.1,22000.0,2500.0,27.0,16.0,,0,0,0,0,0,2024-02-19 18:00:00
2024-02-19 19:00:00,19.088686,72.867919,11,VABB,20.0,1.5,22000.0,2500.0,26.0,17.0,,0,0,0,0,0,2024-02-19 19:00:00
2024-02-19 19:30:00,19.088686,72.867919,11,VABB,0.0,0.0,22000.0,2500.0,26.0,18.0,,0,1,0,0,0,2024-02-19 19:00:00
2024-02-19 20:00:00,19.088686,72.867919,11,VABB,340.0,2.1,22000.0,2500.0,26.0,17.0,,0,1,0,0,0,2024-02-19 20:00:00
2024-02-19 20:30:00,19.088686,72.867919,11,VABB,10.0,2.6,22000.0,2500.0,26.0,17.0,,0,0,0,0,0,2024-02-19 20:00:00
2024-02-19 21:00:00,19.088686,72.867919,11,VABB,,0.0,,2000.0,21.8,17.3,1012.7,0,0,0,0,0,2024-02-19 21:00:00
2024-02-19 21:00:00,19.088686,72.867919,11,VABB,10.0,2.1,22000.0,2500.0,26.0,17.0,,0,0,0,0,0,2024-02-19 21:00:00
2024-02-19 21:30:00,19.088686,72.867919,11,VABB,320.0,2.1,22000.0,2500.0,26.0,16.0,,0,0,0,0,0,2024-02-19 21:00:00
2024-02-19 22:00:00,19.088686,72.867919,11,VABB,340.0,2.1,22000.0,2500.0,25.0,16.0,,0,0,0,0,0,2024-02-19 22:00:00
2024-02-19 22:30:00,19.088686,72.867919,11,VABB,0.0,0.0,22000.0,2500.0,25.0,17.0,,0,0,0,0,0,2024-02-19 22:00:00
2024-02-19 23:00:00,19.088686,72.867919,11,VABB,0.0,0.0,22000.0,2500.0,25.0,17.0,,0,0,0,0,0,2024-02-19 23:00:00
2024-02-19 23:30:00,19.088686,72.867919,11,VABB,0.0,0.0,22000.0,2500.0,26.0,16.0,,0,0,0,0,0,2024-02-19 23:00:00
2024-02-20 00:00:00,19.088686,72.867919,11,VABB,,0.0,,2000.0,21.2,17.3,1012.3,0,0,0,0,0,2024-02-20 00:00:00
2024-02-20 00:00:00,19.088686,72.867919,11,VABB,0.0,0.0,22000.0,2500.0,25.0,17.0,,0,0,0,0,0,2024-02-20 00:00:00
2024-02-20 00:30:00,19.088686,72.867919,11,VABB,0.0,0.0,22000.0,2500.0,25.0,19.0,,0,0,0,0,0,2024-02-20 00:00:00
2024-02-20 01:00:00,19.088686,72.867919,11,VABB,100.0,2.6,22000.0,2500.0,25.0,20.0,,0,0,0,0,0,2024-02-20 01:00:00
2024-02-20 01:30:00,19.088686,72.867919,11,VABB,90.0,2.6,22000.0,2500.0,24.0,18.0,,0,0,0,0,0,2024-02-20 01:00:00
2024-02-20 02:00:00,19.088686,72.867919,11,VABB,170.0,3.1,22000.0,2500.0,25.0,17.0,,0,0,0,0,0,2024-02-20 02:00:00
2024-02-20 02:30:00,19.088686,72.867919,11,VABB,70.0,1.5,22000.0,2500.0,25.0,17.0,,0,0,0,0,0,2024-02-20 02:00:00
2024-02-20 03:00:00,19.088686,72.867919,11,VABB,,0.0,,2000.0,21.8,18.3,1014.3,0,0,0,0,0,2024-02-20 03:00:00
2024-02-20 03:00:00,19.088686,72.867919,11,VABB,40.0,2.1,22000.0,2500.0,26.0,17.0,,0,0,0,0,0,2024-02-20 03:00:00
2024-02-20 03:30:00,19.088686,72.867919,11,VABB,20.0,1.5,22000.0,2500.0,27.0,17.0,,0,0,0,0,0,2024-02-20 03:00:00
2024-02-20 04:00:00,19.088686,72.867919,11,VABB,30.0,1.5,22000.0,2500.0,28.0,16.0,,0,0,0,0,0,2024-02-20 04:00:00
2024-02-20 04:30:00,19.088686,72.867919,11,VABB,80.0,1.5,22000.0,2500.0,30.0,15.0,,0,0,0,0,0,2024-02-20 04:00:00
2024-02-20 05:00:00,19.088686,72.867919,11,VABB,0.0,0.0,22000.0,3000.0,30.0,13.0,,0,0,0,0,0,2024-02-20 05:00:00
2024-02-20 05:30:00,19.088686,72.867919,11,VABB,350.0,4.6,22000.0,3000.0,32.0,13.0,,0,0,0,0,0,2024-02-20 05:00:00
2024-02-20 06:00:00,19.088686,72.867919,11,VABB,320.0,1.5,,2000.0,31.6,11.9,1014.2,0,0,0,0,0,2024-02-20 06:00:00
2024-02-20 06:00:00,19.088686,72.867919,11,VABB,330.0,2.1,22000.0,3500.0,32.0,11.0,,0,0,0,0,0,2024-02-20 06:00:00
2024-02-20 06:30:00,19.088686,72.867919,11,VABB,280.0,2.1,22000.0,3500.0,32.0,12.0,,0,0,0,0,0,2024-02-20 06:00:00
2024-02-20 07:00:00,19.088686,72.867919,11,VABB,290.0,5.1,22000.0,3500.0,32.0,17.0,,0,0,0,0,0,2024-02-20 07:00:00
2024-02-20 07:30:00,19.088686,72.867919,11,VABB,290.0,6.7,22000.0,3500.0,32.0,15.0,,0,0,0,0,0,2024-02-20 07:00:00
2024-02-20 08:00:00,19.088686,72.867919,11,VABB,300.0,6.2,22000.0,3500.0,31.0,19.0,,0,0,0,0,0,2024-02-20 08:00:00
2024-02-20 08:30:00,19.088686,72.867919,11,VABB,310.0,5.7,22000.0,3500.0,31.0,15.0,,0,0,0,0,0,2024-02-20 08:00:00
2024-02-20 09:00:00,19.088686,72.867919,11,VABB,320.0,3.1,,2000.0,31.0,15.5,1012.4,0,0,0,0,0,2024-02-20 09:00:00
2024-02-20 09:00:00,19.088686,72.867919,11,VABB,310.0,5.1,22000.0,3500.0,32.0,15.0,,0,0,0,0,0,2024-02-20 09:00:00
2024-02-20 09:30:00,19.088686,72.867919,11,VABB,320.0,5.7,22000.0,4000.0,32.0,14.0,,0,0,0,0,0,2024-02-20 09:00:00
2024-02-20 10:00:00,19.088686,72.867919,11,VABB,320.0,5.1,22000.0,4000.0,32.0,12.0,,0,0,0,0,0,2024-02-20 10:00:00
2024-02-20 10:30:00,19.088686,72.867919,11,VABB,300.0,5.7,22000.0,4000.0,31.0,13.0,,0,0,0,0,0,2024-02-20 10:00:00
2024-02-20 11:00:00,19.088686,72.867919,11,VABB,300.0,6.7,22000.0,4000.0,30.0,14.0,,0,0,0,0,0,2024-02-20 11:00:00
2024-02-20 11:30:00,19.088686,72.867919,11,VABB,300.0,6.2,22000.0,4000.0,30.0,15.0,,0,0,0,0,0,2024-02-20 11:00:00
2024-02-20 12:00:00,19.088686,72.867919,11,VABB,360.0,2.6,,2000.0,29.6,15.7,1011.4,0,0,0,0,0,2024-02-20 12:00:00
2024-02-20 12:00:00,19.088686,72.867919,11,VABB,300.0,6.2,2000.0,4000.0,29.0,15.0,,0,0,0,0,0,2024-02-20 12:00:00
2024-02-20 12:30:00,19.088686,72.867919,11,VABB,310.0,5.1,2000.0,4000.0,29.0,15.0,,0,0,0,0,0,2024-02-20 12:00:00
2024-02-20 13:00:00,19.088686,72.867919,11,VABB,300.0,6.2,22000.0,3000.0,28.0,16.0,,0,0,0,0,0,2024-02-20 13:00:00
2024-02-20 13:30:00,19.088686,72.867919,11,VABB,300.0,3.6,22000.0,3000.0,28.0,16.0,,0,0,0,0,0,2024-02-20 13:00:00
2024-02-20 14:00:00,19.088686,72.867919,11,VABB,300.0,4.1,22000.0,3000.0,27.0,16.0,,0,0,0,0,0,2024-02-20 14:00:00
2024-02-20 14:30:00,19.088686,72.867919,11,VABB,310.0,1.5,22000.0,3000.0,27.0,16.0,,0,0,0,0,0,2024-02-20 14:00:00
2024-02-20 15:00:00,19.088686,72.867919,11,VABB,,0.0,,2000.0,26.4,17.1,1013.0,0,0,0,0,0,2024-02-20 15:00:00
2024-02-20 15:00:00,19.088686,72.867919,11,VABB,310.0,2.6,22000.0,3000.0,27.0,16.0,,0,0,0,0,0,2024-02-20 15:00:00
2024-02-20 15:30:00,19.088686,72.867919,11,VABB,0.0,0.0,22000.0,3000.0,27.0,16.0,,0,0,0,0,0,2024-02-20 15:00:00
2024-02-20 16:00:00,19.088686,72.867919,11,VABB,340.0,2.1,22000.0,3000.0,27.0,16.0,,0,0,0,0,0,2024-02-20 16:00:00
2024-02-20 16:30:00,19.088686,72.867919,11,VABB,50.0,2.6,22000.0,3000.0,27.0,16.0,,0,0,0,0,0,2024-02-20 16:00:00
2024-02-20 17:00:00,19.088686,72.867919,11,VABB,40.0,2.6,22000.0,3000.0,27.0,17.0,,0,0,0,0,0,2024-02-20 17:00:00
2024-02-20 17:30:00,19.088686,72.867919,11,VABB,70.0,2.6,22000.0,3000.0,27.0,17.0,,0,0,0,0,0,2024-02-20 17:00:00
2024-02-20 18:00:00,19.088686,72.867919,11,VABB,,0.0,,2000.0,24.2,19.2,1014.0,0,0,0,0,0,2024-02-20 18:00:00
2024-02-20 18:00:00,19.088686,72.867919,11,VABB,360.0,1.5,22000.0,3000.0,26.0,18.0,,0,0,0,0,0,2024-02-20 18:00:00
2024-02-20 18:30:00,19.088686,72.867919,11,VABB,0.0,0.0,22000.0,3000.0,26.0,19.0,,0,0,0,0,0,2024-02-20 18:00:00
2024-02-20 19:00:00,19.088686,72.867919,11,VABB,0.0,0.0,22000.0,3000.0,25.0,20.0,,0,1,0,0,0,2024-02-20 19:00:00
2024-02-20 19:30:00,19.088686,72.867919,11,VABB,110.0,1.5,22000.0,3000.0,25.0,20.0,,0,1,0,0,0,2024-02-20 19:00:00
2024-02-20 20:00:00,19.088686,72.867919,11,VABB,10.0,2.1,22000.0,3000.0,25.0,20.0,,0,1,0,0,0,2024-02-20 20:00:00
2024-02-20 20:30:00,19.088686,72.867919,11,VABB,340.0,2.1,22000.0,3000.0,25.0,21.0,,0,1,0,0,0,2024-02-20 20:00:00
2024-02-20 21:00:00,19.088686,72.867919,11,VABB,,0.0,,2000.0,22.2,18.7,1012.2,0,0,0,0,0,2024-02-20 21:00:00
2024-02-20 21:00:00,19.088686,72.867919,11,VABB,0.0,0.0,22000.0,3000.0,25.0,21.0,,0,1,0,0,0,2024-02-20 21:00:00
2024-02-20 21:30:00,19.088686,72.867919,11,VABB,20.0,1.5,22000.0,3000.0,25.0,21.0,,0,1,0,0,0,2024-02-20 21:00:00
2024-02-20 22:00:00,19.088686,72.867919,11,VABB,0.0,0.0,22000.0,3000.0,25.0,20.0,,0,1,0,0,0,2024-02-20 22:00:00
2024-02-20 22:30:00,19.088686,72.867919,11,VABB,20.0,1.5,22000.0,3000.0,25.0,21.0,,0,1,0,0,0,2024-02-20 22:00:00
2024-02-20 23:00:00,19.088686,72.867919,11,VABB,20.0,1.5,22000.0,3000.0,25.0,21.0,,0,1,0,0,0,2024-02-20 23:00:00
2024-02-20 23:30:00,19.088686,72.867919,11,VABB,20.0,1.5,22000.0,3000.0,24.0,22.0,,0,1,0,0,0,2024-02-20 23:00:00
2024-02-21 00:00:00,19.088686,72.867919,11,VABB,,0.0,22000.0,2000.0,21.4,18.9,1012.2,0,0,0,0,0,2024-02-21 00:00:00
2024-02-21 00:00:00,19.088686,72.867919,11,VABB,20.0,2.1,10000.0,3000.0,24.0,22.0,,0,1,0,0,0,2024-02-21 00:00:00
2024-02-21 00:30:00,19.088686,72.867919,11,VABB,40.0,2.6,10000.0,2500.0,24.0,22.0,,0,1,0,0,0,2024-02-21 00:00:00
2024-02-21 01:00:00,19.088686,72.867919,11,VABB,40.0,2.6,10000.0,2500.0,24.0,22.0,,0,1,0,0,0,2024-02-21 01:00:00
2024-02-21 01:30:00,19.088686,72.867919,11,VABB,70.0,2.6,2000.0,2500.0,25.0,22.0,,0,1,0,0,0,2024-02-21 01:00:00
2024-02-21 02:00:00,19.088686,72.867919,11,VABB,60.0,2.6,22000.0,2500.0,25.0,22.0,,0,1,0,0,0,2024-02-21 02:00:00
2024-02-21 02:30:00,19.088686,72.867919,11,VABB,,1.5,2000.0,2100.0,25.0,22.0,,0,1,0,1,0,2024-02-21 02:00:00
2024-02-21 03:00:00,19.088686,72.867919,11,VABB,,0.0,,2000.0,23.4,21.0,1014.5,0,0,0,0,0,2024-02-21 03:00:00
2024-02-21 03:00:00,19.088686,72.867919,11,VABB,50.0,2.1,2000.0,2100.0,25.0,22.0,,0,1,0,0,0,2024-02-21 03:00:00
2024-02-21 03:30:00,19.088686,72.867919,11,VABB,,1.5,10000.0,2100.0,26.0,22.0,,0,1,0,1,0,2024-02-21 03:00:00
2024-02-21 04:00:00,19.088686,72.867919,11,VABB,0.0,0.0,2000.0,2200.0,27.0,22.0,,0,1,0,0,0,2024-02-21 04:00:00
2024-02-21 04:30:00,19.088686,72.867919,11,VABB,0.0,0.0,2000.0,2500.0,28.0,21.0,,0,1,0,0,0,2024-02-21 04:00:00
2024-02-21 05:00:00,19.088686,72.867919,11,VABB,290.0,3.1,2000.0,2500.0,27.0,20.0,,0,1,0,0,0,2024-02-21 05:00:00
2024-02-21 05:30:00,19.088686,72.867919,11,VABB,320.0,2.1,2000.0,2500.0,28.0,19.0,,0,1,0,0,0,2024-02-21 05:00:00
2024-02-21 06:00:00,19.088686,72.867919,11,VABB,320.0,1.5,22000.0,2000.0,28.8,18.2,1014.7,0,0,0,0,0,2024-02-21 06:00:00
2024-02-21 06:00:00,19.088686,72.867919,11,VABB,320.0,2.1,2000.0,2500.0,29.0,19.0,,0,0,0,0,0,2024-02-21 06:00:00
2024-02-21 06:30:00,19.088686,72.867919,11,VABB,320.0,3.6,2000.0,3000.0,29.0,19.0,,0,0,0,0,0,2024-02-21 06:00:00
2024-02-21 07:00:00,19.088686,72.867919,11,VABB,290.0,4.6,2000.0,3000.0,29.0,18.0,,0,0,0,0,0,2024-02-21 07:00:00
2024-02-21 07:30:00,19.088686,72.867919,11,VABB,300.0,3.6,2000.0,3500.0,30.0,19.0,,0,0,0,0,0,2024-02-21 07:00:00
2024-02-21 08:00:00,19.088686,72.867919,11,VABB,310.0,5.7,2000.0,3500.0,29.0,19.0,,0,0,0,0,0,2024-02-21 08:00:00
2024-02-21 08:30:00,19.088686,72.867919,11,VABB,300.0,4.1,2000.0,3500.0,29.0,19.0,,0,0,0,0,0,2024-02-21 08:00:00
2024-02-21 09:00:00,19.088686,72.867919,11,VABB,320.0,2.6,,2000.0,29.2,19.4,1011.3,0,0,0,0,0,2024-02-21 09:00:00
2024-02-21 09:00:00,19.088686,72.867919,11,VABB,290.0,4.6,2000.0,3500.0,29.0,19.0,,0,0,0,0,0,2024-02-21 09:00:00
2024-02-21 09:30:00,19.088686,72.867919,11,VABB,330.0,5.1,2000.0,3500.0,29.0,19.0,,0,0,0,0,0,2024-02-21 09:00:00
2024-02-21 10:00:00,19.088686,72.867919,11,VABB,280.0,5.1,2000.0,4000.0,29.0,19.0,,0,0,0,0,0,2024-02-21 10:00:00
2024-02-21 10:30:00,19.088686,72.867919,11,VABB,260.0,4.1,2000.0,4000.0,28.0,19.0,,0,0,0,0,1,2024-02-21 10:00:00
2024-02-21 11:00:00,19.088686,72.867919,11,VABB,280.0,5.7,2000.0,5000.0,28.0,19.0,,0,0,0,0,0,2024-02-21 11:00:00
2024-02-21 11:30:00,19.088686,72.867919,11,VABB,290.0,5.1,2000.0,5000.0,28.0,19.0,,0,0,0,0,0,2024-02-21 11:00:00
2024-02-21 12:00:00,19.088686,72.867919,11,VABB,270.0,2.1,22000.0,2000.0,28.0,19.7,1011.5,0,0,0,0,0,2024-02-21 12:00:00
2024-02-21 12:00:00,19.088686,72.867919,11,VABB,270.0,5.7,2000.0,5000.0,28.0,19.0,,0,0,0,0,0,2024-02-21 12:00:00
2024-02-21 12:30:00,19.088686,72.867919,11,VABB,260.0,4.6,22000.0,4000.0,28.0,19.0,,0,1,0,0,0,2024-02-21 12:00:00
2024-02-21 13:00:00,19.088686,72.867919,11,VABB,290.0,3.1,22000.0,4000.0,27.0,19.0,,0,1,0,0,0,2024-02-21 13:00:00
2024-02-21 13:30:00,19.088686,72.867919,11,VABB,310.0,3.1,10000.0,4000.0,26.0,20.0,,0,1,0,0,0,2024-02-21 13:00:00
2024-02-21 14:00:00,19.088686,72.867919,11,VABB,320.0,2.6,22000.0,3000.0,26.0,20.0,,0,1,0,0,0,2024-02-21 14:00:00
2024-02-21 14:30:00,19.088686,72.867919,11,VABB,300.0,2.6,22000.0,3000.0,26.0,20.0,,0,1,0,0,0,2024-02-21 14:00:00
2024-02-21 15:00:00,19.088686,72.867919,11,VABB,,0.0,,2000.0,25.6,20.4,1013.1,0,0,0,0,0,2024-02-21 15:00:00
2024-02-21 15:00:00,19.088686,72.867919,11,VABB,290.0,3.1,22000.0,3000.0,26.0,20.0,,0,1,0,0,0,2024-02-21 15:00:00
2024-02-21 15:30:00,19.088686,72.867919,11,VABB,320.0,2.6,22000.0,3000.0,26.0,20.0,,0,1,0,0,0,2024-02-21 15:00:00
2024-02-21 16:00:00,19.088686,72.867919,11,VABB,270.0,3.6,22000.0,3000.0,26.0,21.0,,0,1,0,0,0,2024-02-21 16:00:00
2024-02-21 16:30:00,19.088686,72.867919,11,VABB,270.0,3.6,22000.0,3000.0,26.0,21.0,,0,1,0,0,0,2024-02-21 16:00:00
2024-02-21 17:00:00,19.088686,72.867919,11,VABB,320.0,2.6,22000.0,3000.0,26.0,21.0,,0,1,0,0,0,2024-02-21 17:00:00
2024-02-21 17:30:00,19.088686,72.867919,11,VABB,300.0,2.1,22000.0,3000.0,26.0,21.0,,0,1,0,0,0,2024-02-21 17:00:00
2024-02-21 18:00:00,19.088686,72.867919,11,VABB,,0.0,,2000.0,24.8,20.2,1013.9,0,0,0,0,0,2024-02-21 18:00:00
2024-02-21 18:00:00,19.088686,72.867919,11,VABB,320.0,2.1,22000.0,3000.0,26.0,21.0,,0,1,0,0,0,2024-02-21 18:00:00
2024-02-21 18:30:00,19.088686,72.867919,11,VABB,360.0,2.1,22000.0,3000.0,26.0,21.0,,0,1,0,0,0,2024-02-21 18:00:00
2024-02-21 19:00:00,19.088686,72.867919,11,VABB,300.0,1.5,22000.0,3000.0,25.0,21.0,,0,1,0,0,0,2024-02-21 19:00:00
2024-02-21 19:30:00,19.088686,72.867919,11,VABB,290.0,1.5,22000.0,3000.0,25.0,21.0,,0,1,0,0,0,2024-02-21 19:00:00
2024-02-21 20:00:00,19.088686,72.867919,11,VABB,290.0,1.5,22000.0,3000.0,25.0,21.0,,0,1,0,0,0,2024-02-21 20:00:00
2024-02-21 20:30:00,19.088686,72.867919,11,VABB,300.0,1.5,22000.0,3000.0,25.0,21.0,,0,1,0,0,0,2024-02-21 20:00:00
2024-02-21 21:00:00,19.088686,72.867919,11,VABB,,0.0,22000.0,2000.0,23.2,19.8,1012.3,0,0,0,0,0,2024-02-21 21:00:00
2024-02-21 21:00:00,19.088686,72.867919,11,VABB,360.0,2.6,22000.0,3000.0,25.0,21.0,,0,1,0,0,0,2024-02-21 21:00:00
2024-02-21 21:30:00,19.088686,72.867919,11,VABB,340.0,2.1,22000.0,3000.0,25.0,21.0,,0,1,0,0,0,2024-02-21 21:00:00
2024-02-21 22:00:00,19.088686,72.867919,11,VABB,50.0,2.1,22000.0,3000.0,25.0,21.0,,0,1,0,0,0,2024-02-21 22:00:00
2024-02-21 22:30:00,19.088686,72.867919,11,VABB,100.0,1.5,22000.0,3000.0,24.0,21.0,,0,1,0,0,0,2024-02-21 22:00:00
2024-02-21 23:00:00,19.088686,72.867919,11,VABB,120.0,2.6,22000.0,3000.0,25.0,21.0,,0,1,0,0,0,2024-02-21 23:00:00
2024-02-21 23:30:00,19.088686,72.867919,11,VABB,90.0,2.1,22000.0,3000.0,24.0,21.0,,0,1,0,0,0,2024-02-21 23:00:00
2024-02-22 00:00:00,19.088686,72.867919,11,VABB,,0.0,,2000.0,22.2,19.4,1012.4,0,0,0,0,0,2024-02-22 00:00:00
2024-02-22 00:00:00,19.088686,72.867919,11,VABB,80.0,1.5,22000.0,3000.0,24.0,21.0,,0,1,0,0,0,2024-02-22 00:00:00
2024-02-22 00:30:00,19.088686,72.867919,11,VABB,40.0,1.5,22000.0,3000.0,24.0,21.0,,0,1,0,0,0,2024-02-22 00:00:00
2024-02-22 01:00:00,19.088686,72.867919,11,VABB,50.0,3.1,22000.0,3000.0,25.0,22.0,,0,1,0,0,0,2024-02-22 01:00:00
2024-02-22 01:30:00,19.088686,72.867919,11,VABB,60.0,3.6,10000.0,3000.0,25.0,22.0,,0,1,0,0,0,2024-02-22 01:00:00
2024-02-22 02:00:00,19.088686,72.867919,11,VABB,70.0,2.1,10000.0,2500.0,24.0,22.0,,0,1,0,0,0,2024-02-22 02:00:00
2024-02-22 02:30:00,19.088686,72.867919,11,VABB,40.0,3.1,10000.0,2100.0,25.0,21.0,,1,0,0,0,0,2024-02-22 02:00:00
2024-02-22 03:00:00,19.088686,72.867919,11,VABB,,0.0,22000.0,2000.0,23.0,20.9,1014.8,0,0,0,0,0,2024-02-22 03:00:00
2024-02-22 03:00:00,19.088686,72.867919,11,VABB,70.0,3.1,10000.0,1800.0,25.0,21.0,,1,0,0,0,0,2024-02-22 03:00:00
2024-02-22 03:30:00,19.088686,72.867919,11,VABB,60.0,3.1,2000.0,2100.0,26.0,21.0,,1,0,0,0,0,2024-02-22 03:00:00
2024-02-22 04:00:00,19.088686,72.867919,11,VABB,40.0,2.6,2000.0,2100.0,26.0,21.0,,1,0,0,0,0,2024-02-22 04:00:00
2024-02-22 04:30:00,19.088686,72.867919,11,VABB,30.0,4.1,2000.0,2500.0,27.0,20.0,,0,1,0,0,0,2024-02-22 04:00:00
2024-02-22 05:00:00,19.088686,72.867919,11,VABB,300.0,3.1,2000.0,2500.0,27.0,19.0,,0,1,0,0,0,2024-02-22 05:00:00
2024-02-22 05:30:00,19.088686,72.867919,11,VABB,310.0,2.1,2000.0,3000.0,29.0,20.0,,0,1,0,0,0,2024-02-22 05:00:00
2024-02-22 06:00:00,19.088686,72.867919,11,VABB,320.0,2.1,750.0,2000.0,28.4,20.2,1014.9,0,0,0,0,0,2024-02-22 06:00:00
2024-02-22 06:00:00,19.088686,72.867919,11,VABB,260.0,4.1,2000.0,3000.0,29.0,20.0,,0,0,0,0,0,2024-02-22 06:00:00
2024-02-22 06:30:00,19.088686,72.867919,11,VABB,260.0,5.7,2000.0,3000.0,28.0,21.0,,0,0,0,0,0,2024-02-22 06:00:00
2024-02-22 07:00:00,19.088686,72.867919,11,VABB,260.0,5.7,2000.0,3000.0,28.0,21.0,,0,0,0,0,0,2024-02-22 07:00:00
2024-02-22 07:30:00,19.088686,72.867919,11,VABB,260.0,6.7,2000.0,3000.0,29.0,21.0,,0,0,0,0,0,2024-02-22 07:00:00
2024-02-22 08:00:00,19.088686,72.867919,11,VABB,270.0,4.6,2000.0,3000.0,28.0,21.0,,0,1,0,0,1,2024-02-22 08:00:00
2024-02-22 08:30:00,19.088686,72.867919,11,VABB,290.0,4.1,2000.0,3000.0,29.0,21.0,,0,1,0,0,1,2024-02-22 08:00:00
2024-02-22 09:00:00,19.088686,72.867919,11,VABB,320.0,3.1,22000.0,2000.0,29.2,19.8,1012.7,0,0,0,0,0,2024-02-22 09:00:00
2024-02-22 09:00:00,19.088686,72.867919,11,VABB,260.0,7.2,2000.0,4000.0,28.0,21.0,,0,1,0,0,0,2024-02-22 09:00:00
2024-02-22 09:30:00,19.088686,72.867919,11,VABB,280.0,4.1,2000.0,4000.0,28.0,21.0,,0,1,0,0,1,2024-02-22 09:00:00
2024-02-22 10:00:00,19.088686,72.867919,11,VABB,290.0,5.1,2000.0,4000.0,28.0,20.0,,0,1,0,0,0,2024-02-22 10:00:00
2024-02-22 10:30:00,19.088686,72.867919,11,VABB,310.0,4.6,2000.0,4000.0,28.0,20.0,,0,1,0,0,0,2024-02-22 10:00:00
2024-02-22 11:00:00,19.088686,72.867919,11,VABB,290.0,5.7,2000.0,4000.0,28.0,19.0,,0,0,0,0,0,2024-02-22 11:00:00
2024-02-22 11:30:00,19.088686,72.867919,11,VABB,300.0,4.1,2000.0,4000.0,28.0,19.0,,0,0,0,0,0,2024-02-22 11:00:00
2024-02-22 12:00:00,19.088686,72.867919,11,VABB,320.0,2.6,,2000.0,27.2,19.2,1012.2,0,0,0,0,0,2024-02-22 12:00:00
2024-02-22 12:00:00,19.088686,72.867919,11,VABB,290.0,5.1,22000.0,4000.0,28.0,20.0,,0,1,0,0,0,2024-02-22 12:00:00
2024-02-22 12:30:00,19.088686,72.867919,11,VABB,300.0,4.6,22000.0,3000.0,27.0,20.0,,0,1,0,0,0,2024-02-22 12:00:00
2024-02-22 13:00:00,19.088686,72.867919,11,VABB,330.0,3.1,22000.0,3000.0,26.0,20.0,,0,1,0,0,0,2024-02-22 13:00:00
2024-02-22 13:30:00,19.088686,72.867919,11,VABB,310.0,5.1,22000.0,3000.0,26.0,20.0,,0,1,0,0,0,2024-02-22 13:00:00
2024-02-22 14:00:00,19.088686,72.867919,11,VABB,320.0,4.6,22000.0,3000.0,26.0,20.0,,0,1,0,0,0,2024-02-22 14:00:00
2024-02-22 14:30:00,19.088686,72.867919,11,VABB,310.0,4.6,22000.0,3000.0,25.0,20.0,,0,1,0,0,0,2024-02-22 14:00:00
2024-02-22 15:00:00,19.088686,72.867919,11,VABB,320.0,3.1,,2000.0,25.0,19.4,1013.9,0,0,0,0,0,2024-02-22 15:00:00
2024-02-22 15:00:00,19.088686,72.867919,11,VABB,310.0,3.6,22000.0,3000.0,25.0,20.0,,0,1,0,0,0,2024-02-22 15:00:00
2024-02-22 15:30:00,19.088686,72.867919,11,VABB,310.0,4.1,22000.0,3000.0,25.0,20.0,,0,1,0,0,0,2024-02-22 15:00:00
2024-02-22 16:00:00,19.088686,72.867919,11,VABB,310.0,4.1,22000.0,3000.0,25.0,19.0,,0,1,0,0,0,2024-02-22 16:00:00
2024-02-22 16:30:00,19.088686,72.867919,11,VABB,310.0,2.6,22000.0,3000.0,26.0,19.0,,0,1,0,0,0,2024-02-22 16:00:00
2024-02-22 17:00:00,19.088686,72.867919,11,VABB,310.0,2.1,22000.0,3000.0,25.0,19.0,,0,1,0,0,0,2024-02-22 17:00:00
2024-02-22 17:30:00,19.088686,72.867919,11,VABB,0.0,0.0,22000.0,3000.0,25.0,20.0,,0,1,0,0,0,2024-02-22 17:00:00
2024-02-22 18:00:00,19.088686,72.867919,11,VABB,,0.0,,2000.0,23.6,19.2,1014.5,0,0,0,0,0,2024-02-22 18:00:00
2024-02-22 18:00:00,19.088686,72.867919,11,VABB,310.0,2.6,22000.0,3000.0,25.0,20.0,,0,1,0,0,0,2024-02-22 18:00:00
2024-02-22 18:30:00,19.088686,72.867919,11,VABB,340.0,2.6,22000.0,3000.0,25.0,20.0,,0,1,0,0,0,2024-02-22 18:00:00
2024-02-22 19:00:00,19.088686,72.867919,11,VABB,340.0,2.6,22000.0,3000.0,25.0,20.0,,0,1,0,0,0,2024-02-22 19:00:00
2024-02-22 19:30:00,19.088686,72.867919,11,VABB,40.0,1.5,22000.0,3000.0,24.0,20.0,,0,1,0,0,0,2024-02-22 19:00:00
2024-02-22 20:00:00,19.088686,72.867919,11,VABB,40.0,2.6,22000.0,3000.0,24.0,20.0,,0,1,0,0,0,2024-02-22 20:00:00
2024-02-22 20:30:00,19.088686,72.867919,11,VABB,40.0,2.6,22000.0,3000.0,24.0,20.0,,0,1,0,0,0,2024-02-22 20:00:00
2024-02-22 21:00:00,19.088686,72.867919,11,VABB,,0.0,,2000.0,21.6,19.1,1013.3,0,0,0,0,0,2024-02-22 21:00:00
2024-02-22 21:00:00,19.088686,72.867919,11,VABB,20.0,2.6,22000.0,3000.0,24.0,20.0,,0,1,0,0,0,2024-02-22 21:00:00
2024-02-22 21:30:00,19.088686,72.867919,11,VABB,20.0,2.6,22000.0,3000.0,24.0,20.0,,0,1,0,0,0,2024-02-22 21:00:00
2024-02-22 22:00:00,19.088686,72.867919,11,VABB,50.0,1.5,22000.0,3000.0,24.0,20.0,,0,1,0,0,0,2024-02-22 22:00:00
2024-02-22 22:30:00,19.088686,72.867919,11,VABB,100.0,1.5,22000.0,3000.0,23.0,20.0,,0,1,0,0,0,2024-02-22 22:00:00
2024-02-22 23:00:00,19.088686,72.867919,11,VABB,120.0,1.5,22000.0,3000.0,23.0,20.0,,0,1,0,0,0,2024-02-22 23:00:00
2024-02-22 23:30:00,19.088686,72.867919,11,VABB,90.0,2.6,22000.0,3000.0,23.0,20.0,,0,1,0,0,0,2024-02-22 23:00:00
2024-02-23 00:00:00,19.088686,72.867919,11,VABB,,0.0,22000.0,2000.0,20.4,18.5,1013.4,0,0,0,0,0,2024-02-23 00:00:00
2024-02-23 00:00:00,19.088686,72.867919,11,VABB,110.0,2.1,22000.0,2500.0,23.0,20.0,,0,1,0,0,0,2024-02-23 00:00:00
2024-02-23 00:30:00,19.088686,72.867919,11,VABB,100.0,2.1,22000.0,2500.0,22.0,20.0,,0,1,0,0,0,2024-02-23 00:00:00
2024-02-23 01:00:00,19.088686,72.867919,11,VABB,120.0,2.6,22000.0,2500.0,23.0,20.0,,0,1,0,0,0,2024-02-23 01:00:00
2024-02-23 01:30:00,19.088686,72.867919,11,VABB,100.0,2.6,22000.0,1800.0,22.0,19.0,,0,1,0,0,0,2024-02-23 01:00:00
2024-02-23 01:32:00,19.088686,72.867919,11,VABB,100.0,2.6,10000.0,1800.0,22.0,19.0,,0,1,0,0,0,2024-02-23 01:00:00
2024-02-23 02:00:00,19.088686,72.867919,11,VABB,90.0,2.1,10000.0,1800.0,23.0,19.0,,0,1,0,0,0,2024-02-23 02:00:00
2024-02-23 02:30:00,19.088686,72.867919,11,VABB,100.0,2.1,10000.0,1800.0,23.0,19.0,,1,0,0,0,0,2024-02-23 02:00:00
2024-02-23 03:00:00,19.088686,72.867919,11,VABB,,0.0,,2000.0,21.6,18.4,1015.2,0,0,0,0,0,2024-02-23 03:00:00
2024-02-23 03:00:00,19.088686,72.867919,11,VABB,80.0,3.6,22000.0,2100.0,24.0,19.0,,0,1,0,0,0,2024-02-23 03:00:00
2024-02-23 03:30:00,19.088686,72.867919,11,VABB,80.0,2.6,22000.0,2100.0,25.0,19.0,,0,1,0,0,0,2024-02-23 03:00:00
2024-02-23 04:00:00,19.088686,72.867919,11,VABB,60.0,3.1,22000.0,2500.0,26.0,20.0,,0,1,0,0,0,2024-02-23 04:00:00
2024-02-23 04:30:00,19.088686,72.867919,11,VABB,130.0,1.5,2000.0,2500.0,26.0,19.0,,0,1,0,0,0,2024-02-23 04:00:00
2024-02-23 05:00:00,19.088686,72.867919,11,VABB,70.0,4.1,2000.0,3000.0,28.0,16.0,,0,1,0,0,0,2024-02-23 05:00:00
2024-02-23 05:30:00,19.088686,72.867919,11,VABB,40.0,3.6,2000.0,3000.0,28.0,14.0,,0,0,0,0,0,2024-02-23 05:00:00
2024-02-23 06:00:00,19.088686,72.867919,11,VABB,50.0,2.1,22000.0,2000.0,29.0,14.1,1015.1,0,0,0,0,0,2024-02-23 06:00:00
2024-02-23 06:00:00,19.088686,72.867919,11,VABB,40.0,4.1,2000.0,3000.0,29.0,12.0,,0,0,0,0,0,2024-02-23 06:00:00
2024-02-23 06:30:00,19.088686,72.867919,11,VABB,40.0,3.6,2000.0,3000.0,29.0,13.0,,0,0,0,0,0,2024-02-23 06:00:00
2024-02-23 07:00:00,19.088686,72.867919,11,VABB,60.0,1.5,2000.0,3500.0,29.0,13.0,,0,0,0,0,0,2024-02-23 07:00:00
2024-02-23 07:30:00,19.088686,72.867919,11,VABB,70.0,5.1,2000.0,4000.0,30.0,13.0,,0,0,0,0,0,2024-02-23 07:00:00
2024-02-23 08:00:00,19.088686,72.867919,11,VABB,330.0,3.6,2000.0,4000.0,30.0,16.0,,0,0,0,0,1,2024-02-23 08:00:00
2024-02-23 08:30:00,19.088686,72.867919,11,VABB,320.0,3.6,2000.0,4000.0,29.0,18.0,,0,0,0,0,0,2024-02-23 08:00:00
2024-02-23 09:00:00,19.088686,72.867919,11,VABB,360.0,2.1,,2000.0,30.6,17.0,1011.1,0,0,0,0,0,2024-02-23 09:00:00
2024-02-23 09:00:00,19.088686,72.867919,11,VABB,300.0,4.1,2000.0,4000.0,30.0,16.0,,0,0,0,0,0,2024-02-23 09:00:00
2024-02-23 09:30:00,19.088686,72.867919,11,VABB,320.0,5.7,22000.0,4000.0,30.0,17.0,,0,0,0,0,0,2024-02-23 09:00:00
2024-02-23 10:00:00,19.088686,72.867919,11,VABB,320.0,4.6,22000.0,4000.0,29.0,17.0,,0,0,0,0,0,2024-02-23 10:00:00
2024-02-23 10:30:00,19.088686,72.867919,11,VABB,320.0,5.1,22000.0,4000.0,29.0,16.0,,0,0,0,0,0,2024-02-23 10:00:00
2024-02-23 11:00:00,19.088686,72.867919,11,VABB,320.0,4.6,22000.0,5000.0,29.0,9.0,,0,0,0,0,1,2024-02-23 11:00:00
2024-02-23 11:30:00,19.088686,72.867919,11,VABB,300.0,5.7,22000.0,5000.0,29.0,7.0,,0,0,0,0,0,2024-02-23 11:00:00
2024-02-23 12:00:00,19.088686,72.867919,11,VABB,360.0,2.1,,2000.0,28.6,7.5,1010.9,0,0,0,0,0,2024-02-23 12:00:00
2024-02-23 12:00:00,19.088686,72.867919,11,VABB,320.0,5.1,22000.0,5000.0,29.0,6.0,,0,0,0,0,0,2024-02-23 12:00:00
2024-02-23 12:30:00,19.088686,72.867919,11,VABB,330.0,4.6,22000.0,5000.0,29.0,8.0,,0,0,0,0,0,2024-02-23 12:00:00
2024-02-23 13:00:00,19.088686,72.867919,11,VABB,320.0,3.6,22000.0,5000.0,29.0,8.0,,0,0,0,0,1,2024-02-23 13:00:00
2024-02-23 13:30:00,19.088686,72.867919,11,VABB,320.0,3.1,22000.0,4000.0,27.0,10.0,,0,0,0,0,0,2024-02-23 13:00:00
2024-02-23 14:00:00,19.088686,72.867919,11,VABB,320.0,3.1,22000.0,4000.0,27.0,11.0,,0,0,0,0,0,2024-02-23 14:00:00
2024-02-23 14:30:00,19.088686,72.867919,11,VABB,330.0,4.1,22000.0,4000.0,27.0,9.0,,0,0,1,0,0,2024-02-23 14:00:00
2024-02-23 15:00:00,19.088686,72.867919,11,VABB,360.0,2.1,,2000.0,26.2,11.0,1012.2,0,0,0,0,0,2024-02-23 15:00:00
2024-02-23 15:00:00,19.088686,72.867919,11,VABB,330.0,3.6,22000.0,3000.0,27.0,10.0,,0,0,0,0,0,2024-02-23 15:00:00
2024-02-23 15:30:00,19.088686,72.867919,11,VABB,350.0,3.6,22000.0,3000.0,26.0,11.0,,0,0,0,0,0,2024-02-23 15:00:00
2024-02-23 16:00:00,19.088686,72.867919,11,VABB,330.0,2.6,22000.0,3000.0,26.0,12.0,,0,0,0,0,0,2024-02-23 16:00:00
2024-02-23 16:30:00,19.088686,72.867919,11,VABB,330.0,3.6,22000.0,3000.0,27.0,12.0,,0,0,0,0,0,2024-02-23 16:00:00
2024-02-23 17:00:00,19.088686,72.867919,11,VABB,40.0,3.1,22000.0,3000.0,26.0,11.0,,0,0,0,0,0,2024-02-23 17:00:00
2024-02-23 17:30:00,19.088686,72.867919,11,VABB,50.0,3.1,22000.0,3000.0,26.0,10.0,,0,0,0,0,0,2024-02-23 17:00:00
2024-02-23 18:00:00,19.088686,72.867919,11,VABB,,0.0,,2000.0,23.4,12.2,1013.3,0,0,0,0,0,2024-02-23 18:00:00
2024-02-23 18:00:00,19.088686,72.867919,11,VABB,40.0,2.6,22000.0,3000.0,26.0,5.0,,0,0,0,0,0,2024-02-23 18:00:00
2024-02-23 18:30:00,19.088686,72.867919,11,VABB,120.0,3.1,22000.0,3000.0,25.0,4.0,,0,0,0,0,0,2024-02-23 18:00:00
2024-02-23 19:00:00,19.088686,72.867919,11,VABB,150.0,1.5,22000.0,3000.0,25.0,5.0,,0,0,0,0,0,2024-02-23 19:00:00
2024-02-23 19:30:00,19.088686,72.867919,11,VABB,350.0,2.6,22000.0,3000.0,25.0,7.0,,0,0,0,0,0,2024-02-23 19:00:00
2024-02-23 20:00:00,19.088686,72.867919,11,VABB,30.0,2.6,22000.0,3000.0,25.0,7.0,,0,0,0,0,0,2024-02-23 20:00:00
2024-02-23 20:30:00,19.088686,72.867919,11,VABB,40.0,2.1,22000.0,3000.0,24.0,8.0,,0,0,0,0,0,2024-02-23 20:00:00
2024-02-23 21:00:00,19.088686,72.867919,11,VABB,,0.0,,2000.0,19.4,10.6,1011.9,0,0,0,0,0,2024-02-23 21:00:00
2024-02-23 21:00:00,19.088686,72.867919,11,VABB,10.0,2.1,22000.0,3000.0,24.0,8.0,,0,0,0,0,0,2024-02-23 21:00:00
2024-02-23 21:30:00,19.088686,72.867919,11,VABB,330.0,2.6,22000.0,3000.0,24.0,9.0,,0,0,0,0,0,2024-02-23 21:00:00
2024-02-23 22:00:00,19.088686,72.867919,11,VABB,350.0,2.6,22000.0,3000.0,24.0,11.0,,0,0,0,0,0,2024-02-23 22:00:00
2024-02-23 22:30:00,19.088686,72.867919,11,VABB,340.0,2.1,22000.0,3000.0,23.0,12.0,,0,0,0,0,0,2024-02-23 22:00:00
2024-02-23 23:00:00,19.088686,72.867919,11,VABB,340.0,3.1,22000.0,3000.0,22.0,13.0,,0,0,0,0,0,2024-02-23 23:00:00
2024-02-23 23:30:00,19.088686,72.867919,11,VABB,350.0,3.1,22000.0,3000.0,23.0,9.0,,0,0,0,0,0,2024-02-23 23:00:00
2024-02-24 00:00:00,19.088686,72.867919,11,VABB,,0.0,,2000.0,20.2,14.0,1011.1,0,0,0,0,0,2024-02-24 00:00:00
2024-02-24 00:00:00,19.088686,72.867919,11,VABB,0.0,0.0,22000.0,3000.0,23.0,10.0,,0,0,0,0,0,2024-02-24 00:00:00
2024-02-24 00:30:00,19.088686,72.867919,11,VABB,50.0,3.6,22000.0,3000.0,23.0,12.0,,0,0,0,0,0,2024-02-24 00:00:00
2024-02-24 01:00:00,19.088686,72.867919,11,VABB,30.0,3.1,22000.0,2500.0,23.0,11.0,,0,0,0,0,0,2024-02-24 01:00:00
2024-02-24 01:30:00,19.088686,72.867919,11,VABB,30.0,2.1,22000.0,2500.0,23.0,11.0,,0,0,0,0,0,2024-02-24 01:00:00
2024-02-24 02:00:00,19.088686,72.867919,11,VABB,30.0,2.6,22000.0,2500.0,23.0,11.0,,0,0,0,0,0,2024-02-24 02:00:00
2024-02-24 02:30:00,19.088686,72.867919,11,VABB,50.0,2.6,22000.0,2500.0,23.0,11.0,,0,0,0,0,0,2024-02-24 02:00:00
2024-02-24 03:00:00,19.088686,72.867919,11,VABB,360.0,1.5,,2000.0,21.6,12.0,1013.9,0,0,0,0,0,2024-02-24 03:00:00
2024-02-24 03:00:00,19.088686,72.867919,11,VABB,10.0,4.1,22000.0,2500.0,24.0,11.0,,0,0,0,0,0,2024-02-24 03:00:00
2024-02-24 03:30:00,19.088686,72.867919,11,VABB,70.0,2.6,22000.0,2500.0,25.0,10.0,,0,0,0,0,0,2024-02-24 03:00:00
2024-02-24 04:00:00,19.088686,72.867919,11,VABB,30.0,2.6,22000.0,2500.0,27.0,8.0,,0,0,0,0,0,2024-02-24 04:00:00
2024-02-24 04:30:00,19.088686,72.867919,11,VABB,50.0,5.1,22000.0,2500.0,27.0,7.0,,0,0,0,0,0,2024-02-24 04:00:00
2024-02-24 05:00:00,19.088686,72.867919,11,VABB,50.0,3.6,22000.0,2500.0,29.0,5.0,,0,0,0,0,0,2024-02-24 05:00:00
2024-02-24 05:30:00,19.088686,72.867919,11,VABB,40.0,2.1,22000.0,2500.0,29.0,6.0,,0,0,0,0,0,2024-02-24 05:00:00
2024-02-24 06:00:00,19.088686,72.867919,11,VABB,50.0,2.1,,2000.0,30.4,8.9,1014.1,0,0,0,0,0,2024-02-24 06:00:00
2024-02-24 06:00:00,19.088686,72.867919,11,VABB,10.0,2.1,22000.0,3000.0,31.0,3.0,,0,0,0,0,0,2024-02-24 06:00:00
2024-02-24 06:30:00,19.088686,72.867919,11,VABB,320.0,1.5,22000.0,3000.0,30.0,3.0,,0,0,0,0,0,2024-02-24 06:00:00
2024-02-24 07:00:00,19.088686,72.867919,11,VABB,320.0,2.1,22000.0,3000.0,31.0,3.0,,0,0,0,0,0,2024-02-24 07:00:00
2024-02-24 07:30:00,19.088686,72.867919,11,VABB,300.0,3.1,22000.0,3000.0,31.0,1.0,,0,0,0,0,0,2024-02-24 07:00:00
2024-02-24 08:00:00,19.088686,72.867919,11,VABB,20.0,5.1,22000.0,3000.0,32.0,0.0,,0,0,0,0,0,2024-02-24 08:00:00
2024-02-24 08:30:00,19.088686,72.867919,11,VABB,320.0,3.6,22000.0,3000.0,32.0,1.0,,0,0,0,0,0,2024-02-24 08:00:00
2024-02-24 09:00:00,19.088686,72.867919,11,VABB,320.0,4.6,,2000.0,32.6,12.0,1011.0,0,0,0,0,0,2024-02-24 09:00:00
2024-02-24 09:00:00,19.088686,72.867919,11,VABB,310.0,4.6,22000.0,3000.0,31.0,9.0,,0,0,0,0,0,2024-02-24 09:00:00
2024-02-24 09:30:00,19.088686,72.867919,11,VABB,310.0,5.1,22000.0,3000.0,32.0,9.0,,0,0,0,0,0,2024-02-24 09:00:00
2024-02-24 10:00:00,19.088686,72.867919,11,VABB,310.0,4.1,22000.0,3000.0,32.0,7.0,,0,0,0,0,1,2024-02-24 10:00:00
2024-02-24 10:30:00,19.088686,72.867919,11,VABB,310.0,3.6,22000.0,3000.0,31.0,5.0,,0,0,0,0,1,2024-02-24 10:00:00
2024-02-24 11:00:00,19.088686,72.867919,11,VABB,330.0,5.1,22000.0,3000.0,31.0,3.0,,0,0,0,0,1,2024-02-24 11:00:00
2024-02-24 11:30:00,19.088686,72.867919,11,VABB,320.0,4.6,22000.0,4000.0,30.0,3.0,,0,0,0,0,0,2024-02-24 11:00:00
2024-02-24 12:00:00,19.088686,72.867919,11,VABB,320.0,3.1,,2000.0,29.6,4.4,1010.9,0,0,0,0,0,2024-02-24 12:00:00
2024-02-24 12:00:00,19.088686,72.867919,11,VABB,320.0,4.6,22000.0,4000.0,30.0,4.0,,0,0,0,0,0,2024-02-24 12:00:00
2024-02-24 12:30:00,19.088686,72.867919,11,VABB,330.0,3.6,22000.0,4000.0,29.0,4.0,,0,0,0,0,0,2024-02-24 12:00:00
2024-02-24 13:00:00,19.088686,72.867919,11,VABB,340.0,4.1,22000.0,3500.0,29.0,3.0,,0,0,0,0,0,2024-02-24 13:00:00
2024-02-24 13:30:00,19.088686,72.867919,11,VABB,330.0,5.1,22000.0,3000.0,28.0,6.0,,0,0,0,0,0,2024-02-24 13:00:00
2024-02-24 14:00:00,19.088686,72.867919,11,VABB,340.0,4.6,22000.0,3000.0,27.0,8.0,,0,0,0,0,0,2024-02-24 14:00:00
2024-02-24 14:30:00,19.088686,72.867919,11,VABB,330.0,4.1,22000.0,3000.0,28.0,7.0,,0,0,0,0,0,2024-02-24 14:00:00
2024-02-24 15:00:00,19.088686,72.867919,11,VABB,320.0,2.1,,2000.0,25.8,6.8,1012.0,0,0,0,0,0,2024-02-24 15:00:00
2024-02-24 15:00:00,19.088686,72.867919,11,VABB,340.0,5.1,22000.0,3000.0,27.0,6.0,,0,0,0,0,0,2024-02-24 15:00:00
2024-02-24 15:30:00,19.088686,72.867919,11,VABB,350.0,4.1,22000.0,3000.0,26.0,6.0,,0,0,0,0,0,2024-02-24 15:00:00
2024-02-24 16:00:00,19.088686,72.867919,11,VABB,360.0,3.1,22000.0,3000.0,26.0,6.0,,0,0,0,0,0,2024-02-24 16:00:00
2024-02-24 16:30:00,19.088686,72.867919,11,VABB,360.0,2.6,22000.0,3000.0,25.0,6.0,,0,0,0,0,0,2024-02-24 16:00:00
2024-02-24 17:00:00,19.088686,72.867919,11,VABB,30.0,2.6,22000.0,2500.0,25.0,7.0,,0,0,0,0,0,2024-02-24 17:00:00
2024-02-24 17:30:00,19.088686,72.867919,11,VABB,50.0,3.6,22000.0,2500.0,25.0,6.0,,0,0,0,0,0,2024-02-24 17:00:00
2024-02-24 18:00:00,19.088686,72.867919,11,VABB,,0.0,,2000.0,22.6,7.7,1012.5,0,0,0,0,0,2024-02-24 18:00:00
2024-02-24 18:00:00,19.088686,72.867919,11,VABB,260.0,3.1,22000.0,2500.0,25.0,6.0,,0,0,0,0,0,2024-02-24 18:00:00
2024-02-24 18:30:00,19.088686,72.867919,11,VABB,30.0,2.1,22000.0,2500.0,25.0,5.0,,0,0,0,0,0,2024-02-24 18:00:00
2024-02-24 19:00:00,19.088686,72.867919,11,VABB,360.0,2.6,22000.0,2500.0,25.0,5.0,,0,0,0,0,0,2024-02-24 19:00:00
2024-02-24 19:30:00,19.088686,72.867919,11,VABB,70.0,3.1,22000.0,2500.0,25.0,4.0,,0,0,0,0,0,2024-02-24 19:00:00
2024-02-24 20:00:00,19.088686,72.867919,11,VABB,210.0,2.6,22000.0,2500.0,25.0,4.0,,0,0,0,0,0,2024-02-24 20:00:00
2024-02-24 20:30:00,19.088686,72.867919,11,VABB,320.0,1.5,22000.0,2500.0,25.0,3.0,,0,0,0,0,0,2024-02-24 20:00:00
2024-02-24 21:00:00,19.088686,72.867919,11,VABB,,0.0,,2000.0,18.0,8.3,1011.2,0,0,0,0,0,2024-02-24 21:00:00
2024-02-24 21:00:00,19.088686,72.867919,11,VABB,310.0,1.5,22000.0,2500.0,25.0,5.0,,0,0,0,0,0,2024-02-24 21:00:00
2024-02-24 21:30:00,19.088686,72.867919,11,VABB,270.0,2.6,22000.0,2500.0,24.0,4.0,,0,0,0,0,0,2024-02-24 21:00:00
2024-02-24 22:00:00,19.088686,72.867919,11,VABB,330.0,2.1,22000.0,2500.0,24.0,5.0,,0,0,0,0,0,2024-02-24 22:00:00
2024-02-24 22:30:00,19.088686,72.867919,11,VABB,0.0,0.0,22000.0,2500.0,22.0,5.0,,0,0,0,0,0,2024-02-24 22:00:00
2024-02-24 23:00:00,19.088686,72.867919,11,VABB,20.0,2.1,22000.0,2500.0,23.0,4.0,,0,0,0,0,0,2024-02-24 23:00:00
2024-02-24 23:30:00,19.088686,72.867919,11,VABB,220.0,2.6,22000.0,2500.0,23.0,5.0,,0,0,0,0,0,2024-02-24 23:00:00
2024-02-25 00:00:00,19.088686,72.867919,11,VABB,,0.0,,2000.0,16.8,8.2,1010.8,0,0,0,0,0,2024-02-25 00:00:00
2024-02-25 00:00:00,19.088686,72.867919,11,VABB,210.0,2.6,22000.0,2500.0,23.0,5.0,,0,0,0,0,0,2024-02-25 00:00:00
2024-02-25 00:30:00,19.088686,72.867919,11,VABB,170.0,2.1,22000.0,2500.0,22.0,6.0,,0,0,0,0,0,2024-02-25 00:00:00
2024-02-25 01:00:00,19.088686,72.867919,11,VABB,190.0,3.1,22000.0,2500.0,22.0,6.0,,0,0,0,0,0,2024-02-25 01:00:00
2024-02-25 01:30:00,19.088686,72.867919,11,VABB,190.0,2.1,22000.0,2100.0,22.0,7.0,,0,0,0,0,0,2024-02-25 01:00:00
2024-02-25 02:00:00,19.088686,72.867919,11,VABB,160.0,2.6,22000.0,1800.0,23.0,3.0,,0,0,0,0,0,2024-02-25 02:00:00
2024-02-25 02:30:00,19.088686,72.867919,11,VABB,130.0,2.1,22000.0,2100.0,24.0,3.0,,0,0,0,0,0,2024-02-25 02:00:00
2024-02-25 03:00:00,19.088686,72.867919,11,VABB,,0.0,,2000.0,16.8,9.1,1012.5,0,0,0,0,0,2024-02-25 03:00:00
2024-02-25 03:00:00,19.088686,72.867919,11,VABB,50.0,2.6,22000.0,2100.0,25.0,2.0,,0,0,0,0,0,2024-02-25 03:00:00
2024-02-25 03:30:00,19.088686,72.867919,11,VABB,0.0,0.0,22000.0,2500.0,26.0,1.0,,0,0,0,0,0,2024-02-25 03:00:00
2024-02-25 04:00:00,19.088686,72.867919,11,VABB,30.0,2.6,22000.0,2500.0,27.0,1.0,,0,0,0,0,0,2024-02-25 04:00:00
2024-02-25 04:30:00,19.088686,72.867919,11,VABB,30.0,3.6,22000.0,2500.0,28.0,1.0,,0,0,0,0,0,2024-02-25 04:00:00
2024-02-25 05:00:00,19.088686,72.867919,11,VABB,50.0,4.1,22000.0,3000.0,30.0,1.0,,0,0,0,0,0,2024-02-25 05:00:00
2024-02-25 05:30:00,19.088686,72.867919,11,VABB,70.0,4.6,22000.0,3000.0,30.0,1.0,,0,0,0,0,0,2024-02-25 05:00:00
2024-02-25 06:00:00,19.088686,72.867919,11,VABB,50.0,1.5,,2000.0,31.2,3.5,1012.7,0,0,0,0,0,2024-02-25 06:00:00
2024-02-25 06:00:00,19.088686,72.867919,11,VABB,50.0,4.1,22000.0,3000.0,30.0,1.0,,0,0,0,0,0,2024-02-25 06:00:00
2024-02-25 06:30:00,19.088686,72.867919,11,VABB,20.0,4.6,22000.0,3000.0,31.0,0.0,,0,0,0,0,0,2024-02-25 06:00:00
2024-02-25 07:00:00,19.088686,72.867919,11,VABB,10.0,4.6,22000.0,3500.0,32.0,0.0,,0,0,0,0,0,2024-02-25 07:00:00
2024-02-25 07:30:00,19.088686,72.867919,11,VABB,120.0,4.1,22000.0,4000.0,33.0,-1.0,,0,0,0,0,0,2024-02-25 07:00:00
2024-02-25 08:00:00,19.088686,72.867919,11,VABB,80.0,2.1,22000.0,4000.0,33.0,1.0,,0,0,0,0,0,2024-02-25 08:00:00
2024-02-25 08:30:00,19.088686,72.867919,11,VABB,150.0,3.1,22000.0,4000.0,34.0,1.0,,0,0,0,0,0,2024-02-25 08:00:00
2024-02-25 09:00:00,19.088686,72.867919,11,VABB,320.0,3.1,,2000.0,33.6,11.6,1009.1,0,0,0,0,0,2024-02-25 09:00:00
2024-02-25 09:00:00,19.088686,72.867919,11,VABB,270.0,5.1,22000.0,4000.0,33.0,10.0,,0,0,0,0,0,2024-02-25 09:00:00
2024-02-25 09:30:00,19.088686,72.867919,11,VABB,270.0,5.1,22000.0,4000.0,33.0,10.0,,0,0,0,0,0,2024-02-25 09:00:00
2024-02-25 10:00:00,19.088686,72.867919,11,VABB,310.0,4.6,22000.0,4000.0,32.0,8.0,,0,0,0,0,0,2024-02-25 10:00:00
2024-02-25 10:30:00,19.088686,72.867919,11,VABB,290.0,5.7,22000.0,4000.0,32.0,8.0,,0,0,0,0,0,2024-02-25 10:00:00
2024-02-25 11:00:00,19.088686,72.867919,11,VABB,320.0,5.1,22000.0,5000.0,32.0,8.0,,0,0,0,0,0,2024-02-25 11:00:00
2024-02-25 11:30:00,19.088686,72.867919,11,VABB,320.0,4.1,22000.0,5000.0,32.0,7.0,,0,0,0,0,0,2024-02-25 11:00:00
2024-02-25 12:00:00,19.088686,72.867919,11,VABB,320.0,4.1,,2000.0,30.4,11.0,1008.3,0,0,0,0,0,2024-02-25 12:00:00
2024-02-25 12:00:00,19.088686,72.867919,11,VABB,330.0,4.1,22000.0,5000.0,31.0,8.0,,0,0,0,0,0,2024-02-25 12:00:00
2024-02-25 12:30:00,19.088686,72.867919,11,VABB,330.0,4.1,22000.0,4000.0,30.0,9.0,,0,0,0,0,0,2024-02-25 12:00:00
2024-02-25 13:00:00,19.088686,72.867919,11,VABB,330.0,4.1,22000.0,4000.0,30.0,9.0,,0,0,0,0,0,2024-02-25 13:00:00
2024-02-25 13:30:00,19.088686,72.867919,11,VABB,330.0,3.1,22000.0,4000.0,29.0,10.0,,0,0,0,0,0,2024-02-25 13:00:00
2024-02-25 14:00:00,19.088686,72.867919,11,VABB,290.0,2.6,22000.0,4000.0,28.0,13.0,,0,0,0,0,0,2024-02-25 14:00:00
2024-02-25 14:30:00,19.088686,72.867919,11,VABB,280.0,2.1,22000.0,3000.0,28.0,14.0,,0,0,0,0,0,2024-02-25 14:00:00
2024-02-25 15:00:00,19.088686,72.867919,11,VABB,320.0,3.1,,2000.0,26.2,15.4,1010.1,0,0,0,0,0,2024-02-25 15:00:00
2024-02-25 15:00:00,19.088686,72.867919,11,VABB,310.0,2.6,22000.0,3000.0,28.0,13.0,,0,0,0,0,0,2024-02-25 15:00:00
2024-02-25 15:30:00,19.088686,72.867919,11,VABB,310.0,1.5,22000.0,3000.0,27.0,14.0,,0,0,0,0,0,2024-02-25 15:00:00
2024-02-25 16:00:00,19.088686,72.867919,11,VABB,330.0,1.5,22000.0,3000.0,27.0,14.0,,0,0,0,0,0,2024-02-25 16:00:00
2024-02-25 16:30:00,19.088686,72.867919,11,VABB,360.0,3.1,22000.0,3000.0,27.0,14.0,,0,0,0,0,0,2024-02-25 16:00:00
2024-02-25 17:00:00,19.088686,72.867919,11,VABB,140.0,1.5,22000.0,3000.0,27.0,13.0,,0,0,0,0,0,2024-02-25 17:00:00
2024-02-25 17:30:00,19.088686,72.867919,11,VABB,130.0,2.6,22000.0,3000.0,27.0,13.0,,0,0,0,0,0,2024-02-25 17:00:00
2024-02-25 18:00:00,19.088686,72.867919,11,VABB,,0.0,,2000.0,23.2,15.2,1010.7,0,0,0,0,0,2024-02-25 18:00:00
2024-02-25 18:00:00,19.088686,72.867919,11,VABB,140.0,3.1,22000.0,2500.0,27.0,13.0,,0,0,0,0,0,2024-02-25 18:00:00
2024-02-25 18:30:00,19.088686,72.867919,11,VABB,130.0,2.6,22000.0,2500.0,27.0,13.0,,0,0,0,0,0,2024-02-25 18:00:00
2024-02-25 19:00:00,19.088686,72.867919,11,VABB,0.0,0.0,22000.0,2500.0,27.0,13.0,,0,0,0,0,0,2024-02-25 19:00:00
2024-02-25 19:30:00,19.088686,72.867919,11,VABB,200.0,1.5,22000.0,2500.0,26.0,14.0,,0,0,0,0,0,2024-02-25 19:00:00
2024-02-25 20:00:00,19.088686,72.867919,11,VABB,210.0,2.1,22000.0,2500.0,26.0,15.0,,0,0,0,0,0,2024-02-25 20:00:00
2024-02-25 20:30:00,19.088686,72.867919,11,VABB,230.0,2.1,22000.0,2500.0,26.0,16.0,,0,0,0,0,0,2024-02-25 20:00:00
2024-02-25 21:00:00,19.088686,72.867919,11,VABB,,0.0,,2000.0,21.8,15.8,1009.7,0,0,0,0,0,2024-02-25 21:00:00
2024-02-25 21:00:00,19.088686,72.867919,11,VABB,10.0,2.1,22000.0,2500.0,25.0,14.0,,0,0,0,0,0,2024-02-25 21:00:00
2024-02-25 21:30:00,19.088686,72.867919,11,VABB,330.0,2.1,22000.0,2500.0,25.0,14.0,,0,0,0,0,0,2024-02-25 21:00:00
2024-02-25 22:00:00,19.088686,72.867919,11,VABB,70.0,2.1,22000.0,2500.0,25.0,14.0,,0,0,0,0,0,2024-02-25 22:00:00
2024-02-25 22:30:00,19.088686,72.867919,11,VABB,0.0,0.0,22000.0,2500.0,24.0,14.0,,0,0,0,0,0,2024-02-25 22:00:00
2024-02-25 23:00:00,19.088686,72.867919,11,VABB,120.0,2.6,22000.0,2500.0,24.0,15.0,,0,0,0,0,0,2024-02-25 23:00:00
2024-02-25 23:30:00,19.088686,72.867919,11,VABB,90.0,3.1,22000.0,2500.0,25.0,15.0,,0,0,0,0,0,2024-02-25 23:00:00
2024-02-26 00:00:00,19.088686,72.867919,11,VABB,,0.0,,2000.0,20.6,14.8,1009.2,0,0,0,0,0,2024-02-26 00:00:00
2024-02-26 00:00:00,19.088686,72.867919,11,VABB,80.0,2.6,22000.0,2500.0,25.0,13.0,,0,0,0,0,0,2024-02-26 00:00:00
2024-02-26 00:30:00,19.088686,72.867919,11,VABB,110.0,2.1,22000.0,2500.0,25.0,9.0,,0,0,0,0,0,2024-02-26 00:00:00
2024-02-26 01:00:00,19.088686,72.867919,11,VABB,90.0,1.5,22000.0,2500.0,25.0,9.0,,0,0,0,0,0,2024-02-26 01:00:00
2024-02-26 01:30:00,19.088686,72.867919,11,VABB,180.0,1.5,10000.0,2100.0,25.0,9.0,,0,0,0,0,0,2024-02-26 01:00:00
2024-02-26 02:00:00,19.088686,72.867919,11,VABB,110.0,2.6,10000.0,1800.0,26.0,9.0,,0,0,0,0,0,2024-02-26 02:00:00
2024-02-26 02:30:00,19.088686,72.867919,11,VABB,0.0,0.0,10000.0,1800.0,26.0,8.0,,0,0,0,0,0,2024-02-26 02:00:00
2024-02-26 03:00:00,19.088686,72.867919,11,VABB,,0.0,22000.0,2000.0,21.8,12.7,1010.9,0,0,0,0,0,2024-02-26 03:00:00
2024-02-26 03:00:00,19.088686,72.867919,11,VABB,110.0,2.1,10000.0,1800.0,27.0,8.0,,0,0,0,0,0,2024-02-26 03:00:00
2024-02-26 03:30:00,19.088686,72.867919,11,VABB,120.0,3.6,10000.0,2100.0,28.0,9.0,,0,0,0,0,0,2024-02-26 03:00:00
2024-02-26 04:00:00,19.088686,72.867919,11,VABB,130.0,2.6,10000.0,2100.0,29.0,8.0,,0,0,0,0,0,2024-02-26 04:00:00
2024-02-26 04:30:00,19.088686,72.867919,11,VABB,50.0,2.6,10000.0,2100.0,31.0,9.0,,0,0,0,0,0,2024-02-26 04:00:00
2024-02-26 05:00:00,19.088686,72.867919,11,VABB,120.0,2.6,10000.0,2100.0,32.0,9.0,,0,0,0,0,0,2024-02-26 05:00:00
2024-02-26 05:30:00,19.088686,72.867919,11,VABB,120.0,3.1,3048.0,2100.0,33.0,8.0,,0,0,0,0,0,2024-02-26 05:00:00
2024-02-26 06:00:00,19.088686,72.867919,11,VABB,,0.0,22000.0,2000.0,33.6,10.0,1011.2,0,0,0,0,0,2024-02-26 06:00:00
2024-02-26 06:00:00,19.088686,72.867919,11,VABB,120.0,3.1,10000.0,2200.0,34.0,9.0,,0,0,0,0,0,2024-02-26 06:00:00
2024-02-26 06:30:00,19.088686,72.867919,11,VABB,140.0,2.6,10000.0,2500.0,34.0,11.0,,0,0,0,0,0,2024-02-26 06:00:00
2024-02-26 07:00:00,19.088686,72.867919,11,VABB,100.0,3.1,10000.0,2500.0,36.0,12.0,,0,0,0,0,0,2024-02-26 07:00:00
2024-02-26 07:30:00,19.088686,72.867919,11,VABB,130.0,2.1,10000.0,2500.0,36.0,13.0,,0,0,0,0,0,2024-02-26 07:00:00
2024-02-26 08:00:00,19.088686,72.867919,11,VABB,260.0,5.1,10000.0,2500.0,35.0,15.0,,0,0,0,0,0,2024-02-26 08:00:00
2024-02-26 08:30:00,19.088686,72.867919,11,VABB,260.0,5.1,10000.0,2500.0,34.0,15.0,,0,0,0,0,0,2024-02-26 08:00:00
2024-02-26 09:00:00,19.088686,72.867919,11,VABB,320.0,1.5,22000.0,2000.0,33.8,15.7,1008.7,0,0,0,0,0,2024-02-26 09:00:00
2024-02-26 09:00:00,19.088686,72.867919,11,VABB,280.0,6.2,10000.0,2500.0,33.0,15.0,,0,0,0,0,0,2024-02-26 09:00:00
2024-02-26 09:30:00,19.088686,72.867919,11,VABB,280.0,5.1,10000.0,2500.0,33.0,14.0,,0,0,0,0,0,2024-02-26 09:00:00
2024-02-26 10:00:00,19.088686,72.867919,11,VABB,270.0,5.1,10000.0,2500.0,33.0,11.0,,0,0,0,0,0,2024-02-26 10:00:00
2024-02-26 12:00:00,19.088686,72.867919,11,VABB,270.0,2.6,,2000.0,30.6,20.0,1008.7,0,0,0,0,0,2024-02-26 12:00:00
2024-02-26 13:30:00,19.088686,72.867919,11,VABB,300.0,3.1,10000.0,2500.0,29.0,21.0,,0,0,0,0,0,2024-02-26 13:00:00
2024-02-26 14:00:00,19.088686,72.867919,11,VABB,320.0,3.1,10000.0,2500.0,28.0,20.0,,0,0,0,0,0,2024-02-26 14:00:00
2024-02-26 14:30:00,19.088686,72.867919,11,VABB,20.0,1.5,22000.0,2500.0,29.0,19.0,,0,0,0,0,0,2024-02-26 14:00:00
2024-02-26 15:00:00,19.088686,72.867919,11,VABB,,0.0,,2000.0,27.2,19.2,1010.8,0,0,0,0,0,2024-02-26 15:00:00
2024-02-26 15:00:00,19.088686,72.867919,11,VABB,300.0,1.5,22000.0,2500.0,28.0,18.0,,0,0,0,0,0,2024-02-26 15:00:00
2024-02-26 15:30:00,19.088686,72.867919,11,VABB,0.0,0.0,22000.0,2500.0,29.0,17.0,,0,0,0,0,0,2024-02-26 15:00:00
2024-02-26 16:00:00,19.088686,72.867919,11,VABB,40.0,2.1,22000.0,2500.0,28.0,17.0,,0,0,0,0,0,2024-02-26 16:00:00
2024-02-26 16:30:00,19.088686,72.867919,11,VABB,0.0,0.0,22000.0,2500.0,29.0,17.0,,0,0,0,0,0,2024-02-26 16:00:00
2024-02-26 17:00:00,19.088686,72.867919,11,VABB,110.0,2.1,22000.0,2500.0,28.0,17.0,,0,0,0,0,0,2024-02-26 17:00:00
2024-02-26 17:30:00,19.088686,72.867919,11,VABB,160.0,2.1,22000.0,2500.0,28.0,18.0,,0,0,0,0,0,2024-02-26 17:00:00
2024-02-26 18:00:00,19.088686,72.867919,11,VABB,,0.0,,2000.0,25.0,17.7,1011.9,0,0,0,0,0,2024-02-26 18:00:00
2024-02-26 18:00:00,19.088686,72.867919,11,VABB,130.0,1.5,22000.0,2500.0,28.0,20.0,,0,0,0,0,0,2024-02-26 18:00:00
2024-02-26 18:30:00,19.088686,72.867919,11,VABB,20.0,2.1,22000.0,2200.0,27.0,20.0,,0,0,0,0,0,2024-02-26 18:00:00
2024-02-26 19:00:00,19.088686,72.867919,11,VABB,0.0,0.0,22000.0,2200.0,27.0,20.0,,0,1,0,0,0,2024-02-26 19:00:00
2024-02-26 19:30:00,19.088686,72.867919,11,VABB,0.0,0.0,22000.0,2200.0,27.0,19.0,,0,1,0,0,0,2024-02-26 19:00:00
2024-02-26 20:00:00,19.088686,72.867919,11,VABB,0.0,0.0,22000.0,2100.0,27.0,19.0,,0,1,0,0,0,2024-02-26 20:00:00
2024-02-26 20:30:00,19.088686,72.867919,11,VABB,0.0,0.0,22000.0,2100.0,27.0,21.0,,0,1,0,0,0,2024-02-26 20:00:00
2024-02-26 21:00:00,19.088686,72.867919,11,VABB,,0.0,,2000.0,23.8,18.4,1010.6,0,0,0,0,0,2024-02-26 21:00:00
2024-02-26 21:00:00,19.088686,72.867919,11,VABB,180.0,2.1,22000.0,2000.0,27.0,21.0,,0,1,0,0,0,2024-02-26 21:00:00
2024-02-26 21:30:00,19.088686,72.867919,11,VABB,140.0,2.6,22000.0,1800.0,27.0,21.0,,0,1,0,0,0,2024-02-26 21:00:00
2024-02-26 22:00:00,19.088686,72.867919,11,VABB,40.0,1.5,22000.0,1700.0,27.0,21.0,,0,1,0,0,0,2024-02-26 22:00:00
2024-02-26 22:30:00,19.088686,72.867919,11,VABB,0.0,0.0,22000.0,1700.0,26.0,22.0,,0,1,0,0,0,2024-02-26 22:00:00
2024-02-26 23:00:00,19.088686,72.867919,11,VABB,110.0,2.1,22000.0,1700.0,26.0,22.0,,0,1,0,0,0,2024-02-26 23:00:00
2024-02-26 23:30:00,19.088686,72.867919,11,VABB,110.0,2.1,22000.0,1700.0,26.0,22.0,,1,0,0,0,0,2024-02-26 23:00:00
2024-02-27 00:00:00,19.088686,72.867919,11,VABB,,0.0,7500.0,2000.0,24.0,19.3,1010.9,0,0,0,0,0,2024-02-27 00:00:00
2024-02-27 00:00:00,19.088686,72.867919,11,VABB,0.0,0.0,22000.0,1700.0,26.0,20.0,,0,1,0,0,0,2024-02-27 00:00:00
2024-02-27 00:30:00,19.088686,72.867919,11,VABB,0.0,0.0,22000.0,1800.0,26.0,19.0,,0,1,0,0,0,2024-02-27 00:00:00
2024-02-27 01:00:00,19.088686,72.867919,11,VABB,0.0,0.0,22000.0,1800.0,27.0,18.0,,0,1,0,0,0,2024-02-27 01:00:00
2024-02-27 01:30:00,19.088686,72.867919,11,VABB,200.0,1.5,10000.0,1800.0,26.0,19.0,,0,1,0,0,0,2024-02-27 01:00:00
2024-02-27 02:00:00,19.088686,72.867919,11,VABB,0.0,0.0,10000.0,1800.0,27.0,17.0,,0,0,0,0,0,2024-02-27 02:00:00
2024-02-27 02:30:00,19.088686,72.867919,11,VABB,320.0,1.5,10000.0,1800.0,27.0,17.0,,0,0,0,0,0,2024-02-27 02:00:00
2024-02-27 03:00:00,19.088686,72.867919,11,VABB,,0.0,,2000.0,25.0,18.7,1013.3,0,0,0,0,0,2024-02-27 03:00:00
2024-02-27 03:00:00,19.088686,72.867919,11,VABB,0.0,0.0,10000.0,1800.0,28.0,15.0,,0,0,0,0,0,2024-02-27 03:00:00
2024-02-27 03:30:00,19.088686,72.867919,11,VABB,330.0,2.1,10000.0,2000.0,29.0,10.0,,0,0,0,0,0,2024-02-27 03:00:00
2024-02-27 03:42:00,19.088686,72.867919,11,VABB,330.0,2.1,10000.0,2000.0,29.0,10.0,,0,0,0,0,0,2024-02-27 03:00:00
2024-02-27 04:00:00,19.088686,72.867919,11,VABB,60.0,2.1,10000.0,2100.0,30.0,12.0,,0,0,0,0,0,2024-02-27 04:00:00
2024-02-27 04:30:00,19.088686,72.867919,11,VABB,330.0,1.5,10000.0,2100.0,31.0,8.0,,0,0,0,0,0,2024-02-27 04:00:00
2024-02-27 05:00:00,19.088686,72.867919,11,VABB,10.0,2.6,3048.0,2500.0,32.0,9.0,,0,0,0,0,0,2024-02-27 05:00:00
2024-02-27 05:30:00,19.088686,72.867919,11,VABB,60.0,2.6,3048.0,2500.0,33.0,9.0,,0,0,0,0,0,2024-02-27 05:00:00
2024-02-27 06:00:00,19.088686,72.867919,11,VABB,320.0,1.5,,2000.0,32.0,8.9,1013.8,0,0,0,0,0,2024-02-27 06:00:00
2024-02-27 06:00:00,19.088686,72.867919,11,VABB,260.0,2.6,3048.0,2500.0,33.0,8.0,,0,0,0,0,0,2024-02-27 06:00:00
2024-02-27 06:30:00,19.088686,72.867919,11,VABB,280.0,4.1,3048.0,2500.0,32.0,11.0,,0,0,0,0,0,2024-02-27 06:00:00
2024-02-27 07:00:00,19.088686,72.867919,11,VABB,270.0,4.1,10000.0,2500.0,32.0,13.0,,0,0,0,0,0,2024-02-27 07:00:00
2024-02-27 07:30:00,19.088686,72.867919,11,VABB,250.0,6.7,10000.0,2500.0,33.0,15.0,,0,0,0,0,0,2024-02-27 07:00:00
2024-02-27 08:30:00,19.088686,72.867919,11,VABB,250.0,5.7,10000.0,3000.0,33.0,16.0,,0,0,0,0,0,2024-02-27 08:00:00
2024-02-27 09:00:00,19.088686,72.867919,11,VABB,320.0,1.5,,2000.0,33.2,18.1,1011.7,0,0,0,0,0,2024-02-27 09:00:00
2024-02-27 09:00:00,19.088686,72.867919,11,VABB,260.0,4.6,10000.0,3000.0,32.0,17.0,,0,0,0,0,0,2024-02-27 09:00:00
2024-02-27 09:30:00,19.088686,72.867919,11,VABB,250.0,5.7,22000.0,3000.0,33.0,16.0,,0,0,0,0,0,2024-02-27 09:00:00
2024-02-27 10:00:00,19.088686,72.867919,11,VABB,260.0,5.1,22000.0,3000.0,32.0,18.0,,0,0,0,0,0,2024-02-27 10:00:00
2024-02-27 10:30:00,19.088686,72.867919,11,VABB,260.0,5.1,22000.0,3000.0,32.0,17.0,,0,0,0,0,0,2024-02-27 10:00:00
2024-02-27 11:00:00,19.088686,72.867919,11,VABB,280.0,4.6,22000.0,3000.0,32.0,18.0,,0,0,0,0,0,2024-02-27 11:00:00
2024-02-27 11:30:00,19.088686,72.867919,11,VABB,280.0,5.1,22000.0,3000.0,32.0,15.0,,0,0,0,0,0,2024-02-27 11:00:00
2024-02-27 12:00:00,19.088686,72.867919,11,VABB,320.0,1.5,,2000.0,31.4,14.4,1010.5,0,0,0,0,0,2024-02-27 12:00:00
2024-02-27 12:00:00,19.088686,72.867919,11,VABB,280.0,3.6,22000.0,3000.0,32.0,13.0,,0,0,0,0,0,2024-02-27 12:00:00
2024-02-27 12:30:00,19.088686,72.867919,11,VABB,290.0,3.6,22000.0,3000.0,31.0,13.0,,0,0,0,0,0,2024-02-27 12:00:00
2024-02-27 13:00:00,19.088686,72.867919,11,VABB,310.0,2.6,22000.0,3000.0,31.0,13.0,,0,0,0,0,0,2024-02-27 13:00:00
2024-02-27 13:30:00,19.088686,72.867919,11,VABB,300.0,4.6,22000.0,3000.0,30.0,10.0,,0,0,0,0,0,2024-02-27 13:00:00
2024-02-27 14:00:00,19.088686,72.867919,11,VABB,320.0,3.6,22000.0,3000.0,30.0,11.0,,0,0,0,0,0,2024-02-27 14:00:00
2024-02-27 14:30:00,19.088686,72.867919,11,VABB,310.0,2.6,22000.0,3000.0,31.0,10.0,,0,0,0,0,0,2024-02-27 14:00:00
2024-02-27 15:00:00,19.088686,72.867919,11,VABB,320.0,3.1,,2000.0,29.0,11.8,1011.6,0,0,0,0,0,2024-02-27 15:00:00
2024-02-27 15:00:00,19.088686,72.867919,11,VABB,350.0,3.6,22000.0,3000.0,30.0,11.0,,0,0,0,0,0,2024-02-27 15:00:00
2024-02-27 15:30:00,19.088686,72.867919,11,VABB,340.0,2.6,22000.0,2500.0,29.0,12.0,,0,0,0,0,0,2024-02-27 15:00:00
2024-02-27 16:00:00,19.088686,72.867919,11,VABB,330.0,3.6,22000.0,2500.0,29.0,13.0,,0,0,0,0,0,2024-02-27 16:00:00
2024-02-27 16:30:00,19.088686,72.867919,11,VABB,330.0,2.1,22000.0,2500.0,29.0,10.0,,0,0,0,0,0,2024-02-27 16:00:00
2024-02-27 17:00:00,19.088686,72.867919,11,VABB,60.0,2.1,22000.0,2500.0,30.0,10.0,,0,0,0,0,0,2024-02-27 17:00:00
2024-02-27 17:30:00,19.088686,72.867919,11,VABB,290.0,1.5,22000.0,2500.0,29.0,9.0,,0,0,0,0,0,2024-02-27 17:00:00
2024-02-27 18:00:00,19.088686,72.867919,11,VABB,,0.0,,2000.0,25.6,13.4,1012.9,0,0,0,0,0,2024-02-27 18:00:00
2024-02-27 18:00:00,19.088686,72.867919,11,VABB,10.0,2.1,22000.0,2500.0,29.0,7.0,,0,0,0,0,0,2024-02-27 18:00:00
2024-02-27 18:30:00,19.088686,72.867919,11,VABB,20.0,1.5,22000.0,2500.0,30.0,6.0,,0,0,0,0,0,2024-02-27 18:00:00
2024-02-27 19:00:00,19.088686,72.867919,11,VABB,0.0,0.0,22000.0,2500.0,29.0,6.0,,0,0,0,0,0,2024-02-27 19:00:00
2024-02-27 19:30:00,19.088686,72.867919,11,VABB,0.0,0.0,22000.0,2500.0,29.0,4.0,,0,0,0,0,0,2024-02-27 19:00:00
2024-02-27 20:00:00,19.088686,72.867919,11,VABB,50.0,1.5,22000.0,2500.0,28.0,8.0,,0,0,0,0,0,2024-02-27 20:00:00
2024-02-27 20:30:00,19.088686,72.867919,11,VABB,0.0,0.0,22000.0,2500.0,28.0,6.0,,0,0,0,0,0,2024-02-27 20:00:00
2024-02-27 21:00:00,19.088686,72.867919,11,VABB,,0.0,,2000.0,23.0,11.7,1011.8,0,0,0,0,0,2024-02-27 21:00:00
2024-02-27 21:00:00,19.088686,72.867919,11,VABB,0.0,0.0,22000.0,2500.0,29.0,7.0,,0,0,0,0,0,2024-02-27 21:00:00
2024-02-27 21:30:00,19.088686,72.867919,11,VABB,60.0,2.1,22000.0,2500.0,27.0,10.0,,0,0,0,0,0,2024-02-27 21:00:00
2024-02-27 22:00:00,19.088686,72.867919,11,VABB,0.0,0.0,22000.0,2500.0,28.0,8.0,,0,0,0,0,0,2024-02-27 22:00:00
2024-02-27 22:30:00,19.088686,72.867919,11,VABB,10.0,3.6,22000.0,2500.0,28.0,3.0,,0,0,0,0,0,2024-02-27 22:00:00
2024-02-27 23:00:00,19.088686,72.867919,11,VABB,30.0,2.1,22000.0,2500.0,28.0,5.0,,0,0,0,0,0,2024-02-27 23:00:00
2024-02-27 23:30:00,19.088686,72.867919,11,VABB,0.0,0.0,22000.0,2500.0,27.0,7.0,,0,0,0,0,0,2024-02-27 23:00:00
2024-02-28 00:00:00,19.088686,72.867919,11,VABB,,0.0,,2000.0,22.0,11.7,1011.4,0,0,0,0,0,2024-02-28 00:00:00
2024-02-28 00:00:00,19.088686,72.867919,11,VABB,0.0,0.0,22000.0,2500.0,26.0,8.0,,0,0,0,0,0,2024-02-28 00:00:00
2024-02-28 00:30:00,19.088686,72.867919,11,VABB,0.0,0.0,22000.0,2500.0,26.0,8.0,,0,0,0,0,0,2024-02-28 00:00:00
2024-02-28 01:00:00,19.088686,72.867919,11,VABB,80.0,1.5,22000.0,2500.0,26.0,7.0,,0,0,0,0,0,2024-02-28 01:00:00
2024-02-28 01:30:00,19.088686,72.867919,11,VABB,0.0,0.0,22000.0,2200.0,26.0,8.0,,0,0,0,0,0,2024-02-28 01:00:00
2024-02-28 02:00:00,19.088686,72.867919,11,VABB,0.0,0.0,22000.0,2200.0,26.0,9.0,,0,0,0,0,0,2024-02-28 02:00:00
2024-02-28 02:30:00,19.088686,72.867919,11,VABB,180.0,2.1,22000.0,2100.0,27.0,9.0,,0,0,0,0,0,2024-02-28 02:00:00
2024-02-28 03:00:00,19.088686,72.867919,11,VABB,,0.0,,2000.0,21.8,13.5,1013.2,0,0,0,0,0,2024-02-28 03:00:00
2024-02-28 03:00:00,19.088686,72.867919,11,VABB,160.0,1.5,22000.0,2100.0,27.0,10.0,,0,0,0,0,0,2024-02-28 03:00:00
2024-02-28 03:30:00,19.088686,72.867919,11,VABB,30.0,3.1,22000.0,2100.0,29.0,9.0,,0,0,0,0,0,2024-02-28 03:00:00
2024-02-28 04:00:00,19.088686,72.867919,11,VABB,40.0,3.6,22000.0,2300.0,30.0,8.0,,0,0,0,0,0,2024-02-28 04:00:00
2024-02-28 04:30:00,19.088686,72.867919,11,VABB,40.0,3.1,22000.0,2300.0,32.0,9.0,,0,0,0,0,0,2024-02-28 04:00:00
2024-02-28 05:00:00,19.088686,72.867919,11,VABB,140.0,2.1,22000.0,2500.0,33.0,10.0,,0,0,0,0,0,2024-02-28 05:00:00
2024-02-28 05:30:00,19.088686,72.867919,11,VABB,90.0,2.1,22000.0,2500.0,34.0,13.0,,0,0,0,0,0,2024-02-28 05:00:00
2024-02-28 06:00:00,19.088686,72.867919,11,VABB,270.0,1.5,,2000.0,33.0,15.8,1012.7,0,0,0,0,0,2024-02-28 06:00:00
2024-02-28 06:00:00,19.088686,72.867919,11,VABB,250.0,4.6,22000.0,2500.0,33.0,14.0,,0,0,0,0,0,2024-02-28 06:00:00
2024-02-28 06:30:00,19.088686,72.867919,11,VABB,260.0,4.1,22000.0,2500.0,33.0,10.0,,0,0,0,0,0,2024-02-28 06:00:00
2024-02-28 07:00:00,19.088686,72.867919,11,VABB,260.0,5.1,22000.0,2500.0,33.0,14.0,,0,0,0,0,0,2024-02-28 07:00:00
2024-02-28 07:30:00,19.088686,72.867919,11,VABB,260.0,5.1,22000.0,2500.0,33.0,16.0,,0,0,0,0,0,2024-02-28 07:00:00
2024-02-28 08:00:00,19.088686,72.867919,11,VABB,260.0,5.1,22000.0,2500.0,34.0,16.0,,0,0,0,0,0,2024-02-28 08:00:00
2024-02-28 08:30:00,19.088686,72.867919,11,VABB,260.0,5.1,22000.0,2500.0,34.0,17.0,,0,0,0,0,0,2024-02-28 08:00:00
2024-02-28 09:00:00,19.088686,72.867919,11,VABB,320.0,1.5,,2000.0,34.4,17.7,1009.7,0,0,0,0,0,2024-02-28 09:00:00
2024-02-28 09:00:00,19.088686,72.867919,11,VABB,250.0,5.7,22000.0,2500.0,34.0,17.0,,0,0,0,0,0,2024-02-28 09:00:00
2024-02-28 09:30:00,19.088686,72.867919,11,VABB,270.0,5.1,22000.0,2500.0,34.0,17.0,,0,0,0,0,0,2024-02-28 09:00:00
2024-02-28 10:00:00,19.088686,72.867919,11,VABB,320.0,4.6,22000.0,2500.0,33.0,17.0,,0,0,0,0,0,2024-02-28 10:00:00
2024-02-28 10:30:00,19.088686,72.867919,11,VABB,290.0,5.1,22000.0,3000.0,32.0,16.0,,0,0,0,0,0,2024-02-28 10:00:00
2024-02-28 11:00:00,19.088686,72.867919,11,VABB,310.0,4.1,22000.0,3000.0,33.0,17.0,,0,0,0,0,0,2024-02-28 11:00:00
2024-02-28 11:30:00,19.088686,72.867919,11,VABB,300.0,4.6,22000.0,3000.0,32.0,16.0,,0,0,0,0,0,2024-02-28 11:00:00
2024-02-28 12:00:00,19.088686,72.867919,11,VABB,320.0,2.1,,2000.0,31.6,17.2,1008.7,0,0,0,0,0,2024-02-28 12:00:00
2024-02-28 12:00:00,19.088686,72.867919,11,VABB,300.0,4.6,22000.0,3000.0,32.0,17.0,,0,0,0,0,0,2024-02-28 12:00:00
2024-02-28 12:30:00,19.088686,72.867919,11,VABB,310.0,4.6,22000.0,3000.0,31.0,16.0,,0,0,0,0,0,2024-02-28 12:00:00
2024-02-28 13:00:00,19.088686,72.867919,11,VABB,310.0,4.1,22000.0,2500.0,30.0,16.0,,0,0,0,0,0,2024-02-28 13:00:00
2024-02-28 13:30:00,19.088686,72.867919,11,VABB,320.0,3.1,22000.0,2100.0,30.0,16.0,,0,0,0,0,0,2024-02-28 13:00:00
2024-02-28 14:00:00,19.088686,72.867919,11,VABB,330.0,3.1,22000.0,2100.0,30.0,16.0,,0,0,0,0,0,2024-02-28 14:00:00
2024-02-28 14:30:00,19.088686,72.867919,11,VABB,330.0,3.1,22000.0,2100.0,30.0,15.0,,0,0,0,0,0,2024-02-28 14:00:00
2024-02-28 15:00:00,19.088686,72.867919,11,VABB,320.0,1.5,,2000.0,29.0,16.1,1010.4,0,0,0,0,0,2024-02-28 15:00:00
2024-02-28 15:00:00,19.088686,72.867919,11,VABB,350.0,3.1,22000.0,2100.0,31.0,15.0,,0,0,0,0,0,2024-02-28 15:00:00
2024-02-28 15:30:00,19.088686,72.867919,11,VABB,340.0,3.6,22000.0,2500.0,30.0,15.0,,0,0,0,0,0,2024-02-28 15:00:00
2024-02-28 16:00:00,19.088686,72.867919,11,VABB,50.0,2.6,22000.0,2500.0,30.0,15.0,,0,0,0,0,0,2024-02-28 16:00:00
2024-02-28 16:30:00,19.088686,72.867919,11,VABB,360.0,2.1,22000.0,2500.0,30.0,15.0,,0,0,0,0,0,2024-02-28 16:00:00
2024-02-28 17:00:00,19.088686,72.867919,11,VABB,50.0,3.1,22000.0,2500.0,31.0,14.0,,0,0,0,0,0,2024-02-28 17:00:00
2024-02-28 17:30:00,19.088686,72.867919,11,VABB,0.0,0.0,22000.0,2500.0,30.0,13.0,,0,0,0,0,0,2024-02-28 17:00:00
2024-02-28 18:00:00,19.088686,72.867919,11,VABB,,0.0,,2000.0,26.2,18.0,1011.7,0,0,0,0,0,2024-02-28 18:00:00
2024-02-28 18:00:00,19.088686,72.867919,11,VABB,240.0,1.5,22000.0,2500.0,29.0,14.0,,0,0,0,0,0,2024-02-28 18:00:00
2024-02-28 18:30:00,19.088686,72.867919,11,VABB,,1.5,22000.0,2500.0,29.0,16.0,,0,0,0,1,0,2024-02-28 18:00:00
2024-02-28 19:00:00,19.088686,72.867919,11,VABB,160.0,1.5,22000.0,2500.0,29.0,15.0,,0,0,0,0,0,2024-02-28 19:00:00
2024-02-28 19:30:00,19.088686,72.867919,11,VABB,270.0,1.5,22000.0,2500.0,29.0,15.0,,0,0,0,0,0,2024-02-28 19:00:00
2024-02-28 20:00:00,19.088686,72.867919,11,VABB,0.0,0.0,22000.0,2500.0,29.0,14.0,,0,0,0,0,0,2024-02-28 20:00:00
2024-02-28 20:30:00,19.088686,72.867919,11,VABB,0.0,0.0,22000.0,2500.0,28.0,16.0,,0,0,0,0,0,2024-02-28 20:00:00
2024-02-28 22:00:00,19.088686,72.867919,11,VABB,260.0,1.5,22000.0,1600.0,27.0,22.0,,0,1,0,0,0,2024-02-28 22:00:00
2024-02-28 22:30:00,19.088686,72.867919,11,VABB,0.0,0.0,22000.0,1500.0,26.0,23.0,,0,1,0,0,0,2024-02-28 22:00:00
2024-02-28 23:00:00,19.088686,72.867919,11,VABB,210.0,1.5,22000.0,1800.0,27.0,22.0,,0,1,0,0,0,2024-02-28 23:00:00
2024-02-28 23:30:00,19.088686,72.867919,11,VABB,240.0,2.6,22000.0,1800.0,27.0,21.0,,0,1,0,0,0,2024-02-28 23:00:00
2024-02-29 00:00:00,19.088686,72.867919,11,VABB,,0.0,,2000.0,24.2,20.8,1010.1,0,0,0,0,0,2024-02-29 00:00:00
2024-02-29 00:00:00,19.088686,72.867919,11,VABB,260.0,2.6,22000.0,1600.0,26.0,23.0,,0,1,0,0,0,2024-02-29 00:00:00
2024-02-29 00:30:00,19.088686,72.867919,11,VABB,0.0,0.0,22000.0,1800.0,26.0,22.0,,0,1,0,0,0,2024-02-29 00:00:00
2024-02-29 01:00:00,19.088686,72.867919,11,VABB,0.0,0.0,22000.0,1800.0,27.0,22.0,,0,1,0,0,0,2024-02-29 01:00:00
2024-02-29 01:30:00,19.088686,72.867919,11,VABB,350.0,2.1,,1400.0,27.0,21.0,,0,1,0,0,0,2024-02-29 01:00:00
2024-02-29 02:00:00,19.088686,72.867919,11,VABB,10.0,1.5,,1400.0,26.0,20.0,,0,1,0,0,0,2024-02-29 02:00:00
2024-02-29 02:30:00,19.088686,72.867919,11,VABB,30.0,2.1,22000.0,1400.0,27.0,20.0,,0,1,0,0,0,2024-02-29 02:00:00
2024-02-29 03:00:00,19.088686,72.867919,11,VABB,,0.0,,2000.0,25.2,20.6,1012.3,0,0,0,0,0,2024-02-29 03:00:00
2024-02-29 03:00:00,19.088686,72.867919,11,VABB,0.0,0.0,22000.0,1600.0,28.0,20.0,,0,1,0,0,0,2024-02-29 03:00:00
2024-02-29 03:30:00,19.088686,72.867919,11,VABB,70.0,2.1,22000.0,1600.0,29.0,18.0,,0,0,0,0,0,2024-02-29 03:00:00
2024-02-29 04:00:00,19.088686,72.867919,11,VABB,300.0,2.1,22000.0,1800.0,30.0,17.0,,0,0,0,0,0,2024-02-29 04:00:00
2024-02-29 04:30:00,19.088686,72.867919,11,VABB,40.0,3.6,22000.0,2100.0,32.0,16.0,,0,0,0,0,0,2024-02-29 04:00:00
2024-02-29 05:00:00,19.088686,72.867919,11,VABB,30.0,2.6,22000.0,2200.0,33.0,16.0,,0,0,0,0,0,2024-02-29 05:00:00
2024-02-29 05:30:00,19.088686,72.867919,11,VABB,50.0,3.1,22000.0,2500.0,34.0,15.0,,0,0,0,0,0,2024-02-29 05:00:00
2024-02-29 06:00:00,19.088686,72.867919,11,VABB,50.0,1.5,22000.0,2000.0,35.0,15.2,1012.4,0,0,0,0,0,2024-02-29 06:00:00
2024-02-29 06:00:00,19.088686,72.867919,11,VABB,80.0,2.6,22000.0,2500.0,35.0,15.0,,0,0,0,0,0,2024-02-29 06:00:00
2024-02-29 06:30:00,19.088686,72.867919,11,VABB,0.0,0.0,22000.0,2500.0,36.0,13.0,,0,0,0,0,0,2024-02-29 06:00:00
2024-02-29 07:00:00,19.088686,72.867919,11,VABB,170.0,3.6,22000.0,2500.0,36.0,14.0,,0,0,0,0,0,2024-02-29 07:00:00
2024-02-29 07:30:00,19.088686,72.867919,11,VABB,260.0,3.1,22000.0,2500.0,35.0,17.0,,0,0,0,0,0,2024-02-29 07:00:00
2024-02-29 08:00:00,19.088686,72.867919,11,VABB,270.0,3.6,22000.0,2500.0,35.0,16.0,,0,0,0,0,0,2024-02-29 08:00:00
2024-02-29 08:30:00,19.088686,72.867919,11,VABB,280.0,4.6,22000.0,2500.0,36.0,17.0,,0,0,0,0,0,2024-02-29 08:00:00
2024-02-29 09:00:00,19.088686,72.867919,11,VABB,320.0,1.5,,2000.0,37.0,16.8,1009.3,0,0,0,0,0,2024-02-29 09:00:00
2024-02-29 09:00:00,19.088686,72.867919,11,VABB,250.0,3.6,22000.0,2500.0,36.0,14.0,,0,0,0,0,0,2024-02-29 09:00:00
2024-02-29 09:30:00,19.088686,72.867919,11,VABB,270.0,3.6,22000.0,3000.0,36.0,15.0,,0,0,0,0,0,2024-02-29 09:00:00
2024-02-29 10:00:00,19.088686,72.867919,11,VABB,250.0,4.1,22000.0,3000.0,35.0,14.0,,0,0,0,0,0,2024-02-29 10:00:00
2024-02-29 10:30:00,19.088686,72.867919,11,VABB,260.0,4.1,2000.0,3000.0,35.0,14.0,,0,0,0,0,0,2024-02-29 10:00:00
2024-02-29 11:00:00,19.088686,72.867919,11,VABB,260.0,5.7,2000.0,3000.0,35.0,15.0,,0,0,0,0,0,2024-02-29 11:00:00
2024-02-29 11:30:00,19.088686,72.867919,11,VABB,280.0,4.6,2000.0,3000.0,34.0,18.0,,0,0,0,0,0,2024-02-29 11:00:00
2024-02-29 12:00:00,19.088686,72.867919,11,VABB,320.0,1.5,22000.0,2000.0,33.6,19.0,1008.5,0,0,0,0,0,2024-02-29 12:00:00
2024-02-29 12:00:00,19.088686,72.867919,11,VABB,250.0,4.6,2000.0,3000.0,33.0,19.0,,0,0,0,0,0,2024-02-29 12:00:00
2024-02-29 12:30:00,19.088686,72.867919,11,VABB,280.0,4.1,2000.0,2500.0,32.0,18.0,,0,0,0,0,0,2024-02-29 12:00:00
2024-02-29 13:00:00,19.088686,72.867919,11,VABB,290.0,3.6,3048.0,2500.0,32.0,20.0,,0,0,0,0,0,2024-02-29 13:00:00
2024-02-29 13:30:00,19.088686,72.867919,11,VABB,280.0,3.1,3048.0,2500.0,31.0,20.0,,0,0,0,0,0,2024-02-29 13:00:00
2024-02-29 14:00:00,19.088686,72.867919,11,VABB,300.0,3.1,2000.0,2500.0,30.0,20.0,,0,0,0,0,0,2024-02-29 14:00:00
2024-02-29 14:30:00,19.088686,72.867919,11,VABB,330.0,1.5,2000.0,2500.0,30.0,20.0,,0,0,0,0,0,2024-02-29 14:00:00
2024-02-29 15:00:00,19.088686,72.867919,11,VABB,,0.0,22000.0,2000.0,29.4,20.7,1010.6,0,0,0,0,0,2024-02-29 15:00:00
2024-02-29 15:00:00,19.088686,72.867919,11,VABB,30.0,4.1,2000.0,2500.0,31.0,21.0,,0,0,0,0,0,2024-02-29 15:00:00
2024-02-29 15:30:00,19.088686,72.867919,11,VABB,40.0,2.6,2000.0,2500.0,30.0,20.0,,0,0,0,0,0,2024-02-29 15:00:00
2024-02-29 16:00:00,19.088686,72.867919,11,VABB,20.0,1.5,2000.0,2500.0,31.0,18.0,,0,0,0,0,0,2024-02-29 16:00:00
2024-02-29 16:30:00,19.088686,72.867919,11,VABB,310.0,2.6,2000.0,2500.0,31.0,18.0,,0,0,0,0,0,2024-02-29 16:00:00
2024-02-29 17:00:00,19.088686,72.867919,11,VABB,40.0,2.6,2000.0,2500.0,31.0,18.0,,0,0,0,0,0,2024-02-29 17:00:00
2024-02-29 17:30:00,19.088686,72.867919,11,VABB,40.0,2.6,2000.0,2500.0,31.0,17.0,,0,0,0,0,0,2024-02-29 17:00:00
2024-02-29 18:00:00,19.088686,72.867919,11,VABB,,0.0,22000.0,2000.0,27.0,19.3,1012.5,0,0,0,0,0,2024-02-29 18:00:00
2024-02-29 18:00:00,19.088686,72.867919,11,VABB,190.0,2.6,2000.0,2500.0,30.0,18.0,,0,0,0,0,0,2024-02-29 18:00:00
2024-02-29 18:30:00,19.088686,72.867919,11,VABB,190.0,2.1,2000.0,2500.0,31.0,17.0,,0,0,0,0,0,2024-02-29 18:00:00
2024-02-29 19:00:00,19.088686,72.867919,11,VABB,190.0,2.1,2000.0,2500.0,30.0,18.0,,0,0,0,0,0,2024-02-29 19:00:00
2024-02-29 19:10:00,19.088686,72.867919,11,VABB,230.0,2.6,2000.0,2500.0,30.0,18.0,,0,0,0,0,0,2024-02-29 19:00:00
2024-02-29 19:30:00,19.088686,72.867919,11,VABB,230.0,3.1,2000.0,2500.0,29.0,19.0,,0,0,0,0,0,2024-02-29 19:00:00
2024-02-29 20:00:00,19.088686,72.867919,11,VABB,240.0,2.6,2000.0,2500.0,28.0,19.0,,0,0,0,0,0,2024-02-29 20:00:00
2024-02-29 20:30:00,19.088686,72.867919,11,VABB,320.0,2.1,2000.0,2500.0,30.0,19.0,,0,0,0,0,0,2024-02-29 20:00:00
2024-02-29 21:00:00,19.088686,72.867919,11,VABB,,0.0,,2000.0,26.4,19.3,1011.2,0,0,0,0,0,2024-02-29 21:00:00
2024-02-29 21:00:00,19.088686,72.867919,11,VABB,0.0,0.0,2000.0,2500.0,29.0,19.0,,0,0,0,0,0,2024-02-29 21:00:00
2024-02-29 21:30:00,19.088686,72.867919,11,VABB,50.0,2.6,2000.0,2500.0,29.0,19.0,,0,0,0,0,0,2024-02-29 21:00:00
2024-02-29 22:00:00,19.088686,72.867919,11,VABB,10.0,2.1,2000.0,2500.0,28.0,16.0,,0,0,0,0,0,2024-02-29 22:00:00
2024-02-29 22:30:00,19.088686,72.867919,11,VABB,350.0,2.6,2000.0,2500.0,29.0,15.0,,0,0,0,0,0,2024-02-29 22:00:00
2024-02-29 23:00:00,19.088686,72.867919,11,VABB,180.0,1.5,2000.0,2500.0,29.0,15.0,,0,0,0,0,0,2024-02-29 23:00:00
2024-02-29 23:30:00,19.088686,72.867919,11,VABB,360.0,3.1,2000.0,2500.0,29.0,17.0,,0,0,0,0,0,2024-02-29 23:00:00
2024-03-01 00:00:00,19.088686,72.867919,11,VABB,,0.0,750.0,2000.0,26.6,18.1,1010.8,0,0,0,0,0,2024-03-01 00:00:00
2024-03-01 00:00:00,19.088686,72.867919,11,VABB,180.0,2.6,2000.0,2500.0,29.0,18.0,,0,0,0,0,0,2024-03-01 00:00:00
2024-03-01 00:30:00,19.088686,72.867919,11,VABB,150.0,1.5,762.0,2500.0,28.0,18.0,,0,0,0,0,0,2024-03-01 00:00:00
2024-03-01 01:00:00,19.088686,72.867919,11,VABB,0.0,0.0,762.0,2500.0,29.0,19.0,,0,0,0,0,0,2024-03-01 01:00:00
2024-03-01 01:30:00,19.088686,72.867919,11,VABB,0.0,0.0,762.0,2200.0,28.0,19.0,,0,0,0,0,0,2024-03-01 01:00:00
2024-03-01 02:00:00,19.088686,72.867919,11,VABB,90.0,2.1,762.0,2200.0,29.0,19.0,,0,0,0,0,0,2024-03-01 02:00:00
2024-03-01 02:30:00,19.088686,72.867919,11,VABB,200.0,1.5,762.0,2200.0,29.0,20.0,,0,0,0,0,0,2024-03-01 02:00:00
2024-03-01 03:00:00,19.088686,72.867919,11,VABB,,0.0,750.0,2000.0,27.4,20.1,1013.4,0,0,0,0,0,2024-03-01 03:00:00
2024-03-01 03:00:00,19.088686,72.867919,11,VABB,360.0,2.6,762.0,2000.0,29.0,19.0,,0,0,0,0,0,2024-03-01 03:00:00
2024-03-01 03:30:00,19.088686,72.867919,11,VABB,320.0,2.6,762.0,1600.0,30.0,18.0,,0,0,0,0,0,2024-03-01 03:00:00
2024-03-01 04:00:00,19.088686,72.867919,11,VABB,310.0,3.1,762.0,2200.0,30.0,15.0,,0,0,0,0,0,2024-03-01 04:00:00
2024-03-01 04:30:00,19.088686,72.867919,11,VABB,330.0,2.6,762.0,2200.0,30.0,15.0,,0,0,0,0,0,2024-03-01 04:00:00
2024-03-01 05:00:00,19.088686,72.867919,11,VABB,10.0,3.6,3048.0,2500.0,30.0,16.0,,0,0,0,0,0,2024-03-01 05:00:00
2024-03-01 05:30:00,19.088686,72.867919,11,VABB,30.0,3.6,3048.0,2500.0,31.0,16.0,,0,0,0,0,0,2024-03-01 05:00:00
2024-03-01 06:00:00,19.088686,72.867919,11,VABB,,0.0,,2000.0,31.2,16.2,1013.7,0,0,0,0,0,2024-03-01 06:00:00
2024-03-01 06:00:00,19.088686,72.867919,11,VABB,20.0,3.1,3048.0,2500.0,32.0,17.0,,0,0,0,0,0,2024-03-01 06:00:00
2024-03-01 06:30:00,19.088686,72.867919,11,VABB,320.0,2.6,3048.0,2500.0,34.0,17.0,,0,0,0,0,0,2024-03-01 06:00:00
2024-03-01 07:00:00,19.088686,72.867919,11,VABB,220.0,3.6,10000.0,2500.0,34.0,17.0,,0,0,0,0,0,2024-03-01 07:00:00
2024-03-01 07:30:00,19.088686,72.867919,11,VABB,250.0,6.2,10000.0,3000.0,34.0,18.0,,0,0,0,0,0,2024-03-01 07:00:00
2024-03-01 08:00:00,19.088686,72.867919,11,VABB,250.0,6.7,2000.0,3000.0,33.0,18.0,,0,0,0,0,0,2024-03-01 08:00:00
2024-03-01 08:30:00,19.088686,72.867919,11,VABB,280.0,5.1,2000.0,3000.0,34.0,15.0,,0,0,0,0,0,2024-03-01 08:00:00
2024-03-01 09:00:00,19.088686,72.867919,11,VABB,320.0,2.1,,2000.0,33.2,14.3,1011.2,0,0,0,0,0,2024-03-01 09:00:00
2024-03-01 09:00:00,19.088686,72.867919,11,VABB,280.0,5.1,2000.0,3000.0,33.0,15.0,,0,0,0,0,0,2024-03-01 09:00:00
2024-03-01 09:30:00,19.088686,72.867919,11,VABB,290.0,4.6,22000.0,3000.0,32.0,17.0,,0,0,0,0,0,2024-03-01 09:00:00
2024-03-01 10:00:00,19.088686,72.867919,11,VABB,280.0,5.7,22000.0,3000.0,32.0,17.0,,0,0,0,0,0,2024-03-01 10:00:00
2024-03-01 10:30:00,19.088686,72.867919,11,VABB,280.0,5.7,22000.0,3500.0,31.0,17.0,,0,0,0,0,0,2024-03-01 10:00:00
2024-03-01 11:00:00,19.088686,72.867919,11,VABB,290.0,5.1,22000.0,3500.0,30.0,17.0,,0,0,0,0,0,2024-03-01 11:00:00
2024-03-01 11:30:00,19.088686,72.867919,11,VABB,290.0,6.2,22000.0,3500.0,30.0,18.0,,0,0,0,0,0,2024-03-01 11:00:00
2024-03-01 12:00:00,19.088686,72.867919,11,VABB,320.0,3.1,,2000.0,29.0,20.6,1010.5,0,0,0,0,0,2024-03-01 12:00:00
2024-03-01 12:00:00,19.088686,72.867919,11,VABB,300.0,5.7,22000.0,3500.0,29.0,21.0,,0,0,1,0,0,2024-03-01 12:00:00
2024-03-01 12:30:00,19.088686,72.867919,11,VABB,300.0,5.1,22000.0,3000.0,29.0,20.0,,0,0,0,0,0,2024-03-01 12:00:00
2024-03-01 13:00:00,19.088686,72.867919,11,VABB,340.0,2.1,22000.0,3000.0,29.0,19.0,,0,0,0,0,0,2024-03-01 13:00:00
2024-03-01 13:30:00,19.088686,72.867919,11,VABB,310.0,3.6,22000.0,3000.0,28.0,19.0,,0,0,0,0,0,2024-03-01 13:00:00
2024-03-01 14:00:00,19.088686,72.867919,11,VABB,290.0,2.6,22000.0,2500.0,28.0,20.0,,0,0,0,0,0,2024-03-01 14:00:00
2024-03-01 14:30:00,19.088686,72.867919,11,VABB,330.0,2.1,22000.0,2500.0,28.0,22.0,,0,1,0,0,0,2024-03-01 14:00:00
2024-03-01 15:00:00,19.088686,72.867919,11,VABB,,0.0,,2000.0,27.0,21.6,1012.2,0,0,0,0,0,2024-03-01 15:00:00
2024-03-01 15:00:00,19.088686,72.867919,11,VABB,300.0,2.6,22000.0,2500.0,28.0,21.0,,0,1,0,0,0,2024-03-01 15:00:00
2024-03-01 15:30:00,19.088686,72.867919,11,VABB,320.0,1.5,22000.0,2500.0,28.0,21.0,,0,1,0,0,0,2024-03-01 15:00:00
2024-03-01 16:00:00,19.088686,72.867919,11,VABB,0.0,0.0,22000.0,2500.0,28.0,20.0,,0,1,0,0,0,2024-03-01 16:00:00
2024-03-01 16:30:00,19.088686,72.867919,11,VABB,0.0,0.0,22000.0,2500.0,28.0,19.0,,0,1,0,0,0,2024-03-01 16:00:00
2024-03-01 17:00:00,19.088686,72.867919,11,VABB,20.0,1.5,22000.0,2500.0,28.0,18.0,,0,0,0,0,0,2024-03-01 17:00:00
2024-03-01 17:30:00,19.088686,72.867919,11,VABB,360.0,2.1,22000.0,2500.0,28.0,19.0,,0,0,0,0,0,2024-03-01 17:00:00
2024-03-01 18:00:00,19.088686,72.867919,11,VABB,,0.0,,2000.0,25.4,19.9,1013.5,0,0,0,0,0,2024-03-01 18:00:00
2024-03-01 18:00:00,19.088686,72.867919,11,VABB,80.0,3.1,22000.0,2500.0,28.0,20.0,,0,1,0,0,0,2024-03-01 18:00:00
2024-03-01 18:30:00,19.088686,72.867919,11,VABB,360.0,2.1,22000.0,2500.0,27.0,19.0,,0,1,0,0,0,2024-03-01 18:00:00
2024-03-01 19:00:00,19.088686,72.867919,11,VABB,0.0,0.0,22000.0,2500.0,27.0,20.0,,0,1,0,0,0,2024-03-01 19:00:00
2024-03-01 19:30:00,19.088686,72.867919,11,VABB,60.0,2.6,22000.0,2500.0,27.0,20.0,,0,1,0,0,0,2024-03-01 19:00:00
2024-03-01 20:00:00,19.088686,72.867919,11,VABB,310.0,1.5,22000.0,2500.0,27.0,20.0,,0,1,0,0,0,2024-03-01 20:00:00
2024-03-01 20:30:00,19.088686,72.867919,11,VABB,300.0,2.1,22000.0,2500.0,27.0,21.0,,0,1,0,0,0,2024-03-01 20:00:00
2024-03-01 21:00:00,19.088686,72.867919,11,VABB,,0.0,,2000.0,25.2,21.9,1012.6,0,0,0,0,0,2024-03-01 21:00:00
2024-03-01 22:00:00,19.088686,72.867919,11,VABB,0.0,0.0,22000.0,2500.0,26.0,23.0,,0,1,0,0,0,2024-03-01 22:00:00
2024-03-01 22:30:00,19.088686,72.867919,11,VABB,20.0,2.1,22000.0,2500.0,26.0,23.0,,0,1,0,0,0,2024-03-01 22:00:00
2024-03-01 23:00:00,19.088686,72.867919,11,VABB,60.0,3.1,22000.0,2500.0,26.0,23.0,,0,1,0,0,0,2024-03-01 23:00:00
2024-03-01 23:30:00,19.088686,72.867919,11,VABB,10.0,2.1,22000.0,2500.0,26.0,23.0,,1,0,0,0,0,2024-03-01 23:00:00
2024-03-02 00:00:00,19.088686,72.867919,11,VABB,,0.0,,2000.0,24.2,21.8,1011.5,0,0,0,0,0,2024-03-02 00:00:00
2024-03-02 00:00:00,19.088686,72.867919,11,VABB,340.0,2.1,22000.0,2500.0,26.0,23.0,,1,0,0,0,0,2024-03-02 00:00:00
2024-03-02 00:30:00,19.088686,72.867919,11,VABB,360.0,2.1,22000.0,2500.0,25.0,23.0,,1,0,0,0,0,2024-03-02 00:00:00
2024-03-02 01:00:00,19.088686,72.867919,11,VABB,30.0,2.6,22000.0,2200.0,26.0,23.0,,1,0,0,0,0,2024-03-02 01:00:00
2024-03-02 01:30:00,19.088686,72.867919,11,VABB,340.0,1.5,22000.0,1800.0,25.0,23.0,,1,0,0,0,0,2024-03-02 01:00:00
2024-03-02 02:00:00,19.088686,72.867919,11,VABB,160.0,2.1,22000.0,1800.0,25.0,23.0,,1,0,0,0,0,2024-03-02 02:00:00
2024-03-02 02:30:00,19.088686,72.867919,11,VABB,0.0,0.0,22000.0,2100.0,26.0,23.0,,1,0,0,0,0,2024-03-02 02:00:00
2024-03-02 03:00:00,19.088686,72.867919,11,VABB,,0.0,22000.0,2000.0,25.0,22.0,1013.8,0,0,0,0,0,2024-03-02 03:00:00
2024-03-02 03:00:00,19.088686,72.867919,11,VABB,30.0,2.1,2000.0,2100.0,26.0,23.0,,1,0,0,0,0,2024-03-02 03:00:00
2024-03-02 03:30:00,19.088686,72.867919,11,VABB,30.0,2.6,2000.0,2100.0,27.0,23.0,,1,0,0,0,0,2024-03-02 03:00:00
2024-03-02 04:00:00,19.088686,72.867919,11,VABB,160.0,2.1,2000.0,2200.0,28.0,21.0,,0,1,0,0,0,2024-03-02 04:00:00
2024-03-02 04:30:00,19.088686,72.867919,11,VABB,200.0,2.1,2000.0,2500.0,29.0,21.0,,0,1,0,0,0,2024-03-02 04:00:00
2024-03-02 05:00:00,19.088686,72.867919,11,VABB,180.0,2.6,22000.0,2500.0,30.0,21.0,,0,1,0,0,0,2024-03-02 05:00:00
2024-03-02 05:30:00,19.088686,72.867919,11,VABB,0.0,0.0,22000.0,2500.0,31.0,21.0,,0,0,0,0,0,2024-03-02 05:00:00
2024-03-02 06:00:00,19.088686,72.867919,11,VABB,320.0,2.1,,2000.0,30.0,22.0,1014.5,0,0,0,0,0,2024-03-02 06:00:00
2024-03-02 06:00:00,19.088686,72.867919,11,VABB,270.0,5.7,22000.0,2500.0,29.0,22.0,,0,1,0,0,0,2024-03-02 06:00:00
2024-03-02 06:30:00,19.088686,72.867919,11,VABB,270.0,5.7,22000.0,2500.0,29.0,23.0,,0,1,0,0,0,2024-03-02 06:00:00
2024-03-02 07:00:00,19.088686,72.867919,11,VABB,280.0,5.1,22000.0,2500.0,29.0,23.0,,0,1,0,0,0,2024-03-02 07:00:00
2024-03-02 07:30:00,19.088686,72.867919,11,VABB,270.0,6.2,22000.0,3000.0,29.0,22.0,,0,1,0,0,0,2024-03-02 07:00:00
2024-03-02 08:00:00,19.088686,72.867919,11,VABB,280.0,5.1,22000.0,3000.0,29.0,22.0,,0,1,0,0,0,2024-03-02 08:00:00
2024-03-02 08:30:00,19.088686,72.867919,11,VABB,270.0,6.7,22000.0,3500.0,29.0,21.0,,0,1,0,0,0,2024-03-02 08:00:00
2024-03-02 09:00:00,19.088686,72.867919,11,VABB,320.0,2.1,22000.0,2000.0,30.6,21.7,1012.1,0,0,0,0,0,2024-03-02 09:00:00
2024-03-02 09:00:00,19.088686,72.867919,11,VABB,290.0,6.2,2000.0,4000.0,30.0,21.0,,0,1,0,0,0,2024-03-02 09:00:00
2024-03-02 09:30:00,19.088686,72.867919,11,VABB,280.0,4.1,2000.0,4000.0,29.0,22.0,,0,0,0,0,1,2024-03-02 09:00:00
2024-03-02 10:00:00,19.088686,72.867919,11,VABB,270.0,6.2,2000.0,4000.0,29.0,21.0,,0,0,0,0,0,2024-03-02 10:00:00
2024-03-02 10:30:00,19.088686,72.867919,11,VABB,270.0,5.7,22000.0,4000.0,29.0,21.0,,0,1,0,0,0,2024-03-02 10:00:00
2024-03-02 11:00:00,19.088686,72.867919,11,VABB,260.0,4.6,22000.0,4000.0,29.0,22.0,,0,1,0,0,0,2024-03-02 11:00:00
2024-03-02 11:30:00,19.088686,72.867919,11,VABB,260.0,5.1,22000.0,4000.0,29.0,22.0,,0,1,0,0,0,2024-03-02 11:00:00
2024-03-02 12:00:00,19.088686,72.867919,11,VABB,270.0,1.5,,2000.0,29.0,21.9,1010.9,0,0,0,0,0,2024-03-02 12:00:00
2024-03-02 12:00:00,19.088686,72.867919,11,VABB,260.0,5.7,22000.0,4000.0,28.0,22.0,,0,1,0,0,0,2024-03-02 12:00:00
2024-03-02 12:30:00,19.088686,72.867919,11,VABB,250.0,5.1,2000.0,4000.0,28.0,22.0,,0,1,0,0,0,2024-03-02 12:00:00
2024-03-02 13:00:00,19.088686,72.867919,11,VABB,270.0,4.6,2000.0,3000.0,27.0,23.0,,0,1,0,0,0,2024-03-02 13:00:00
2024-03-02 13:30:00,19.088686,72.867919,11,VABB,270.0,4.1,2000.0,3000.0,27.0,22.0,,0,1,0,0,0,2024-03-02 13:00:00
2024-03-02 14:00:00,19.088686,72.867919,11,VABB,250.0,4.6,2000.0,3000.0,27.0,23.0,,0,1,0,0,0,2024-03-02 14:00:00
2024-03-02 14:30:00,19.088686,72.867919,11,VABB,260.0,4.1,2000.0,3000.0,27.0,23.0,,0,1,0,0,0,2024-03-02 14:00:00
2024-03-02 15:00:00,19.088686,72.867919,11,VABB,360.0,1.5,22000.0,2000.0,26.8,21.4,1012.9,0,0,0,0,0,2024-03-02 15:00:00
2024-03-02 15:00:00,19.088686,72.867919,11,VABB,250.0,4.1,2000.0,3000.0,27.0,23.0,,0,1,0,0,0,2024-03-02 15:00:00
2024-03-02 15:30:00,19.088686,72.867919,11,VABB,250.0,4.1,2000.0,3000.0,27.0,23.0,,1,0,0,0,0,2024-03-02 15:00:00
2024-03-02 16:00:00,19.088686,72.867919,11,VABB,260.0,4.6,2000.0,3000.0,27.0,23.0,,1,0,0,0,0,2024-03-02 16:00:00
2024-03-02 16:30:00,19.088686,72.867919,11,VABB,250.0,3.1,2000.0,3000.0,27.0,23.0,,1,0,0,0,0,2024-03-02 16:00:00
2024-03-02 17:00:00,19.088686,72.867919,11,VABB,240.0,4.6,2000.0,3000.0,27.0,23.0,,1,0,0,0,0,2024-03-02 17:00:00
2024-03-02 17:30:00,19.088686,72.867919,11,VABB,240.0,3.6,2000.0,3000.0,27.0,22.0,,1,0,0,0,0,2024-03-02 17:00:00
2024-03-02 18:00:00,19.088686,72.867919,11,VABB,,0.0,22000.0,2000.0,26.4,21.6,1013.8,0,0,0,0,0,2024-03-02 18:00:00
2024-03-02 18:00:00,19.088686,72.867919,11,VABB,260.0,3.6,2000.0,3000.0,27.0,22.0,,1,0,0,0,0,2024-03-02 18:00:00
2024-03-02 18:30:00,19.088686,72.867919,11,VABB,240.0,4.1,2000.0,3000.0,27.0,22.0,,1,0,0,0,0,2024-03-02 18:00:00
2024-03-02 19:00:00,19.088686,72.867919,11,VABB,220.0,3.1,2000.0,3000.0,26.0,23.0,,1,0,0,0,0,2024-03-02 19:00:00
2024-03-02 19:30:00,19.088686,72.867919,11,VABB,240.0,3.6,2000.0,3000.0,26.0,23.0,,1,0,0,0,0,2024-03-02 19:00:00
2024-03-02 20:00:00,19.088686,72.867919,11,VABB,230.0,3.1,2000.0,3000.0,26.0,23.0,,1,0,0,0,0,2024-03-02 20:00:00
2024-03-02 20:30:00,19.088686,72.867919,11,VABB,250.0,3.6,2000.0,3000.0,26.0,23.0,,1,0,0,0,0,2024-03-02 20:00:00
2024-03-02 21:00:00,19.088686,72.867919,11,VABB,,0.0,,2000.0,25.6,21.7,1012.3,0,0,0,0,0,2024-03-02 21:00:00
2024-03-02 21:00:00,19.088686,72.867919,11,VABB,240.0,2.6,2000.0,3000.0,26.0,23.0,,1,0,0,0,0,2024-03-02 21:00:00
2024-03-02 21:30:00,19.088686,72.867919,11,VABB,220.0,2.6,22000.0,3000.0,26.0,23.0,,1,0,0,0,0,2024-03-02 21:00:00
2024-03-02 22:00:00,19.088686,72.867919,11,VABB,230.0,2.1,22000.0,3000.0,26.0,23.0,,1,0,0,0,0,2024-03-02 22:00:00
2024-03-02 22:30:00,19.088686,72.867919,11,VABB,250.0,2.1,2000.0,3000.0,26.0,23.0,,1,0,0,0,0,2024-03-02 22:00:00
2024-03-02 23:00:00,19.088686,72.867919,11,VABB,250.0,3.1,2000.0,3000.0,26.0,23.0,,1,0,0,0,0,2024-03-02 23:00:00
2024-03-02 23:30:00,19.088686,72.867919,11,VABB,300.0,3.1,2000.0,3000.0,26.0,23.0,,1,0,0,0,0,2024-03-02 23:00:00
2024-03-03 00:00:00,19.088686,72.867919,11,VABB,,0.0,750.0,2000.0,25.6,22.0,1012.0,0,0,0,0,0,2024-03-03 00:00:00
2024-03-03 00:00:00,19.088686,72.867919,11,VABB,310.0,4.1,2000.0,3000.0,26.0,23.0,,1,0,0,0,0,2024-03-03 00:00:00
2024-03-03 00:30:00,19.088686,72.867919,11,VABB,320.0,4.1,2000.0,3000.0,26.0,23.0,,1,0,0,0,0,2024-03-03 00:00:00
2024-03-03 01:00:00,19.088686,72.867919,11,VABB,310.0,3.6,610.0,3000.0,26.0,23.0,,1,0,0,0,0,2024-03-03 01:00:00
2024-03-03 01:30:00,19.088686,72.867919,11,VABB,320.0,3.6,610.0,2500.0,26.0,22.0,,1,0,0,0,0,2024-03-03 01:00:00
2024-03-03 02:00:00,19.088686,72.867919,11,VABB,330.0,5.1,610.0,2500.0,25.0,22.0,,1,0,0,0,0,2024-03-03 02:00:00
2024-03-03 02:30:00,19.088686,72.867919,11,VABB,320.0,3.1,762.0,2500.0,26.0,21.0,,1,0,1,0,0,2024-03-03 02:00:00
2024-03-03 03:00:00,19.088686,72.867919,11,VABB,320.0,1.5,750.0,2000.0,25.4,20.2,1014.4,0,0,0,0,0,2024-03-03 03:00:00
2024-03-03 03:00:00,19.088686,72.867919,11,VABB,320.0,2.6,762.0,3000.0,26.0,21.0,,0,1,1,0,0,2024-03-03 03:00:00
2024-03-03 03:30:00,19.088686,72.867919,11,VABB,330.0,5.1,762.0,3000.0,26.0,21.0,,0,1,0,0,0,2024-03-03 03:00:00
2024-03-03 04:00:00,19.088686,72.867919,11,VABB,20.0,4.1,762.0,3500.0,26.0,21.0,,0,1,0,0,0,2024-03-03 04:00:00
2024-03-03 04:30:00,19.088686,72.867919,11,VABB,350.0,3.6,762.0,3500.0,27.0,20.0,,0,1,0,0,0,2024-03-03 04:00:00
2024-03-03 05:00:00,19.088686,72.867919,11,VABB,280.0,4.1,762.0,3500.0,27.0,21.0,,0,1,0,0,0,2024-03-03 05:00:00
2024-03-03 05:30:00,19.088686,72.867919,11,VABB,300.0,4.6,762.0,3500.0,28.0,20.0,,0,1,0,0,0,2024-03-03 05:00:00
2024-03-03 06:00:00,19.088686,72.867919,11,VABB,320.0,2.1,750.0,2000.0,28.0,19.0,1015.3,0,0,0,0,0,2024-03-03 06:00:00
2024-03-03 06:00:00,19.088686,72.867919,11,VABB,310.0,5.1,762.0,3500.0,28.0,20.0,,0,1,0,0,0,2024-03-03 06:00:00
2024-03-03 06:30:00,19.088686,72.867919,11,VABB,320.0,4.6,762.0,4000.0,28.0,20.0,,0,1,0,0,0,2024-03-03 06:00:00
2024-03-03 07:00:00,19.088686,72.867919,11,VABB,110.0,4.1,2000.0,4000.0,28.0,19.0,,0,1,0,0,0,2024-03-03 07:00:00
2024-03-03 07:30:00,19.088686,72.867919,11,VABB,290.0,5.1,2000.0,4000.0,28.0,19.0,,0,0,0,0,0,2024-03-03 07:00:00
2024-03-03 08:00:00,19.088686,72.867919,11,VABB,300.0,4.1,2000.0,4000.0,28.0,18.0,,0,0,0,0,0,2024-03-03 08:00:00
2024-03-03 08:30:00,19.088686,72.867919,11,VABB,300.0,4.6,2000.0,4000.0,28.0,19.0,,0,0,0,0,0,2024-03-03 08:00:00
2024-03-03 09:00:00,19.088686,72.867919,11,VABB,320.0,3.1,22000.0,2000.0,28.4,18.4,1012.7,0,0,0,0,0,2024-03-03 09:00:00
2024-03-03 09:00:00,19.088686,72.867919,11,VABB,290.0,5.1,2000.0,4000.0,28.0,19.0,,0,0,0,0,0,2024-03-03 09:00:00
2024-03-03 09:30:00,19.088686,72.867919,11,VABB,310.0,5.1,2000.0,4000.0,27.0,18.0,,0,0,0,0,0,2024-03-03 09:00:00
2024-03-03 10:00:00,19.088686,72.867919,11,VABB,310.0,4.1,2000.0,4000.0,27.0,18.0,,0,0,0,0,0,2024-03-03 10:00:00
2024-03-03 10:30:00,19.088686,72.867919,11,VABB,320.0,4.6,2000.0,4000.0,27.0,18.0,,0,0,0,0,0,2024-03-03 10:00:00
2024-03-03 11:00:00,19.088686,72.867919,11,VABB,300.0,4.6,2000.0,4000.0,28.0,18.0,,0,0,0,0,0,2024-03-03 11:00:00
2024-03-03 11:30:00,19.088686,72.867919,11,VABB,310.0,4.1,2000.0,5000.0,27.0,18.0,,0,0,0,0,0,2024-03-03 11:00:00
2024-03-03 12:00:00,19.088686,72.867919,11,VABB,320.0,2.1,,2000.0,26.4,17.9,1011.9,0,0,0,0,0,2024-03-03 12:00:00
2024-03-03 12:00:00,19.088686,72.867919,11,VABB,310.0,5.7,2000.0,5000.0,26.0,18.0,,0,0,0,0,0,2024-03-03 12:00:00
2024-03-03 12:30:00,19.088686,72.867919,11,VABB,290.0,5.7,2000.0,5000.0,26.0,18.0,,0,0,0,0,0,2024-03-03 12:00:00
2024-03-03 13:00:00,19.088686,72.867919,11,VABB,310.0,4.6,2000.0,5000.0,25.0,17.0,,0,0,0,0,0,2024-03-03 13:00:00
2024-03-03 13:30:00,19.088686,72.867919,11,VABB,310.0,3.6,2000.0,5000.0,24.0,17.0,,0,1,0,0,0,2024-03-03 13:00:00
2024-03-03 14:00:00,19.088686,72.867919,11,VABB,320.0,2.1,22000.0,4000.0,24.0,18.0,,0,1,0,0,0,2024-03-03 14:00:00
2024-03-03 14:30:00,19.088686,72.867919,11,VABB,310.0,4.6,22000.0,4000.0,24.0,17.0,,0,1,0,0,0,2024-03-03 14:00:00
2024-03-03 15:00:00,19.088686,72.867919,11,VABB,320.0,3.1,,2000.0,23.4,16.9,1013.4,0,0,0,0,0,2024-03-03 15:00:00
2024-03-03 15:00:00,19.088686,72.867919,11,VABB,340.0,3.6,22000.0,3000.0,24.0,17.0,,0,1,0,0,0,2024-03-03 15:00:00
2024-03-03 15:30:00,19.088686,72.867919,11,VABB,340.0,3.6,22000.0,3000.0,24.0,18.0,,0,1,0,0,0,2024-03-03 15:00:00
2024-03-03 16:00:00,19.088686,72.867919,11,VABB,350.0,3.1,22000.0,3000.0,24.0,18.0,,0,1,0,0,0,2024-03-03 16:00:00
2024-03-03 16:30:00,19.088686,72.867919,11,VABB,340.0,3.6,22000.0,3000.0,23.0,17.0,,0,1,0,0,0,2024-03-03 16:00:00
2024-03-03 17:00:00,19.088686,72.867919,11,VABB,360.0,2.6,22000.0,3000.0,23.0,17.0,,0,1,0,0,0,2024-03-03 17:00:00
2024-03-03 17:30:00,19.088686,72.867919,11,VABB,360.0,3.1,22000.0,3000.0,24.0,17.0,,0,1,0,0,0,2024-03-03 17:00:00
2024-03-03 18:00:00,19.088686,72.867919,11,VABB,,0.0,,2000.0,22.4,16.5,1014.0,0,0,0,0,0,2024-03-03 18:00:00
2024-03-03 18:00:00,19.088686,72.867919,11,VABB,40.0,3.1,22000.0,3000.0,23.0,17.0,,0,1,0,0,0,2024-03-03 18:00:00
2024-03-03 18:30:00,19.088686,72.867919,11,VABB,30.0,2.6,22000.0,3000.0,23.0,17.0,,0,1,0,0,0,2024-03-03 18:00:00
2024-03-03 19:00:00,19.088686,72.867919,11,VABB,80.0,2.6,22000.0,3000.0,23.0,17.0,,0,1,0,0,0,2024-03-03 19:00:00
2024-03-03 19:30:00,19.088686,72.867919,11,VABB,60.0,2.1,22000.0,3000.0,23.0,16.0,,0,1,0,0,0,2024-03-03 19:00:00
2024-03-03 20:00:00,19.088686,72.867919,11,VABB,10.0,2.1,22000.0,3000.0,23.0,16.0,,0,1,0,0,0,2024-03-03 20:00:00
2024-03-03 20:30:00,19.088686,72.867919,11,VABB,20.0,1.5,22000.0,3000.0,23.0,16.0,,0,1,0,0,0,2024-03-03 20:00:00
2024-03-03 21:00:00,19.088686,72.867919,11,VABB,,0.0,,2000.0,20.2,15.5,1012.8,0,0,0,0,0,2024-03-03 21:00:00
2024-03-03 21:00:00,19.088686,72.867919,11,VABB,40.0,3.1,22000.0,3000.0,23.0,16.0,,0,1,0,0,0,2024-03-03 21:00:00
2024-03-03 21:30:00,19.088686,72.867919,11,VABB,10.0,2.1,22000.0,3000.0,23.0,16.0,,0,1,0,0,0,2024-03-03 21:00:00
2024-03-03 22:00:00,19.088686,72.867919,11,VABB,20.0,2.1,22000.0,3000.0,22.0,15.0,,0,1,0,0,0,2024-03-03 22:00:00
2024-03-03 22:30:00,19.088686,72.867919,11,VABB,10.0,2.6,22000.0,3000.0,22.0,15.0,,0,1,0,0,0,2024-03-03 22:00:00
2024-03-03 23:00:00,19.088686,72.867919,11,VABB,10.0,2.6,22000.0,3000.0,22.0,15.0,,0,1,0,0,0,2024-03-03 23:00:00
2024-03-03 23:30:00,19.088686,72.867919,11,VABB,40.0,2.1,22000.0,3000.0,23.0,15.0,,0,1,0,0,0,2024-03-03 23:00:00
2024-03-04 00:00:00,19.088686,72.867919,11,VABB,,0.0,,2000.0,18.6,14.8,1013.2,0,0,0,0,0,2024-03-04 00:00:00
2024-03-04 00:00:00,19.088686,72.867919,11,VABB,270.0,2.6,22000.0,3000.0,22.0,15.0,,0,1,0,0,0,2024-03-04 00:00:00
2024-03-04 00:30:00,19.088686,72.867919,11,VABB,10.0,2.6,22000.0,3000.0,22.0,16.0,,0,1,0,0,0,2024-03-04 00:00:00
2024-03-04 01:00:00,19.088686,72.867919,11,VABB,10.0,3.1,22000.0,3000.0,22.0,16.0,,0,1,0,0,0,2024-03-04 01:00:00
2024-03-04 01:30:00,19.088686,72.867919,11,VABB,70.0,2.1,22000.0,3000.0,22.0,16.0,,0,1,0,0,0,2024-03-04 01:00:00
2024-03-04 02:00:00,19.088686,72.867919,11,VABB,70.0,3.1,22000.0,2800.0,22.0,16.0,,0,1,0,0,0,2024-03-04 02:00:00
2024-03-04 02:30:00,19.088686,72.867919,11,VABB,60.0,2.6,22000.0,2500.0,22.0,15.0,,0,0,0,0,0,2024-03-04 02:00:00
2024-03-04 03:00:00,19.088686,72.867919,11,VABB,,0.0,,2000.0,21.0,16.0,1015.2,0,0,0,0,0,2024-03-04 03:00:00
2024-03-04 03:00:00,19.088686,72.867919,11,VABB,60.0,2.1,22000.0,2500.0,23.0,15.0,,0,0,0,0,0,2024-03-04 03:00:00
2024-03-04 03:30:00,19.088686,72.867919,11,VABB,20.0,2.6,22000.0,3000.0,24.0,16.0,,0,0,0,0,0,2024-03-04 03:00:00
2024-03-04 04:00:00,19.088686,72.867919,11,VABB,20.0,3.6,22000.0,3500.0,25.0,16.0,,0,0,0,0,0,2024-03-04 04:00:00
2024-03-04 04:30:00,19.088686,72.867919,11,VABB,330.0,3.1,22000.0,4000.0,25.0,15.0,,0,0,0,0,0,2024-03-04 04:00:00
2024-03-04 05:00:00,19.088686,72.867919,11,VABB,260.0,3.6,22000.0,4000.0,26.0,15.0,,0,0,0,0,0,2024-03-04 05:00:00
2024-03-04 05:30:00,19.088686,72.867919,11,VABB,360.0,2.6,22000.0,4000.0,27.0,16.0,,0,0,0,0,0,2024-03-04 05:00:00
2024-03-04 06:00:00,19.088686,72.867919,11,VABB,320.0,1.5,,2000.0,27.0,14.3,1015.7,0,0,0,0,0,2024-03-04 06:00:00
2024-03-04 06:00:00,19.088686,72.867919,11,VABB,310.0,2.6,22000.0,4000.0,28.0,14.0,,0,0,0,0,0,2024-03-04 06:00:00
2024-03-04 06:30:00,19.088686,72.867919,11,VABB,270.0,6.2,22000.0,4000.0,27.0,16.0,,0,0,0,0,0,2024-03-04 06:00:00
2024-03-04 07:00:00,19.088686,72.867919,11,VABB,300.0,4.6,22000.0,4000.0,28.0,16.0,,0,0,0,0,0,2024-03-04 07:00:00
2024-03-04 07:30:00,19.088686,72.867919,11,VABB,310.0,4.1,22000.0,4000.0,28.0,16.0,,0,0,0,0,0,2024-03-04 07:00:00
2024-03-04 08:00:00,19.088686,72.867919,11,VABB,280.0,3.6,22000.0,4000.0,29.0,17.0,,0,0,0,0,1,2024-03-04 08:00:00
2024-03-04 08:30:00,19.088686,72.867919,11,VABB,300.0,4.6,22000.0,4000.0,28.0,16.0,,0,0,0,0,0,2024-03-04 08:00:00
2024-03-04 09:00:00,19.088686,72.867919,11,VABB,320.0,3.1,,2000.0,29.2,16.4,1013.2,0,0,0,0,0,2024-03-04 09:00:00
2024-03-04 09:00:00,19.088686,72.867919,11,VABB,290.0,5.7,22000.0,4000.0,29.0,16.0,,0,0,0,0,0,2024-03-04 09:00:00
2024-03-04 09:30:00,19.088686,72.867919,11,VABB,270.0,4.1,22000.0,4000.0,28.0,17.0,,0,0,0,0,1,2024-03-04 09:00:00
2024-03-04 10:00:00,19.088686,72.867919,11,VABB,270.0,3.6,22000.0,4000.0,28.0,16.0,,0,0,0,0,1,2024-03-04 10:00:00
2024-03-04 10:30:00,19.088686,72.867919,11,VABB,280.0,5.1,22000.0,4000.0,28.0,14.0,,0,0,0,0,0,2024-03-04 10:00:00
2024-03-04 11:00:00,19.088686,72.867919,11,VABB,280.0,5.1,22000.0,5000.0,28.0,13.0,,0,0,0,0,0,2024-03-04 11:00:00
2024-03-04 11:30:00,19.088686,72.867919,11,VABB,290.0,5.1,22000.0,5000.0,28.0,14.0,,0,0,0,0,0,2024-03-04 11:00:00
2024-03-04 12:00:00,19.088686,72.867919,11,VABB,320.0,1.5,,2000.0,27.4,13.2,1012.0,0,0,0,0,0,2024-03-04 12:00:00
2024-03-04 12:00:00,19.088686,72.867919,11,VABB,290.0,5.1,22000.0,5000.0,28.0,12.0,,0,0,0,0,0,2024-03-04 12:00:00
2024-03-04 12:30:00,19.088686,72.867919,11,VABB,290.0,4.6,22000.0,5000.0,27.0,12.0,,0,0,0,0,0,2024-03-04 12:00:00
2024-03-04 13:00:00,19.088686,72.867919,11,VABB,290.0,3.6,22000.0,5000.0,26.0,14.0,,0,0,0,0,0,2024-03-04 13:00:00
2024-03-04 13:30:00,19.088686,72.867919,11,VABB,310.0,3.6,22000.0,4000.0,26.0,14.0,,0,0,0,0,0,2024-03-04 13:00:00
2024-03-04 14:00:00,19.088686,72.867919,11,VABB,300.0,3.6,22000.0,3500.0,25.0,15.0,,0,0,0,0,0,2024-03-04 14:00:00
2024-03-04 14:30:00,19.088686,72.867919,11,VABB,320.0,4.1,22000.0,3000.0,25.0,15.0,,0,0,0,0,0,2024-03-04 14:00:00
2024-03-04 15:00:00,19.088686,72.867919,11,VABB,320.0,1.5,,2000.0,24.6,15.3,1013.4,0,0,0,0,0,2024-03-04 15:00:00
2024-03-04 15:00:00,19.088686,72.867919,11,VABB,330.0,2.1,22000.0,3000.0,25.0,15.0,,0,0,0,0,0,2024-03-04 15:00:00
2024-03-04 15:30:00,19.088686,72.867919,11,VABB,340.0,1.5,22000.0,3000.0,25.0,15.0,,0,0,0,0,0,2024-03-04 15:00:00
2024-03-04 16:00:00,19.088686,72.867919,11,VABB,330.0,2.1,22000.0,3000.0,25.0,15.0,,0,0,0,0,0,2024-03-04 16:00:00
2024-03-04 16:30:00,19.088686,72.867919,11,VABB,360.0,2.1,22000.0,2500.0,25.0,15.0,,0,0,0,0,0,2024-03-04 16:00:00
2024-03-04 17:00:00,19.088686,72.867919,11,VABB,340.0,2.1,22000.0,2500.0,26.0,15.0,,0,0,0,0,0,2024-03-04 17:00:00
2024-03-04 17:30:00,19.088686,72.867919,11,VABB,30.0,3.1,22000.0,2500.0,25.0,16.0,,0,0,0,0,0,2024-03-04 17:00:00
2024-03-04 18:00:00,19.088686,72.867919,11,VABB,,0.0,,2000.0,22.0,16.0,1014.2,0,0,0,0,0,2024-03-04 18:00:00
2024-03-04 18:00:00,19.088686,72.867919,11,VABB,50.0,3.6,22000.0,2500.0,25.0,16.0,,0,0,0,0,0,2024-03-04 18:00:00
2024-03-04 18:30:00,19.088686,72.867919,11,VABB,10.0,2.1,22000.0,2500.0,24.0,16.0,,0,0,0,0,0,2024-03-04 18:00:00
2024-03-04 19:00:00,19.088686,72.867919,11,VABB,320.0,2.1,22000.0,2500.0,24.0,16.0,,0,1,0,0,0,2024-03-04 19:00:00
2024-03-04 19:30:00,19.088686,72.867919,11,VABB,10.0,2.1,22000.0,2500.0,23.0,15.0,,0,1,0,0,0,2024-03-04 19:00:00
2024-03-04 20:00:00,19.088686,72.867919,11,VABB,340.0,2.1,22000.0,2500.0,24.0,15.0,,0,0,0,0,0,2024-03-04 20:00:00
2024-03-04 20:30:00,19.088686,72.867919,11,VABB,10.0,2.1,22000.0,2500.0,24.0,15.0,,0,0,0,0,0,2024-03-04 20:00:00
2024-03-04 21:00:00,19.088686,72.867919,11,VABB,,0.0,,2000.0,19.8,15.1,1012.9,0,0,0,0,0,2024-03-04 21:00:00
2024-03-04 21:00:00,19.088686,72.867919,11,VABB,340.0,2.1,22000.0,2500.0,23.0,14.0,,0,0,0,0,0,2024-03-04 21:00:00
2024-03-04 21:30:00,19.088686,72.867919,11,VABB,10.0,2.1,22000.0,2500.0,23.0,14.0,,0,0,0,0,0,2024-03-04 21:00:00
2024-03-04 22:00:00,19.088686,72.867919,11,VABB,40.0,1.5,22000.0,2500.0,23.0,14.0,,0,0,0,0,0,2024-03-04 22:00:00
2024-03-04 22:30:00,19.088686,72.867919,11,VABB,30.0,1.5,22000.0,2500.0,23.0,14.0,,0,0,0,0,0,2024-03-04 22:00:00
2024-03-04 23:00:00,19.088686,72.867919,11,VABB,50.0,3.1,22000.0,2500.0,23.0,14.0,,0,0,0,0,0,2024-03-04 23:00:00
2024-03-04 23:30:00,19.088686,72.867919,11,VABB,330.0,3.1,22000.0,2500.0,22.0,14.0,,0,0,0,0,0,2024-03-04 23:00:00
2024-03-05 00:00:00,19.088686,72.867919,11,VABB,,0.0,,2000.0,18.8,14.3,1012.7,0,0,0,0,0,2024-03-05 00:00:00
2024-03-05 00:00:00,19.088686,72.867919,11,VABB,20.0,3.6,22000.0,2500.0,22.0,13.0,,0,0,0,0,0,2024-03-05 00:00:00
2024-03-05 00:30:00,19.088686,72.867919,11,VABB,110.0,4.6,22000.0,2500.0,22.0,13.0,,0,0,0,0,0,2024-03-05 00:00:00
2024-03-05 01:00:00,19.088686,72.867919,11,VABB,120.0,3.6,22000.0,2500.0,22.0,13.0,,0,0,0,0,0,2024-03-05 01:00:00
2024-03-05 01:30:00,19.088686,72.867919,11,VABB,90.0,2.1,22000.0,2100.0,21.0,13.0,,0,0,0,0,0,2024-03-05 01:00:00
2024-03-05 02:00:00,19.088686,72.867919,11,VABB,110.0,1.5,22000.0,1800.0,22.0,12.0,,0,0,0,0,0,2024-03-05 02:00:00
2024-03-05 02:30:00,19.088686,72.867919,11,VABB,50.0,2.1,22000.0,1800.0,24.0,11.0,,0,0,0,0,0,2024-03-05 02:00:00
2024-03-05 03:00:00,19.088686,72.867919,11,VABB,,0.0,,2000.0,20.2,13.6,1014.5,0,0,0,0,0,2024-03-05 03:00:00
2024-03-05 03:00:00,19.088686,72.867919,11,VABB,30.0,2.1,22000.0,2200.0,25.0,11.0,,0,0,0,0,0,2024-03-05 03:00:00
2024-03-05 03:30:00,19.088686,72.867919,11,VABB,80.0,2.6,22000.0,2500.0,26.0,9.0,,0,0,0,0,0,2024-03-05 03:00:00
2024-03-05 04:00:00,19.088686,72.867919,11,VABB,140.0,2.6,22000.0,2500.0,27.0,10.0,,0,0,0,0,0,2024-03-05 04:00:00
2024-03-05 04:30:00,19.088686,72.867919,11,VABB,80.0,1.5,22000.0,3000.0,28.0,10.0,,0,0,0,0,0,2024-03-05 04:00:00
2024-03-05 05:00:00,19.088686,72.867919,11,VABB,110.0,3.1,22000.0,3000.0,29.0,11.0,,0,0,0,0,0,2024-03-05 05:00:00
2024-03-05 05:30:00,19.088686,72.867919,11,VABB,130.0,3.1,22000.0,3000.0,30.0,10.0,,0,0,0,0,0,2024-03-05 05:00:00
2024-03-05 06:00:00,19.088686,72.867919,11,VABB,,0.0,,2000.0,31.2,11.3,1014.1,0,0,0,0,0,2024-03-05 06:00:00
2024-03-05 06:00:00,19.088686,72.867919,11,VABB,120.0,3.6,22000.0,3500.0,31.0,10.0,,0,0,0,0,0,2024-03-05 06:00:00
2024-03-05 06:30:00,19.088686,72.867919,11,VABB,110.0,2.6,22000.0,4000.0,32.0,8.0,,0,0,0,0,0,2024-03-05 06:00:00
2024-03-05 07:00:00,19.088686,72.867919,11,VABB,270.0,4.1,22000.0,3500.0,32.0,13.0,,0,0,0,0,0,2024-03-05 07:00:00
2024-03-05 07:30:00,19.088686,72.867919,11,VABB,270.0,5.7,22000.0,3500.0,31.0,15.0,,0,0,0,0,0,2024-03-05 07:00:00
2024-03-05 08:00:00,19.088686,72.867919,11,VABB,280.0,5.1,22000.0,3500.0,30.0,14.0,,0,0,0,0,0,2024-03-05 08:00:00
2024-03-05 08:30:00,19.088686,72.867919,11,VABB,290.0,6.2,22000.0,3500.0,31.0,12.0,,0,0,0,0,0,2024-03-05 08:00:00
2024-03-05 09:00:00,19.088686,72.867919,11,VABB,320.0,3.1,,2000.0,30.8,14.8,1011.6,0,0,0,0,0,2024-03-05 09:00:00
2024-03-05 09:00:00,19.088686,72.867919,11,VABB,280.0,3.6,22000.0,4000.0,30.0,13.0,,0,0,0,0,1,2024-03-05 09:00:00
2024-03-05 09:30:00,19.088686,72.867919,11,VABB,290.0,6.2,22000.0,4000.0,30.0,13.0,,0,0,0,0,0,2024-03-05 09:00:00
2024-03-05 10:00:00,19.088686,72.867919,11,VABB,280.0,3.6,22000.0,5000.0,29.0,16.0,,0,0,0,0,1,2024-03-05 10:00:00
2024-03-05 10:30:00,19.088686,72.867919,11,VABB,310.0,3.6,22000.0,5000.0,29.0,15.0,,0,0,0,0,1,2024-03-05 10:00:00
2024-03-05 11:00:00,19.088686,72.867919,11,VABB,310.0,5.7,22000.0,5000.0,29.0,15.0,,0,0,0,0,0,2024-03-05 11:00:00
2024-03-05 11:30:00,19.088686,72.867919,11,VABB,320.0,6.2,22000.0,5000.0,28.0,13.0,,0,0,0,0,0,2024-03-05 11:00:00
2024-03-05 12:00:00,19.088686,72.867919,11,VABB,320.0,5.1,,2000.0,28.0,15.3,1011.1,0,0,0,0,0,2024-03-05 12:00:00
2024-03-05 12:00:00,19.088686,72.867919,11,VABB,310.0,3.6,22000.0,5000.0,28.0,14.0,,0,0,0,0,1,2024-03-05 12:00:00
2024-03-05 12:30:00,19.088686,72.867919,11,VABB,330.0,3.6,22000.0,5000.0,28.0,11.0,,0,0,0,0,1,2024-03-05 12:00:00
2024-03-05 13:00:00,19.088686,72.867919,11,VABB,330.0,5.1,22000.0,4000.0,28.0,9.0,,0,0,0,0,0,2024-03-05 13:00:00
2024-03-05 13:30:00,19.088686,72.867919,11,VABB,330.0,3.1,22000.0,4000.0,27.0,9.0,,0,0,0,0,0,2024-03-05 13:00:00
2024-03-05 14:00:00,19.088686,72.867919,11,VABB,340.0,3.1,22000.0,3000.0,27.0,7.0,,0,0,0,0,0,2024-03-05 14:00:00
2024-03-05 14:30:00,19.088686,72.867919,11,VABB,10.0,3.1,22000.0,3000.0,27.0,7.0,,0,0,0,0,0,2024-03-05 14:00:00
2024-03-05 15:00:00,19.088686,72.867919,11,VABB,,0.0,,2000.0,24.6,12.5,1012.7,0,0,0,0,0,2024-03-05 15:00:00
2024-03-05 15:00:00,19.088686,72.867919,11,VABB,20.0,1.5,22000.0,3000.0,27.0,7.0,,0,0,0,0,0,2024-03-05 15:00:00
2024-03-05 15:30:00,19.088686,72.867919,11,VABB,90.0,2.1,22000.0,3000.0,27.0,7.0,,0,0,0,0,0,2024-03-05 15:00:00
2024-03-05 16:00:00,19.088686,72.867919,11,VABB,80.0,1.5,22000.0,3000.0,27.0,7.0,,0,0,0,0,0,2024-03-05 16:00:00
2024-03-05 16:30:00,19.088686,72.867919,11,VABB,0.0,0.0,22000.0,3000.0,26.0,7.0,,0,0,0,0,0,2024-03-05 16:00:00
2024-03-05 17:00:00,19.088686,72.867919,11,VABB,80.0,1.5,22000.0,3000.0,27.0,6.0,,0,0,0,0,0,2024-03-05 17:00:00
2024-03-05 17:30:00,19.088686,72.867919,11,VABB,220.0,1.5,22000.0,3000.0,27.0,7.0,,0,0,0,0,0,2024-03-05 17:00:00
2024-03-05 18:00:00,19.088686,72.867919,11,VABB,,0.0,,2000.0,20.6,12.5,1013.5,0,0,0,0,0,2024-03-05 18:00:00
2024-03-05 18:00:00,19.088686,72.867919,11,VABB,270.0,2.6,22000.0,3000.0,25.0,9.0,,0,0,0,0,0,2024-03-05 18:00:00
2024-03-05 18:30:00,19.088686,72.867919,11,VABB,310.0,2.1,22000.0,3000.0,25.0,9.0,,0,0,0,0,0,2024-03-05 18:00:00
2024-03-05 19:00:00,19.088686,72.867919,11,VABB,300.0,1.5,22000.0,3000.0,26.0,9.0,,0,0,0,0,0,2024-03-05 19:00:00
2024-03-05 19:30:00,19.088686,72.867919,11,VABB,340.0,2.1,22000.0,3000.0,25.0,11.0,,0,0,0,0,0,2024-03-05 19:00:00
2024-03-05 20:00:00,19.088686,72.867919,11,VABB,30.0,1.5,22000.0,3000.0,24.0,11.0,,0,0,0,0,0,2024-03-05 20:00:00
2024-03-05 20:30:00,19.088686,72.867919,11,VABB,10.0,2.1,22000.0,3000.0,24.0,10.0,,0,0,0,0,0,2024-03-05 20:00:00
2024-03-05 21:00:00,19.088686,72.867919,11,VABB,,0.0,,2000.0,19.2,12.4,1012.3,0,0,0,0,0,2024-03-05 21:00:00
2024-03-05 21:00:00,19.088686,72.867919,11,VABB,40.0,3.1,22000.0,3000.0,25.0,11.0,,0,0,0,0,0,2024-03-05 21:00:00
2024-03-05 21:30:00,19.088686,72.867919,11,VABB,20.0,1.5,22000.0,3000.0,24.0,13.0,,0,0,0,0,0,2024-03-05 21:00:00
2024-03-05 22:00:00,19.088686,72.867919,11,VABB,330.0,1.5,22000.0,3000.0,24.0,13.0,,0,0,0,0,0,2024-03-05 22:00:00
2024-03-05 22:30:00,19.088686,72.867919,11,VABB,0.0,0.0,22000.0,2500.0,23.0,13.0,,0,0,0,0,0,2024-03-05 22:00:00
2024-03-05 23:00:00,19.088686,72.867919,11,VABB,60.0,1.5,22000.0,2500.0,23.0,14.0,,0,0,0,0,0,2024-03-05 23:00:00
2024-03-05 23:30:00,19.088686,72.867919,11,VABB,70.0,2.1,22000.0,2500.0,24.0,15.0,,0,0,0,0,0,2024-03-05 23:00:00
2024-03-06 00:00:00,19.088686,72.867919,11,VABB,,0.0,,2000.0,18.6,14.5,1011.8,0,0,0,0,0,2024-03-06 00:00:00
2024-03-06 00:00:00,19.088686,72.867919,11,VABB,340.0,1.5,22000.0,2500.0,23.0,15.0,,0,0,0,0,0,2024-03-06 00:00:00
2024-03-06 00:30:00,19.088686,72.867919,11,VABB,360.0,2.6,22000.0,2500.0,23.0,14.0,,0,0,0,0,0,2024-03-06 00:00:00
2024-03-06 01:00:00,19.088686,72.867919,11,VABB,350.0,3.1,2000.0,2500.0,23.0,14.0,,0,0,0,0,0,2024-03-06 01:00:00
2024-03-06 01:30:00,19.088686,72.867919,11,VABB,50.0,2.1,2000.0,2500.0,23.0,13.0,,0,0,0,0,0,2024-03-06 01:00:00
2024-03-06 02:00:00,19.088686,72.867919,11,VABB,50.0,2.6,2000.0,2100.0,24.0,13.0,,0,0,0,0,0,2024-03-06 02:00:00
2024-03-06 02:30:00,19.088686,72.867919,11,VABB,70.0,2.1,10000.0,2100.0,24.0,12.0,,0,0,0,0,0,2024-03-06 02:00:00
2024-03-06 03:00:00,19.088686,72.867919,11,VABB,,0.0,,2000.0,21.2,12.8,1014.0,0,0,0,0,0,2024-03-06 03:00:00
2024-03-06 03:00:00,19.088686,72.867919,11,VABB,20.0,2.6,22000.0,1900.0,25.0,11.0,,0,0,0,0,0,2024-03-06 03:00:00
2024-03-06 03:30:00,19.088686,72.867919,11,VABB,340.0,4.6,22000.0,2100.0,26.0,7.0,,0,0,0,0,0,2024-03-06 03:00:00
2024-03-06 04:00:00,19.088686,72.867919,11,VABB,320.0,3.6,22000.0,2500.0,27.0,6.0,,0,0,0,0,0,2024-03-06 04:00:00
2024-03-06 04:30:00,19.088686,72.867919,11,VABB,20.0,3.6,22000.0,2500.0,29.0,7.0,,0,0,0,0,0,2024-03-06 04:00:00
2024-03-06 05:00:00,19.088686,72.867919,11,VABB,30.0,2.1,22000.0,3000.0,29.0,6.0,,0,0,0,0,0,2024-03-06 05:00:00
2024-03-06 05:30:00,19.088686,72.867919,11,VABB,280.0,2.6,22000.0,3000.0,30.0,6.0,,0,0,0,0,0,2024-03-06 05:00:00
2024-03-06 06:00:00,19.088686,72.867919,11,VABB,,0.0,,2000.0,30.8,10.1,1014.7,0,0,0,0,0,2024-03-06 06:00:00
2024-03-06 06:00:00,19.088686,72.867919,11,VABB,290.0,2.1,22000.0,3000.0,31.0,5.0,,0,0,0,0,0,2024-03-06 06:00:00
2024-03-06 06:30:00,19.088686,72.867919,11,VABB,260.0,4.1,22000.0,3000.0,31.0,11.0,,0,0,0,0,0,2024-03-06 06:00:00
2024-03-06 07:00:00,19.088686,72.867919,11,VABB,290.0,4.6,22000.0,3000.0,31.0,11.0,,0,0,0,0,0,2024-03-06 07:00:00
2024-03-06 07:30:00,19.088686,72.867919,11,VABB,300.0,4.6,22000.0,3500.0,31.0,13.0,,0,0,0,0,0,2024-03-06 07:00:00
2024-03-06 08:00:00,19.088686,72.867919,11,VABB,290.0,4.6,22000.0,4000.0,31.0,12.0,,0,0,0,0,0,2024-03-06 08:00:00
2024-03-06 08:30:00,19.088686,72.867919,11,VABB,290.0,4.6,22000.0,4000.0,31.0,11.0,,0,0,0,0,0,2024-03-06 08:00:00
2024-03-06 09:00:00,19.088686,72.867919,11,VABB,360.0,3.1,,2000.0,31.4,9.5,1012.0,0,0,0,0,0,2024-03-06 09:00:00
2024-03-06 09:00:00,19.088686,72.867919,11,VABB,320.0,4.1,22000.0,4000.0,32.0,8.0,,0,0,0,0,0,2024-03-06 09:00:00
2024-03-06 09:30:00,19.088686,72.867919,11,VABB,280.0,5.7,22000.0,4000.0,32.0,7.0,,0,0,0,0,0,2024-03-06 09:00:00
2024-03-06 10:00:00,19.088686,72.867919,11,VABB,320.0,3.6,22000.0,4000.0,32.0,4.0,,0,0,0,0,1,2024-03-06 10:00:00
2024-03-06 10:30:00,19.088686,72.867919,11,VABB,290.0,6.2,22000.0,4000.0,31.0,7.0,,0,0,0,0,0,2024-03-06 10:00:00
2024-03-06 11:00:00,19.088686,72.867919,11,VABB,320.0,4.6,22000.0,4000.0,31.0,6.0,,0,0,0,0,0,2024-03-06 11:00:00
2024-03-06 11:30:00,19.088686,72.867919,11,VABB,320.0,4.1,22000.0,4000.0,31.0,6.0,,0,0,0,0,1,2024-03-06 11:00:00
2024-03-06 12:00:00,19.088686,72.867919,11,VABB,320.0,3.1,,2000.0,30.0,8.2,1010.6,0,0,0,0,0,2024-03-06 12:00:00
2024-03-06 12:00:00,19.088686,72.867919,11,VABB,320.0,5.7,10000.0,4000.0,30.0,6.0,,0,0,0,0,0,2024-03-06 12:00:00
2024-03-06 12:30:00,19.088686,72.867919,11,VABB,320.0,4.1,10000.0,4000.0,30.0,4.0,,0,0,0,0,0,2024-03-06 12:00:00
2024-03-06 13:00:00,19.088686,72.867919,11,VABB,310.0,4.1,22000.0,3500.0,29.0,4.0,,0,0,0,0,0,2024-03-06 13:00:00
2024-03-06 13:30:00,19.088686,72.867919,11,VABB,310.0,4.1,22000.0,3500.0,28.0,6.0,,0,0,0,0,0,2024-03-06 13:00:00
2024-03-06 14:00:00,19.088686,72.867919,11,VABB,330.0,3.1,22000.0,3500.0,28.0,8.0,,0,0,0,0,0,2024-03-06 14:00:00
2024-03-06 14:30:00,19.088686,72.867919,11,VABB,10.0,2.6,22000.0,3000.0,27.0,10.0,,0,0,0,0,0,2024-03-06 14:00:00
2024-03-06 15:00:00,19.088686,72.867919,11,VABB,,0.0,,2000.0,26.4,11.8,1012.3,0,0,0,0,0,2024-03-06 15:00:00
2024-03-06 15:00:00,19.088686,72.867919,11,VABB,350.0,2.1,22000.0,3000.0,27.0,10.0,,0,0,0,0,0,2024-03-06 15:00:00
2024-03-06 15:30:00,19.088686,72.867919,11,VABB,50.0,2.6,22000.0,3000.0,27.0,10.0,,0,0,0,0,0,2024-03-06 15:00:00
2024-03-06 16:00:00,19.088686,72.867919,11,VABB,60.0,2.1,22000.0,3000.0,27.0,11.0,,0,0,0,0,0,2024-03-06 16:00:00
2024-03-06 16:30:00,19.088686,72.867919,11,VABB,0.0,0.0,22000.0,3000.0,26.0,10.0,,0,0,0,0,0,2024-03-06 16:00:00
2024-03-06 17:00:00,19.088686,72.867919,11,VABB,330.0,1.5,22000.0,3000.0,26.0,11.0,,0,0,0,0,0,2024-03-06 17:00:00
2024-03-06 17:30:00,19.088686,72.867919,11,VABB,280.0,3.1,22000.0,3000.0,26.0,11.0,,0,0,0,0,0,2024-03-06 17:00:00
2024-03-06 18:00:00,19.088686,72.867919,11,VABB,,0.0,,2000.0,22.2,11.9,1013.5,0,0,0,0,0,2024-03-06 18:00:00
2024-03-06 18:00:00,19.088686,72.867919,11,VABB,360.0,3.1,22000.0,3000.0,26.0,10.0,,0,0,0,0,0,2024-03-06 18:00:00
2024-03-06 18:30:00,19.088686,72.867919,11,VABB,320.0,2.1,22000.0,3000.0,26.0,10.0,,0,0,0,0,0,2024-03-06 18:00:00
2024-03-06 19:00:00,19.088686,72.867919,11,VABB,340.0,2.1,22000.0,3000.0,25.0,11.0,,0,0,0,0,0,2024-03-06 19:00:00
2024-03-06 19:30:00,19.088686,72.867919,11,VABB,340.0,2.1,22000.0,3000.0,25.0,13.0,,0,0,0,0,0,2024-03-06 19:00:00
2024-03-06 20:00:00,19.088686,72.867919,11,VABB,0.0,0.0,22000.0,3000.0,25.0,13.0,,0,0,0,0,0,2024-03-06 20:00:00
2024-03-06 20:30:00,19.088686,72.867919,11,VABB,330.0,2.6,22000.0,3000.0,25.0,15.0,,0,0,0,0,0,2024-03-06 20:00:00
2024-03-06 21:00:00,19.088686,72.867919,11,VABB,,0.0,,2000.0,21.0,14.9,1011.8,0,0,0,0,0,2024-03-06 21:00:00
2024-03-06 21:00:00,19.088686,72.867919,11,VABB,350.0,1.5,22000.0,3000.0,25.0,15.0,,0,0,0,0,0,2024-03-06 21:00:00
2024-03-06 21:30:00,19.088686,72.867919,11,VABB,350.0,2.6,22000.0,3000.0,25.0,14.0,,0,0,0,0,0,2024-03-06 21:00:00
2024-03-06 22:00:00,19.088686,72.867919,11,VABB,10.0,2.6,22000.0,3000.0,25.0,14.0,,0,0,0,0,0,2024-03-06 22:00:00
2024-03-06 22:30:00,19.088686,72.867919,11,VABB,360.0,2.6,22000.0,3000.0,24.0,14.0,,0,0,0,0,0,2024-03-06 22:00:00
2024-03-06 23:00:00,19.088686,72.867919,11,VABB,30.0,2.6,22000.0,3000.0,25.0,14.0,,0,0,0,0,0,2024-03-06 23:00:00
2024-03-06 23:30:00,19.088686,72.867919,11,VABB,360.0,1.5,22000.0,3000.0,24.0,13.0,,0,0,0,0,0,2024-03-06 23:00:00
2024-03-07 00:00:00,19.088686,72.867919,11,VABB,,0.0,,2000.0,20.6,14.8,1011.5,0,0,0,0,0,2024-03-07 00:00:00
2024-03-07 00:00:00,19.088686,72.867919,11,VABB,360.0,1.5,22000.0,3000.0,24.0,14.0,,0,0,0,0,0,2024-03-07 00:00:00
2024-03-07 00:30:00,19.088686,72.867919,11,VABB,340.0,1.5,22000.0,3000.0,24.0,14.0,,0,0,0,0,0,2024-03-07 00:00:00
2024-03-07 01:00:00,19.088686,72.867919,11,VABB,40.0,2.6,22000.0,2500.0,24.0,14.0,,0,0,0,0,0,2024-03-07 01:00:00
2024-03-07 01:30:00,19.088686,72.867919,11,VABB,50.0,3.6,10000.0,2500.0,24.0,15.0,,0,0,0,0,0,2024-03-07 01:00:00
2024-03-07 02:00:00,19.088686,72.867919,11,VABB,30.0,3.6,10000.0,2500.0,24.0,15.0,,0,0,0,0,0,2024-03-07 02:00:00
2024-03-07 02:30:00,19.088686,72.867919,11,VABB,120.0,2.1,10000.0,2500.0,25.0,15.0,,0,0,0,0,0,2024-03-07 02:00:00
2024-03-07 03:00:00,19.088686,72.867919,11,VABB,,0.0,,2000.0,22.2,16.3,1013.8,0,0,0,0,0,2024-03-07 03:00:00
2024-03-07 03:00:00,19.088686,72.867919,11,VABB,130.0,3.1,10000.0,2500.0,25.0,11.0,,0,0,0,0,0,2024-03-07 03:00:00
2024-03-07 03:30:00,19.088686,72.867919,11,VABB,130.0,2.1,10000.0,2500.0,26.0,10.0,,0,0,0,0,0,2024-03-07 03:00:00
2024-03-07 04:00:00,19.088686,72.867919,11,VABB,160.0,2.1,10000.0,2500.0,27.0,10.0,,0,0,0,0,0,2024-03-07 04:00:00
2024-03-07 04:30:00,19.088686,72.867919,11,VABB,180.0,2.1,10000.0,2500.0,28.0,11.0,,0,0,0,0,0,2024-03-07 04:00:00
2024-03-07 05:00:00,19.088686,72.867919,11,VABB,140.0,2.1,22000.0,2500.0,28.0,11.0,,0,0,0,0,0,2024-03-07 05:00:00
2024-03-07 05:30:00,19.088686,72.867919,11,VABB,50.0,4.1,22000.0,2500.0,32.0,8.0,,0,0,0,0,0,2024-03-07 05:00:00
2024-03-07 06:00:00,19.088686,72.867919,11,VABB,230.0,1.5,,2000.0,31.2,14.5,1014.0,0,0,0,0,0,2024-03-07 06:00:00
2024-03-07 06:00:00,19.088686,72.867919,11,VABB,330.0,3.1,22000.0,2500.0,32.0,8.0,,0,0,0,0,0,2024-03-07 06:00:00
2024-03-07 06:30:00,19.088686,72.867919,11,VABB,270.0,4.6,22000.0,2500.0,30.0,16.0,,0,0,0,0,0,2024-03-07 06:00:00
2024-03-07 07:00:00,19.088686,72.867919,11,VABB,280.0,5.1,22000.0,2500.0,30.0,16.0,,0,0,0,0,0,2024-03-07 07:00:00
2024-03-07 07:30:00,19.088686,72.867919,11,VABB,250.0,3.1,22000.0,3000.0,31.0,17.0,,0,0,0,0,0,2024-03-07 07:00:00
2024-03-07 08:00:00,19.088686,72.867919,11,VABB,220.0,4.6,22000.0,3000.0,30.0,16.0,,0,0,0,0,0,2024-03-07 08:00:00
2024-03-07 08:30:00,19.088686,72.867919,11,VABB,230.0,4.6,22000.0,3000.0,31.0,17.0,,0,0,0,0,0,2024-03-07 08:00:00
2024-03-07 09:00:00,19.088686,72.867919,11,VABB,,0.0,,2000.0,33.0,16.6,1010.6,0,0,0,0,0,2024-03-07 09:00:00
2024-03-07 09:00:00,19.088686,72.867919,11,VABB,280.0,5.1,22000.0,3500.0,32.0,15.0,,0,0,0,0,0,2024-03-07 09:00:00
2024-03-07 09:30:00,19.088686,72.867919,11,VABB,280.0,6.7,22000.0,3500.0,33.0,15.0,,0,0,0,0,0,2024-03-07 09:00:00
2024-03-07 10:00:00,19.088686,72.867919,11,VABB,290.0,5.1,22000.0,3500.0,33.0,16.0,,0,0,0,0,0,2024-03-07 10:00:00
2024-03-07 10:30:00,19.088686,72.867919,11,VABB,290.0,4.6,22000.0,4000.0,33.0,14.0,,0,0,0,0,0,2024-03-07 10:00:00
2024-03-07 11:00:00,19.088686,72.867919,11,VABB,320.0,4.1,22000.0,4000.0,33.0,12.0,,0,0,0,0,0,2024-03-07 11:00:00
2024-03-07 11:30:00,19.088686,72.867919,11,VABB,310.0,5.7,22000.0,4000.0,32.0,11.0,,0,0,0,0,0,2024-03-07 11:00:00
2024-03-07 12:00:00,19.088686,72.867919,11,VABB,340.0,5.1,,2000.0,31.4,14.4,1009.7,0,0,0,0,0,2024-03-07 12:00:00
2024-03-07 12:00:00,19.088686,72.867919,11,VABB,320.0,3.6,22000.0,4000.0,33.0,12.0,,0,0,0,0,0,2024-03-07 12:00:00
2024-03-07 12:30:00,19.088686,72.867919,11,VABB,320.0,4.6,22000.0,3500.0,32.0,11.0,,0,0,0,0,0,2024-03-07 12:00:00
2024-03-07 13:00:00,19.088686,72.867919,11,VABB,310.0,4.6,22000.0,3000.0,31.0,11.0,,0,0,0,0,0,2024-03-07 13:00:00
2024-03-07 13:30:00,19.088686,72.867919,11,VABB,330.0,4.6,22000.0,3000.0,30.0,10.0,,0,0,0,0,1,2024-03-07 13:00:00
2024-03-07 14:00:00,19.088686,72.867919,11,VABB,330.0,6.2,22000.0,2500.0,29.0,12.0,,0,0,0,0,0,2024-03-07 14:00:00
2024-03-07 14:30:00,19.088686,72.867919,11,VABB,340.0,4.6,22000.0,2500.0,30.0,12.0,,0,0,0,0,0,2024-03-07 14:00:00
2024-03-07 15:00:00,19.088686,72.867919,11,VABB,320.0,5.1,,2000.0,28.0,14.8,1012.0,0,0,0,0,0,2024-03-07 15:00:00
2024-03-07 15:00:00,19.088686,72.867919,11,VABB,330.0,6.2,22000.0,2500.0,29.0,13.0,,0,0,0,0,0,2024-03-07 15:00:00
2024-03-07 15:30:00,19.088686,72.867919,11,VABB,360.0,4.6,22000.0,2500.0,29.0,12.0,,0,0,0,0,0,2024-03-07 15:00:00
2024-03-07 16:00:00,19.088686,72.867919,11,VABB,50.0,4.6,22000.0,2500.0,29.0,12.0,,0,0,0,0,0,2024-03-07 16:00:00
2024-03-07 16:30:00,19.088686,72.867919,11,VABB,50.0,4.6,22000.0,2500.0,30.0,11.0,,0,0,0,0,0,2024-03-07 16:00:00
2024-03-07 17:00:00,19.088686,72.867919,11,VABB,60.0,3.1,22000.0,2500.0,29.0,10.0,,0,0,0,0,0,2024-03-07 17:00:00
2024-03-07 17:30:00,19.088686,72.867919,11,VABB,40.0,4.1,22000.0,2500.0,29.0,9.0,,0,0,0,0,0,2024-03-07 17:00:00
2024-03-07 18:00:00,19.088686,72.867919,11,VABB,,0.0,,2000.0,27.0,11.2,1013.3,0,0,0,0,0,2024-03-07 18:00:00
2024-03-07 18:00:00,19.088686,72.867919,11,VABB,30.0,4.1,22000.0,2500.0,30.0,8.0,,0,0,0,0,0,2024-03-07 18:00:00
2024-03-07 18:30:00,19.088686,72.867919,11,VABB,50.0,3.1,22000.0,2500.0,29.0,7.0,,0,0,0,0,0,2024-03-07 18:00:00
2024-03-07 19:00:00,19.088686,72.867919,11,VABB,20.0,2.6,22000.0,2500.0,28.0,7.0,,0,0,0,0,0,2024-03-07 19:00:00
2024-03-07 19:30:00,19.088686,72.867919,11,VABB,110.0,2.1,22000.0,2500.0,28.0,7.0,,0,0,0,0,0,2024-03-07 19:00:00
2024-03-07 20:00:00,19.088686,72.867919,11,VABB,110.0,1.5,22000.0,2500.0,27.0,8.0,,0,0,0,0,0,2024-03-07 20:00:00
2024-03-07 20:30:00,19.088686,72.867919,11,VABB,0.0,0.0,22000.0,2500.0,26.0,8.0,,0,0,0,0,0,2024-03-07 20:00:00
2024-03-07 22:00:00,19.088686,72.867919,11,VABB,0.0,0.0,22000.0,2500.0,26.0,10.0,,0,0,0,0,0,2024-03-07 22:00:00
2024-03-07 22:30:00,19.088686,72.867919,11,VABB,250.0,2.1,22000.0,2500.0,24.0,10.0,,0,0,0,0,0,2024-03-07 22:00:00
2024-03-07 23:00:00,19.088686,72.867919,11,VABB,250.0,2.1,22000.0,2500.0,26.0,10.0,,0,0,0,0,0,2024-03-07 23:00:00
2024-03-07 23:30:00,19.088686,72.867919,11,VABB,250.0,2.1,22000.0,2500.0,25.0,10.0,,0,0,0,0,0,2024-03-07 23:00:00
2024-03-08 00:00:00,19.088686,72.867919,11,VABB,,0.0,,2000.0,21.0,12.9,1011.7,0,0,0,0,0,2024-03-08 00:00:00
2024-03-08 00:00:00,19.088686,72.867919,11,VABB,350.0,1.5,22000.0,2500.0,25.0,10.0,,0,0,0,0,0,2024-03-08 00:00:00
2024-03-08 00:30:00,19.088686,72.867919,11,VABB,50.0,2.1,22000.0,2500.0,26.0,10.0,,0,0,0,0,0,2024-03-08 00:00:00
2024-03-08 01:00:00,19.088686,72.867919,11,VABB,50.0,2.1,22000.0,2200.0,25.0,10.0,,0,0,0,0,0,2024-03-08 01:00:00
2024-03-08 01:30:00,19.088686,72.867919,11,VABB,50.0,2.1,22000.0,2200.0,26.0,9.0,,0,0,0,0,0,2024-03-08 01:00:00
2024-03-08 02:00:00,19.088686,72.867919,11,VABB,0.0,0.0,22000.0,2200.0,26.0,10.0,,0,0,0,0,0,2024-03-08 02:00:00
2024-03-08 02:30:00,19.088686,72.867919,11,VABB,350.0,1.5,22000.0,2100.0,26.0,10.0,,0,0,0,0,0,2024-03-08 02:00:00
2024-03-08 03:00:00,19.088686,72.867919,11,VABB,,0.0,,2000.0,22.0,13.4,1013.7,0,0,0,0,0,2024-03-08 03:00:00
2024-03-08 03:00:00,19.088686,72.867919,11,VABB,350.0,2.1,22000.0,2100.0,27.0,10.0,,0,0,0,0,0,2024-03-08 03:00:00
2024-03-08 03:30:00,19.088686,72.867919,11,VABB,330.0,1.5,22000.0,2200.0,28.0,9.0,,0,0,0,0,0,2024-03-08 03:00:00
2024-03-08 04:00:00,19.088686,72.867919,11,VABB,320.0,2.6,22000.0,2200.0,30.0,8.0,,0,0,0,0,0,2024-03-08 04:00:00
2024-03-08 04:30:00,19.088686,72.867919,11,VABB,310.0,2.6,22000.0,2500.0,31.0,7.0,,0,0,0,0,0,2024-03-08 04:00:00
2024-03-08 05:00:00,19.088686,72.867919,11,VABB,310.0,2.1,22000.0,2500.0,32.0,8.0,,0,0,0,0,0,2024-03-08 05:00:00
2024-03-08 05:30:00,19.088686,72.867919,11,VABB,330.0,3.1,22000.0,2500.0,33.0,7.0,,0,0,0,0,0,2024-03-08 05:00:00
2024-03-08 06:00:00,19.088686,72.867919,11,VABB,,0.0,,2000.0,33.0,11.1,1014.0,0,0,0,0,0,2024-03-08 06:00:00
2024-03-08 06:00:00,19.088686,72.867919,11,VABB,310.0,1.5,22000.0,3000.0,34.0,6.0,,0,0,0,0,0,2024-03-08 06:00:00
2024-03-08 06:30:00,19.088686,72.867919,11,VABB,50.0,2.1,22000.0,3000.0,35.0,5.0,,0,0,0,0,0,2024-03-08 06:00:00
2024-03-08 07:00:00,19.088686,72.867919,11,VABB,310.0,4.6,22000.0,3000.0,34.0,12.0,,0,0,0,0,0,2024-03-08 07:00:00
2024-03-08 07:30:00,19.088686,72.867919,11,VABB,300.0,4.6,22000.0,3000.0,34.0,12.0,,0,0,0,0,0,2024-03-08 07:00:00
2024-03-08 08:00:00,19.088686,72.867919,11,VABB,320.0,4.1,22000.0,3500.0,34.0,11.0,,0,0,0,0,0,2024-03-08 08:00:00
2024-03-08 08:30:00,19.088686,72.867919,11,VABB,290.0,6.2,22000.0,3500.0,34.0,12.0,,0,0,0,0,0,2024-03-08 08:00:00
2024-03-08 09:00:00,19.088686,72.867919,11,VABB,320.0,2.1,22000.0,2000.0,34.2,12.1,1011.1,0,0,0,0,0,2024-03-08 09:00:00
2024-03-08 09:00:00,19.088686,72.867919,11,VABB,310.0,5.1,22000.0,4000.0,34.0,10.0,,0,0,0,0,0,2024-03-08 09:00:00
2024-03-08 09:30:00,19.088686,72.867919,11,VABB,310.0,3.6,22000.0,4000.0,34.0,9.0,,0,0,0,0,1,2024-03-08 09:00:00
2024-03-08 10:00:00,19.088686,72.867919,11,VABB,320.0,5.7,10000.0,4000.0,34.0,9.0,,0,0,0,0,0,2024-03-08 10:00:00
2024-03-08 10:30:00,19.088686,72.867919,11,VABB,320.0,5.7,10000.0,4000.0,34.0,9.0,,0,0,0,0,0,2024-03-08 10:00:00
2024-03-08 11:00:00,19.088686,72.867919,11,VABB,330.0,3.6,10000.0,4000.0,33.0,8.0,,0,0,0,0,1,2024-03-08 11:00:00
2024-03-08 11:30:00,19.088686,72.867919,11,VABB,330.0,4.6,10000.0,4000.0,33.0,7.0,,0,0,0,0,1,2024-03-08 11:00:00
2024-03-08 12:00:00,19.088686,72.867919,11,VABB,360.0,2.1,22000.0,2000.0,32.4,9.0,1010.2,0,0,0,0,0,2024-03-08 12:00:00
2024-03-08 12:00:00,19.088686,72.867919,11,VABB,320.0,5.1,22000.0,3500.0,33.0,8.0,,0,0,0,0,0,2024-03-08 12:00:00
2024-03-08 12:30:00,19.088686,72.867919,11,VABB,320.0,4.6,22000.0,3500.0,32.0,8.0,,0,0,0,0,0,2024-03-08 12:00:00
2024-03-08 13:00:00,19.088686,72.867919,11,VABB,330.0,3.6,22000.0,3500.0,31.0,9.0,,0,0,0,0,0,2024-03-08 13:00:00
2024-03-08 13:30:00,19.088686,72.867919,11,VABB,330.0,3.6,22000.0,3000.0,31.0,9.0,,0,0,0,0,0,2024-03-08 13:00:00
2024-03-08 14:00:00,19.088686,72.867919,11,VABB,350.0,4.1,22000.0,3000.0,31.0,9.0,,0,0,0,0,0,2024-03-08 14:00:00
2024-03-08 14:30:00,19.088686,72.867919,11,VABB,350.0,4.1,22000.0,3000.0,31.0,9.0,,0,0,0,0,0,2024-03-08 14:00:00
2024-03-08 15:00:00,19.088686,72.867919,11,VABB,360.0,3.1,,2000.0,29.6,8.1,1011.6,0,0,0,0,0,2024-03-08 15:00:00
2024-03-08 15:00:00,19.088686,72.867919,11,VABB,20.0,3.6,22000.0,3000.0,30.0,8.0,,0,0,0,0,0,2024-03-08 15:00:00
2024-03-08 15:30:00,19.088686,72.867919,11,VABB,20.0,2.6,22000.0,3000.0,29.0,9.0,,0,0,0,0,0,2024-03-08 15:00:00
2024-03-08 16:00:00,19.088686,72.867919,11,VABB,10.0,1.5,22000.0,3000.0,29.0,7.0,,0,0,0,0,0,2024-03-08 16:00:00
2024-03-08 16:30:00,19.088686,72.867919,11,VABB,20.0,2.6,22000.0,3000.0,29.0,7.0,,0,0,0,0,0,2024-03-08 16:00:00
2024-03-08 17:00:00,19.088686,72.867919,11,VABB,10.0,3.1,22000.0,3000.0,30.0,6.0,,0,0,0,0,0,2024-03-08 17:00:00
2024-03-08 17:30:00,19.088686,72.867919,11,VABB,140.0,1.5,22000.0,3000.0,29.0,6.0,,0,0,0,0,0,2024-03-08 17:00:00
2024-03-08 18:00:00,19.088686,72.867919,11,VABB,,0.0,,2000.0,25.8,11.4,1012.5,0,0,0,0,0,2024-03-08 18:00:00
2024-03-08 18:00:00,19.088686,72.867919,11,VABB,60.0,1.0,22000.0,3000.0,28.0,7.0,,0,0,0,0,0,2024-03-08 18:00:00
2024-03-08 18:30:00,19.088686,72.867919,11,VABB,70.0,2.1,22000.0,3000.0,29.0,7.0,,0,0,0,0,0,2024-03-08 18:00:00
2024-03-08 19:00:00,19.088686,72.867919,11,VABB,20.0,1.5,22000.0,3000.0,28.0,8.0,,0,0,0,0,0,2024-03-08 19:00:00
2024-03-08 19:30:00,19.088686,72.867919,11,VABB,290.0,3.1,22000.0,3000.0,28.0,9.0,,0,0,0,0,0,2024-03-08 19:00:00
2024-03-08 20:00:00,19.088686,72.867919,11,VABB,330.0,1.5,22000.0,3000.0,27.0,9.0,,0,0,0,0,0,2024-03-08 20:00:00
2024-03-08 20:30:00,19.088686,72.867919,11,VABB,20.0,2.6,22000.0,3000.0,27.0,9.0,,0,0,0,0,0,2024-03-08 20:00:00
2024-03-08 21:00:00,19.088686,72.867919,11,VABB,,0.0,,2000.0,22.8,11.8,1011.3,0,0,0,0,0,2024-03-08 21:00:00
2024-03-08 21:00:00,19.088686,72.867919,11,VABB,20.0,2.6,22000.0,3000.0,27.0,9.0,,0,0,0,0,0,2024-03-08 21:00:00
2024-03-08 21:30:00,19.088686,72.867919,11,VABB,360.0,2.6,22000.0,3000.0,27.0,9.0,,0,0,0,0,0,2024-03-08 21:00:00
2024-03-08 22:00:00,19.088686,72.867919,11,VABB,340.0,2.1,22000.0,2500.0,27.0,9.0,,0,0,0,0,0,2024-03-08 22:00:00
2024-03-08 22:30:00,19.088686,72.867919,11,VABB,0.0,0.0,22000.0,2500.0,26.0,9.0,,0,0,0,0,0,2024-03-08 22:00:00
2024-03-08 23:00:00,19.088686,72.867919,11,VABB,0.0,0.0,22000.0,2500.0,26.0,9.0,,0,0,0,0,0,2024-03-08 23:00:00
2024-03-08 23:30:00,19.088686,72.867919,11,VABB,340.0,2.6,22000.0,2500.0,27.0,9.0,,0,0,0,0,0,2024-03-08 23:00:00
2024-03-09 00:00:00,19.088686,72.867919,11,VABB,,0.0,,2000.0,21.2,12.0,1011.2,0,0,0,0,0,2024-03-09 00:00:00
2024-03-09 00:00:00,19.088686,72.867919,11,VABB,350.0,2.1,22000.0,2500.0,26.0,9.0,,0,0,0,0,0,2024-03-09 00:00:00
2024-03-09 00:30:00,19.088686,72.867919,11,VABB,350.0,2.1,22000.0,2500.0,26.0,9.0,,0,0,0,0,0,2024-03-09 00:00:00
2024-03-09 01:00:00,19.088686,72.867919,11,VABB,0.0,0.0,22000.0,2500.0,25.0,10.0,,0,0,0,0,0,2024-03-09 01:00:00
2024-03-09 01:30:00,19.088686,72.867919,11,VABB,0.0,0.0,22000.0,2100.0,25.0,10.0,,0,0,0,0,0,2024-03-09 01:00:00
2024-03-09 02:00:00,19.088686,72.867919,11,VABB,170.0,1.5,22000.0,2100.0,25.0,10.0,,0,0,0,0,0,2024-03-09 02:00:00
2024-03-09 02:30:00,19.088686,72.867919,11,VABB,90.0,1.5,22000.0,2200.0,26.0,10.0,,0,0,0,0,0,2024-03-09 02:00:00
2024-03-09 03:00:00,19.088686,72.867919,11,VABB,,0.0,,2000.0,22.2,13.6,1013.2,0,0,0,0,0,2024-03-09 03:00:00
2024-03-09 03:00:00,19.088686,72.867919,11,VABB,170.0,1.5,22000.0,2200.0,27.0,11.0,,0,0,0,0,0,2024-03-09 03:00:00
2024-03-09 03:30:00,19.088686,72.867919,11,VABB,0.0,0.0,22000.0,2200.0,29.0,11.0,,0,0,0,0,0,2024-03-09 03:00:00
2024-03-09 04:00:00,19.088686,72.867919,11,VABB,130.0,2.1,22000.0,2200.0,30.0,10.0,,0,0,0,0,0,2024-03-09 04:00:00
2024-03-09 04:30:00,19.088686,72.867919,11,VABB,90.0,2.6,22000.0,2200.0,31.0,9.0,,0,0,0,0,0,2024-03-09 04:00:00
2024-03-09 05:00:00,19.088686,72.867919,11,VABB,30.0,3.1,22000.0,2500.0,32.0,9.0,,0,0,0,0,0,2024-03-09 05:00:00
2024-03-09 05:30:00,19.088686,72.867919,11,VABB,70.0,3.1,22000.0,2500.0,33.0,8.0,,0,0,0,0,0,2024-03-09 05:00:00
2024-03-09 06:00:00,19.088686,72.867919,11,VABB,320.0,1.0,,2000.0,33.0,13.6,1013.3,0,0,0,0,0,2024-03-09 06:00:00
2024-03-09 06:00:00,19.088686,72.867919,11,VABB,0.0,0.0,22000.0,2500.0,34.0,8.0,,0,0,0,0,0,2024-03-09 06:00:00
2024-03-09 06:30:00,19.088686,72.867919,11,VABB,250.0,4.1,22000.0,2500.0,33.0,15.0,,0,0,0,0,0,2024-03-09 06:00:00
2024-03-09 07:00:00,19.088686,72.867919,11,VABB,300.0,4.6,22000.0,2500.0,33.0,14.0,,0,0,0,0,0,2024-03-09 07:00:00
2024-03-09 07:30:00,19.088686,72.867919,11,VABB,280.0,3.1,22000.0,3000.0,33.0,12.0,,0,0,0,0,0,2024-03-09 07:00:00
2024-03-09 08:00:00,19.088686,72.867919,11,VABB,300.0,4.1,22000.0,3000.0,34.0,11.0,,0,0,0,0,0,2024-03-09 08:00:00
2024-03-09 08:30:00,19.088686,72.867919,11,VABB,290.0,5.1,22000.0,4000.0,35.0,12.0,,0,0,0,0,0,2024-03-09 08:00:00
2024-03-09 09:00:00,19.088686,72.867919,11,VABB,320.0,2.6,,2000.0,34.0,15.1,1011.1,0,0,0,0,0,2024-03-09 09:00:00
2024-03-09 09:00:00,19.088686,72.867919,11,VABB,310.0,4.6,22000.0,4000.0,34.0,12.0,,0,0,0,0,0,2024-03-09 09:00:00
2024-03-09 09:30:00,19.088686,72.867919,11,VABB,290.0,6.2,22000.0,4000.0,34.0,14.0,,0,0,0,0,0,2024-03-09 09:00:00
2024-03-09 10:00:00,19.088686,72.867919,11,VABB,320.0,5.7,22000.0,4000.0,34.0,11.0,,0,0,0,0,0,2024-03-09 10:00:00
2024-03-09 10:30:00,19.088686,72.867919,11,VABB,300.0,5.1,22000.0,4000.0,34.0,10.0,,0,0,0,0,0,2024-03-09 10:00:00
2024-03-09 11:00:00,19.088686,72.867919,11,VABB,310.0,6.2,22000.0,4500.0,33.0,9.0,,0,0,0,0,0,2024-03-09 11:00:00
2024-03-09 11:30:00,19.088686,72.867919,11,VABB,310.0,5.7,22000.0,4500.0,33.0,9.0,,0,0,0,0,0,2024-03-09 11:00:00
2024-03-09 12:00:00,19.088686,72.867919,11,VABB,320.0,2.1,,2000.0,32.4,12.7,1010.6,0,0,0,0,0,2024-03-09 12:00:00
2024-03-09 12:00:00,19.088686,72.867919,11,VABB,310.0,5.1,22000.0,4000.0,32.0,9.0,,0,0,0,0,0,2024-03-09 12:00:00
2024-03-09 12:30:00,19.088686,72.867919,11,VABB,300.0,4.6,22000.0,4000.0,32.0,10.0,,0,0,0,0,0,2024-03-09 12:00:00
2024-03-09 13:00:00,19.088686,72.867919,11,VABB,300.0,4.1,22000.0,4000.0,31.0,11.0,,0,0,0,0,0,2024-03-09 13:00:00
2024-03-09 13:30:00,19.088686,72.867919,11,VABB,310.0,3.1,22000.0,4000.0,30.0,12.0,,0,0,0,0,0,2024-03-09 13:00:00
2024-03-09 14:00:00,19.088686,72.867919,11,VABB,330.0,2.1,22000.0,4000.0,29.0,13.0,,0,0,0,0,0,2024-03-09 14:00:00
2024-03-09 14:30:00,19.088686,72.867919,11,VABB,290.0,2.1,22000.0,3500.0,30.0,12.0,,0,0,0,0,0,2024-03-09 14:00:00
2024-03-09 15:00:00,19.088686,72.867919,11,VABB,,0.0,,2000.0,27.2,14.6,1012.5,0,0,0,0,0,2024-03-09 15:00:00
2024-03-09 15:00:00,19.088686,72.867919,11,VABB,0.0,0.0,22000.0,3500.0,30.0,12.0,,0,0,0,0,0,2024-03-09 15:00:00
2024-03-09 15:30:00,19.088686,72.867919,11,VABB,350.0,1.5,22000.0,3500.0,30.0,11.0,,0,0,0,0,0,2024-03-09 15:00:00
2024-03-09 16:00:00,19.088686,72.867919,11,VABB,330.0,2.6,22000.0,3500.0,29.0,11.0,,0,0,0,0,0,2024-03-09 16:00:00
2024-03-09 16:30:00,19.088686,72.867919,11,VABB,350.0,2.6,22000.0,3500.0,29.0,11.0,,0,0,0,0,0,2024-03-09 16:00:00
2024-03-09 17:00:00,19.088686,72.867919,11,VABB,360.0,3.1,22000.0,3500.0,29.0,11.0,,0,0,0,0,0,2024-03-09 17:00:00
2024-03-09 17:30:00,19.088686,72.867919,11,VABB,20.0,2.1,22000.0,3500.0,29.0,10.0,,0,0,0,0,0,2024-03-09 17:00:00
2024-03-09 18:00:00,19.088686,72.867919,11,VABB,,0.0,,2000.0,23.4,14.3,1012.8,0,0,0,0,0,2024-03-09 18:00:00
2024-03-09 18:00:00,19.088686,72.867919,11,VABB,310.0,2.1,22000.0,3000.0,28.0,12.0,,0,0,0,0,0,2024-03-09 18:00:00
2024-03-09 18:30:00,19.088686,72.867919,11,VABB,30.0,2.6,22000.0,3000.0,28.0,12.0,,0,0,0,0,0,2024-03-09 18:00:00
2024-03-09 19:00:00,19.088686,72.867919,11,VABB,330.0,2.6,22000.0,3000.0,27.0,11.0,,0,0,0,0,0,2024-03-09 19:00:00
2024-03-09 19:30:00,19.088686,72.867919,11,VABB,330.0,2.6,22000.0,3000.0,27.0,12.0,,0,0,0,0,0,2024-03-09 19:00:00
2024-03-09 20:00:00,19.088686,72.867919,11,VABB,300.0,2.6,22000.0,3000.0,27.0,12.0,,0,0,0,0,0,2024-03-09 20:00:00
2024-03-09 20:30:00,19.088686,72.867919,11,VABB,330.0,3.1,22000.0,3000.0,27.0,12.0,,0,0,0,0,0,2024-03-09 20:00:00
2024-03-09 21:00:00,19.088686,72.867919,11,VABB,,0.0,,2000.0,22.4,13.4,1011.5,0,0,0,0,0,2024-03-09 21:00:00
2024-03-09 21:00:00,19.088686,72.867919,11,VABB,330.0,3.1,22000.0,3000.0,27.0,11.0,,0,0,0,0,0,2024-03-09 21:00:00
2024-03-09 21:30:00,19.088686,72.867919,11,VABB,330.0,3.1,22000.0,3000.0,27.0,11.0,,0,0,0,0,0,2024-03-09 21:00:00
2024-03-09 22:00:00,19.088686,72.867919,11,VABB,10.0,2.6,22000.0,3000.0,26.0,11.0,,0,0,0,0,0,2024-03-09 22:00:00
2024-03-09 22:30:00,19.088686,72.867919,11,VABB,0.0,0.0,22000.0,2500.0,24.0,10.0,,0,0,0,0,0,2024-03-09 22:00:00
2024-03-09 23:00:00,19.088686,72.867919,11,VABB,260.0,1.5,22000.0,2500.0,26.0,10.0,,0,0,0,0,0,2024-03-09 23:00:00
2024-03-09 23:30:00,19.088686,72.867919,11,VABB,280.0,2.1,22000.0,2500.0,25.0,11.0,,0,0,0,0,0,2024-03-09 23:00:00
2024-03-10 00:00:00,19.088686,72.867919,11,VABB,,0.0,,2000.0,20.8,13.5,1011.5,0,0,0,0,0,2024-03-10 00:00:00
2024-03-10 00:00:00,19.088686,72.867919,11,VABB,0.0,0.0,22000.0,2500.0,25.0,11.0,,0,0,0,0,0,2024-03-10 00:00:00
2024-03-10 00:30:00,19.088686,72.867919,11,VABB,320.0,2.1,22000.0,2500.0,25.0,11.0,,0,0,0,0,0,2024-03-10 00:00:00
2024-03-10 01:00:00,19.088686,72.867919,11,VABB,20.0,2.1,22000.0,2200.0,26.0,12.0,,0,0,0,0,0,2024-03-10 01:00:00
2024-03-10 01:30:00,19.088686,72.867919,11,VABB,50.0,2.6,22000.0,1800.0,26.0,11.0,,0,0,0,0,0,2024-03-10 01:00:00
2024-03-10 02:00:00,19.088686,72.867919,11,VABB,0.0,0.0,22000.0,1700.0,26.0,10.0,,0,0,0,0,0,2024-03-10 02:00:00
2024-03-10 02:30:00,19.088686,72.867919,11,VABB,190.0,2.6,22000.0,1800.0,26.0,11.0,,0,0,0,0,0,2024-03-10 02:00:00
2024-03-10 03:00:00,19.088686,72.867919,11,VABB,,0.0,,2000.0,21.6,13.3,1014.1,0,0,0,0,0,2024-03-10 03:00:00
2024-03-10 03:00:00,19.088686,72.867919,11,VABB,0.0,0.0,22000.0,1800.0,27.0,11.0,,0,0,0,0,0,2024-03-10 03:00:00
2024-03-10 03:30:00,19.088686,72.867919,11,VABB,0.0,0.0,22000.0,2100.0,29.0,10.0,,0,0,0,0,0,2024-03-10 03:00:00
2024-03-10 04:00:00,19.088686,72.867919,11,VABB,340.0,1.5,22000.0,2100.0,30.0,9.0,,0,0,0,0,0,2024-03-10 04:00:00
2024-03-10 04:30:00,19.088686,72.867919,11,VABB,320.0,1.5,22000.0,2200.0,31.0,6.0,,0,0,0,0,0,2024-03-10 04:00:00
2024-03-10 05:00:00,19.088686,72.867919,11,VABB,260.0,3.1,22000.0,2200.0,31.0,6.0,,0,0,0,0,0,2024-03-10 05:00:00
2024-03-10 05:30:00,19.088686,72.867919,11,VABB,270.0,3.1,22000.0,2500.0,31.0,9.0,,0,0,0,0,0,2024-03-10 05:00:00
2024-03-10 06:00:00,19.088686,72.867919,11,VABB,320.0,1.5,,2000.0,32.0,12.0,1014.7,0,0,0,0,0,2024-03-10 06:00:00
2024-03-10 06:00:00,19.088686,72.867919,11,VABB,80.0,1.5,22000.0,2500.0,33.0,7.0,,0,0,0,0,0,2024-03-10 06:00:00
2024-03-10 06:30:00,19.088686,72.867919,11,VABB,110.0,1.5,22000.0,2500.0,34.0,6.0,,0,0,0,0,0,2024-03-10 06:00:00
2024-03-10 07:00:00,19.088686,72.867919,11,VABB,100.0,3.1,22000.0,2500.0,35.0,12.0,,0,0,0,0,0,2024-03-10 07:00:00
2024-03-10 07:30:00,19.088686,72.867919,11,VABB,260.0,6.7,22000.0,3000.0,33.0,16.0,,0,0,0,0,0,2024-03-10 07:00:00
2024-03-10 08:00:00,19.088686,72.867919,11,VABB,250.0,4.1,22000.0,3000.0,32.0,16.0,,0,0,0,0,1,2024-03-10 08:00:00
2024-03-10 08:30:00,19.088686,72.867919,11,VABB,250.0,7.2,22000.0,3500.0,33.0,16.0,,0,0,0,0,0,2024-03-10 08:00:00
2024-03-10 09:00:00,19.088686,72.867919,11,VABB,320.0,2.1,,2000.0,33.0,14.5,1012.7,0,0,0,0,0,2024-03-10 09:00:00
2024-03-10 09:00:00,19.088686,72.867919,11,VABB,290.0,6.2,22000.0,3500.0,32.0,13.0,,0,0,0,0,0,2024-03-10 09:00:00
2024-03-10 09:30:00,19.088686,72.867919,11,VABB,290.0,5.1,22000.0,4000.0,32.0,12.0,,0,0,0,0,0,2024-03-10 09:00:00
2024-03-10 10:00:00,19.088686,72.867919,11,VABB,300.0,3.6,22000.0,4000.0,32.0,10.0,,0,0,0,0,0,2024-03-10 10:00:00
2024-03-10 10:30:00,19.088686,72.867919,11,VABB,290.0,5.7,22000.0,4000.0,32.0,13.0,,0,0,0,0,0,2024-03-10 10:00:00
2024-03-10 11:00:00,19.088686,72.867919,11,VABB,300.0,3.6,22000.0,4000.0,32.0,12.0,,0,0,0,0,1,2024-03-10 11:00:00
2024-03-10 11:30:00,19.088686,72.867919,11,VABB,300.0,4.1,22000.0,4000.0,31.0,11.0,,0,0,0,0,0,2024-03-10 11:00:00
2024-03-10 12:00:00,19.088686,72.867919,11,VABB,360.0,2.1,,2000.0,31.0,15.1,1012.3,0,0,0,0,0,2024-03-10 12:00:00
2024-03-10 12:00:00,19.088686,72.867919,11,VABB,310.0,3.6,22000.0,4000.0,31.0,11.0,,0,0,0,0,0,2024-03-10 12:00:00
2024-03-10 12:30:00,19.088686,72.867919,11,VABB,300.0,5.1,22000.0,4000.0,30.0,12.0,,0,0,0,0,0,2024-03-10 12:00:00
2024-03-10 13:00:00,19.088686,72.867919,11,VABB,290.0,3.6,22000.0,4000.0,29.0,14.0,,0,0,0,0,0,2024-03-10 13:00:00
2024-03-10 13:30:00,19.088686,72.867919,11,VABB,310.0,4.6,22000.0,4000.0,29.0,14.0,,0,0,0,0,0,2024-03-10 13:00:00
2024-03-10 14:00:00,19.088686,72.867919,11,VABB,80.0,4.6,22000.0,3000.0,29.0,14.0,,0,0,0,0,0,2024-03-10 14:00:00
2024-03-10 14:30:00,19.088686,72.867919,11,VABB,310.0,3.1,22000.0,3000.0,28.0,15.0,,0,0,0,0,0,2024-03-10 14:00:00
2024-03-10 15:00:00,19.088686,72.867919,11,VABB,,0.0,,2000.0,26.4,17.9,1014.0,0,0,0,0,0,2024-03-10 15:00:00
2024-03-10 15:00:00,19.088686,72.867919,11,VABB,300.0,2.6,22000.0,3000.0,28.0,15.0,,0,0,0,0,0,2024-03-10 15:00:00
2024-03-10 15:30:00,19.088686,72.867919,11,VABB,290.0,3.1,22000.0,3000.0,28.0,16.0,,0,0,0,0,0,2024-03-10 15:00:00
2024-03-10 16:00:00,19.088686,72.867919,11,VABB,280.0,2.6,22000.0,3000.0,27.0,17.0,,0,0,0,0,0,2024-03-10 16:00:00
2024-03-10 16:30:00,19.088686,72.867919,11,VABB,270.0,2.6,22000.0,2500.0,27.0,18.0,,0,0,0,0,0,2024-03-10 16:00:00
2024-03-10 17:00:00,19.088686,72.867919,11,VABB,270.0,2.6,22000.0,2500.0,27.0,18.0,,0,0,0,0,0,2024-03-10 17:00:00
2024-03-10 17:30:00,19.088686,72.867919,11,VABB,280.0,3.6,22000.0,2500.0,28.0,16.0,,0,0,0,0,0,2024-03-10 17:00:00
2024-03-10 18:00:00,19.088686,72.867919,11,VABB,,0.0,,2000.0,24.6,18.6,1015.3,0,0,0,0,0,2024-03-10 18:00:00
2024-03-10 18:00:00,19.088686,72.867919,11,VABB,0.0,0.0,22000.0,2500.0,27.0,16.0,,0,0,0,0,0,2024-03-10 18:00:00
2024-03-10 18:30:00,19.088686,72.867919,11,VABB,0.0,0.0,22000.0,2500.0,27.0,15.0,,0,0,0,0,0,2024-03-10 18:00:00
2024-03-10 19:00:00,19.088686,72.867919,11,VABB,320.0,1.5,22000.0,2500.0,27.0,14.0,,0,0,0,0,0,2024-03-10 19:00:00
2024-03-10 19:30:00,19.088686,72.867919,11,VABB,0.0,0.0,22000.0,2500.0,26.0,14.0,,0,0,0,0,0,2024-03-10 19:00:00
2024-03-10 20:00:00,19.088686,72.867919,11,VABB,0.0,0.0,22000.0,2500.0,26.0,14.0,,0,0,0,0,0,2024-03-10 20:00:00
2024-03-10 20:30:00,19.088686,72.867919,11,VABB,280.0,1.5,22000.0,2500.0,26.0,15.0,,0,0,0,0,0,2024-03-10 20:00:00
2024-03-10 21:00:00,19.088686,72.867919,11,VABB,,0.0,,2000.0,22.2,17.0,1014.2,0,0,0,0,0,2024-03-10 21:00:00
2024-03-10 21:00:00,19.088686,72.867919,11,VABB,310.0,1.5,22000.0,2500.0,26.0,15.0,,0,0,0,0,0,2024-03-10 21:00:00
2024-03-10 21:30:00,19.088686,72.867919,11,VABB,70.0,1.5,22000.0,2500.0,26.0,15.0,,0,0,0,0,0,2024-03-10 21:00:00
2024-03-10 22:00:00,19.088686,72.867919,11,VABB,350.0,2.1,22000.0,2500.0,25.0,14.0,,0,0,0,0,0,2024-03-10 22:00:00
2024-03-10 22:30:00,19.088686,72.867919,11,VABB,330.0,1.5,22000.0,2500.0,26.0,9.0,,0,0,0,0,0,2024-03-10 22:00:00
2024-03-10 23:00:00,19.088686,72.867919,11,VABB,350.0,2.1,22000.0,2500.0,26.0,8.0,,0,0,0,0,0,2024-03-10 23:00:00
2024-03-10 23:30:00,19.088686,72.867919,11,VABB,330.0,2.1,22000.0,2500.0,26.0,9.0,,0,0,0,0,0,2024-03-10 23:00:00
2024-03-11 00:00:00,19.088686,72.867919,11,VABB,,0.0,,2000.0,20.6,14.5,1014.0,0,0,0,0,0,2024-03-11 00:00:00
2024-03-11 00:00:00,19.088686,72.867919,11,VABB,350.0,2.6,22000.0,2500.0,26.0,7.0,,0,0,0,0,0,2024-03-11 00:00:00
2024-03-11 00:30:00,19.088686,72.867919,11,VABB,0.0,0.0,22000.0,2500.0,26.0,9.0,,0,0,0,0,0,2024-03-11 00:00:00
2024-03-11 01:00:00,19.088686,72.867919,11,VABB,40.0,1.5,22000.0,2500.0,25.0,8.0,,0,0,0,0,0,2024-03-11 01:00:00
2024-03-11 01:30:00,19.088686,72.867919,11,VABB,80.0,2.6,22000.0,2500.0,26.0,9.0,,0,0,0,0,0,2024-03-11 01:00:00
2024-03-11 02:00:00,19.088686,72.867919,11,VABB,70.0,2.1,22000.0,2100.0,26.0,10.0,,0,0,0,0,0,2024-03-11 02:00:00
2024-03-11 02:30:00,19.088686,72.867919,11,VABB,80.0,1.5,22000.0,2100.0,27.0,10.0,,0,0,0,0,0,2024-03-11 02:00:00
2024-03-11 03:00:00,19.088686,72.867919,11,VABB,,0.0,,2000.0,21.6,13.7,1016.1,0,0,0,0,0,2024-03-11 03:00:00
2024-03-11 03:00:00,19.088686,72.867919,11,VABB,150.0,1.5,22000.0,2200.0,28.0,9.0,,0,0,0,0,0,2024-03-11 03:00:00
2024-03-11 03:30:00,19.088686,72.867919,11,VABB,80.0,1.5,22000.0,2200.0,29.0,9.0,,0,0,0,0,0,2024-03-11 03:00:00
2024-03-11 04:00:00,19.088686,72.867919,11,VABB,80.0,2.6,22000.0,2500.0,30.0,7.0,,0,0,0,0,0,2024-03-11 04:00:00
2024-03-11 04:30:00,19.088686,72.867919,11,VABB,100.0,1.5,22000.0,2500.0,31.0,8.0,,0,0,0,0,0,2024-03-11 04:00:00
2024-03-11 05:00:00,19.088686,72.867919,11,VABB,60.0,2.6,22000.0,2500.0,32.0,7.0,,0,0,0,0,0,2024-03-11 05:00:00
2024-03-11 05:30:00,19.088686,72.867919,11,VABB,60.0,3.1,22000.0,2500.0,33.0,7.0,,0,0,0,0,0,2024-03-11 05:00:00
2024-03-11 06:00:00,19.088686,72.867919,11,VABB,270.0,1.5,,2000.0,33.8,13.9,1015.9,0,0,0,0,0,2024-03-11 06:00:00
2024-03-11 06:00:00,19.088686,72.867919,11,VABB,80.0,4.1,22000.0,2500.0,35.0,7.0,,0,0,0,0,0,2024-03-11 06:00:00
2024-03-11 06:30:00,19.088686,72.867919,11,VABB,270.0,4.1,22000.0,2500.0,36.0,6.0,,0,0,0,0,0,2024-03-11 06:00:00
2024-03-11 07:00:00,19.088686,72.867919,11,VABB,270.0,5.1,22000.0,3000.0,33.0,13.0,,0,0,0,0,0,2024-03-11 07:00:00
2024-03-11 07:30:00,19.088686,72.867919,11,VABB,260.0,6.2,22000.0,3000.0,33.0,15.0,,0,0,0,0,0,2024-03-11 07:00:00
2024-03-11 08:00:00,19.088686,72.867919,11,VABB,270.0,6.2,22000.0,3000.0,32.0,16.0,,0,0,0,0,0,2024-03-11 08:00:00
2024-03-11 08:30:00,19.088686,72.867919,11,VABB,260.0,5.7,22000.0,3500.0,31.0,18.0,,0,0,0,0,0,2024-03-11 08:00:00
2024-03-11 09:00:00,19.088686,72.867919,11,VABB,320.0,2.1,,2000.0,32.4,15.4,1013.6,0,0,0,0,0,2024-03-11 09:00:00
2024-03-11 09:00:00,19.088686,72.867919,11,VABB,290.0,4.6,22000.0,4000.0,33.0,14.0,,0,0,0,0,0,2024-03-11 09:00:00
2024-03-11 09:30:00,19.088686,72.867919,11,VABB,290.0,4.6,22000.0,4000.0,33.0,16.0,,0,0,0,0,0,2024-03-11 09:00:00
2024-03-11 10:00:00,19.088686,72.867919,11,VABB,290.0,6.2,22000.0,4000.0,33.0,13.0,,0,0,0,0,0,2024-03-11 10:00:00
2024-03-11 10:30:00,19.088686,72.867919,11,VABB,300.0,6.2,22000.0,4000.0,33.0,13.0,,0,0,0,0,0,2024-03-11 10:00:00
2024-03-11 11:00:00,19.088686,72.867919,11,VABB,310.0,5.1,22000.0,4000.0,32.0,14.0,,0,0,0,0,0,2024-03-11 11:00:00
2024-03-11 11:30:00,19.088686,72.867919,11,VABB,310.0,5.1,22000.0,4000.0,33.0,14.0,,0,0,0,0,0,2024-03-11 11:00:00
2024-03-11 12:00:00,19.088686,72.867919,11,VABB,320.0,3.1,,2000.0,32.2,14.7,1012.3,0,0,0,0,0,2024-03-11 12:00:00
2024-03-11 12:00:00,19.088686,72.867919,11,VABB,310.0,5.7,22000.0,4000.0,33.0,13.0,,0,0,0,0,0,2024-03-11 12:00:00
2024-03-11 12:30:00,19.088686,72.867919,11,VABB,320.0,4.6,22000.0,4000.0,32.0,14.0,,0,0,0,0,0,2024-03-11 12:00:00
2024-03-11 13:00:00,19.088686,72.867919,11,VABB,300.0,3.6,22000.0,4000.0,31.0,14.0,,0,0,0,0,0,2024-03-11 13:00:00
2024-03-11 13:30:00,19.088686,72.867919,11,VABB,290.0,2.1,22000.0,3500.0,30.0,14.0,,0,0,0,0,0,2024-03-11 13:00:00
2024-03-11 14:00:00,19.088686,72.867919,11,VABB,340.0,2.1,22000.0,3000.0,30.0,13.0,,0,0,0,0,0,2024-03-11 14:00:00
2024-03-11 14:30:00,19.088686,72.867919,11,VABB,20.0,3.6,22000.0,3000.0,30.0,13.0,,0,0,0,0,0,2024-03-11 14:00:00
2024-03-11 15:00:00,19.088686,72.867919,11,VABB,320.0,3.1,,2000.0,29.0,14.1,1013.8,0,0,0,0,0,2024-03-11 15:00:00
2024-03-11 15:00:00,19.088686,72.867919,11,VABB,330.0,1.5,22000.0,3000.0,30.0,12.0,,0,0,0,0,0,2024-03-11 15:00:00
2024-03-11 15:30:00,19.088686,72.867919,11,VABB,360.0,2.1,22000.0,3000.0,30.0,11.0,,0,0,0,0,0,2024-03-11 15:00:00
2024-03-11 16:00:00,19.088686,72.867919,11,VABB,50.0,1.5,22000.0,3000.0,29.0,11.0,,0,0,0,0,0,2024-03-11 16:00:00
2024-03-11 16:30:00,19.088686,72.867919,11,VABB,0.0,0.0,22000.0,3000.0,31.0,10.0,,0,0,0,0,0,2024-03-11 16:00:00
2024-03-11 17:00:00,19.088686,72.867919,11,VABB,330.0,2.1,22000.0,3000.0,30.0,10.0,,0,0,0,0,0,2024-03-11 17:00:00
2024-03-11 17:30:00,19.088686,72.867919,11,VABB,340.0,3.6,22000.0,3000.0,30.0,9.0,,0,0,0,0,0,2024-03-11 17:00:00
2024-03-11 18:00:00,19.088686,72.867919,11,VABB,,0.0,,2000.0,25.0,15.0,1014.8,0,0,0,0,0,2024-03-11 18:00:00
2024-03-11 18:00:00,19.088686,72.867919,11,VABB,320.0,3.6,22000.0,3000.0,30.0,9.0,,0,0,0,0,0,2024-03-11 18:00:00
2024-03-11 18:30:00,19.088686,72.867919,11,VABB,30.0,1.5,22000.0,3000.0,29.0,10.0,,0,0,0,0,0,2024-03-11 18:00:00
2024-03-11 19:00:00,19.088686,72.867919,11,VABB,0.0,0.0,22000.0,3000.0,29.0,10.0,,0,0,0,0,0,2024-03-11 19:00:00
2024-03-11 19:30:00,19.088686,72.867919,11,VABB,330.0,2.1,22000.0,3000.0,28.0,11.0,,0,0,0,0,0,2024-03-11 19:00:00
2024-03-11 20:00:00,19.088686,72.867919,11,VABB,340.0,3.1,22000.0,2500.0,28.0,12.0,,0,0,0,0,0,2024-03-11 20:00:00
2024-03-11 20:30:00,19.088686,72.867919,11,VABB,140.0,2.1,22000.0,2500.0,27.0,14.0,,0,0,0,0,0,2024-03-11 20:00:00
2024-03-11 21:00:00,19.088686,72.867919,11,VABB,,0.0,,2000.0,26.0,18.1,1013.5,0,0,0,0,0,2024-03-11 21:00:00
2024-03-11 21:00:00,19.088686,72.867919,11,VABB,320.0,3.1,22000.0,2500.0,27.0,17.0,,0,0,0,0,0,2024-03-11 21:00:00
2024-03-11 21:30:00,19.088686,72.867919,11,VABB,350.0,4.1,22000.0,2500.0,27.0,17.0,,0,0,0,0,0,2024-03-11 21:00:00
2024-03-11 22:00:00,19.088686,72.867919,11,VABB,10.0,2.6,22000.0,2500.0,26.0,17.0,,0,0,0,0,0,2024-03-11 22:00:00
2024-03-11 22:30:00,19.088686,72.867919,11,VABB,50.0,1.5,22000.0,2500.0,26.0,16.0,,0,0,0,0,0,2024-03-11 22:00:00
2024-03-11 23:00:00,19.088686,72.867919,11,VABB,350.0,3.6,22000.0,2500.0,26.0,16.0,,0,0,0,0,0,2024-03-11 23:00:00
2024-03-11 23:30:00,19.088686,72.867919,11,VABB,340.0,2.1,22000.0,2500.0,26.0,14.0,,0,0,0,0,0,2024-03-11 23:00:00
2024-03-12 00:00:00,19.088686,72.867919,11,VABB,,0.0,,2000.0,23.2,16.3,1012.9,0,0,0,0,0,2024-03-12 00:00:00
2024-03-12 00:00:00,19.088686,72.867919,11,VABB,340.0,3.1,22000.0,2500.0,27.0,13.0,,0,0,0,0,0,2024-03-12 00:00:00
2024-03-12 00:30:00,19.088686,72.867919,11,VABB,0.0,0.0,22000.0,2500.0,27.0,11.0,,0,0,0,0,0,2024-03-12 00:00:00
2024-03-12 01:00:00,19.088686,72.867919,11,VABB,30.0,3.1,22000.0,2500.0,28.0,10.0,,0,0,0,0,0,2024-03-12 01:00:00
2024-03-12 01:30:00,19.088686,72.867919,11,VABB,30.0,2.6,22000.0,2500.0,28.0,10.0,,0,0,0,0,0,2024-03-12 01:00:00
2024-03-12 02:00:00,19.088686,72.867919,11,VABB,10.0,2.6,22000.0,2500.0,28.0,10.0,,0,0,0,0,0,2024-03-12 02:00:00
2024-03-12 02:30:00,19.088686,72.867919,11,VABB,340.0,3.1,22000.0,2500.0,28.0,11.0,,0,0,0,0,0,2024-03-12 02:00:00
2024-03-12 03:00:00,19.088686,72.867919,11,VABB,,0.0,,2000.0,23.8,14.8,1014.8,0,0,0,0,0,2024-03-12 03:00:00
2024-03-12 03:00:00,19.088686,72.867919,11,VABB,340.0,2.6,22000.0,2500.0,29.0,12.0,,0,0,0,0,0,2024-03-12 03:00:00
2024-03-12 03:30:00,19.088686,72.867919,11,VABB,350.0,2.6,22000.0,2500.0,29.0,11.0,,0,0,0,0,0,2024-03-12 03:00:00
2024-03-12 04:00:00,19.088686,72.867919,11,VABB,360.0,3.1,22000.0,2500.0,30.0,11.0,,0,0,0,0,0,2024-03-12 04:00:00
2024-03-12 04:30:00,19.088686,72.867919,11,VABB,340.0,2.6,22000.0,3000.0,32.0,10.0,,0,0,0,0,0,2024-03-12 04:00:00
2024-03-12 05:00:00,19.088686,72.867919,11,VABB,280.0,2.1,22000.0,3000.0,33.0,10.0,,0,0,0,0,0,2024-03-12 05:00:00
2024-03-12 05:30:00,19.088686,72.867919,11,VABB,90.0,5.1,22000.0,3000.0,34.0,9.0,,0,0,0,0,0,2024-03-12 05:00:00
2024-03-12 06:00:00,19.088686,72.867919,11,VABB,,0.0,,2000.0,34.2,12.6,1015.2,0,0,0,0,0,2024-03-12 06:00:00
2024-03-12 06:00:00,19.088686,72.867919,11,VABB,90.0,3.1,22000.0,3000.0,35.0,9.0,,0,0,0,0,0,2024-03-12 06:00:00
2024-03-12 06:30:00,19.088686,72.867919,11,VABB,50.0,2.6,22000.0,3000.0,35.0,9.0,,0,0,0,0,0,2024-03-12 06:00:00
2024-03-12 07:00:00,19.088686,72.867919,11,VABB,260.0,4.1,22000.0,3500.0,35.0,16.0,,0,0,0,0,0,2024-03-12 07:00:00
2024-03-12 07:30:00,19.088686,72.867919,11,VABB,250.0,5.7,22000.0,4000.0,33.0,15.0,,0,0,0,0,0,2024-03-12 07:00:00
2024-03-12 08:00:00,19.088686,72.867919,11,VABB,280.0,4.6,22000.0,4000.0,34.0,15.0,,0,0,0,0,0,2024-03-12 08:00:00
2024-03-12 08:30:00,19.088686,72.867919,11,VABB,290.0,6.7,22000.0,3500.0,33.0,15.0,,0,0,0,0,0,2024-03-12 08:00:00
2024-03-12 09:00:00,19.088686,72.867919,11,VABB,320.0,1.5,,2000.0,33.2,18.5,1013.0,0,0,0,0,0,2024-03-12 09:00:00
2024-03-12 09:00:00,19.088686,72.867919,11,VABB,310.0,5.1,22000.0,3500.0,34.0,16.0,,0,0,0,0,0,2024-03-12 09:00:00
2024-03-12 09:30:00,19.088686,72.867919,11,VABB,300.0,5.7,22000.0,3500.0,33.0,15.0,,0,0,0,0,0,2024-03-12 09:00:00
2024-03-12 10:00:00,19.088686,72.867919,11,VABB,310.0,4.1,22000.0,3500.0,34.0,16.0,,0,0,0,0,0,2024-03-12 10:00:00
2024-03-12 10:30:00,19.088686,72.867919,11,VABB,310.0,6.7,22000.0,3500.0,34.0,16.0,,0,0,0,0,0,2024-03-12 10:00:00
2024-03-12 11:00:00,19.088686,72.867919,11,VABB,330.0,5.7,22000.0,4000.0,34.0,15.0,,0,0,0,0,1,2024-03-12 11:00:00
2024-03-12 11:30:00,19.088686,72.867919,11,VABB,310.0,5.1,22000.0,4000.0,34.0,15.0,,0,0,0,0,0,2024-03-12 11:00:00
2024-03-12 12:00:00,19.088686,72.867919,11,VABB,320.0,1.5,,2000.0,32.2,17.2,1011.5,0,0,0,0,0,2024-03-12 12:00:00
2024-03-12 12:00:00,19.088686,72.867919,11,VABB,300.0,4.6,22000.0,4000.0,33.0,16.0,,0,0,0,0,0,2024-03-12 12:00:00
2024-03-12 12:30:00,19.088686,72.867919,11,VABB,290.0,4.6,22000.0,4000.0,31.0,16.0,,0,0,0,0,0,2024-03-12 12:00:00
2024-03-12 13:00:00,19.088686,72.867919,11,VABB,320.0,2.6,22000.0,4000.0,31.0,17.0,,0,0,0,0,0,2024-03-12 13:00:00
2024-03-12 13:30:00,19.088686,72.867919,11,VABB,320.0,3.6,22000.0,3000.0,31.0,15.0,,0,0,0,0,0,2024-03-12 13:00:00
2024-03-12 14:00:00,19.088686,72.867919,11,VABB,340.0,3.1,22000.0,3000.0,31.0,15.0,,0,0,0,0,0,2024-03-12 14:00:00
2024-03-12 14:30:00,19.088686,72.867919,11,VABB,330.0,4.1,22000.0,3000.0,30.0,15.0,,0,0,0,0,0,2024-03-12 14:00:00
2024-03-12 15:00:00,19.088686,72.867919,11,VABB,320.0,1.5,,2000.0,28.8,16.7,1012.5,0,0,0,0,0,2024-03-12 15:00:00
2024-03-12 15:00:00,19.088686,72.867919,11,VABB,340.0,3.1,22000.0,3000.0,30.0,16.0,,0,0,0,0,0,2024-03-12 15:00:00
2024-03-12 15:03:00,19.088686,72.867919,11,VABB,340.0,3.1,22000.0,3000.0,30.0,16.0,,0,0,0,0,0,2024-03-12 15:00:00
2024-03-12 15:30:00,19.088686,72.867919,11,VABB,340.0,4.1,22000.0,2500.0,31.0,15.0,,0,0,0,0,0,2024-03-12 15:00:00
2024-03-12 16:00:00,19.088686,72.867919,11,VABB,330.0,4.1,22000.0,2500.0,31.0,13.0,,0,0,0,0,0,2024-03-12 16:00:00
2024-03-12 16:30:00,19.088686,72.867919,11,VABB,190.0,3.6,22000.0,2500.0,31.0,11.0,,0,0,0,0,0,2024-03-12 16:00:00
2024-03-12 17:00:00,19.088686,72.867919,11,VABB,40.0,3.6,22000.0,2500.0,32.0,11.0,,0,0,0,0,0,2024-03-12 17:00:00
2024-03-12 17:30:00,19.088686,72.867919,11,VABB,20.0,2.1,22000.0,2500.0,31.0,12.0,,0,0,0,0,0,2024-03-12 17:00:00
2024-03-12 18:00:00,19.088686,72.867919,11,VABB,,0.0,,2000.0,26.4,14.8,1013.0,0,0,0,0,0,2024-03-12 18:00:00
2024-03-12 18:00:00,19.088686,72.867919,11,VABB,260.0,4.1,22000.0,2500.0,29.0,12.0,,0,0,0,0,0,2024-03-12 18:00:00
2024-03-12 18:30:00,19.088686,72.867919,11,VABB,320.0,3.1,22000.0,2500.0,28.0,19.0,,0,0,0,0,0,2024-03-12 18:00:00
2024-03-12 19:00:00,19.088686,72.867919,11,VABB,30.0,2.6,22000.0,2500.0,27.0,22.0,,0,1,0,0,0,2024-03-12 19:00:00
2024-03-12 19:30:00,19.088686,72.867919,11,VABB,300.0,2.6,22000.0,2500.0,27.0,22.0,,0,1,0,0,0,2024-03-12 19:00:00
2024-03-12 20:00:00,19.088686,72.867919,11,VABB,290.0,3.6,22000.0,2500.0,26.0,23.0,,0,1,0,0,0,2024-03-12 20:00:00
2024-03-12 20:30:00,19.088686,72.867919,11,VABB,300.0,3.1,22000.0,2500.0,26.0,23.0,,1,0,0,0,0,2024-03-12 20:00:00
2024-03-12 21:00:00,19.088686,72.867919,11,VABB,360.0,1.5,,2000.0,25.6,22.0,1012.3,0,0,0,0,0,2024-03-12 21:00:00
2024-03-12 22:00:00,19.088686,72.867919,11,VABB,330.0,2.1,22000.0,2500.0,26.0,23.0,,1,0,0,0,0,2024-03-12 22:00:00
2024-03-12 22:30:00,19.088686,72.867919,11,VABB,0.0,0.0,22000.0,2500.0,26.0,23.0,,1,0,0,0,0,2024-03-12 22:00:00
2024-03-12 23:00:00,19.088686,72.867919,11,VABB,20.0,1.5,22000.0,2500.0,26.0,22.0,,1,0,0,0,0,2024-03-12 23:00:00
2024-03-12 23:30:00,19.088686,72.867919,11,VABB,350.0,1.5,22000.0,2500.0,26.0,22.0,,1,0,0,0,0,2024-03-12 23:00:00
2024-03-13 00:00:00,19.088686,72.867919,11,VABB,,0.0,,2000.0,25.0,21.1,1012.3,0,0,0,0,0,2024-03-13 00:00:00
2024-03-13 00:00:00,19.088686,72.867919,11,VABB,10.0,1.5,22000.0,2500.0,26.0,22.0,,1,0,0,0,0,2024-03-13 00:00:00
2024-03-13 00:30:00,19.088686,72.867919,11,VABB,310.0,1.5,22000.0,2500.0,26.0,22.0,,1,0,0,0,0,2024-03-13 00:00:00
2024-03-13 01:00:00,19.088686,72.867919,11,VABB,320.0,2.1,22000.0,2500.0,26.0,22.0,,1,0,0,0,0,2024-03-13 01:00:00
2024-03-13 01:30:00,19.088686,72.867919,11,VABB,20.0,2.6,22000.0,2500.0,26.0,23.0,,1,0,0,0,0,2024-03-13 01:00:00
2024-03-13 02:00:00,19.088686,72.867919,11,VABB,360.0,2.1,22000.0,1800.0,26.0,22.0,,1,0,0,0,0,2024-03-13 02:00:00
2024-03-13 02:30:00,19.088686,72.867919,11,VABB,30.0,2.6,22000.0,2100.0,26.0,23.0,,1,0,0,0,0,2024-03-13 02:00:00
2024-03-13 03:00:00,19.088686,72.867919,11,VABB,360.0,1.5,,2000.0,26.0,20.8,1014.5,0,0,0,0,0,2024-03-13 03:00:00
2024-03-13 03:00:00,19.088686,72.867919,11,VABB,30.0,3.1,22000.0,2500.0,27.0,22.0,,0,1,0,0,0,2024-03-13 03:00:00
2024-03-13 03:30:00,19.088686,72.867919,11,VABB,20.0,4.1,22000.0,2500.0,28.0,20.0,,0,1,0,0,0,2024-03-13 03:00:00
2024-03-13 04:00:00,19.088686,72.867919,11,VABB,40.0,4.1,22000.0,3000.0,29.0,18.0,,0,0,0,0,0,2024-03-13 04:00:00
2024-03-13 04:30:00,19.088686,72.867919,11,VABB,330.0,3.1,22000.0,3000.0,30.0,15.0,,0,0,0,0,0,2024-03-13 04:00:00
2024-03-13 05:00:00,19.088686,72.867919,11,VABB,50.0,3.6,22000.0,3000.0,31.0,16.0,,0,0,0,0,0,2024-03-13 05:00:00
2024-03-13 05:30:00,19.088686,72.867919,11,VABB,360.0,3.6,22000.0,3000.0,30.0,15.0,,0,0,0,0,0,2024-03-13 05:00:00
2024-03-13 06:00:00,19.088686,72.867919,11,VABB,360.0,3.1,,2000.0,31.2,14.5,1015.1,0,0,0,0,0,2024-03-13 06:00:00
2024-03-13 06:00:00,19.088686,72.867919,11,VABB,310.0,3.6,22000.0,3500.0,31.0,15.0,,0,0,0,0,0,2024-03-13 06:00:00
2024-03-13 06:30:00,19.088686,72.867919,11,VABB,290.0,5.1,22000.0,3500.0,31.0,16.0,,0,0,0,0,0,2024-03-13 06:00:00
2024-03-13 07:00:00,19.088686,72.867919,11,VABB,280.0,4.6,22000.0,3500.0,31.0,17.0,,0,0,0,0,0,2024-03-13 07:00:00
2024-03-13 07:30:00,19.088686,72.867919,11,VABB,280.0,5.1,22000.0,3500.0,30.0,17.0,,0,0,0,0,0,2024-03-13 07:00:00
2024-03-13 08:00:00,19.088686,72.867919,11,VABB,280.0,5.7,22000.0,3500.0,31.0,18.0,,0,0,0,0,0,2024-03-13 08:00:00
2024-03-13 08:30:00,19.088686,72.867919,11,VABB,270.0,5.7,22000.0,4000.0,31.0,18.0,,0,0,0,0,0,2024-03-13 08:00:00
2024-03-13 09:00:00,19.088686,72.867919,11,VABB,320.0,2.6,,2000.0,31.6,17.5,1012.9,0,0,0,0,0,2024-03-13 09:00:00
2024-03-13 09:00:00,19.088686,72.867919,11,VABB,290.0,6.2,22000.0,4000.0,30.0,18.0,,0,0,0,0,0,2024-03-13 09:00:00
2024-03-13 09:30:00,19.088686,72.867919,11,VABB,290.0,4.1,22000.0,4000.0,31.0,19.0,,0,0,0,0,1,2024-03-13 09:00:00
2024-03-13 10:00:00,19.088686,72.867919,11,VABB,310.0,4.6,22000.0,4000.0,31.0,17.0,,0,0,0,0,0,2024-03-13 10:00:00
2024-03-13 10:30:00,19.088686,72.867919,11,VABB,290.0,3.6,22000.0,4000.0,30.0,18.0,,0,0,0,0,1,2024-03-13 10:00:00
2024-03-13 11:00:00,19.088686,72.867919,11,VABB,300.0,4.1,22000.0,4000.0,30.0,17.0,,0,0,0,0,0,2024-03-13 11:00:00
2024-03-13 11:30:00,19.088686,72.867919,11,VABB,300.0,5.1,22000.0,4000.0,31.0,17.0,,0,0,0,0,0,2024-03-13 11:00:00
2024-03-13 12:00:00,19.088686,72.867919,11,VABB,320.0,2.1,,2000.0,30.0,17.4,1011.1,0,0,0,0,0,2024-03-13 12:00:00
2024-03-13 12:00:00,19.088686,72.867919,11,VABB,310.0,4.1,22000.0,4000.0,30.0,18.0,,0,0,0,0,0,2024-03-13 12:00:00
2024-03-13 12:30:00,19.088686,72.867919,11,VABB,300.0,4.6,22000.0,4000.0,30.0,16.0,,0,0,0,0,0,2024-03-13 12:00:00
2024-03-13 13:00:00,19.088686,72.867919,11,VABB,310.0,3.6,22000.0,3000.0,29.0,16.0,,0,0,0,0,0,2024-03-13 13:00:00
2024-03-13 13:30:00,19.088686,72.867919,11,VABB,320.0,2.6,22000.0,3000.0,29.0,15.0,,0,0,0,0,0,2024-03-13 13:00:00
2024-03-13 14:00:00,19.088686,72.867919,11,VABB,290.0,3.6,22000.0,3000.0,28.0,15.0,,0,0,0,0,0,2024-03-13 14:00:00
2024-03-13 14:30:00,19.088686,72.867919,11,VABB,320.0,2.6,22000.0,3000.0,29.0,15.0,,0,0,0,0,0,2024-03-13 14:00:00
2024-03-13 15:00:00,19.088686,72.867919,11,VABB,320.0,1.5,,2000.0,27.2,15.8,1012.8,0,0,0,0,0,2024-03-13 15:00:00
2024-03-13 15:00:00,19.088686,72.867919,11,VABB,330.0,2.1,22000.0,3000.0,28.0,16.0,,0,0,0,0,0,2024-03-13 15:00:00
2024-03-13 15:30:00,19.088686,72.867919,11,VABB,330.0,2.1,22000.0,3000.0,29.0,16.0,,0,0,0,0,0,2024-03-13 15:00:00
2024-03-13 16:00:00,19.088686,72.867919,11,VABB,350.0,3.1,22000.0,3000.0,28.0,16.0,,0,0,0,0,0,2024-03-13 16:00:00
2024-03-13 16:30:00,19.088686,72.867919,11,VABB,330.0,2.6,22000.0,3000.0,28.0,15.0,,0,0,0,0,0,2024-03-13 16:00:00
2024-03-13 17:00:00,19.088686,72.867919,11,VABB,340.0,2.1,22000.0,3000.0,28.0,16.0,,0,0,0,0,0,2024-03-13 17:00:00
2024-03-13 17:30:00,19.088686,72.867919,11,VABB,310.0,3.1,22000.0,3000.0,27.0,20.0,,0,0,0,0,0,2024-03-13 17:00:00
2024-03-13 18:00:00,19.088686,72.867919,11,VABB,,0.0,,2000.0,25.4,20.2,1014.1,0,0,0,0,0,2024-03-13 18:00:00
2024-03-13 18:00:00,19.088686,72.867919,11,VABB,310.0,4.1,22000.0,3000.0,26.0,22.0,,0,1,0,0,0,2024-03-13 18:00:00
2024-03-13 18:30:00,19.088686,72.867919,11,VABB,300.0,3.6,22000.0,3000.0,26.0,21.0,,0,1,0,0,0,2024-03-13 18:00:00
2024-03-13 19:00:00,19.088686,72.867919,11,VABB,320.0,4.6,22000.0,3000.0,26.0,21.0,,0,1,0,0,0,2024-03-13 19:00:00
2024-03-13 19:30:00,19.088686,72.867919,11,VABB,310.0,3.1,22000.0,3000.0,25.0,21.0,,0,1,0,0,0,2024-03-13 19:00:00
2024-03-13 20:00:00,19.088686,72.867919,11,VABB,320.0,3.1,22000.0,3000.0,25.0,22.0,,0,1,0,0,0,2024-03-13 20:00:00
2024-03-13 20:30:00,19.088686,72.867919,11,VABB,330.0,2.6,22000.0,3000.0,25.0,22.0,,0,1,0,0,0,2024-03-13 20:00:00
2024-03-13 21:00:00,19.088686,72.867919,11,VABB,,0.0,,2000.0,24.2,20.2,1012.9,0,0,0,0,0,2024-03-13 21:00:00
2024-03-13 21:00:00,19.088686,72.867919,11,VABB,40.0,2.6,22000.0,3000.0,25.0,21.0,,0,1,0,0,0,2024-03-13 21:00:00
2024-03-13 21:30:00,19.088686,72.867919,11,VABB,20.0,1.5,22000.0,2500.0,25.0,20.0,,0,1,0,0,0,2024-03-13 21:00:00
2024-03-13 22:00:00,19.088686,72.867919,11,VABB,340.0,1.5,22000.0,2500.0,25.0,20.0,,0,1,0,0,0,2024-03-13 22:00:00
2024-03-13 22:30:00,19.088686,72.867919,11,VABB,0.0,0.0,22000.0,2500.0,25.0,20.0,,0,1,0,0,0,2024-03-13 22:00:00
2024-03-13 23:00:00,19.088686,72.867919,11,VABB,30.0,1.5,22000.0,2500.0,25.0,19.0,,0,1,0,0,0,2024-03-13 23:00:00
2024-03-13 23:30:00,19.088686,72.867919,11,VABB,10.0,1.5,22000.0,2500.0,25.0,19.0,,0,1,0,0,0,2024-03-13 23:00:00
2024-03-14 00:00:00,19.088686,72.867919,11,VABB,,0.0,,2000.0,22.0,18.8,1013.0,0,0,0,0,0,2024-03-14 00:00:00
2024-03-14 00:00:00,19.088686,72.867919,11,VABB,340.0,1.5,22000.0,2500.0,25.0,20.0,,0,1,0,0,0,2024-03-14 00:00:00
2024-03-14 00:30:00,19.088686,72.867919,11,VABB,10.0,2.1,22000.0,2500.0,25.0,21.0,,1,0,0,0,0,2024-03-14 00:00:00
2024-03-14 01:00:00,19.088686,72.867919,11,VABB,50.0,2.6,2000.0,2500.0,25.0,22.0,,1,0,0,0,0,2024-03-14 01:00:00
2024-03-14 01:30:00,19.088686,72.867919,11,VABB,90.0,1.5,2000.0,2500.0,25.0,22.0,,1,0,0,0,0,2024-03-14 01:00:00
2024-03-14 02:00:00,19.088686,72.867919,11,VABB,60.0,2.6,2000.0,2100.0,25.0,23.0,,1,0,0,0,0,2024-03-14 02:00:00
2024-03-14 02:30:00,19.088686,72.867919,11,VABB,130.0,2.1,2000.0,2500.0,25.0,22.0,,0,1,0,0,0,2024-03-14 02:00:00
2024-03-14 03:00:00,19.088686,72.867919,11,VABB,,0.0,22000.0,2000.0,24.6,21.3,1015.4,0,0,0,0,0,2024-03-14 03:00:00
2024-03-14 03:00:00,19.088686,72.867919,11,VABB,110.0,2.1,2000.0,2500.0,26.0,22.0,,0,1,0,0,0,2024-03-14 03:00:00
2024-03-14 03:30:00,19.088686,72.867919,11,VABB,50.0,3.1,2000.0,2500.0,27.0,22.0,,0,1,0,0,0,2024-03-14 03:00:00
2024-03-14 04:00:00,19.088686,72.867919,11,VABB,350.0,2.6,2000.0,2500.0,27.0,22.0,,0,1,0,0,0,2024-03-14 04:00:00
2024-03-14 04:29:00,19.088686,72.867919,11,VABB,60.0,1.5,2000.0,2500.0,28.0,21.0,,0,1,0,0,0,2024-03-14 04:00:00
2024-03-14 05:00:00,19.088686,72.867919,11,VABB,40.0,2.6,22000.0,2500.0,30.0,21.0,,0,1,0,0,0,2024-03-14 05:00:00
2024-03-14 05:30:00,19.088686,72.867919,11,VABB,240.0,4.1,22000.0,3000.0,30.0,22.0,,0,1,0,0,0,2024-03-14 05:00:00
2024-03-14 06:00:00,19.088686,72.867919,11,VABB,,0.0,,2000.0,30.4,21.2,1015.4,0,0,0,0,0,2024-03-14 06:00:00
2024-03-14 06:00:00,19.088686,72.867919,11,VABB,240.0,6.2,22000.0,3000.0,29.0,22.0,,0,1,0,0,0,2024-03-14 06:00:00
2024-03-14 06:30:00,19.088686,72.867919,11,VABB,270.0,5.1,22000.0,3000.0,30.0,22.0,,0,1,0,0,0,2024-03-14 06:00:00
2024-03-14 07:00:00,19.088686,72.867919,11,VABB,230.0,4.6,22000.0,3000.0,31.0,21.0,,0,1,0,0,0,2024-03-14 07:00:00
2024-03-14 07:30:00,19.088686,72.867919,11,VABB,290.0,6.2,22000.0,3000.0,31.0,21.0,,0,0,0,0,0,2024-03-14 07:00:00
2024-03-14 08:00:00,19.088686,72.867919,11,VABB,310.0,5.7,22000.0,3000.0,31.0,20.0,,0,0,0,0,0,2024-03-14 08:00:00
2024-03-14 08:30:00,19.088686,72.867919,11,VABB,260.0,6.2,22000.0,3000.0,30.0,20.0,,0,0,0,0,0,2024-03-14 08:00:00
2024-03-14 09:00:00,19.088686,72.867919,11,VABB,320.0,4.1,,2000.0,31.0,19.4,1012.6,0,0,0,0,0,2024-03-14 09:00:00
2024-03-14 09:00:00,19.088686,72.867919,11,VABB,270.0,4.6,22000.0,3000.0,31.0,19.0,,0,0,0,0,1,2024-03-14 09:00:00
2024-03-14 09:30:00,19.088686,72.867919,11,VABB,270.0,6.7,22000.0,3000.0,30.0,19.0,,0,0,0,0,0,2024-03-14 09:00:00
2024-03-14 10:00:00,19.088686,72.867919,11,VABB,270.0,6.2,22000.0,3000.0,30.0,19.0,,0,0,0,0,0,2024-03-14 10:00:00
2024-03-14 10:30:00,19.088686,72.867919,11,VABB,300.0,5.7,22000.0,3500.0,31.0,18.0,,0,0,0,0,0,2024-03-14 10:00:00
2024-03-14 11:00:00,19.088686,72.867919,11,VABB,310.0,5.1,22000.0,3500.0,30.0,18.0,,0,0,0,0,0,2024-03-14 11:00:00
2024-03-14 11:30:00,19.088686,72.867919,11,VABB,330.0,4.1,22000.0,4000.0,30.0,16.0,,0,0,0,0,0,2024-03-14 11:00:00
2024-03-14 12:00:00,19.088686,72.867919,11,VABB,320.0,3.1,,2000.0,29.4,18.2,1011.7,0,0,0,0,0,2024-03-14 12:00:00
2024-03-14 12:00:00,19.088686,72.867919,11,VABB,320.0,4.6,22000.0,4000.0,29.0,16.0,,0,0,0,0,0,2024-03-14 12:00:00
2024-03-14 12:30:00,19.088686,72.867919,11,VABB,300.0,4.1,22000.0,4000.0,30.0,16.0,,0,0,0,0,0,2024-03-14 12:00:00
2024-03-14 13:00:00,19.088686,72.867919,11,VABB,300.0,3.6,22000.0,3500.0,29.0,16.0,,0,0,0,0,0,2024-03-14 13:00:00
2024-03-14 13:30:00,19.088686,72.867919,11,VABB,320.0,4.1,22000.0,3500.0,28.0,17.0,,0,0,0,0,0,2024-03-14 13:00:00
2024-03-14 14:00:00,19.088686,72.867919,11,VABB,310.0,2.1,22000.0,3500.0,27.0,17.0,,0,0,0,0,0,2024-03-14 14:00:00
2024-03-14 14:30:00,19.088686,72.867919,11,VABB,280.0,2.6,22000.0,3000.0,27.0,17.0,,0,0,0,0,0,2024-03-14 14:00:00
2024-03-14 15:00:00,19.088686,72.867919,11,VABB,,0.0,,2000.0,25.6,17.7,1012.7,0,0,0,0,0,2024-03-14 15:00:00
2024-03-14 15:00:00,19.088686,72.867919,11,VABB,300.0,2.6,22000.0,3000.0,27.0,17.0,,0,0,0,0,0,2024-03-14 15:00:00
2024-03-14 15:30:00,19.088686,72.867919,11,VABB,310.0,3.1,22000.0,3000.0,27.0,18.0,,0,0,0,0,0,2024-03-14 15:00:00
2024-03-14 16:00:00,19.088686,72.867919,11,VABB,300.0,3.1,22000.0,3000.0,27.0,19.0,,0,0,0,0,0,2024-03-14 16:00:00
2024-03-14 16:30:00,19.088686,72.867919,11,VABB,350.0,3.1,22000.0,3000.0,27.0,19.0,,0,0,0,0,0,2024-03-14 16:00:00
2024-03-14 17:00:00,19.088686,72.867919,11,VABB,300.0,3.1,22000.0,3000.0,26.0,19.0,,0,1,0,0,0,2024-03-14 17:00:00
2024-03-14 17:30:00,19.088686,72.867919,11,VABB,320.0,2.1,22000.0,3000.0,26.0,20.0,,0,1,0,0,0,2024-03-14 17:00:00
2024-03-14 18:00:00,19.088686,72.867919,11,VABB,,0.0,,2000.0,25.0,19.8,1013.7,0,0,0,0,0,2024-03-14 18:00:00
2024-03-14 18:00:00,19.088686,72.867919,11,VABB,350.0,2.1,22000.0,3000.0,26.0,20.0,,0,1,0,0,0,2024-03-14 18:00:00
2024-03-14 18:30:00,19.088686,72.867919,11,VABB,350.0,2.6,22000.0,3000.0,26.0,20.0,,0,1,0,0,0,2024-03-14 18:00:00
2024-03-14 19:00:00,19.088686,72.867919,11,VABB,30.0,3.1,22000.0,3000.0,26.0,21.0,,0,1,0,0,0,2024-03-14 19:00:00
2024-03-14 19:30:00,19.088686,72.867919,11,VABB,330.0,2.6,22000.0,3000.0,25.0,20.0,,0,1,0,0,0,2024-03-14 19:00:00
2024-03-14 20:00:00,19.088686,72.867919,11,VABB,330.0,2.1,22000.0,3000.0,25.0,20.0,,0,1,0,0,0,2024-03-14 20:00:00
2024-03-14 20:30:00,19.088686,72.867919,11,VABB,320.0,2.6,22000.0,3000.0,25.0,20.0,,0,1,0,0,0,2024-03-14 20:00:00
2024-03-14 21:00:00,19.088686,72.867919,11,VABB,,0.0,,2000.0,24.0,19.0,1012.1,0,0,0,0,0,2024-03-14 21:00:00
2024-03-14 21:00:00,19.088686,72.867919,11,VABB,30.0,2.1,22000.0,3000.0,25.0,20.0,,0,1,0,0,0,2024-03-14 21:00:00
2024-03-14 21:30:00,19.088686,72.867919,11,VABB,330.0,2.1,22000.0,3000.0,25.0,20.0,,0,1,0,0,0,2024-03-14 21:00:00
2024-03-14 22:00:00,19.088686,72.867919,11,VABB,360.0,2.1,22000.0,3000.0,24.0,20.0,,1,0,0,0,0,2024-03-14 22:00:00
2024-03-14 22:30:00,19.088686,72.867919,11,VABB,340.0,1.5,22000.0,3000.0,24.0,20.0,,1,0,0,0,0,2024-03-14 22:00:00
2024-03-14 23:00:00,19.088686,72.867919,11,VABB,30.0,2.1,22000.0,3000.0,24.0,20.0,,1,0,0,0,0,2024-03-14 23:00:00
2024-03-14 23:30:00,19.088686,72.867919,11,VABB,30.0,2.1,22000.0,3000.0,24.0,20.0,,1,0,0,0,0,2024-03-14 23:00:00
2024-03-15 00:00:00,19.088686,72.867919,11,VABB,,0.0,,2000.0,22.0,18.8,1011.9,0,0,0,0,0,2024-03-15 00:00:00
2024-03-15 00:00:00,19.088686,72.867919,11,VABB,10.0,2.6,22000.0,2500.0,24.0,20.0,,1,0,0,0,0,2024-03-15 00:00:00
2024-03-15 00:30:00,19.088686,72.867919,11,VABB,20.0,2.6,22000.0,2500.0,24.0,20.0,,1,0,0,0,0,2024-03-15 00:00:00
2024-03-15 01:00:00,19.088686,72.867919,11,VABB,50.0,2.6,22000.0,2500.0,24.0,20.0,,1,0,0,0,0,2024-03-15 01:00:00
2024-03-15 01:30:00,19.088686,72.867919,11,VABB,30.0,2.1,22000.0,2100.0,24.0,19.0,,1,0,0,0,0,2024-03-15 01:00:00
2024-03-15 02:00:00,19.088686,72.867919,11,VABB,40.0,2.1,22000.0,2100.0,24.0,19.0,,0,1,0,0,0,2024-03-15 02:00:00
2024-03-15 02:30:00,19.088686,72.867919,11,VABB,360.0,2.1,22000.0,2200.0,25.0,18.0,,0,1,0,0,0,2024-03-15 02:00:00
2024-03-15 03:00:00,19.088686,72.867919,11,VABB,360.0,1.5,,2000.0,23.2,18.5,1014.5,0,0,0,0,0,2024-03-15 03:00:00
2024-03-15 03:00:00,19.088686,72.867919,11,VABB,340.0,2.1,22000.0,2200.0,25.0,18.0,,0,1,0,0,0,2024-03-15 03:00:00
2024-03-15 03:30:00,19.088686,72.867919,11,VABB,360.0,3.1,22000.0,2500.0,26.0,18.0,,0,1,0,0,0,2024-03-15 03:00:00
2024-03-15 04:00:00,19.088686,72.867919,11,VABB,300.0,3.1,22000.0,2500.0,26.0,17.0,,0,1,0,0,0,2024-03-15 04:00:00
2024-03-15 04:30:00,19.088686,72.867919,11,VABB,90.0,1.5,22000.0,2500.0,28.0,16.0,,1,0,0,0,0,2024-03-15 04:00:00
2024-03-15 05:00:00,19.088686,72.867919,11,VABB,280.0,3.1,22000.0,2500.0,28.0,14.0,,0,0,0,0,0,2024-03-15 05:00:00
2024-03-15 05:30:00,19.088686,72.867919,11,VABB,250.0,3.6,22000.0,2500.0,29.0,17.0,,0,0,0,0,0,2024-03-15 05:00:00
2024-03-15 06:00:00,19.088686,72.867919,11,VABB,230.0,3.1,,2000.0,29.0,18.1,1013.8,0,0,0,0,0,2024-03-15 06:00:00
2024-03-15 06:00:00,19.088686,72.867919,11,VABB,290.0,2.6,22000.0,2500.0,29.0,16.0,,0,0,0,0,0,2024-03-15 06:00:00
2024-03-15 06:30:00,19.088686,72.867919,11,VABB,270.0,5.1,22000.0,3000.0,29.0,18.0,,0,0,0,0,0,2024-03-15 06:00:00
2024-03-15 07:00:00,19.088686,72.867919,11,VABB,260.0,4.6,22000.0,3000.0,28.0,18.0,,0,0,0,0,0,2024-03-15 07:00:00
2024-03-15 07:30:00,19.088686,72.867919,11,VABB,260.0,5.1,22000.0,3000.0,29.0,18.0,,0,0,0,0,0,2024-03-15 07:00:00
2024-03-15 08:00:00,19.088686,72.867919,11,VABB,270.0,5.1,22000.0,3000.0,29.0,18.0,,0,0,0,0,0,2024-03-15 08:00:00
2024-03-15 08:30:00,19.088686,72.867919,11,VABB,250.0,5.1,22000.0,3000.0,29.0,17.0,,0,0,0,0,0,2024-03-15 08:00:00
2024-03-15 09:00:00,19.088686,72.867919,11,VABB,320.0,1.5,,2000.0,30.0,17.4,1011.8,0,0,0,0,0,2024-03-15 09:00:00
2024-03-15 09:00:00,19.088686,72.867919,11,VABB,270.0,4.6,22000.0,3500.0,29.0,18.0,,0,0,0,0,0,2024-03-15 09:00:00
2024-03-15 09:30:00,19.088686,72.867919,11,VABB,270.0,6.2,22000.0,3500.0,29.0,18.0,,0,0,0,0,0,2024-03-15 09:00:00
2024-03-15 10:00:00,19.088686,72.867919,11,VABB,280.0,5.1,22000.0,4000.0,29.0,18.0,,0,0,0,0,0,2024-03-15 10:00:00
2024-03-15 10:30:00,19.088686,72.867919,11,VABB,270.0,4.6,22000.0,4000.0,29.0,18.0,,0,0,0,0,0,2024-03-15 10:00:00
2024-03-15 11:00:00,19.088686,72.867919,11,VABB,270.0,5.1,22000.0,4000.0,28.0,17.0,,0,0,0,0,0,2024-03-15 11:00:00
2024-03-15 11:30:00,19.088686,72.867919,11,VABB,280.0,5.1,22000.0,4000.0,28.0,18.0,,0,0,0,0,0,2024-03-15 11:00:00
2024-03-15 12:00:00,19.088686,72.867919,11,VABB,270.0,2.1,,2000.0,28.2,17.8,1010.8,0,0,0,0,0,2024-03-15 12:00:00
2024-03-15 12:00:00,19.088686,72.867919,11,VABB,280.0,4.6,22000.0,4000.0,28.0,18.0,,0,0,0,0,0,2024-03-15 12:00:00
2024-03-15 12:30:00,19.088686,72.867919,11,VABB,290.0,4.6,22000.0,4000.0,28.0,18.0,,0,0,0,0,0,2024-03-15 12:00:00
2024-03-15 13:00:00,19.088686,72.867919,11,VABB,310.0,3.6,22000.0,4000.0,27.0,18.0,,0,0,0,0,0,2024-03-15 13:00:00
2024-03-15 13:30:00,19.088686,72.867919,11,VABB,280.0,3.1,22000.0,3500.0,27.0,19.0,,0,1,0,0,0,2024-03-15 13:00:00
2024-03-15 14:00:00,19.088686,72.867919,11,VABB,300.0,2.6,22000.0,3500.0,27.0,19.0,,0,1,0,0,0,2024-03-15 14:00:00
2024-03-15 14:30:00,19.088686,72.867919,11,VABB,330.0,2.6,22000.0,3500.0,27.0,19.0,,0,1,0,0,0,2024-03-15 14:00:00
2024-03-15 15:00:00,19.088686,72.867919,11,VABB,,0.0,,2000.0,25.4,19.5,1012.4,0,0,0,0,0,2024-03-15 15:00:00
2024-03-15 15:00:00,19.088686,72.867919,11,VABB,340.0,2.6,22000.0,3500.0,26.0,19.0,,0,1,0,0,0,2024-03-15 15:00:00
2024-03-15 15:30:00,19.088686,72.867919,11,VABB,300.0,2.6,22000.0,3500.0,26.0,20.0,,0,1,0,0,0,2024-03-15 15:00:00
2024-03-15 16:00:00,19.088686,72.867919,11,VABB,320.0,1.5,22000.0,3500.0,26.0,20.0,,0,1,0,0,0,2024-03-15 16:00:00
2024-03-15 16:30:00,19.088686,72.867919,11,VABB,340.0,1.5,22000.0,3500.0,26.0,19.0,,0,1,0,0,0,2024-03-15 16:00:00
2024-03-15 17:00:00,19.088686,72.867919,11,VABB,50.0,3.1,22000.0,3500.0,27.0,20.0,,0,1,0,0,0,2024-03-15 17:00:00
2024-03-15 17:30:00,19.088686,72.867919,11,VABB,30.0,2.1,22000.0,3500.0,26.0,20.0,,0,1,0,0,0,2024-03-15 17:00:00
2024-03-15 18:00:00,19.088686,72.867919,11,VABB,,0.0,,2000.0,23.4,19.0,1013.0,0,0,0,0,0,2024-03-15 18:00:00
2024-03-15 18:00:00,19.088686,72.867919,11,VABB,0.0,0.0,22000.0,3000.0,25.0,20.0,,0,1,0,0,0,2024-03-15 18:00:00
2024-03-15 18:30:00,19.088686,72.867919,11,VABB,280.0,1.5,22000.0,3000.0,25.0,20.0,,0,1,0,0,0,2024-03-15 18:00:00
2024-03-15 19:00:00,19.088686,72.867919,11,VABB,320.0,1.5,22000.0,3000.0,25.0,20.0,,0,1,0,0,0,2024-03-15 19:00:00
2024-03-15 19:30:00,19.088686,72.867919,11,VABB,310.0,2.6,22000.0,3000.0,25.0,20.0,,0,1,0,0,0,2024-03-15 19:00:00
2024-03-15 20:00:00,19.088686,72.867919,11,VABB,310.0,2.1,22000.0,3000.0,25.0,20.0,,0,1,0,0,0,2024-03-15 20:00:00
2024-03-15 20:30:00,19.088686,72.867919,11,VABB,300.0,3.1,22000.0,3000.0,25.0,21.0,,0,1,0,0,0,2024-03-15 20:00:00
2024-03-15 21:00:00,19.088686,72.867919,11,VABB,,0.0,,2000.0,23.0,19.9,1011.8,0,0,0,0,0,2024-03-15 21:00:00
2024-03-15 21:00:00,19.088686,72.867919,11,VABB,40.0,2.1,22000.0,2500.0,25.0,21.0,,1,0,0,0,0,2024-03-15 21:00:00
2024-03-15 21:30:00,19.088686,72.867919,11,VABB,40.0,3.1,22000.0,2500.0,25.0,21.0,,1,0,0,0,0,2024-03-15 21:00:00
2024-03-15 22:00:00,19.088686,72.867919,11,VABB,10.0,2.6,22000.0,2500.0,25.0,21.0,,1,0,0,0,0,2024-03-15 22:00:00
2024-03-15 22:30:00,19.088686,72.867919,11,VABB,360.0,2.1,22000.0,2500.0,24.0,21.0,,1,0,0,0,0,2024-03-15 22:00:00
2024-03-15 23:00:00,19.088686,72.867919,11,VABB,20.0,2.1,22000.0,2500.0,24.0,21.0,,1,0,0,0,0,2024-03-15 23:00:00
2024-03-15 23:30:00,19.088686,72.867919,11,VABB,360.0,1.5,22000.0,2500.0,24.0,21.0,,1,0,0,0,0,2024-03-15 23:00:00
2024-03-16 00:00:00,19.088686,72.867919,11,VABB,,0.0,,2000.0,22.2,19.4,1011.9,0,0,0,0,0,2024-03-16 00:00:00
2024-03-16 00:00:00,19.088686,72.867919,11,VABB,350.0,2.1,22000.0,2500.0,24.0,21.0,,1,0,0,0,0,2024-03-16 00:00:00
2024-03-16 00:30:00,19.088686,72.867919,11,VABB,10.0,2.6,22000.0,2500.0,24.0,21.0,,1,0,0,0,0,2024-03-16 00:00:00
2024-03-16 01:00:00,19.088686,72.867919,11,VABB,30.0,2.6,22000.0,2500.0,24.0,21.0,,1,0,0,0,0,2024-03-16 01:00:00
2024-03-16 01:30:00,19.088686,72.867919,11,VABB,30.0,2.1,22000.0,2500.0,24.0,21.0,,1,0,0,0,0,2024-03-16 01:00:00
2024-03-16 02:00:00,19.088686,72.867919,11,VABB,70.0,3.1,22000.0,2500.0,25.0,21.0,,1,0,0,0,0,2024-03-16 02:00:00
2024-03-16 02:30:00,19.088686,72.867919,11,VABB,40.0,2.6,22000.0,2100.0,24.0,21.0,,1,0,0,0,0,2024-03-16 02:00:00
2024-03-16 03:00:00,19.088686,72.867919,11,VABB,,0.0,22000.0,2000.0,23.4,20.3,1013.8,0,0,0,0,0,2024-03-16 03:00:00
2024-03-16 03:00:00,19.088686,72.867919,11,VABB,360.0,2.1,22000.0,2100.0,25.0,21.0,,1,0,0,0,0,2024-03-16 03:00:00
2024-03-16 03:30:00,19.088686,72.867919,11,VABB,320.0,2.6,22000.0,2500.0,26.0,18.0,,0,1,0,0,0,2024-03-16 03:00:00
2024-03-16 04:00:00,19.088686,72.867919,11,VABB,300.0,1.5,22000.0,2500.0,27.0,17.0,,0,0,0,0,0,2024-03-16 04:00:00
2024-03-16 04:30:00,19.088686,72.867919,11,VABB,70.0,2.1,22000.0,2500.0,29.0,15.0,,0,0,0,0,0,2024-03-16 04:00:00
2024-03-16 05:00:00,19.088686,72.867919,11,VABB,0.0,0.0,22000.0,2500.0,29.0,16.0,,0,0,0,0,0,2024-03-16 05:00:00
2024-03-16 05:30:00,19.088686,72.867919,11,VABB,20.0,2.1,22000.0,2500.0,30.0,14.0,,0,0,0,0,0,2024-03-16 05:00:00
2024-03-16 06:00:00,19.088686,72.867919,11,VABB,290.0,1.5,,2000.0,30.2,18.4,1014.0,0,0,0,0,0,2024-03-16 06:00:00
2024-03-16 06:00:00,19.088686,72.867919,11,VABB,260.0,5.1,22000.0,2500.0,29.0,18.0,,0,0,0,0,0,2024-03-16 06:00:00
2024-03-16 06:30:00,19.088686,72.867919,11,VABB,310.0,4.1,22000.0,3000.0,31.0,17.0,,0,0,0,0,0,2024-03-16 06:00:00
2024-03-16 07:00:00,19.088686,72.867919,11,VABB,280.0,5.7,22000.0,3000.0,31.0,17.0,,0,0,0,0,0,2024-03-16 07:00:00
2024-03-16 07:30:00,19.088686,72.867919,11,VABB,300.0,3.6,10000.0,3000.0,31.0,16.0,,0,0,0,0,0,2024-03-16 07:00:00
2024-03-16 08:00:00,19.088686,72.867919,11,VABB,290.0,5.1,10000.0,3000.0,31.0,16.0,,0,0,0,0,0,2024-03-16 08:00:00
2024-03-16 08:30:00,19.088686,72.867919,11,VABB,290.0,5.1,10000.0,4000.0,32.0,17.0,,0,0,0,0,0,2024-03-16 08:00:00
2024-03-16 09:00:00,19.088686,72.867919,11,VABB,320.0,2.1,22000.0,2000.0,31.6,16.8,1010.8,0,0,0,0,0,2024-03-16 09:00:00
2024-03-16 09:00:00,19.088686,72.867919,11,VABB,290.0,5.7,10000.0,4000.0,31.0,15.0,,0,0,0,0,0,2024-03-16 09:00:00
2024-03-16 09:30:00,19.088686,72.867919,11,VABB,290.0,4.6,2000.0,4000.0,31.0,16.0,,0,0,0,0,0,2024-03-16 09:00:00
2024-03-16 10:00:00,19.088686,72.867919,11,VABB,310.0,4.6,2000.0,4000.0,31.0,17.0,,0,0,0,0,0,2024-03-16 10:00:00
2024-03-16 10:30:00,19.088686,72.867919,11,VABB,300.0,4.6,2000.0,4000.0,31.0,16.0,,0,0,0,0,0,2024-03-16 10:00:00
2024-03-16 11:00:00,19.088686,72.867919,11,VABB,290.0,4.6,2000.0,4000.0,31.0,17.0,,0,0,0,0,0,2024-03-16 11:00:00
2024-03-16 11:30:00,19.088686,72.867919,11,VABB,280.0,5.1,2000.0,4000.0,30.0,16.0,,0,0,0,0,0,2024-03-16 11:00:00
2024-03-16 12:00:00,19.088686,72.867919,11,VABB,320.0,2.1,22000.0,2000.0,30.0,16.3,1010.0,0,0,0,0,0,2024-03-16 12:00:00
2024-03-16 12:00:00,19.088686,72.867919,11,VABB,300.0,4.6,2000.0,4000.0,30.0,16.0,,0,0,0,0,0,2024-03-16 12:00:00
2024-03-16 12:30:00,19.088686,72.867919,11,VABB,270.0,4.6,2000.0,4000.0,30.0,16.0,,0,0,0,0,0,2024-03-16 12:00:00
2024-03-16 13:00:00,19.088686,72.867919,11,VABB,280.0,4.1,2000.0,4000.0,29.0,16.0,,0,0,0,0,0,2024-03-16 13:00:00
2024-03-16 13:30:00,19.088686,72.867919,11,VABB,290.0,3.6,2000.0,3500.0,28.0,17.0,,0,0,0,0,0,2024-03-16 13:00:00
2024-03-16 14:00:00,19.088686,72.867919,11,VABB,280.0,4.1,2000.0,3500.0,28.0,18.0,,0,0,0,0,0,2024-03-16 14:00:00
2024-03-16 14:30:00,19.088686,72.867919,11,VABB,310.0,2.1,2000.0,3000.0,27.0,19.0,,0,0,0,0,0,2024-03-16 14:00:00
2024-03-16 15:00:00,19.088686,72.867919,11,VABB,320.0,1.5,,2000.0,26.6,19.5,1011.8,0,0,0,0,0,2024-03-16 15:00:00
2024-03-16 15:00:00,19.088686,72.867919,11,VABB,290.0,3.1,2000.0,3000.0,28.0,20.0,,0,1,0,0,0,2024-03-16 15:00:00
2024-03-16 15:30:00,19.088686,72.867919,11,VABB,280.0,3.1,,3000.0,27.0,21.0,,0,1,0,0,0,2024-03-16 15:00:00
2024-03-16 16:00:00,19.088686,72.867919,11,VABB,280.0,2.6,,3000.0,26.0,21.0,,0,1,0,0,0,2024-03-16 16:00:00
2024-03-16 16:30:00,19.088686,72.867919,11,VABB,250.0,3.1,,3000.0,26.0,21.0,,0,1,0,0,0,2024-03-16 16:00:00
2024-03-16 17:00:00,19.088686,72.867919,11,VABB,240.0,3.6,,3000.0,26.0,22.0,,0,1,0,0,0,2024-03-16 17:00:00
2024-03-16 17:30:00,19.088686,72.867919,11,VABB,280.0,2.1,,3000.0,26.0,22.0,,0,1,0,0,0,2024-03-16 17:00:00
2024-03-16 18:00:00,19.088686,72.867919,11,VABB,,0.0,,2000.0,25.0,21.1,1012.6,0,0,0,0,0,2024-03-16 18:00:00
2024-03-16 18:00:00,19.088686,72.867919,11,VABB,270.0,2.6,,2500.0,26.0,22.0,,1,0,0,0,0,2024-03-16 18:00:00
2024-03-16 18:30:00,19.088686,72.867919,11,VABB,270.0,2.6,,2500.0,26.0,22.0,,1,0,0,0,0,2024-03-16 18:00:00
2024-03-16 19:00:00,19.088686,72.867919,11,VABB,300.0,1.5,22000.0,2500.0,26.0,22.0,,1,0,0,0,0,2024-03-16 19:00:00
2024-03-16 19:30:00,19.088686,72.867919,11,VABB,0.0,0.0,22000.0,2500.0,25.0,22.0,,1,0,0,0,0,2024-03-16 19:00:00
2024-03-16 20:00:00,19.088686,72.867919,11,VABB,230.0,2.1,2000.0,2500.0,25.0,22.0,,0,1,0,0,0,2024-03-16 20:00:00
2024-03-16 20:30:00,19.088686,72.867919,11,VABB,300.0,2.1,2000.0,2500.0,25.0,22.0,,0,1,0,0,0,2024-03-16 20:00:00
2024-03-16 21:00:00,19.088686,72.867919,11,VABB,,0.0,,2000.0,23.0,20.2,1011.0,0,0,0,0,0,2024-03-16 21:00:00
2024-03-16 21:00:00,19.088686,72.867919,11,VABB,270.0,1.5,2000.0,2500.0,25.0,22.0,,0,1,0,0,0,2024-03-16 21:00:00
2024-03-16 21:30:00,19.088686,72.867919,11,VABB,290.0,1.5,2000.0,2500.0,25.0,22.0,,0,1,0,0,0,2024-03-16 21:00:00
2024-03-16 22:00:00,19.088686,72.867919,11,VABB,300.0,2.1,2000.0,2500.0,25.0,22.0,,0,1,0,0,0,2024-03-16 22:00:00
2024-03-16 22:30:00,19.088686,72.867919,11,VABB,300.0,2.1,22000.0,2500.0,25.0,22.0,,0,1,0,0,0,2024-03-16 22:00:00
2024-03-16 23:00:00,19.088686,72.867919,11,VABB,310.0,2.1,22000.0,2500.0,26.0,22.0,,0,1,0,0,0,2024-03-16 23:00:00
2024-03-16 23:30:00,19.088686,72.867919,11,VABB,330.0,1.5,22000.0,2500.0,25.0,22.0,,0,1,0,0,0,2024-03-16 23:00:00
2024-03-17 00:00:00,19.088686,72.867919,11,VABB,,0.0,,2000.0,22.6,20.1,1011.1,0,0,0,0,0,2024-03-17 00:00:00
2024-03-17 00:30:00,19.088686,72.867919,11,VABB,340.0,1.5,22000.0,2500.0,25.0,22.0,,0,1,0,0,0,2024-03-17 00:00:00
2024-03-17 01:00:00,19.088686,72.867919,11,VABB,50.0,3.1,22000.0,2100.0,25.0,22.0,,0,1,0,0,0,2024-03-17 01:00:00
2024-03-17 01:30:00,19.088686,72.867919,11,VABB,10.0,2.6,22000.0,2100.0,25.0,22.0,,1,0,0,0,0,2024-03-17 01:00:00
2024-03-17 02:00:00,19.088686,72.867919,11,VABB,60.0,3.1,22000.0,2100.0,25.0,22.0,,1,0,0,0,0,2024-03-17 02:00:00
2024-03-17 02:30:00,19.088686,72.867919,11,VABB,30.0,2.6,22000.0,2100.0,25.0,21.0,,1,0,0,0,0,2024-03-17 02:00:00
2024-03-17 03:00:00,19.088686,72.867919,11,VABB,,0.0,22000.0,2000.0,24.0,21.0,1013.6,0,0,0,0,0,2024-03-17 03:00:00
2024-03-17 03:00:00,19.088686,72.867919,11,VABB,10.0,2.1,22000.0,2100.0,25.0,22.0,,1,0,0,0,0,2024-03-17 03:00:00
2024-03-17 03:30:00,19.088686,72.867919,11,VABB,10.0,3.1,22000.0,2500.0,26.0,20.0,,0,1,0,0,0,2024-03-17 03:00:00
2024-03-17 04:00:00,19.088686,72.867919,11,VABB,60.0,2.1,10000.0,2500.0,28.0,19.0,,0,1,0,0,0,2024-03-17 04:00:00
2024-03-17 04:30:00,19.088686,72.867919,11,VABB,30.0,2.1,10000.0,2500.0,29.0,16.0,,0,1,0,0,0,2024-03-17 04:00:00
2024-03-17 05:00:00,19.088686,72.867919,11,VABB,300.0,2.6,22000.0,2500.0,30.0,13.0,,0,1,0,0,0,2024-03-17 05:00:00
2024-03-17 05:30:00,19.088686,72.867919,11,VABB,120.0,2.6,22000.0,3000.0,31.0,13.0,,0,0,0,0,0,2024-03-17 05:00:00
2024-03-17 06:00:00,19.088686,72.867919,11,VABB,,0.0,,2000.0,31.2,11.8,1013.5,0,0,0,0,0,2024-03-17 06:00:00
2024-03-17 06:00:00,19.088686,72.867919,11,VABB,130.0,3.1,22000.0,3000.0,32.0,15.0,,0,0,0,0,0,2024-03-17 06:00:00
2024-03-17 06:30:00,19.088686,72.867919,11,VABB,120.0,2.1,22000.0,3000.0,33.0,14.0,,0,0,0,0,0,2024-03-17 06:00:00
2024-03-17 07:00:00,19.088686,72.867919,11,VABB,260.0,5.7,22000.0,3000.0,31.0,19.0,,0,0,0,0,0,2024-03-17 07:00:00
2024-03-17 07:30:00,19.088686,72.867919,11,VABB,250.0,4.6,22000.0,3000.0,32.0,19.0,,0,0,0,0,0,2024-03-17 07:00:00
2024-03-17 08:00:00,19.088686,72.867919,11,VABB,270.0,4.1,22000.0,3000.0,31.0,18.0,,0,0,0,0,0,2024-03-17 08:00:00
2024-03-17 08:30:00,19.088686,72.867919,11,VABB,260.0,5.1,22000.0,3500.0,31.0,18.0,,0,0,0,0,0,2024-03-17 08:00:00
2024-03-17 09:00:00,19.088686,72.867919,11,VABB,320.0,1.5,,2000.0,32.0,18.5,1011.3,0,0,0,0,0,2024-03-17 09:00:00
2024-03-17 09:00:00,19.088686,72.867919,11,VABB,260.0,6.2,22000.0,3500.0,31.0,18.0,,0,0,0,0,0,2024-03-17 09:00:00
2024-03-17 09:30:00,19.088686,72.867919,11,VABB,260.0,5.7,22000.0,3500.0,30.0,19.0,,0,0,0,0,0,2024-03-17 09:00:00
2024-03-17 10:00:00,19.088686,72.867919,11,VABB,270.0,6.2,22000.0,4000.0,30.0,19.0,,0,0,0,0,0,2024-03-17 10:00:00
2024-03-17 10:30:00,19.088686,72.867919,11,VABB,270.0,5.1,22000.0,4000.0,30.0,19.0,,0,0,0,0,0,2024-03-17 10:00:00
2024-03-17 11:00:00,19.088686,72.867919,11,VABB,280.0,5.1,22000.0,4000.0,30.0,20.0,,0,0,0,0,0,2024-03-17 11:00:00
2024-03-17 11:30:00,19.088686,72.867919,11,VABB,260.0,5.1,22000.0,4000.0,29.0,20.0,,0,0,0,0,0,2024-03-17 11:00:00
2024-03-17 12:00:00,19.088686,72.867919,11,VABB,320.0,1.5,22000.0,2000.0,29.4,19.6,1011.2,0,0,0,0,0,2024-03-17 12:00:00
2024-03-17 12:00:00,19.088686,72.867919,11,VABB,280.0,4.6,22000.0,4000.0,29.0,19.0,,0,0,0,0,0,2024-03-17 12:00:00
2024-03-17 12:30:00,19.088686,72.867919,11,VABB,260.0,4.1,22000.0,4000.0,28.0,20.0,,0,1,0,0,0,2024-03-17 12:00:00
2024-03-17 13:00:00,19.088686,72.867919,11,VABB,250.0,4.6,22000.0,4000.0,28.0,20.0,,0,1,0,0,0,2024-03-17 13:00:00
2024-03-17 13:30:00,19.088686,72.867919,11,VABB,270.0,4.6,10000.0,3500.0,27.0,21.0,,0,1,0,0,0,2024-03-17 13:00:00
2024-03-17 14:00:00,19.088686,72.867919,11,VABB,270.0,3.6,10000.0,3500.0,27.0,21.0,,0,1,0,0,0,2024-03-17 14:00:00
2024-03-17 14:30:00,19.088686,72.867919,11,VABB,280.0,4.1,22000.0,3500.0,27.0,21.0,,0,1,1,0,0,2024-03-17 14:00:00
2024-03-17 15:00:00,19.088686,72.867919,11,VABB,,0.0,22000.0,2000.0,27.0,21.0,1013.2,0,0,0,0,0,2024-03-17 15:00:00
2024-03-17 15:00:00,19.088686,72.867919,11,VABB,260.0,3.6,10000.0,3000.0,27.0,21.0,,0,1,0,0,0,2024-03-17 15:00:00
2024-03-17 15:30:00,19.088686,72.867919,11,VABB,250.0,3.6,10000.0,3000.0,27.0,21.0,,0,1,0,0,0,2024-03-17 15:00:00
2024-03-17 16:00:00,19.088686,72.867919,11,VABB,260.0,3.1,10000.0,3000.0,27.0,21.0,,0,1,0,0,0,2024-03-17 16:00:00
2024-03-17 16:30:00,19.088686,72.867919,11,VABB,250.0,3.6,10000.0,3000.0,27.0,22.0,,0,1,0,0,0,2024-03-17 16:00:00
2024-03-17 17:00:00,19.088686,72.867919,11,VABB,250.0,3.1,10000.0,3000.0,27.0,22.0,,0,1,0,0,0,2024-03-17 17:00:00
2024-03-17 17:30:00,19.088686,72.867919,11,VABB,220.0,2.6,10000.0,3000.0,27.0,22.0,,0,1,0,0,0,2024-03-17 17:00:00
2024-03-17 18:00:00,19.088686,72.867919,11,VABB,,0.0,22000.0,2000.0,26.2,21.4,1013.3,0,0,0,0,0,2024-03-17 18:00:00
2024-03-17 18:00:00,19.088686,72.867919,11,VABB,240.0,3.1,10000.0,3000.0,26.0,22.0,,0,1,0,0,0,2024-03-17 18:00:00
2024-03-17 18:30:00,19.088686,72.867919,11,VABB,240.0,3.1,2000.0,3000.0,26.0,22.0,,0,1,0,0,0,2024-03-17 18:00:00
2024-03-17 19:00:00,19.088686,72.867919,11,VABB,250.0,3.1,2000.0,3000.0,26.0,23.0,,0,1,0,0,0,2024-03-17 19:00:00
2024-03-17 19:30:00,19.088686,72.867919,11,VABB,270.0,2.1,2000.0,3000.0,26.0,22.0,,0,1,0,0,0,2024-03-17 19:00:00
2024-03-17 20:00:00,19.088686,72.867919,11,VABB,280.0,2.6,2000.0,2500.0,26.0,23.0,,0,1,0,0,0,2024-03-17 20:00:00
2024-03-17 20:30:00,19.088686,72.867919,11,VABB,290.0,2.6,2000.0,2500.0,26.0,23.0,,0,1,0,0,0,2024-03-17 20:00:00
2024-03-17 21:00:00,19.088686,72.867919,11,VABB,,0.0,22000.0,2000.0,25.4,21.8,1012.1,0,0,0,0,0,2024-03-17 21:00:00
2024-03-17 21:00:00,19.088686,72.867919,11,VABB,260.0,1.5,2000.0,2500.0,26.0,23.0,,0,1,0,0,0,2024-03-17 21:00:00
2024-03-17 21:30:00,19.088686,72.867919,11,VABB,300.0,2.6,2000.0,2500.0,26.0,23.0,,0,1,0,0,0,2024-03-17 21:00:00
2024-03-17 22:00:00,19.088686,72.867919,11,VABB,330.0,2.6,2000.0,2500.0,26.0,23.0,,1,0,0,0,0,2024-03-17 22:00:00
2024-03-17 22:30:00,19.088686,72.867919,11,VABB,40.0,2.6,2000.0,2500.0,26.0,23.0,,1,0,0,0,0,2024-03-17 22:00:00
2024-03-17 23:00:00,19.088686,72.867919,11,VABB,60.0,2.6,2000.0,2500.0,25.0,23.0,,1,0,0,0,0,2024-03-17 23:00:00
2024-03-17 23:30:00,19.088686,72.867919,11,VABB,50.0,2.1,2000.0,2500.0,25.0,23.0,,1,0,0,0,0,2024-03-17 23:00:00
2024-03-18 00:00:00,19.088686,72.867919,11,VABB,,0.0,22000.0,2000.0,24.2,21.5,1011.6,0,0,0,0,0,2024-03-18 00:00:00
2024-03-18 00:00:00,19.088686,72.867919,11,VABB,30.0,3.1,2000.0,2500.0,25.0,23.0,,1,0,0,0,0,2024-03-18 00:00:00
2024-03-18 00:30:00,19.088686,72.867919,11,VABB,60.0,2.6,2000.0,2500.0,25.0,23.0,,1,0,0,0,0,2024-03-18 00:00:00
2024-03-18 01:00:00,19.088686,72.867919,11,VABB,0.0,0.0,3048.0,2200.0,25.0,22.0,,1,0,0,0,0,2024-03-18 01:00:00
2024-03-18 01:30:00,19.088686,72.867919,11,VABB,120.0,1.5,3048.0,2200.0,25.0,22.0,,1,0,0,0,0,2024-03-18 01:00:00
2024-03-18 02:00:00,19.088686,72.867919,11,VABB,120.0,2.1,3048.0,2100.0,25.0,22.0,,1,0,0,0,0,2024-03-18 02:00:00
2024-03-18 02:30:00,19.088686,72.867919,11,VABB,10.0,2.6,10000.0,2200.0,26.0,22.0,,1,0,0,0,0,2024-03-18 02:00:00
2024-03-18 03:00:00,19.088686,72.867919,11,VABB,,0.0,22000.0,2000.0,25.0,21.7,1013.7,0,0,0,0,0,2024-03-18 03:00:00
2024-03-18 03:00:00,19.088686,72.867919,11,VABB,0.0,0.0,2000.0,2500.0,26.0,22.0,,0,1,0,0,0,2024-03-18 03:00:00
2024-03-18 03:30:00,19.088686,72.867919,11,VABB,40.0,1.5,2000.0,2500.0,27.0,23.0,,0,1,0,0,0,2024-03-18 03:00:00
2024-03-18 04:00:00,19.088686,72.867919,11,VABB,320.0,1.5,2000.0,2500.0,27.0,22.0,,0,1,0,0,0,2024-03-18 04:00:00
2024-03-18 04:30:00,19.088686,72.867919,11,VABB,50.0,2.6,2000.0,2500.0,29.0,22.0,,0,1,0,0,0,2024-03-18 04:00:00
2024-03-18 05:00:00,19.088686,72.867919,11,VABB,230.0,2.6,2000.0,2500.0,29.0,22.0,,0,1,0,0,0,2024-03-18 05:00:00
2024-03-18 05:30:00,19.088686,72.867919,11,VABB,240.0,4.1,22000.0,2500.0,30.0,22.0,,0,1,0,0,0,2024-03-18 05:00:00
2024-03-18 06:00:00,19.088686,72.867919,11,VABB,,0.0,,2000.0,30.0,21.0,1014.3,0,0,0,0,0,2024-03-18 06:00:00
2024-03-18 06:00:00,19.088686,72.867919,11,VABB,240.0,2.1,22000.0,3000.0,30.0,21.0,,0,1,0,0,0,2024-03-18 06:00:00
2024-03-18 06:30:00,19.088686,72.867919,11,VABB,240.0,3.6,22000.0,3000.0,31.0,21.0,,0,0,0,0,0,2024-03-18 06:00:00
2024-03-18 07:00:00,19.088686,72.867919,11,VABB,280.0,5.1,22000.0,3000.0,31.0,21.0,,0,0,0,0,0,2024-03-18 07:00:00
2024-03-18 07:30:00,19.088686,72.867919,11,VABB,260.0,4.6,22000.0,3000.0,31.0,18.0,,0,0,0,0,0,2024-03-18 07:00:00
2024-03-18 08:00:00,19.088686,72.867919,11,VABB,280.0,4.6,22000.0,3500.0,32.0,17.0,,0,0,0,0,0,2024-03-18 08:00:00
2024-03-18 08:30:00,19.088686,72.867919,11,VABB,260.0,6.2,22000.0,4000.0,31.0,17.0,,0,0,0,0,0,2024-03-18 08:00:00
2024-03-18 09:00:00,19.088686,72.867919,11,VABB,320.0,1.5,,2000.0,31.6,17.9,1010.9,0,0,0,0,0,2024-03-18 09:00:00
2024-03-18 09:00:00,19.088686,72.867919,11,VABB,260.0,7.2,22000.0,4000.0,31.0,19.0,,0,0,0,0,0,2024-03-18 09:00:00
2024-03-18 09:30:00,19.088686,72.867919,11,VABB,280.0,3.6,22000.0,4000.0,31.0,18.0,,0,0,0,0,1,2024-03-18 09:00:00
2024-03-18 10:00:00,19.088686,72.867919,11,VABB,270.0,3.6,22000.0,4000.0,31.0,19.0,,0,0,0,0,1,2024-03-18 10:00:00
2024-03-18 10:30:00,19.088686,72.867919,11,VABB,280.0,5.1,22000.0,4000.0,32.0,18.0,,0,0,0,0,0,2024-03-18 10:00:00
2024-03-18 11:00:00,19.088686,72.867919,11,VABB,300.0,4.1,22000.0,4000.0,32.0,18.0,,0,0,0,0,0,2024-03-18 11:00:00
2024-03-18 11:30:00,19.088686,72.867919,11,VABB,280.0,5.1,22000.0,4000.0,30.0,20.0,,0,0,0,0,0,2024-03-18 11:00:00
2024-03-18 12:00:00,19.088686,72.867919,11,VABB,320.0,1.5,,2000.0,30.6,20.0,1009.6,0,0,0,0,0,2024-03-18 12:00:00
2024-03-18 12:00:00,19.088686,72.867919,11,VABB,280.0,4.1,22000.0,4000.0,30.0,20.0,,0,0,0,0,0,2024-03-18 12:00:00
2024-03-18 12:30:00,19.088686,72.867919,11,VABB,270.0,4.1,22000.0,4000.0,29.0,21.0,,0,0,0,0,0,2024-03-18 12:00:00
2024-03-18 13:00:00,19.088686,72.867919,11,VABB,280.0,5.1,2000.0,3500.0,28.0,22.0,,0,0,0,0,0,2024-03-18 13:00:00
2024-03-18 13:30:00,19.088686,72.867919,11,VABB,280.0,4.1,22000.0,3000.0,28.0,21.0,,0,1,0,0,0,2024-03-18 13:00:00
2024-03-18 14:00:00,19.088686,72.867919,11,VABB,260.0,3.6,22000.0,3000.0,28.0,21.0,,0,1,0,0,0,2024-03-18 14:00:00
2024-03-18 14:30:00,19.088686,72.867919,11,VABB,280.0,3.6,22000.0,3000.0,27.0,22.0,,0,1,0,0,0,2024-03-18 14:00:00
2024-03-18 15:00:00,19.088686,72.867919,11,VABB,,0.0,,2000.0,27.0,21.9,1012.1,0,0,0,0,0,2024-03-18 15:00:00
2024-03-18 15:00:00,19.088686,72.867919,11,VABB,280.0,3.6,22000.0,3000.0,27.0,23.0,,0,1,0,0,0,2024-03-18 15:00:00
2024-03-18 15:30:00,19.088686,72.867919,11,VABB,270.0,3.1,22000.0,3000.0,27.0,23.0,,0,1,0,0,0,2024-03-18 15:00:00
2024-03-18 16:00:00,19.088686,72.867919,11,VABB,270.0,3.1,22000.0,3000.0,27.0,24.0,,1,0,0,0,0,2024-03-18 16:00:00
2024-03-18 16:30:00,19.088686,72.867919,11,VABB,240.0,2.6,22000.0,3000.0,27.0,24.0,,1,0,0,0,0,2024-03-18 16:00:00
2024-03-18 17:00:00,19.088686,72.867919,11,VABB,210.0,3.1,22000.0,3000.0,26.0,24.0,,1,0,0,0,0,2024-03-18 17:00:00
2024-03-18 17:30:00,19.088686,72.867919,11,VABB,190.0,2.6,22000.0,3000.0,26.0,24.0,,1,0,0,0,0,2024-03-18 17:00:00
2024-03-18 18:00:00,19.088686,72.867919,11,VABB,270.0,1.5,22000.0,2000.0,26.0,22.4,1012.9,0,0,0,0,0,2024-03-18 18:00:00
2024-03-18 18:00:00,19.088686,72.867919,11,VABB,200.0,2.1,22000.0,2500.0,26.0,24.0,,1,0,0,0,0,2024-03-18 18:00:00
2024-03-18 18:30:00,19.088686,72.867919,11,VABB,240.0,1.5,2000.0,2500.0,26.0,24.0,,1,0,0,0,0,2024-03-18 18:00:00
2024-03-18 19:00:00,19.088686,72.867919,11,VABB,240.0,3.1,2000.0,2500.0,26.0,24.0,,1,0,0,0,0,2024-03-18 19:00:00
2024-03-18 19:30:00,19.088686,72.867919,11,VABB,240.0,3.1,2000.0,2500.0,26.0,23.0,,1,0,0,0,0,2024-03-18 19:00:00
2024-03-18 20:00:00,19.088686,72.867919,11,VABB,260.0,2.1,2000.0,2500.0,26.0,23.0,,1,0,0,0,0,2024-03-18 20:00:00
2024-03-18 20:30:00,19.088686,72.867919,11,VABB,270.0,2.1,2000.0,2500.0,26.0,23.0,,1,0,0,0,0,2024-03-18 20:00:00
2024-03-18 21:00:00,19.088686,72.867919,11,VABB,,0.0,,2000.0,25.0,22.0,1012.1,0,0,0,0,0,2024-03-18 21:00:00
2024-03-18 21:00:00,19.088686,72.867919,11,VABB,240.0,2.1,2000.0,2500.0,26.0,23.0,,1,0,0,0,0,2024-03-18 21:00:00
2024-03-18 21:30:00,19.088686,72.867919,11,VABB,240.0,3.1,2000.0,2500.0,26.0,23.0,,1,0,0,0,0,2024-03-18 21:00:00
2024-03-18 22:00:00,19.088686,72.867919,11,VABB,330.0,2.1,2000.0,2500.0,26.0,24.0,,1,0,0,0,0,2024-03-18 22:00:00
2024-03-18 22:30:00,19.088686,72.867919,11,VABB,340.0,1.5,2000.0,2500.0,26.0,23.0,,1,0,0,0,0,2024-03-18 22:00:00
2024-03-18 23:00:00,19.088686,72.867919,11,VABB,350.0,1.5,2000.0,2500.0,26.0,24.0,,1,0,0,0,0,2024-03-18 23:00:00
2024-03-18 23:30:00,19.088686,72.867919,11,VABB,20.0,2.1,2000.0,2500.0,25.0,23.0,,1,0,0,0,0,2024-03-18 23:00:00
2024-03-19 00:00:00,19.088686,72.867919,11,VABB,,0.0,,2000.0,23.6,21.5,1012.1,0,0,0,0,0,2024-03-19 00:00:00
2024-03-19 00:00:00,19.088686,72.867919,11,VABB,90.0,2.1,2000.0,2500.0,25.0,23.0,,1,0,0,0,0,2024-03-19 00:00:00
2024-03-19 00:30:00,19.088686,72.867919,11,VABB,80.0,2.6,2000.0,2500.0,25.0,23.0,,1,0,0,0,0,2024-03-19 00:00:00
2024-03-19 01:00:00,19.088686,72.867919,11,VABB,90.0,2.6,22000.0,2100.0,25.0,23.0,,1,0,0,0,0,2024-03-19 01:00:00
2024-03-19 01:30:00,19.088686,72.867919,11,VABB,100.0,2.6,22000.0,1700.0,25.0,23.0,,1,0,0,0,0,2024-03-19 01:00:00
2024-03-19 02:00:00,19.088686,72.867919,11,VABB,90.0,2.6,22000.0,1600.0,25.0,23.0,,1,0,0,0,0,2024-03-19 02:00:00
2024-03-19 02:30:00,19.088686,72.867919,11,VABB,110.0,4.1,22000.0,1400.0,25.0,23.0,,1,0,0,0,0,2024-03-19 02:00:00
2024-03-19 03:00:00,19.088686,72.867919,11,VABB,,0.0,,2000.0,24.6,22.2,1013.7,0,0,0,0,0,2024-03-19 03:00:00
2024-03-19 03:00:00,19.088686,72.867919,11,VABB,90.0,3.1,22000.0,1400.0,26.0,24.0,,1,0,0,0,0,2024-03-19 03:00:00
2024-03-19 03:30:00,19.088686,72.867919,11,VABB,100.0,3.1,22000.0,1600.0,27.0,23.0,,1,0,0,0,0,2024-03-19 03:00:00
2024-03-19 04:00:00,19.088686,72.867919,11,VABB,90.0,3.1,22000.0,1600.0,28.0,22.0,,0,1,0,0,0,2024-03-19 04:00:00
2024-03-19 04:30:00,19.088686,72.867919,11,VABB,100.0,2.1,22000.0,1800.0,29.0,22.0,,0,1,0,0,0,2024-03-19 04:00:00
2024-03-19 05:00:00,19.088686,72.867919,11,VABB,0.0,0.0,22000.0,2200.0,29.0,21.0,,0,1,0,0,0,2024-03-19 05:00:00
2024-03-19 05:30:00,19.088686,72.867919,11,VABB,80.0,2.6,22000.0,2200.0,31.0,20.0,,0,1,0,0,0,2024-03-19 05:00:00
2024-03-19 06:00:00,19.088686,72.867919,11,VABB,230.0,1.5,,2000.0,31.6,19.4,1014.0,0,0,0,0,0,2024-03-19 06:00:00
2024-03-19 06:00:00,19.088686,72.867919,11,VABB,190.0,2.6,22000.0,2200.0,33.0,18.0,,0,0,0,0,0,2024-03-19 06:00:00
2024-03-19 06:30:00,19.088686,72.867919,11,VABB,310.0,2.1,22000.0,2200.0,32.0,19.0,,0,0,0,0,0,2024-03-19 06:00:00
2024-03-19 07:00:00,19.088686,72.867919,11,VABB,250.0,5.7,22000.0,2500.0,32.0,20.0,,0,0,0,0,0,2024-03-19 07:00:00
2024-03-19 07:30:00,19.088686,72.867919,11,VABB,250.0,3.6,22000.0,2500.0,33.0,19.0,,0,0,0,0,1,2024-03-19 07:00:00
2024-03-19 08:00:00,19.088686,72.867919,11,VABB,270.0,6.2,22000.0,2500.0,33.0,17.0,,0,0,0,0,0,2024-03-19 08:00:00
2024-03-19 08:30:00,19.088686,72.867919,11,VABB,280.0,5.1,22000.0,3000.0,33.0,18.0,,0,0,0,0,0,2024-03-19 08:00:00
2024-03-19 09:00:00,19.088686,72.867919,11,VABB,320.0,4.1,,2000.0,33.8,17.7,1010.4,0,0,0,0,0,2024-03-19 09:00:00
2024-03-19 09:00:00,19.088686,72.867919,11,VABB,280.0,6.2,22000.0,3500.0,33.0,15.0,,0,0,0,0,0,2024-03-19 09:00:00
2024-03-19 09:30:00,19.088686,72.867919,11,VABB,280.0,5.7,22000.0,4000.0,34.0,14.0,,0,0,0,0,0,2024-03-19 09:00:00
2024-03-19 10:00:00,19.088686,72.867919,11,VABB,280.0,6.7,22000.0,4000.0,34.0,13.0,,0,0,0,0,0,2024-03-19 10:00:00
2024-03-19 10:30:00,19.088686,72.867919,11,VABB,290.0,5.1,10000.0,4000.0,34.0,12.0,,0,0,0,0,0,2024-03-19 10:00:00
2024-03-19 11:00:00,19.088686,72.867919,11,VABB,300.0,4.1,10000.0,4000.0,34.0,14.0,,0,0,0,0,0,2024-03-19 11:00:00
2024-03-19 11:30:00,19.088686,72.867919,11,VABB,300.0,6.2,10000.0,4000.0,32.0,14.0,,0,0,0,0,0,2024-03-19 11:00:00
2024-03-19 12:00:00,19.088686,72.867919,11,VABB,320.0,4.1,22000.0,2000.0,31.0,16.8,1009.4,0,0,0,0,0,2024-03-19 12:00:00
2024-03-19 12:00:00,19.088686,72.867919,11,VABB,300.0,5.7,10000.0,4000.0,31.0,17.0,,0,0,0,0,0,2024-03-19 12:00:00
2024-03-19 12:30:00,19.088686,72.867919,11,VABB,300.0,6.2,10000.0,4000.0,30.0,18.0,,0,0,0,0,0,2024-03-19 12:00:00
2024-03-19 13:00:00,19.088686,72.867919,11,VABB,300.0,4.1,10000.0,4000.0,30.0,18.0,,0,0,0,0,0,2024-03-19 13:00:00
2024-03-19 13:30:00,19.088686,72.867919,11,VABB,300.0,4.6,10000.0,4000.0,29.0,19.0,,0,0,0,0,0,2024-03-19 13:00:00
2024-03-19 14:00:00,19.088686,72.867919,11,VABB,310.0,3.6,22000.0,4000.0,29.0,19.0,,0,0,0,0,0,2024-03-19 14:00:00
2024-03-19 14:30:00,19.088686,72.867919,11,VABB,290.0,3.1,22000.0,3000.0,29.0,20.0,,0,0,0,0,0,2024-03-19 14:00:00
2024-03-19 15:00:00,19.088686,72.867919,11,VABB,320.0,3.1,,2000.0,28.0,20.4,1010.7,0,0,0,0,0,2024-03-19 15:00:00
2024-03-19 15:00:00,19.088686,72.867919,11,VABB,320.0,3.6,22000.0,3000.0,29.0,19.0,,0,0,0,0,0,2024-03-19 15:00:00
2024-03-19 15:30:00,19.088686,72.867919,11,VABB,20.0,2.6,22000.0,3000.0,29.0,19.0,,0,0,0,0,0,2024-03-19 15:00:00
2024-03-19 16:00:00,19.088686,72.867919,11,VABB,330.0,4.1,22000.0,3000.0,28.0,20.0,,0,0,0,0,0,2024-03-19 16:00:00
2024-03-19 16:30:00,19.088686,72.867919,11,VABB,340.0,2.6,22000.0,3000.0,28.0,20.0,,0,0,0,0,0,2024-03-19 16:00:00
2024-03-19 17:00:00,19.088686,72.867919,11,VABB,50.0,3.6,22000.0,3000.0,29.0,20.0,,0,1,0,0,0,2024-03-19 17:00:00
2024-03-19 17:30:00,19.088686,72.867919,11,VABB,330.0,3.1,22000.0,3000.0,28.0,20.0,,0,1,0,0,0,2024-03-19 17:00:00
2024-03-19 18:00:00,19.088686,72.867919,11,VABB,,0.0,,2000.0,25.6,20.1,1012.1,0,0,0,0,0,2024-03-19 18:00:00
2024-03-19 18:00:00,19.088686,72.867919,11,VABB,0.0,0.0,22000.0,3000.0,28.0,19.0,,0,0,0,0,0,2024-03-19 18:00:00
2024-03-19 18:30:00,19.088686,72.867919,11,VABB,90.0,1.5,22000.0,3000.0,28.0,16.0,,0,0,0,0,0,2024-03-19 18:00:00
2024-03-19 19:00:00,19.088686,72.867919,11,VABB,0.0,0.0,22000.0,3000.0,28.0,16.0,,0,0,0,0,0,2024-03-19 19:00:00
2024-03-19 19:30:00,19.088686,72.867919,11,VABB,150.0,1.5,22000.0,2500.0,28.0,16.0,,0,0,0,0,0,2024-03-19 19:00:00
2024-03-19 21:00:00,19.088686,72.867919,11,VABB,,0.0,,2000.0,23.8,19.8,1011.4,0,0,0,0,0,2024-03-19 21:00:00
2024-03-19 21:00:00,19.088686,72.867919,11,VABB,340.0,2.6,22000.0,2500.0,27.0,18.0,,0,0,0,0,0,2024-03-19 21:00:00
2024-03-19 21:30:00,19.088686,72.867919,11,VABB,300.0,2.1,22000.0,2500.0,27.0,20.0,,0,1,0,0,0,2024-03-19 21:00:00
2024-03-19 22:00:00,19.088686,72.867919,11,VABB,310.0,2.1,22000.0,2500.0,26.0,20.0,,0,1,0,0,0,2024-03-19 22:00:00
2024-03-19 22:30:00,19.088686,72.867919,11,VABB,330.0,2.1,22000.0,2500.0,26.0,19.0,,0,1,0,0,0,2024-03-19 22:00:00
2024-03-19 23:00:00,19.088686,72.867919,11,VABB,330.0,2.1,22000.0,2500.0,27.0,18.0,,0,0,0,0,0,2024-03-19 23:00:00
2024-03-19 23:30:00,19.088686,72.867919,11,VABB,10.0,1.5,22000.0,2500.0,26.0,17.0,,0,0,0,0,0,2024-03-19 23:00:00
2024-03-20 00:00:00,19.088686,72.867919,11,VABB,,0.0,,2000.0,21.8,18.3,1010.6,0,0,0,0,0,2024-03-20 00:00:00
2024-03-20 00:00:00,19.088686,72.867919,11,VABB,50.0,3.1,22000.0,2500.0,26.0,16.0,,0,0,0,0,0,2024-03-20 00:00:00
2024-03-20 00:30:00,19.088686,72.867919,11,VABB,0.0,0.0,22000.0,2100.0,26.0,16.0,,0,0,0,0,0,2024-03-20 00:00:00
2024-03-20 01:00:00,19.088686,72.867919,11,VABB,60.0,2.6,22000.0,2100.0,26.0,16.0,,0,0,0,0,0,2024-03-20 01:00:00
2024-03-20 01:30:00,19.088686,72.867919,11,VABB,80.0,2.1,22000.0,1700.0,25.0,16.0,,0,0,0,0,0,2024-03-20 01:00:00
2024-03-20 02:00:00,19.088686,72.867919,11,VABB,90.0,2.1,22000.0,1500.0,26.0,15.0,,0,0,0,0,0,2024-03-20 02:00:00
2024-03-20 02:30:00,19.088686,72.867919,11,VABB,90.0,1.5,22000.0,1800.0,27.0,15.0,,0,0,0,0,0,2024-03-20 02:00:00
2024-03-20 03:00:00,19.088686,72.867919,11,VABB,,0.0,,2000.0,23.0,17.2,1013.5,0,0,0,0,0,2024-03-20 03:00:00
2024-03-20 03:00:00,19.088686,72.867919,11,VABB,140.0,2.6,22000.0,2100.0,28.0,14.0,,0,0,0,0,0,2024-03-20 03:00:00
2024-03-20 03:30:00,19.088686,72.867919,11,VABB,0.0,0.0,22000.0,2100.0,29.0,14.0,,0,0,0,0,0,2024-03-20 03:00:00
2024-03-20 04:00:00,19.088686,72.867919,11,VABB,20.0,2.1,22000.0,2100.0,30.0,13.0,,0,0,0,0,0,2024-03-20 04:00:00
2024-03-20 04:30:00,19.088686,72.867919,11,VABB,340.0,2.1,22000.0,2200.0,32.0,12.0,,0,0,0,0,0,2024-03-20 04:00:00
2024-03-20 05:00:00,19.088686,72.867919,11,VABB,60.0,3.1,22000.0,2500.0,34.0,8.0,,0,0,0,0,0,2024-03-20 05:00:00
2024-03-20 05:30:00,19.088686,72.867919,11,VABB,40.0,4.1,22000.0,2500.0,35.0,5.0,,0,0,0,0,0,2024-03-20 05:00:00
2024-03-20 06:00:00,19.088686,72.867919,11,VABB,,0.0,,2000.0,34.6,,1012.9,0,0,0,0,0,2024-03-20 06:00:00
2024-03-20 06:00:00,19.088686,72.867919,11,VABB,20.0,3.6,22000.0,2500.0,35.0,5.0,,0,0,0,0,0,2024-03-20 06:00:00
2024-03-20 06:30:00,19.088686,72.867919,11,VABB,20.0,2.6,22000.0,3000.0,36.0,5.0,,0,0,0,0,0,2024-03-20 06:00:00
2024-03-20 07:00:00,19.088686,72.867919,11,VABB,90.0,4.1,22000.0,3000.0,37.0,2.0,,0,0,0,0,0,2024-03-20 07:00:00
2024-03-20 07:30:00,19.088686,72.867919,11,VABB,40.0,5.7,22000.0,3500.0,38.0,2.0,,0,0,0,0,0,2024-03-20 07:00:00
2024-03-20 08:00:00,19.088686,72.867919,11,VABB,70.0,3.6,22000.0,3500.0,38.0,0.0,,0,0,0,0,0,2024-03-20 08:00:00
2024-03-20 08:30:00,19.088686,72.867919,11,VABB,300.0,4.6,22000.0,4000.0,36.0,7.0,,0,0,0,0,0,2024-03-20 08:00:00
2024-03-20 09:00:00,19.088686,72.867919,11,VABB,320.0,3.1,,2000.0,35.6,11.9,1009.5,0,0,0,0,0,2024-03-20 09:00:00
2024-03-20 09:00:00,19.088686,72.867919,11,VABB,290.0,3.6,22000.0,4000.0,36.0,10.0,,0,0,0,0,1,2024-03-20 09:00:00
2024-03-20 09:30:00,19.088686,72.867919,11,VABB,310.0,3.6,22000.0,4500.0,36.0,12.0,,0,0,0,0,1,2024-03-20 09:00:00
2024-03-20 10:00:00,19.088686,72.867919,11,VABB,320.0,4.1,22000.0,5000.0,36.0,10.0,,0,0,0,0,1,2024-03-20 10:00:00
2024-03-20 10:30:00,19.088686,72.867919,11,VABB,310.0,4.1,22000.0,5000.0,36.0,8.0,,0,0,0,0,1,2024-03-20 10:00:00
2024-03-20 11:00:00,19.088686,72.867919,11,VABB,340.0,3.6,22000.0,5000.0,36.0,7.0,,0,0,0,0,1,2024-03-20 11:00:00
2024-03-20 11:30:00,19.088686,72.867919,11,VABB,330.0,4.6,22000.0,5000.0,35.0,6.0,,0,0,0,0,1,2024-03-20 11:00:00
2024-03-20 12:00:00,19.088686,72.867919,11,VABB,320.0,4.1,22000.0,2000.0,34.4,8.1,1008.0,0,0,0,0,0,2024-03-20 12:00:00
2024-03-20 12:00:00,19.088686,72.867919,11,VABB,320.0,4.6,10000.0,4500.0,35.0,7.0,,0,0,0,0,0,2024-03-20 12:00:00
2024-03-20 12:30:00,19.088686,72.867919,11,VABB,330.0,5.7,10000.0,4000.0,35.0,6.0,,0,0,0,0,0,2024-03-20 12:00:00
2024-03-20 13:00:00,19.088686,72.867919,11,VABB,320.0,4.6,10000.0,4000.0,34.0,8.0,,0,0,0,0,0,2024-03-20 13:00:00
2024-03-20 13:30:00,19.088686,72.867919,11,VABB,330.0,4.6,10000.0,3500.0,34.0,7.0,,0,0,0,0,0,2024-03-20 13:00:00
2024-03-20 14:00:00,19.088686,72.867919,11,VABB,330.0,5.1,10000.0,3000.0,33.0,8.0,,0,0,0,0,0,2024-03-20 14:00:00
2024-03-20 14:30:00,19.088686,72.867919,11,VABB,340.0,5.1,22000.0,3000.0,33.0,8.0,,0,0,0,0,0,2024-03-20 14:00:00
2024-03-20 15:00:00,19.088686,72.867919,11,VABB,320.0,3.1,,2000.0,32.0,7.2,1009.2,0,0,0,0,0,2024-03-20 15:00:00
2024-03-20 15:00:00,19.088686,72.867919,11,VABB,330.0,4.6,22000.0,3000.0,33.0,7.0,,0,0,0,0,0,2024-03-20 15:00:00
2024-03-20 15:30:00,19.088686,72.867919,11,VABB,30.0,3.1,22000.0,3000.0,33.0,8.0,,0,0,0,0,0,2024-03-20 15:00:00
2024-03-20 16:00:00,19.088686,72.867919,11,VABB,20.0,3.1,22000.0,3000.0,32.0,7.0,,0,0,0,0,0,2024-03-20 16:00:00
2024-03-20 16:30:00,19.088686,72.867919,11,VABB,20.0,4.6,22000.0,3000.0,33.0,4.0,,0,0,0,0,0,2024-03-20 16:00:00
2024-03-20 17:00:00,19.088686,72.867919,11,VABB,80.0,2.6,22000.0,3000.0,33.0,4.0,,0,0,0,0,0,2024-03-20 17:00:00
2024-03-20 17:30:00,19.088686,72.867919,11,VABB,140.0,1.5,22000.0,3000.0,31.0,5.0,,0,0,0,0,0,2024-03-20 17:00:00
2024-03-20 18:00:00,19.088686,72.867919,11,VABB,320.0,1.5,,2000.0,27.8,11.5,1010.6,0,0,0,0,0,2024-03-20 18:00:00
2024-03-20 18:00:00,19.088686,72.867919,11,VABB,350.0,3.1,22000.0,2500.0,31.0,7.0,,0,0,0,0,0,2024-03-20 18:00:00
2024-03-20 18:30:00,19.088686,72.867919,11,VABB,340.0,2.1,22000.0,2500.0,31.0,8.0,,0,0,0,0,0,2024-03-20 18:00:00
2024-03-20 19:00:00,19.088686,72.867919,11,VABB,330.0,2.6,22000.0,2500.0,30.0,12.0,,0,0,0,0,0,2024-03-20 19:00:00
2024-03-20 19:30:00,19.088686,72.867919,11,VABB,340.0,2.6,22000.0,2500.0,29.0,13.0,,0,0,0,0,0,2024-03-20 19:00:00
2024-03-20 20:00:00,19.088686,72.867919,11,VABB,320.0,2.1,22000.0,2500.0,29.0,14.0,,0,0,0,0,0,2024-03-20 20:00:00
2024-03-20 20:30:00,19.088686,72.867919,11,VABB,0.0,0.0,22000.0,2500.0,28.0,15.0,,0,0,0,0,0,2024-03-20 20:00:00
2024-03-20 21:00:00,19.088686,72.867919,11,VABB,,0.0,22000.0,2000.0,26.2,16.1,1008.3,0,0,0,0,0,2024-03-20 21:00:00
2024-03-20 21:00:00,19.088686,72.867919,11,VABB,340.0,3.1,22000.0,2500.0,29.0,11.0,,0,0,0,0,0,2024-03-20 21:00:00
2024-03-20 21:30:00,19.088686,72.867919,11,VABB,310.0,3.1,22000.0,2500.0,30.0,9.0,,0,0,0,0,0,2024-03-20 21:00:00
2024-03-20 22:00:00,19.088686,72.867919,11,VABB,0.0,0.0,22000.0,2500.0,28.0,10.0,,0,0,0,0,0,2024-03-20 22:00:00
2024-03-20 22:30:00,19.088686,72.867919,11,VABB,0.0,0.0,22000.0,2500.0,27.0,12.0,,0,0,0,0,0,2024-03-20 22:00:00
2024-03-20 23:00:00,19.088686,72.867919,11,VABB,0.0,0.0,22000.0,2500.0,28.0,10.0,,0,0,0,0,0,2024-03-20 23:00:00
2024-03-20 23:30:00,19.088686,72.867919,11,VABB,170.0,2.1,22000.0,2500.0,29.0,10.0,,0,0,0,0,0,2024-03-20 23:00:00
2024-03-21 00:00:00,19.088686,72.867919,11,VABB,,0.0,22000.0,2000.0,23.4,13.9,1008.5,0,0,0,0,0,2024-03-21 00:00:00
2024-03-21 00:00:00,19.088686,72.867919,11,VABB,170.0,1.5,22000.0,2200.0,28.0,11.0,,0,0,0,0,0,2024-03-21 00:00:00
2024-03-21 00:30:00,19.088686,72.867919,11,VABB,110.0,2.1,22000.0,2100.0,27.0,10.0,,0,0,0,0,0,2024-03-21 00:00:00
2024-03-21 01:00:00,19.088686,72.867919,11,VABB,0.0,0.0,10000.0,1700.0,27.0,10.0,,0,0,0,0,0,2024-03-21 01:00:00
2024-03-21 01:30:00,19.088686,72.867919,11,VABB,0.0,0.0,10000.0,1700.0,28.0,11.0,,0,0,0,0,0,2024-03-21 01:00:00
2024-03-21 02:00:00,19.088686,72.867919,11,VABB,90.0,1.5,10000.0,1700.0,28.0,10.0,,0,0,0,0,0,2024-03-21 02:00:00
2024-03-21 02:30:00,19.088686,72.867919,11,VABB,160.0,2.1,10000.0,1700.0,29.0,11.0,,0,0,0,0,0,2024-03-21 02:00:00
2024-03-21 03:00:00,19.088686,72.867919,11,VABB,,0.0,22000.0,2000.0,26.0,12.1,1010.8,0,0,0,0,0,2024-03-21 03:00:00
2024-03-21 03:00:00,19.088686,72.867919,11,VABB,40.0,3.1,10000.0,1700.0,30.0,9.0,,0,0,0,0,0,2024-03-21 03:00:00
2024-03-21 03:30:00,19.088686,72.867919,11,VABB,50.0,3.6,10000.0,1700.0,32.0,8.0,,0,0,0,0,0,2024-03-21 03:00:00
2024-03-21 04:00:00,19.088686,72.867919,11,VABB,50.0,4.6,10000.0,2100.0,33.0,7.0,,0,0,0,0,0,2024-03-21 04:00:00
2024-03-21 04:30:00,19.088686,72.867919,11,VABB,40.0,3.1,10000.0,2500.0,34.0,5.0,,0,0,0,0,0,2024-03-21 04:00:00
2024-03-21 05:00:00,19.088686,72.867919,11,VABB,90.0,3.1,22000.0,3000.0,36.0,5.0,,0,0,0,0,0,2024-03-21 05:00:00
2024-03-21 05:30:00,19.088686,72.867919,11,VABB,40.0,3.6,22000.0,3000.0,35.0,5.0,,0,0,0,0,0,2024-03-21 05:00:00
2024-03-21 06:00:00,19.088686,72.867919,11,VABB,,0.0,,2000.0,36.8,9.7,1010.6,0,0,0,0,0,2024-03-21 06:00:00
2024-03-21 06:00:00,19.088686,72.867919,11,VABB,160.0,3.1,22000.0,3000.0,36.0,5.0,,0,0,0,0,0,2024-03-21 06:00:00
2024-03-21 06:30:00,19.088686,72.867919,11,VABB,160.0,3.1,10000.0,3000.0,38.0,5.0,,0,0,0,0,0,2024-03-21 06:00:00
2024-03-21 07:00:00,19.088686,72.867919,11,VABB,180.0,2.1,10000.0,3000.0,37.0,5.0,,0,0,0,0,0,2024-03-21 07:00:00
2024-03-21 07:30:00,19.088686,72.867919,11,VABB,250.0,5.7,10000.0,3000.0,36.0,10.0,,0,0,0,0,0,2024-03-21 07:00:00
2024-03-21 08:00:00,19.088686,72.867919,11,VABB,250.0,5.7,10000.0,3000.0,36.0,8.0,,0,0,0,0,0,2024-03-21 08:00:00
2024-03-21 08:30:00,19.088686,72.867919,11,VABB,250.0,5.1,10000.0,3000.0,36.0,8.0,,0,0,0,0,0,2024-03-21 08:00:00
2024-03-21 09:00:00,19.088686,72.867919,11,VABB,320.0,1.5,22000.0,2000.0,37.4,9.0,1008.1,0,0,0,0,0,2024-03-21 09:00:00
2024-03-21 09:00:00,19.088686,72.867919,11,VABB,260.0,6.2,3048.0,3500.0,36.0,6.0,,0,0,0,0,0,2024-03-21 09:00:00
2024-03-21 09:30:00,19.088686,72.867919,11,VABB,200.0,5.7,10000.0,3500.0,35.0,6.0,,0,0,0,0,0,2024-03-21 09:00:00
2024-03-21 10:00:00,19.088686,72.867919,11,VABB,220.0,4.6,10000.0,4000.0,36.0,6.0,,0,0,0,0,0,2024-03-21 10:00:00
2024-03-21 10:30:00,19.088686,72.867919,11,VABB,260.0,6.2,10000.0,4500.0,36.0,7.0,,0,0,0,0,0,2024-03-21 10:00:00
2024-03-21 11:00:00,19.088686,72.867919,11,VABB,270.0,3.6,10000.0,5000.0,36.0,8.0,,0,0,0,0,1,2024-03-21 11:00:00
2024-03-21 11:30:00,19.088686,72.867919,11,VABB,270.0,5.1,10000.0,5000.0,35.0,7.0,,0,0,0,0,0,2024-03-21 11:00:00
2024-03-21 12:00:00,19.088686,72.867919,11,VABB,320.0,2.6,,2000.0,34.6,9.0,1007.2,0,0,0,0,0,2024-03-21 12:00:00
2024-03-21 12:00:00,19.088686,72.867919,11,VABB,300.0,5.1,10000.0,5000.0,35.0,8.0,,0,0,0,0,0,2024-03-21 12:00:00
2024-03-21 12:30:00,19.088686,72.867919,11,VABB,290.0,4.1,10000.0,5000.0,34.0,9.0,,0,0,0,0,0,2024-03-21 12:00:00
2024-03-21 13:00:00,19.088686,72.867919,11,VABB,300.0,3.6,10000.0,4000.0,34.0,9.0,,0,0,0,0,0,2024-03-21 13:00:00
2024-03-21 13:30:00,19.088686,72.867919,11,VABB,320.0,2.1,10000.0,4000.0,33.0,8.0,,0,0,0,0,0,2024-03-21 13:00:00
2024-03-21 14:00:00,19.088686,72.867919,11,VABB,330.0,2.1,10000.0,3500.0,33.0,8.0,,0,0,0,0,0,2024-03-21 14:00:00
2024-03-21 14:30:00,19.088686,72.867919,11,VABB,30.0,1.5,22000.0,3000.0,33.0,8.0,,0,0,0,0,0,2024-03-21 14:00:00
2024-03-21 15:00:00,19.088686,72.867919,11,VABB,,0.0,,2000.0,29.6,13.6,1009.3,0,0,0,0,0,2024-03-21 15:00:00
2024-03-21 15:00:00,19.088686,72.867919,11,VABB,60.0,3.1,22000.0,3000.0,33.0,8.0,,0,0,0,0,0,2024-03-21 15:00:00
2024-03-21 15:30:00,19.088686,72.867919,11,VABB,130.0,2.6,22000.0,3000.0,32.0,8.0,,0,0,0,0,0,2024-03-21 15:00:00
2024-03-21 16:00:00,19.088686,72.867919,11,VABB,120.0,3.1,22000.0,3000.0,32.0,10.0,,0,0,0,0,0,2024-03-21 16:00:00
2024-03-21 16:30:00,19.088686,72.867919,11,VABB,100.0,2.6,22000.0,3000.0,32.0,10.0,,0,0,0,0,0,2024-03-21 16:00:00
2024-03-21 17:00:00,19.088686,72.867919,11,VABB,130.0,3.1,22000.0,3000.0,31.0,12.0,,0,0,0,0,0,2024-03-21 17:00:00
2024-03-21 17:30:00,19.088686,72.867919,11,VABB,130.0,2.1,22000.0,2500.0,31.0,13.0,,0,0,0,0,0,2024-03-21 17:00:00
2024-03-21 18:00:00,19.088686,72.867919,11,VABB,,0.0,,2000.0,26.4,14.0,1010.1,0,0,0,0,0,2024-03-21 18:00:00
2024-03-21 18:00:00,19.088686,72.867919,11,VABB,140.0,2.1,22000.0,2500.0,31.0,12.0,,0,0,0,0,0,2024-03-21 18:00:00
2024-03-21 18:30:00,19.088686,72.867919,11,VABB,150.0,1.5,22000.0,2500.0,31.0,12.0,,0,0,0,0,0,2024-03-21 18:00:00
2024-03-21 19:00:00,19.088686,72.867919,11,VABB,170.0,2.1,22000.0,2500.0,30.0,14.0,,0,0,0,0,0,2024-03-21 19:00:00
2024-03-21 19:30:00,19.088686,72.867919,11,VABB,120.0,1.5,22000.0,2500.0,30.0,14.0,,0,0,0,0,0,2024-03-21 19:00:00
2024-03-21 20:00:00,19.088686,72.867919,11,VABB,170.0,1.5,22000.0,2500.0,30.0,15.0,,0,0,0,0,0,2024-03-21 20:00:00
2024-03-21 20:30:00,19.088686,72.867919,11,VABB,160.0,1.5,22000.0,2500.0,29.0,15.0,,0,0,0,0,0,2024-03-21 20:00:00
2024-03-21 21:00:00,19.088686,72.867919,11,VABB,,0.0,,2000.0,25.0,17.0,1009.2,0,0,0,0,0,2024-03-21 21:00:00
2024-03-21 21:00:00,19.088686,72.867919,11,VABB,180.0,1.5,22000.0,2500.0,29.0,16.0,,0,0,0,0,0,2024-03-21 21:00:00
2024-03-21 21:30:00,19.088686,72.867919,11,VABB,0.0,0.0,22000.0,2500.0,29.0,16.0,,0,0,0,0,0,2024-03-21 21:00:00
2024-03-21 22:00:00,19.088686,72.867919,11,VABB,120.0,2.1,22000.0,2500.0,29.0,16.0,,0,0,0,0,0,2024-03-21 22:00:00
2024-03-21 22:30:00,19.088686,72.867919,11,VABB,0.0,0.0,22000.0,2500.0,27.0,16.0,,0,0,0,0,0,2024-03-21 22:00:00
2024-03-21 23:00:00,19.088686,72.867919,11,VABB,320.0,2.6,22000.0,2100.0,29.0,16.0,,0,0,0,0,0,2024-03-21 23:00:00
2024-03-21 23:30:00,19.088686,72.867919,11,VABB,310.0,2.1,22000.0,2100.0,28.0,15.0,,0,0,0,0,0,2024-03-21 23:00:00
2024-03-22 00:00:00,19.088686,72.867919,11,VABB,,0.0,,2000.0,24.6,17.2,1008.8,0,0,0,0,0,2024-03-22 00:00:00
2024-03-22 00:00:00,19.088686,72.867919,11,VABB,310.0,2.1,22000.0,2100.0,28.0,21.0,,0,1,0,0,0,2024-03-22 00:00:00
2024-03-22 00:30:00,19.088686,72.867919,11,VABB,290.0,2.1,22000.0,2100.0,27.0,22.0,,0,1,0,0,0,2024-03-22 00:00:00
2024-03-22 01:00:00,19.088686,72.867919,11,VABB,310.0,2.1,22000.0,1800.0,28.0,24.0,,0,1,0,0,0,2024-03-22 01:00:00
2024-03-22 01:30:00,19.088686,72.867919,11,VABB,60.0,1.5,22000.0,1800.0,27.0,22.0,,0,1,0,0,0,2024-03-22 01:00:00
2024-03-22 02:00:00,19.088686,72.867919,11,VABB,210.0,2.1,22000.0,1800.0,28.0,22.0,,0,1,0,0,0,2024-03-22 02:00:00
2024-03-22 02:30:00,19.088686,72.867919,11,VABB,230.0,1.5,22000.0,1800.0,28.0,23.0,,0,1,0,0,0,2024-03-22 02:00:00
2024-03-22 03:00:00,19.088686,72.867919,11,VABB,,0.0,,2000.0,27.4,22.4,1010.8,0,0,0,0,0,2024-03-22 03:00:00
2024-03-22 03:00:00,19.088686,72.867919,11,VABB,0.0,0.0,22000.0,1800.0,28.0,24.0,,0,1,0,0,0,2024-03-22 03:00:00
2024-03-22 03:30:00,19.088686,72.867919,11,VABB,160.0,2.1,22000.0,2200.0,29.0,23.0,,0,1,0,0,0,2024-03-22 03:00:00
2024-03-22 04:00:00,19.088686,72.867919,11,VABB,130.0,3.1,22000.0,2200.0,30.0,23.0,,0,1,0,0,0,2024-03-22 04:00:00
2024-03-22 04:30:00,19.088686,72.867919,11,VABB,180.0,3.6,22000.0,2500.0,30.0,23.0,,0,1,0,0,0,2024-03-22 04:00:00
2024-03-22 05:00:00,19.088686,72.867919,11,VABB,180.0,4.1,22000.0,2500.0,31.0,22.0,,0,1,0,0,0,2024-03-22 05:00:00
2024-03-22 05:30:00,19.088686,72.867919,11,VABB,160.0,4.1,22000.0,3000.0,32.0,22.0,,0,1,0,0,0,2024-03-22 05:00:00
2024-03-22 06:00:00,19.088686,72.867919,11,VABB,180.0,2.6,,2000.0,34.0,22.4,1010.7,0,0,0,0,0,2024-03-22 06:00:00
2024-03-22 06:00:00,19.088686,72.867919,11,VABB,210.0,4.1,22000.0,3000.0,32.0,21.0,,0,1,0,0,0,2024-03-22 06:00:00
2024-03-22 06:30:00,19.088686,72.867919,11,VABB,180.0,3.6,22000.0,3000.0,33.0,21.0,,0,1,0,0,0,2024-03-22 06:00:00
2024-03-22 07:00:00,19.088686,72.867919,11,VABB,160.0,3.6,22000.0,3000.0,33.0,20.0,,0,0,0,0,1,2024-03-22 07:00:00
2024-03-22 07:30:00,19.088686,72.867919,11,VABB,220.0,4.1,22000.0,3000.0,34.0,20.0,,0,0,0,0,0,2024-03-22 07:00:00
2024-03-22 08:00:00,19.088686,72.867919,11,VABB,230.0,6.2,22000.0,3000.0,33.0,22.0,,0,0,0,0,0,2024-03-22 08:00:00
2024-03-22 08:30:00,19.088686,72.867919,11,VABB,230.0,4.1,22000.0,3000.0,32.0,22.0,,0,0,0,0,1,2024-03-22 08:00:00
2024-03-22 09:00:00,19.088686,72.867919,11,VABB,270.0,3.1,,2000.0,32.6,23.4,1007.9,0,0,0,0,0,2024-03-22 09:00:00
2024-03-22 09:00:00,19.088686,72.867919,11,VABB,240.0,6.2,22000.0,3000.0,31.0,23.0,,0,0,0,0,0,2024-03-22 09:00:00
2024-03-22 09:30:00,19.088686,72.867919,11,VABB,240.0,6.2,22000.0,3000.0,32.0,22.0,,0,0,0,0,0,2024-03-22 09:00:00
2024-03-22 10:00:00,19.088686,72.867919,11,VABB,240.0,6.2,22000.0,3000.0,31.0,23.0,,0,1,0,0,0,2024-03-22 10:00:00
2024-03-22 10:30:00,19.088686,72.867919,11,VABB,270.0,6.7,22000.0,3000.0,31.0,25.0,,0,1,0,0,0,2024-03-22 10:00:00
2024-03-22 11:00:00,19.088686,72.867919,11,VABB,270.0,6.2,22000.0,3000.0,30.0,24.0,,0,1,0,0,0,2024-03-22 11:00:00
2024-03-22 11:30:00,19.088686,72.867919,11,VABB,280.0,6.7,22000.0,3000.0,30.0,25.0,,0,1,0,0,0,2024-03-22 11:00:00
2024-03-22 12:00:00,19.088686,72.867919,11,VABB,270.0,3.1,22000.0,2000.0,30.2,24.2,1007.5,0,0,0,0,0,2024-03-22 12:00:00
2024-03-22 12:30:00,19.088686,72.867919,11,VABB,270.0,5.7,10000.0,3000.0,29.0,24.0,,0,1,0,0,0,2024-03-22 12:00:00
2024-03-22 13:00:00,19.088686,72.867919,11,VABB,270.0,5.7,22000.0,3000.0,29.0,24.0,,0,1,0,0,0,2024-03-22 13:00:00
2024-03-22 13:30:00,19.088686,72.867919,11,VABB,280.0,4.6,2000.0,3000.0,28.0,24.0,,1,0,0,0,0,2024-03-22 13:00:00
2024-03-22 14:00:00,19.088686,72.867919,11,VABB,290.0,4.1,2000.0,2500.0,28.0,25.0,,1,0,0,0,0,2024-03-22 14:00:00
2024-03-22 14:30:00,19.088686,72.867919,11,VABB,280.0,4.6,2000.0,2500.0,28.0,25.0,,1,0,0,0,0,2024-03-22 14:00:00
2024-03-22 15:00:00,19.088686,72.867919,11,VABB,320.0,3.1,22000.0,2000.0,27.6,24.1,1008.7,0,0,0,0,0,2024-03-22 15:00:00
2024-03-22 15:00:00,19.088686,72.867919,11,VABB,280.0,2.6,2000.0,2500.0,28.0,25.0,,1,0,0,0,0,2024-03-22 15:00:00
2024-03-22 15:30:00,19.088686,72.867919,11,VABB,270.0,2.6,2000.0,2500.0,28.0,25.0,,1,0,0,0,0,2024-03-22 15:00:00
2024-03-22 16:00:00,19.088686,72.867919,11,VABB,240.0,2.6,2000.0,2500.0,28.0,25.0,,1,0,0,0,0,2024-03-22 16:00:00
2024-03-22 16:30:00,19.088686,72.867919,11,VABB,200.0,2.1,2000.0,2500.0,28.0,25.0,,1,0,0,0,0,2024-03-22 16:00:00
2024-03-22 17:00:00,19.088686,72.867919,11,VABB,200.0,2.6,2000.0,2500.0,28.0,24.0,,1,0,0,0,0,2024-03-22 17:00:00
2024-03-22 17:30:00,19.088686,72.867919,11,VABB,220.0,2.1,2000.0,2500.0,28.0,24.0,,1,0,0,0,0,2024-03-22 17:00:00
2024-03-22 18:00:00,19.088686,72.867919,11,VABB,,0.0,,2000.0,26.4,22.9,1009.5,0,0,0,0,0,2024-03-22 18:00:00
2024-03-22 18:00:00,19.088686,72.867919,11,VABB,210.0,2.1,2000.0,2500.0,28.0,23.0,,0,1,0,0,0,2024-03-22 18:00:00
2024-03-22 18:30:00,19.088686,72.867919,11,VABB,230.0,2.6,2000.0,2500.0,28.0,23.0,,0,1,0,0,0,2024-03-22 18:00:00
2024-03-22 19:00:00,19.088686,72.867919,11,VABB,210.0,2.6,2000.0,2200.0,28.0,23.0,,0,1,0,0,0,2024-03-22 19:00:00
2024-03-22 19:30:00,19.088686,72.867919,11,VABB,260.0,1.5,2000.0,2200.0,27.0,22.0,,0,1,0,0,0,2024-03-22 19:00:00
2024-03-22 20:00:00,19.088686,72.867919,11,VABB,260.0,2.1,2000.0,2200.0,28.0,21.0,,0,1,0,0,0,2024-03-22 20:00:00
2024-03-22 20:30:00,19.088686,72.867919,11,VABB,280.0,3.1,2000.0,2200.0,27.0,22.0,,0,1,0,0,0,2024-03-22 20:00:00
2024-03-22 21:00:00,19.088686,72.867919,11,VABB,,0.0,,2000.0,25.0,22.0,1008.9,0,0,0,0,0,2024-03-22 21:00:00
2024-03-22 21:00:00,19.088686,72.867919,11,VABB,310.0,2.1,22000.0,2200.0,27.0,22.0,,0,1,0,0,0,2024-03-22 21:00:00
2024-03-22 21:30:00,19.088686,72.867919,11,VABB,270.0,1.5,22000.0,2200.0,27.0,23.0,,0,1,0,0,0,2024-03-22 21:00:00
2024-03-22 22:00:00,19.088686,72.867919,11,VABB,270.0,2.1,22000.0,2200.0,27.0,23.0,,1,0,0,0,0,2024-03-22 22:00:00
2024-03-22 22:30:00,19.088686,72.867919,11,VABB,260.0,1.5,22000.0,2200.0,26.0,24.0,,1,0,0,0,0,2024-03-22 22:00:00
2024-03-22 23:00:00,19.088686,72.867919,11,VABB,250.0,1.5,22000.0,2200.0,27.0,24.0,,1,0,0,0,0,2024-03-22 23:00:00
2024-03-22 23:30:00,19.088686,72.867919,11,VABB,0.0,0.0,22000.0,2200.0,26.0,24.0,,1,0,0,0,0,2024-03-22 23:00:00
2024-03-23 00:00:00,19.088686,72.867919,11,VABB,,0.0,,2000.0,24.2,21.5,1008.5,0,0,0,0,0,2024-03-23 00:00:00
2024-03-23 00:00:00,19.088686,72.867919,11,VABB,180.0,2.1,22000.0,2200.0,26.0,24.0,,1,0,0,0,0,2024-03-23 00:00:00
2024-03-23 00:30:00,19.088686,72.867919,11,VABB,120.0,2.1,22000.0,2200.0,26.0,23.0,,1,0,0,0,0,2024-03-23 00:00:00
2024-03-23 01:00:00,19.088686,72.867919,11,VABB,90.0,2.1,22000.0,1800.0,26.0,22.0,,1,0,0,0,0,2024-03-23 01:00:00
2024-03-23 01:30:00,19.088686,72.867919,11,VABB,140.0,2.1,22000.0,1800.0,26.0,24.0,,1,0,0,0,0,2024-03-23 01:00:00
2024-03-23 02:00:00,19.088686,72.867919,11,VABB,130.0,2.1,22000.0,1400.0,26.0,24.0,,1,0,0,0,0,2024-03-23 02:00:00
2024-03-23 02:30:00,19.088686,72.867919,11,VABB,130.0,2.6,22000.0,1400.0,26.0,24.0,,1,0,0,0,0,2024-03-23 02:00:00
2024-03-23 03:00:00,19.088686,72.867919,11,VABB,,0.0,,2000.0,25.0,21.4,1010.8,0,0,0,0,0,2024-03-23 03:00:00
2024-03-23 03:00:00,19.088686,72.867919,11,VABB,170.0,2.1,22000.0,1400.0,27.0,24.0,,1,0,0,0,0,2024-03-23 03:00:00
2024-03-23 03:30:00,19.088686,72.867919,11,VABB,140.0,1.5,22000.0,1400.0,28.0,23.0,,0,1,0,0,0,2024-03-23 03:00:00
2024-03-23 04:00:00,19.088686,72.867919,11,VABB,170.0,2.1,22000.0,1500.0,29.0,22.0,,0,1,0,0,0,2024-03-23 04:00:00
2024-03-23 04:30:00,19.088686,72.867919,11,VABB,170.0,2.1,22000.0,1800.0,30.0,20.0,,0,1,0,0,0,2024-03-23 04:00:00
2024-03-23 05:00:00,19.088686,72.867919,11,VABB,210.0,2.1,22000.0,1800.0,31.0,20.0,,0,1,0,0,0,2024-03-23 05:00:00
2024-03-23 05:30:00,19.088686,72.867919,11,VABB,270.0,3.6,22000.0,1800.0,31.0,23.0,,0,1,0,0,0,2024-03-23 05:00:00
2024-03-23 06:00:00,19.088686,72.867919,11,VABB,270.0,1.5,,2000.0,30.8,22.9,1010.9,0,0,0,0,0,2024-03-23 06:00:00
2024-03-23 06:00:00,19.088686,72.867919,11,VABB,280.0,3.6,22000.0,1800.0,30.0,23.0,,0,1,0,0,0,2024-03-23 06:00:00
2024-03-23 06:30:00,19.088686,72.867919,11,VABB,250.0,4.6,22000.0,2100.0,31.0,24.0,,0,1,0,0,0,2024-03-23 06:00:00
2024-03-23 07:00:00,19.088686,72.867919,11,VABB,260.0,4.1,22000.0,2100.0,31.0,23.0,,0,1,0,0,0,2024-03-23 07:00:00
2024-03-23 07:30:00,19.088686,72.867919,11,VABB,260.0,5.1,22000.0,2100.0,31.0,23.0,,0,1,0,0,0,2024-03-23 07:00:00
2024-03-23 08:00:00,19.088686,72.867919,11,VABB,280.0,4.6,22000.0,2500.0,31.0,22.0,,0,1,0,0,0,2024-03-23 08:00:00
2024-03-23 08:30:00,19.088686,72.867919,11,VABB,290.0,4.1,22000.0,2500.0,31.0,22.0,,0,1,0,0,0,2024-03-23 08:00:00
2024-03-23 09:00:00,19.088686,72.867919,11,VABB,270.0,2.6,,2000.0,32.0,21.7,1008.3,0,0,0,0,0,2024-03-23 09:00:00
2024-03-23 09:00:00,19.088686,72.867919,11,VABB,270.0,5.7,22000.0,2500.0,31.0,21.0,,0,0,0,0,0,2024-03-23 09:00:00
2024-03-23 09:30:00,19.088686,72.867919,11,VABB,270.0,4.6,22000.0,3000.0,32.0,20.0,,0,0,0,0,0,2024-03-23 09:00:00
2024-03-23 10:00:00,19.088686,72.867919,11,VABB,270.0,5.7,22000.0,3500.0,31.0,21.0,,0,0,0,0,0,2024-03-23 10:00:00
2024-03-23 10:30:00,19.088686,72.867919,11,VABB,270.0,5.1,22000.0,4000.0,32.0,20.0,,0,0,0,0,0,2024-03-23 10:00:00
2024-03-23 11:00:00,19.088686,72.867919,11,VABB,280.0,6.2,22000.0,4000.0,32.0,18.0,,0,0,0,0,0,2024-03-23 11:00:00
2024-03-23 11:30:00,19.088686,72.867919,11,VABB,290.0,4.6,22000.0,4000.0,31.0,19.0,,0,0,0,0,0,2024-03-23 11:00:00
2024-03-23 12:00:00,19.088686,72.867919,11,VABB,320.0,1.5,22000.0,2000.0,31.0,21.2,1007.6,0,0,0,0,0,2024-03-23 12:00:00
2024-03-23 12:00:00,19.088686,72.867919,11,VABB,290.0,5.1,22000.0,4000.0,31.0,21.0,,0,0,0,0,0,2024-03-23 12:00:00
2024-03-23 12:30:00,19.088686,72.867919,11,VABB,280.0,5.7,22000.0,4000.0,30.0,22.0,,0,0,0,0,0,2024-03-23 12:00:00
2024-03-23 13:00:00,19.088686,72.867919,11,VABB,280.0,4.6,10000.0,3500.0,29.0,22.0,,0,1,0,0,0,2024-03-23 13:00:00
2024-03-23 13:30:00,19.088686,72.867919,11,VABB,310.0,3.6,10000.0,3500.0,29.0,22.0,,0,1,1,0,0,2024-03-23 13:00:00
2024-03-23 14:00:00,19.088686,72.867919,11,VABB,320.0,2.6,10000.0,3500.0,29.0,22.0,,0,1,0,0,0,2024-03-23 14:00:00
2024-03-23 14:30:00,19.088686,72.867919,11,VABB,280.0,4.1,10000.0,3500.0,29.0,23.0,,0,1,0,0,0,2024-03-23 14:00:00
2024-03-23 15:00:00,19.088686,72.867919,11,VABB,,0.0,22000.0,2000.0,27.8,22.5,1009.8,0,0,0,0,0,2024-03-23 15:00:00
2024-03-23 15:00:00,19.088686,72.867919,11,VABB,300.0,2.6,2000.0,3500.0,28.0,23.0,,0,1,0,0,0,2024-03-23 15:00:00
2024-03-23 15:30:00,19.088686,72.867919,11,VABB,270.0,2.1,2000.0,3000.0,28.0,23.0,,0,1,0,0,0,2024-03-23 15:00:00
2024-03-23 16:00:00,19.088686,72.867919,11,VABB,330.0,2.1,2000.0,3000.0,28.0,23.0,,0,1,0,0,0,2024-03-23 16:00:00
2024-03-23 16:30:00,19.088686,72.867919,11,VABB,320.0,2.1,2000.0,3000.0,28.0,23.0,,0,1,0,0,0,2024-03-23 16:00:00
2024-03-23 17:00:00,19.088686,72.867919,11,VABB,310.0,2.6,10000.0,3000.0,28.0,23.0,,0,1,0,0,0,2024-03-23 17:00:00
2024-03-23 17:30:00,19.088686,72.867919,11,VABB,290.0,2.6,10000.0,3000.0,28.0,23.0,,0,1,0,0,0,2024-03-23 17:00:00
2024-03-23 18:00:00,19.088686,72.867919,11,VABB,,0.0,,2000.0,26.6,22.5,1011.0,0,0,0,0,0,2024-03-23 18:00:00
2024-03-23 18:00:00,19.088686,72.867919,11,VABB,310.0,2.6,10000.0,3000.0,28.0,23.0,,0,1,0,0,0,2024-03-23 18:00:00
2024-03-23 18:30:00,19.088686,72.867919,11,VABB,320.0,2.6,10000.0,3000.0,28.0,24.0,,0,1,0,0,0,2024-03-23 18:00:00
2024-03-23 19:00:00,19.088686,72.867919,11,VABB,330.0,2.1,22000.0,2500.0,27.0,23.0,,0,1,0,0,0,2024-03-23 19:00:00
2024-03-23 19:30:00,19.088686,72.867919,11,VABB,300.0,3.1,22000.0,2500.0,27.0,23.0,,0,1,0,0,0,2024-03-23 19:00:00
2024-03-23 20:00:00,19.088686,72.867919,11,VABB,300.0,3.1,22000.0,2500.0,27.0,24.0,,0,1,0,0,0,2024-03-23 20:00:00
2024-03-23 20:30:00,19.088686,72.867919,11,VABB,310.0,2.6,22000.0,2500.0,27.0,24.0,,0,1,0,0,0,2024-03-23 20:00:00
2024-03-23 21:00:00,19.088686,72.867919,11,VABB,,0.0,,2000.0,26.2,23.0,1010.2,0,0,0,0,0,2024-03-23 21:00:00
2024-03-23 21:00:00,19.088686,72.867919,11,VABB,350.0,3.1,22000.0,2500.0,27.0,24.0,,0,1,0,0,0,2024-03-23 21:00:00
2024-03-23 21:30:00,19.088686,72.867919,11,VABB,340.0,2.6,22000.0,2500.0,28.0,24.0,,0,1,0,0,0,2024-03-23 21:00:00
2024-03-23 22:00:00,19.088686,72.867919,11,VABB,340.0,2.6,22000.0,2500.0,27.0,23.0,,1,0,0,0,0,2024-03-23 22:00:00
2024-03-23 22:30:00,19.088686,72.867919,11,VABB,20.0,2.1,22000.0,2500.0,26.0,23.0,,1,0,0,0,0,2024-03-23 22:00:00
2024-03-23 23:00:00,19.088686,72.867919,11,VABB,110.0,1.5,22000.0,2500.0,26.0,23.0,,1,0,0,0,0,2024-03-23 23:00:00
2024-03-23 23:30:00,19.088686,72.867919,11,VABB,0.0,0.0,22000.0,2500.0,26.0,23.0,,1,0,0,0,0,2024-03-23 23:00:00
2024-03-24 00:00:00,19.088686,72.867919,11,VABB,,0.0,22000.0,2000.0,24.6,22.2,1009.9,0,0,0,0,0,2024-03-24 00:00:00
2024-03-24 00:00:00,19.088686,72.867919,11,VABB,10.0,2.1,22000.0,2500.0,26.0,23.0,,1,0,0,0,0,2024-03-24 00:00:00
2024-03-24 00:30:00,19.088686,72.867919,11,VABB,10.0,1.5,10000.0,2500.0,26.0,23.0,,1,0,0,0,0,2024-03-24 00:00:00
2024-03-24 01:00:00,19.088686,72.867919,11,VABB,60.0,1.5,10000.0,2500.0,26.0,23.0,,1,0,0,0,0,2024-03-24 01:00:00
2024-03-24 01:30:00,19.088686,72.867919,11,VABB,60.0,2.6,10000.0,2100.0,26.0,23.0,,1,0,0,0,0,2024-03-24 01:00:00
2024-03-24 02:00:00,19.088686,72.867919,11,VABB,50.0,3.1,3048.0,1900.0,27.0,24.0,,1,0,0,0,0,2024-03-24 02:00:00
2024-03-24 02:30:00,19.088686,72.867919,11,VABB,40.0,1.5,2000.0,1900.0,27.0,24.0,,1,0,0,0,0,2024-03-24 02:00:00
2024-03-24 03:00:00,19.088686,72.867919,11,VABB,,0.0,22000.0,2000.0,26.2,22.3,1011.9,0,0,0,0,0,2024-03-24 03:00:00
2024-03-24 03:00:00,19.088686,72.867919,11,VABB,10.0,1.5,10000.0,2200.0,27.0,23.0,,1,0,0,0,0,2024-03-24 03:00:00
2024-03-24 03:30:00,19.088686,72.867919,11,VABB,40.0,1.5,10000.0,2500.0,28.0,23.0,,1,0,0,0,0,2024-03-24 03:00:00
2024-03-24 04:00:00,19.088686,72.867919,11,VABB,130.0,2.6,10000.0,2500.0,29.0,22.0,,0,1,0,0,0,2024-03-24 04:00:00
2024-03-24 04:30:00,19.088686,72.867919,11,VABB,210.0,1.5,22000.0,3000.0,30.0,21.0,,0,1,0,0,0,2024-03-24 04:00:00
2024-03-24 05:00:00,19.088686,72.867919,11,VABB,20.0,2.1,22000.0,3000.0,31.0,16.0,,0,0,0,0,0,2024-03-24 05:00:00
2024-03-24 05:30:00,19.088686,72.867919,11,VABB,290.0,2.1,22000.0,3000.0,32.0,16.0,,0,0,0,0,0,2024-03-24 05:00:00
2024-03-24 06:00:00,19.088686,72.867919,11,VABB,320.0,1.5,,2000.0,31.8,22.8,1012.0,0,0,0,0,0,2024-03-24 06:00:00
2024-03-24 06:00:00,19.088686,72.867919,11,VABB,250.0,5.1,22000.0,3000.0,31.0,23.0,,0,0,0,0,0,2024-03-24 06:00:00
2024-03-24 06:30:00,19.088686,72.867919,11,VABB,260.0,5.1,22000.0,3000.0,32.0,23.0,,0,0,0,0,0,2024-03-24 06:00:00
2024-03-24 07:00:00,19.088686,72.867919,11,VABB,260.0,5.7,22000.0,3000.0,31.0,24.0,,0,1,0,0,0,2024-03-24 07:00:00
2024-03-24 07:30:00,19.088686,72.867919,11,VABB,260.0,3.6,22000.0,3500.0,31.0,24.0,,0,1,0,0,1,2024-03-24 07:00:00
2024-03-24 08:00:00,19.088686,72.867919,11,VABB,270.0,5.7,22000.0,3500.0,31.0,24.0,,0,1,0,0,0,2024-03-24 08:00:00
2024-03-24 08:30:00,19.088686,72.867919,11,VABB,260.0,5.1,22000.0,3500.0,32.0,24.0,,0,1,0,0,0,2024-03-24 08:00:00
2024-03-24 09:00:00,19.088686,72.867919,11,VABB,320.0,2.1,,2000.0,32.2,23.6,1009.9,0,0,0,0,0,2024-03-24 09:00:00
2024-03-24 09:00:00,19.088686,72.867919,11,VABB,270.0,4.6,22000.0,3500.0,31.0,24.0,,0,1,0,0,1,2024-03-24 09:00:00
2024-03-24 09:30:00,19.088686,72.867919,11,VABB,290.0,6.2,22000.0,4000.0,31.0,23.0,,0,1,0,0,0,2024-03-24 09:00:00
2024-03-24 10:00:00,19.088686,72.867919,11,VABB,290.0,5.7,22000.0,4000.0,31.0,23.0,,0,1,0,0,0,2024-03-24 10:00:00
2024-03-24 10:30:00,19.088686,72.867919,11,VABB,290.0,4.6,22000.0,4000.0,31.0,23.0,,0,1,0,0,0,2024-03-24 10:00:00
2024-03-24 11:00:00,19.088686,72.867919,11,VABB,280.0,4.6,10000.0,4000.0,30.0,22.0,,0,1,0,0,0,2024-03-24 11:00:00
2024-03-24 11:30:00,19.088686,72.867919,11,VABB,290.0,5.1,10000.0,4000.0,30.0,20.0,,0,0,0,0,0,2024-03-24 11:00:00
2024-03-24 12:00:00,19.088686,72.867919,11,VABB,360.0,2.1,22000.0,2000.0,30.4,21.2,1009.1,0,0,0,0,0,2024-03-24 12:00:00
2024-03-24 12:00:00,19.088686,72.867919,11,VABB,290.0,4.6,10000.0,4000.0,30.0,21.0,,0,0,0,0,0,2024-03-24 12:00:00
2024-03-24 12:30:00,19.088686,72.867919,11,VABB,290.0,4.6,10000.0,4000.0,30.0,21.0,,0,0,0,0,0,2024-03-24 12:00:00
2024-03-24 13:00:00,19.088686,72.867919,11,VABB,280.0,5.1,10000.0,4000.0,29.0,21.0,,0,0,0,0,0,2024-03-24 13:00:00
2024-03-24 13:30:00,19.088686,72.867919,11,VABB,300.0,5.1,10000.0,3500.0,29.0,21.0,,0,1,0,0,0,2024-03-24 13:00:00
2024-03-24 14:00:00,19.088686,72.867919,11,VABB,290.0,3.6,10000.0,3500.0,29.0,21.0,,0,1,0,0,0,2024-03-24 14:00:00
2024-03-24 14:30:00,19.088686,72.867919,11,VABB,300.0,4.1,10000.0,3500.0,29.0,21.0,,0,1,0,0,0,2024-03-24 14:00:00
2024-03-24 15:00:00,19.088686,72.867919,11,VABB,360.0,1.5,22000.0,2000.0,28.0,20.8,1010.8,0,0,0,0,0,2024-03-24 15:00:00
2024-03-24 15:00:00,19.088686,72.867919,11,VABB,300.0,3.6,10000.0,3500.0,28.0,21.0,,0,1,0,0,0,2024-03-24 15:00:00
2024-03-24 15:30:00,19.088686,72.867919,11,VABB,300.0,2.1,10000.0,3500.0,28.0,21.0,,0,1,0,0,0,2024-03-24 15:00:00
2024-03-24 16:00:00,19.088686,72.867919,11,VABB,300.0,2.1,10000.0,3000.0,29.0,20.0,,0,1,0,0,0,2024-03-24 16:00:00
2024-03-24 16:30:00,19.088686,72.867919,11,VABB,310.0,3.6,10000.0,3000.0,29.0,21.0,,0,1,0,0,0,2024-03-24 16:00:00
2024-03-24 17:00:00,19.088686,72.867919,11,VABB,330.0,2.6,22000.0,3000.0,28.0,21.0,,0,1,0,0,0,2024-03-24 17:00:00
2024-03-24 17:30:00,19.088686,72.867919,11,VABB,300.0,3.1,22000.0,3000.0,28.0,22.0,,0,1,0,0,0,2024-03-24 17:00:00
2024-03-24 18:00:00,19.088686,72.867919,11,VABB,,0.0,,2000.0,27.4,21.7,1012.4,0,0,0,0,0,2024-03-24 18:00:00
2024-03-24 18:00:00,19.088686,72.867919,11,VABB,300.0,2.6,22000.0,2500.0,28.0,22.0,,0,1,0,0,0,2024-03-24 18:00:00
2024-03-24 18:30:00,19.088686,72.867919,11,VABB,310.0,3.1,22000.0,2500.0,28.0,23.0,,0,1,0,0,0,2024-03-24 18:00:00
2024-03-24 19:00:00,19.088686,72.867919,11,VABB,340.0,2.6,22000.0,2500.0,28.0,23.0,,0,1,0,0,0,2024-03-24 19:00:00
2024-03-24 19:30:00,19.088686,72.867919,11,VABB,20.0,2.6,22000.0,2500.0,28.0,23.0,,0,1,0,0,0,2024-03-24 19:00:00
2024-03-24 20:00:00,19.088686,72.867919,11,VABB,10.0,2.1,22000.0,2500.0,27.0,23.0,,0,1,0,0,0,2024-03-24 20:00:00
2024-03-24 20:30:00,19.088686,72.867919,11,VABB,10.0,1.5,22000.0,2500.0,27.0,24.0,,1,0,0,0,0,2024-03-24 20:00:00
2024-03-24 21:00:00,19.088686,72.867919,11,VABB,,0.0,,2000.0,25.8,21.9,1011.2,0,0,0,0,0,2024-03-24 21:00:00
2024-03-24 21:00:00,19.088686,72.867919,11,VABB,30.0,1.5,22000.0,2500.0,27.0,24.0,,1,0,0,0,0,2024-03-24 21:00:00
2024-03-24 21:30:00,19.088686,72.867919,11,VABB,20.0,2.1,22000.0,2500.0,27.0,23.0,,1,0,0,0,0,2024-03-24 21:00:00
2024-03-24 22:00:00,19.088686,72.867919,11,VABB,340.0,2.1,22000.0,2500.0,27.0,23.0,,1,0,0,0,0,2024-03-24 22:00:00
2024-03-24 22:30:00,19.088686,72.867919,11,VABB,350.0,2.6,22000.0,2500.0,27.0,22.0,,1,0,0,0,0,2024-03-24 22:00:00
2024-03-24 23:00:00,19.088686,72.867919,11,VABB,340.0,3.1,22000.0,2500.0,27.0,22.0,,1,0,0,0,0,2024-03-24 23:00:00
2024-03-24 23:30:00,19.088686,72.867919,11,VABB,350.0,2.6,22000.0,2500.0,27.0,22.0,,0,1,0,0,0,2024-03-24 23:00:00
2024-03-25 00:00:00,19.088686,72.867919,11,VABB,,0.0,,2000.0,24.4,21.1,1011.1,0,0,0,0,0,2024-03-25 00:00:00
2024-03-25 00:00:00,19.088686,72.867919,11,VABB,330.0,4.1,22000.0,2500.0,27.0,22.0,,0,1,0,0,0,2024-03-25 00:00:00
2024-03-25 00:30:00,19.088686,72.867919,11,VABB,30.0,2.6,22000.0,2500.0,27.0,22.0,,0,1,0,0,0,2024-03-25 00:00:00
2024-03-25 01:00:00,19.088686,72.867919,11,VABB,50.0,2.6,22000.0,2500.0,27.0,22.0,,0,1,0,0,0,2024-03-25 01:00:00
2024-03-25 01:30:00,19.088686,72.867919,11,VABB,30.0,3.1,22000.0,2500.0,27.0,22.0,,0,1,0,0,0,2024-03-25 01:00:00
2024-03-25 02:00:00,19.088686,72.867919,11,VABB,20.0,3.1,22000.0,2500.0,27.0,22.0,,0,1,0,0,0,2024-03-25 02:00:00
2024-03-25 02:30:00,19.088686,72.867919,11,VABB,360.0,2.1,22000.0,2500.0,27.0,21.0,,0,1,0,0,0,2024-03-25 02:00:00
2024-03-25 03:00:00,19.088686,72.867919,11,VABB,360.0,1.5,,2000.0,26.4,21.3,1013.0,0,0,0,0,0,2024-03-25 03:00:00
2024-03-25 03:00:00,19.088686,72.867919,11,VABB,20.0,2.6,22000.0,2500.0,28.0,21.0,,0,1,0,0,0,2024-03-25 03:00:00
2024-03-25 03:30:00,19.088686,72.867919,11,VABB,340.0,2.6,22000.0,3000.0,28.0,21.0,,0,1,0,0,0,2024-03-25 03:00:00
2024-03-25 04:00:00,19.088686,72.867919,11,VABB,30.0,2.6,22000.0,3500.0,30.0,19.0,,0,1,0,0,0,2024-03-25 04:00:00
2024-03-25 04:30:00,19.088686,72.867919,11,VABB,350.0,2.1,22000.0,3500.0,30.0,19.0,,0,0,0,0,0,2024-03-25 04:00:00
2024-03-25 05:00:00,19.088686,72.867919,11,VABB,30.0,2.6,22000.0,3500.0,32.0,17.0,,0,0,0,0,0,2024-03-25 05:00:00
2024-03-25 05:30:00,19.088686,72.867919,11,VABB,30.0,2.6,22000.0,4000.0,33.0,16.0,,0,0,0,0,0,2024-03-25 05:00:00
2024-03-25 06:00:00,19.088686,72.867919,11,VABB,270.0,1.5,,2000.0,33.0,21.9,1012.4,0,0,0,0,0,2024-03-25 06:00:00
2024-03-25 06:00:00,19.088686,72.867919,11,VABB,250.0,5.1,22000.0,4000.0,32.0,22.0,,0,0,0,0,0,2024-03-25 06:00:00
2024-03-25 06:30:00,19.088686,72.867919,11,VABB,260.0,4.1,22000.0,4000.0,32.0,23.0,,0,0,0,0,0,2024-03-25 06:00:00
2024-03-25 07:00:00,19.088686,72.867919,11,VABB,260.0,5.1,22000.0,4000.0,32.0,23.0,,0,0,0,0,0,2024-03-25 07:00:00
2024-03-25 07:30:00,19.088686,72.867919,11,VABB,250.0,5.7,22000.0,4000.0,32.0,23.0,,0,0,0,0,0,2024-03-25 07:00:00
2024-03-25 08:00:00,19.088686,72.867919,11,VABB,270.0,5.7,22000.0,4000.0,32.0,24.0,,0,0,0,0,0,2024-03-25 08:00:00
2024-03-25 08:30:00,19.088686,72.867919,11,VABB,290.0,5.7,22000.0,4000.0,32.0,23.0,,0,0,0,0,0,2024-03-25 08:00:00
2024-03-25 09:00:00,19.088686,72.867919,11,VABB,320.0,2.1,,2000.0,33.0,22.9,1009.6,0,0,0,0,0,2024-03-25 09:00:00
2024-03-25 09:00:00,19.088686,72.867919,11,VABB,270.0,5.1,22000.0,4000.0,32.0,23.0,,0,0,0,0,0,2024-03-25 09:00:00
2024-03-25 09:30:00,19.088686,72.867919,11,VABB,280.0,4.6,22000.0,4000.0,33.0,22.0,,0,0,0,0,0,2024-03-25 09:00:00
2024-03-25 10:00:00,19.088686,72.867919,11,VABB,310.0,4.1,22000.0,4000.0,33.0,21.0,,0,0,0,0,0,2024-03-25 10:00:00
2024-03-25 10:30:00,19.088686,72.867919,11,VABB,280.0,6.2,22000.0,4000.0,32.0,22.0,,0,0,0,0,0,2024-03-25 10:00:00
2024-03-25 11:00:00,19.088686,72.867919,11,VABB,300.0,3.6,22000.0,4500.0,32.0,22.0,,0,0,0,0,0,2024-03-25 11:00:00
2024-03-25 11:30:00,19.088686,72.867919,11,VABB,280.0,4.6,22000.0,4500.0,31.0,22.0,,0,0,0,0,0,2024-03-25 11:00:00
2024-03-25 12:00:00,19.088686,72.867919,11,VABB,320.0,1.5,,2000.0,31.6,22.2,1008.9,0,0,0,0,0,2024-03-25 12:00:00
2024-03-25 12:00:00,19.088686,72.867919,11,VABB,280.0,4.1,22000.0,4000.0,31.0,22.0,,0,0,0,0,0,2024-03-25 12:00:00
2024-03-25 12:30:00,19.088686,72.867919,11,VABB,290.0,4.6,22000.0,4000.0,31.0,23.0,,0,0,0,0,0,2024-03-25 12:00:00
2024-03-25 13:00:00,19.088686,72.867919,11,VABB,280.0,3.6,22000.0,4000.0,30.0,23.0,,0,0,0,0,0,2024-03-25 13:00:00
2024-03-25 13:30:00,19.088686,72.867919,11,VABB,300.0,3.1,22000.0,4000.0,29.0,23.0,,0,0,0,0,0,2024-03-25 13:00:00
2024-03-25 14:00:00,19.088686,72.867919,11,VABB,310.0,2.6,22000.0,3000.0,29.0,23.0,,0,0,0,0,0,2024-03-25 14:00:00
2024-03-25 14:30:00,19.088686,72.867919,11,VABB,300.0,4.1,22000.0,3000.0,29.0,23.0,,0,0,0,0,0,2024-03-25 14:00:00
2024-03-25 15:00:00,19.088686,72.867919,11,VABB,320.0,1.5,,2000.0,28.0,23.0,1010.8,0,0,0,0,0,2024-03-25 15:00:00
2024-03-25 15:00:00,19.088686,72.867919,11,VABB,300.0,4.1,22000.0,3000.0,28.0,24.0,,0,0,0,0,0,2024-03-25 15:00:00
2024-03-25 15:30:00,19.088686,72.867919,11,VABB,310.0,2.6,22000.0,3000.0,28.0,24.0,,0,0,0,0,0,2024-03-25 15:00:00
2024-03-25 16:00:00,19.088686,72.867919,11,VABB,290.0,3.6,22000.0,3000.0,28.0,24.0,,0,0,0,0,0,2024-03-25 16:00:00
2024-03-25 16:30:00,19.088686,72.867919,11,VABB,300.0,2.6,22000.0,3000.0,28.0,25.0,,0,1,0,0,0,2024-03-25 16:00:00
2024-03-25 17:00:00,19.088686,72.867919,11,VABB,300.0,3.1,22000.0,3000.0,28.0,25.0,,0,1,0,0,0,2024-03-25 17:00:00
2024-03-25 17:30:00,19.088686,72.867919,11,VABB,300.0,3.6,22000.0,3000.0,28.0,25.0,,0,1,0,0,0,2024-03-25 17:00:00
2024-03-25 18:00:00,19.088686,72.867919,11,VABB,320.0,1.5,22000.0,2000.0,27.2,23.4,1011.7,0,0,0,0,0,2024-03-25 18:00:00
2024-03-25 18:00:00,19.088686,72.867919,11,VABB,320.0,2.6,22000.0,3000.0,27.0,25.0,,0,1,0,0,0,2024-03-25 18:00:00
2024-03-25 18:30:00,19.088686,72.867919,11,VABB,320.0,2.6,22000.0,3000.0,27.0,25.0,,0,1,0,0,0,2024-03-25 18:00:00
2024-03-25 19:00:00,19.088686,72.867919,11,VABB,300.0,3.6,22000.0,3000.0,27.0,25.0,,0,1,0,0,0,2024-03-25 19:00:00
2024-03-25 19:30:00,19.088686,72.867919,11,VABB,320.0,2.6,22000.0,3000.0,27.0,25.0,,0,1,0,0,0,2024-03-25 19:00:00
2024-03-25 20:00:00,19.088686,72.867919,11,VABB,320.0,2.6,22000.0,3000.0,27.0,24.0,,0,1,0,0,0,2024-03-25 20:00:00
2024-03-25 20:30:00,19.088686,72.867919,11,VABB,320.0,2.6,22000.0,3000.0,27.0,24.0,,0,1,0,0,0,2024-03-25 20:00:00
2024-03-25 21:00:00,19.088686,72.867919,11,VABB,,0.0,,2000.0,26.0,22.4,1010.8,0,0,0,0,0,2024-03-25 21:00:00
2024-03-25 21:00:00,19.088686,72.867919,11,VABB,320.0,2.6,22000.0,3000.0,27.0,23.0,,0,1,0,0,0,2024-03-25 21:00:00
2024-03-25 21:30:00,19.088686,72.867919,11,VABB,330.0,2.6,22000.0,3000.0,27.0,23.0,,0,1,0,0,0,2024-03-25 21:00:00
2024-03-25 22:00:00,19.088686,72.867919,11,VABB,10.0,1.5,22000.0,3000.0,27.0,23.0,,0,1,0,0,0,2024-03-25 22:00:00
2024-03-25 22:30:00,19.088686,72.867919,11,VABB,30.0,1.5,22000.0,3000.0,27.0,23.0,,0,1,0,0,0,2024-03-25 22:00:00
2024-03-25 23:00:00,19.088686,72.867919,11,VABB,320.0,1.5,22000.0,3000.0,27.0,22.0,,0,1,0,0,0,2024-03-25 23:00:00
2024-03-25 23:30:00,19.088686,72.867919,11,VABB,0.0,0.0,22000.0,3000.0,27.0,22.0,,0,1,0,0,0,2024-03-25 23:00:00
2024-03-26 00:00:00,19.088686,72.867919,11,VABB,,0.0,,2000.0,24.2,21.5,1009.9,0,0,0,0,0,2024-03-26 00:00:00
2024-03-26 00:00:00,19.088686,72.867919,11,VABB,0.0,0.0,22000.0,3000.0,27.0,22.0,,0,1,0,0,0,2024-03-26 00:00:00
2024-03-26 00:30:00,19.088686,72.867919,11,VABB,180.0,1.5,22000.0,3000.0,27.0,22.0,,0,1,0,0,0,2024-03-26 00:00:00
2024-03-26 01:00:00,19.088686,72.867919,11,VABB,90.0,2.1,22000.0,3000.0,26.0,22.0,,0,1,0,0,0,2024-03-26 01:00:00
2024-03-26 01:30:00,19.088686,72.867919,11,VABB,0.0,0.0,22000.0,3000.0,27.0,22.0,,0,1,0,0,0,2024-03-26 01:00:00
2024-03-26 02:00:00,19.088686,72.867919,11,VABB,230.0,1.5,22000.0,3000.0,27.0,22.0,,0,1,0,0,0,2024-03-26 02:00:00
2024-03-26 02:30:00,19.088686,72.867919,11,VABB,220.0,1.5,22000.0,3000.0,28.0,22.0,,0,1,0,0,0,2024-03-26 02:00:00
2024-03-26 03:00:00,19.088686,72.867919,11,VABB,,0.0,,2000.0,26.0,21.5,1011.9,0,0,0,0,0,2024-03-26 03:00:00
2024-03-26 03:00:00,19.088686,72.867919,11,VABB,260.0,1.5,22000.0,3000.0,28.0,21.0,,0,1,0,0,0,2024-03-26 03:00:00
2024-03-26 03:30:00,19.088686,72.867919,11,VABB,0.0,0.0,22000.0,3000.0,30.0,20.0,,0,1,0,0,0,2024-03-26 03:00:00
2024-03-26 04:00:00,19.088686,72.867919,11,VABB,60.0,2.1,22000.0,3000.0,31.0,19.0,,0,0,0,0,0,2024-03-26 04:00:00
2024-03-26 04:30:00,19.088686,72.867919,11,VABB,160.0,2.6,22000.0,3500.0,32.0,19.0,,0,0,0,0,0,2024-03-26 04:00:00
2024-03-26 05:00:00,19.088686,72.867919,11,VABB,200.0,2.1,22000.0,3500.0,33.0,18.0,,0,0,0,0,0,2024-03-26 05:00:00
2024-03-26 05:30:00,19.088686,72.867919,11,VABB,260.0,4.1,22000.0,3500.0,32.0,21.0,,0,0,0,0,0,2024-03-26 05:00:00
2024-03-26 06:00:00,19.088686,72.867919,11,VABB,320.0,2.1,,2000.0,32.0,23.3,1012.2,0,0,0,0,0,2024-03-26 06:00:00
2024-03-26 06:00:00,19.088686,72.867919,11,VABB,260.0,6.7,22000.0,3500.0,31.0,23.0,,0,1,0,0,0,2024-03-26 06:00:00
2024-03-26 06:30:00,19.088686,72.867919,11,VABB,260.0,5.1,22000.0,4000.0,31.0,24.0,,0,1,0,0,0,2024-03-26 06:00:00
2024-03-26 07:00:00,19.088686,72.867919,11,VABB,260.0,6.2,22000.0,4000.0,31.0,25.0,,0,1,0,0,0,2024-03-26 07:00:00
2024-03-26 07:30:00,19.088686,72.867919,11,VABB,270.0,6.2,22000.0,4000.0,31.0,25.0,,0,1,0,0,0,2024-03-26 07:00:00
2024-03-26 08:00:00,19.088686,72.867919,11,VABB,270.0,5.1,22000.0,4000.0,32.0,24.0,,0,1,0,0,0,2024-03-26 08:00:00
2024-03-26 08:30:00,19.088686,72.867919,11,VABB,260.0,5.7,22000.0,4000.0,32.0,24.0,,0,1,0,0,0,2024-03-26 08:00:00
2024-03-26 09:00:00,19.088686,72.867919,11,VABB,320.0,1.5,,2000.0,32.8,24.6,1009.6,0,0,0,0,0,2024-03-26 09:00:00
2024-03-26 09:00:00,19.088686,72.867919,11,VABB,260.0,6.2,22000.0,4000.0,31.0,25.0,,0,1,0,0,0,2024-03-26 09:00:00
2024-03-26 09:30:00,19.088686,72.867919,11,VABB,260.0,3.6,22000.0,4000.0,31.0,25.0,,0,1,0,0,1,2024-03-26 09:00:00
2024-03-26 10:00:00,19.088686,72.867919,11,VABB,270.0,3.6,22000.0,4000.0,31.0,25.0,,0,1,0,0,1,2024-03-26 10:00:00
2024-03-26 10:30:00,19.088686,72.867919,11,VABB,270.0,3.6,22000.0,4000.0,31.0,25.0,,0,1,0,0,1,2024-03-26 10:00:00
2024-03-26 11:00:00,19.088686,72.867919,11,VABB,280.0,5.7,22000.0,4000.0,31.0,25.0,,0,1,0,0,0,2024-03-26 11:00:00
2024-03-26 11:30:00,19.088686,72.867919,11,VABB,290.0,5.7,22000.0,4000.0,31.0,24.0,,0,1,0,0,0,2024-03-26 11:00:00
2024-03-26 12:00:00,19.088686,72.867919,11,VABB,320.0,3.1,,2000.0,30.2,22.9,1009.3,0,0,0,0,0,2024-03-26 12:00:00
2024-03-26 12:00:00,19.088686,72.867919,11,VABB,310.0,4.6,22000.0,4000.0,30.0,24.0,,0,1,0,0,0,2024-03-26 12:00:00
2024-03-26 16:00:00,19.088686,72.867919,11,VABB,290.0,2.1,22000.0,3000.0,29.0,23.0,,0,1,0,0,0,2024-03-26 16:00:00
2024-03-26 16:30:00,19.088686,72.867919,11,VABB,270.0,1.5,22000.0,3000.0,29.0,22.0,,0,1,0,0,0,2024-03-26 16:00:00
2024-03-26 17:30:00,19.088686,72.867919,11,VABB,210.0,2.6,22000.0,3000.0,28.0,22.0,,0,1,0,0,0,2024-03-26 17:00:00
2024-03-26 18:00:00,19.088686,72.867919,11,VABB,,0.0,,2000.0,26.4,22.2,1012.7,0,0,0,0,0,2024-03-26 18:00:00
2024-03-26 18:00:00,19.088686,72.867919,11,VABB,220.0,2.6,22000.0,3000.0,28.0,23.0,,0,1,0,0,0,2024-03-26 18:00:00
2024-03-26 18:30:00,19.088686,72.867919,11,VABB,300.0,2.1,22000.0,3000.0,28.0,22.0,,0,1,0,0,0,2024-03-26 18:00:00
2024-03-27 03:00:00,19.088686,72.867919,11,VABB,,0.0,22000.0,2000.0,27.5,23.3,1013.9,0,0,0,0,0,2024-03-27 03:00:00
2024-03-27 03:30:00,19.088686,72.867919,11,VABB,230.0,2.6,2000.0,2500.0,29.0,23.0,,0,1,0,0,0,2024-03-27 03:00:00
2024-03-27 04:00:00,19.088686,72.867919,11,VABB,190.0,2.1,3048.0,2500.0,30.0,23.0,,0,1,0,0,0,2024-03-27 04:00:00
2024-03-27 04:30:00,19.088686,72.867919,11,VABB,260.0,3.1,10000.0,2500.0,31.0,25.0,,0,1,0,0,0,2024-03-27 04:00:00
2024-03-27 05:00:00,19.088686,72.867919,11,VABB,270.0,4.1,10000.0,2500.0,31.0,25.0,,0,1,0,0,0,2024-03-27 05:00:00
2024-03-27 05:30:00,19.088686,72.867919,11,VABB,260.0,5.7,2000.0,3000.0,30.0,25.0,,0,1,0,0,0,2024-03-27 05:00:00
2024-03-27 06:00:00,19.088686,72.867919,11,VABB,320.0,1.5,,2000.0,31.0,24.4,1014.1,0,0,0,0,0,2024-03-27 06:00:00
2024-03-27 06:00:00,19.088686,72.867919,11,VABB,240.0,5.1,2000.0,3000.0,30.0,26.0,,0,1,0,0,0,2024-03-27 06:00:00
2024-03-27 06:30:00,19.088686,72.867919,11,VABB,260.0,4.1,2000.0,3000.0,30.0,25.0,,0,1,0,0,0,2024-03-27 06:00:00
2024-03-27 07:00:00,19.088686,72.867919,11,VABB,250.0,5.1,2000.0,3000.0,30.0,25.0,,0,1,0,0,0,2024-03-27 07:00:00
2024-03-27 07:30:00,19.088686,72.867919,11,VABB,250.0,5.7,2000.0,3000.0,31.0,25.0,,0,1,0,0,0,2024-03-27 07:00:00
2024-03-27 08:00:00,19.088686,72.867919,11,VABB,260.0,5.7,2000.0,3500.0,31.0,25.0,,0,1,0,0,0,2024-03-27 08:00:00
2024-03-27 08:30:00,19.088686,72.867919,11,VABB,270.0,5.1,2000.0,4000.0,31.0,25.0,,0,1,0,0,0,2024-03-27 08:00:00
2024-03-27 09:00:00,19.088686,72.867919,11,VABB,270.0,2.6,,2000.0,31.6,22.9,1011.9,0,0,0,0,0,2024-03-27 09:00:00
2024-03-27 09:00:00,19.088686,72.867919,11,VABB,260.0,5.1,22000.0,4000.0,31.0,25.0,,0,1,0,0,0,2024-03-27 09:00:00
2024-03-27 09:30:00,19.088686,72.867919,11,VABB,280.0,5.7,22000.0,4000.0,31.0,25.0,,0,1,0,0,0,2024-03-27 09:00:00
2024-03-27 10:00:00,19.088686,72.867919,11,VABB,270.0,5.7,22000.0,4000.0,31.0,24.0,,0,1,0,0,0,2024-03-27 10:00:00
2024-03-27 10:30:00,19.088686,72.867919,11,VABB,270.0,6.2,22000.0,4000.0,30.0,25.0,,0,1,0,0,0,2024-03-27 10:00:00
2024-03-27 11:00:00,19.088686,72.867919,11,VABB,260.0,5.7,22000.0,4000.0,31.0,25.0,,0,1,0,0,0,2024-03-27 11:00:00
2024-03-27 11:30:00,19.088686,72.867919,11,VABB,270.0,5.1,2000.0,4000.0,30.0,25.0,,0,1,0,0,0,2024-03-27 11:00:00
2024-03-27 12:00:00,19.088686,72.867919,11,VABB,320.0,2.1,22000.0,2000.0,30.4,24.7,1010.7,0,0,0,0,0,2024-03-27 12:00:00
2024-03-27 12:00:00,19.088686,72.867919,11,VABB,270.0,5.7,2000.0,4000.0,30.0,25.0,,0,1,0,0,0,2024-03-27 12:00:00
2024-03-27 12:30:00,19.088686,72.867919,11,VABB,260.0,5.7,2000.0,4000.0,29.0,26.0,,0,1,0,0,0,2024-03-27 12:00:00
2024-03-27 13:00:00,19.088686,72.867919,11,VABB,270.0,6.2,2000.0,3500.0,29.0,26.0,,0,1,0,0,0,2024-03-27 13:00:00
2024-03-27 13:30:00,19.088686,72.867919,11,VABB,280.0,4.6,2000.0,3000.0,28.0,25.0,,0,1,0,0,0,2024-03-27 13:00:00
2024-03-27 14:00:00,19.088686,72.867919,11,VABB,280.0,4.1,2000.0,3000.0,28.0,25.0,,0,1,0,0,0,2024-03-27 14:00:00
2024-03-27 14:30:00,19.088686,72.867919,11,VABB,300.0,2.6,2000.0,3000.0,28.0,25.0,,0,1,0,0,0,2024-03-27 14:00:00
2024-03-27 15:00:00,19.088686,72.867919,11,VABB,320.0,1.5,22000.0,2000.0,28.0,24.3,1012.5,0,0,0,0,0,2024-03-27 15:00:00
2024-03-27 15:00:00,19.088686,72.867919,11,VABB,250.0,2.1,2000.0,3000.0,28.0,25.0,,0,1,0,0,0,2024-03-27 15:00:00
2024-03-27 15:30:00,19.088686,72.867919,11,VABB,270.0,3.1,2000.0,3000.0,28.0,25.0,,0,1,0,0,0,2024-03-27 15:00:00
2024-03-27 16:00:00,19.088686,72.867919,11,VABB,300.0,2.6,2000.0,3000.0,28.0,26.0,,0,1,0,0,0,2024-03-27 16:00:00
2024-03-27 16:30:00,19.088686,72.867919,11,VABB,120.0,1.5,2000.0,3000.0,28.0,25.0,,0,1,0,0,0,2024-03-27 16:00:00
2024-03-27 17:00:00,19.088686,72.867919,11,VABB,340.0,2.1,2000.0,3000.0,28.0,25.0,,1,0,0,0,0,2024-03-27 17:00:00
2024-03-27 17:30:00,19.088686,72.867919,11,VABB,290.0,1.5,2000.0,3000.0,28.0,24.0,,1,0,0,0,0,2024-03-27 17:00:00
2024-04-01 18:00:00,19.088686,72.867919,11,VABB,,0.0,,2000.0,27.4,22.7,1009.6,0,0,0,0,0,2024-04-01 18:00:00
2024-04-01 18:00:00,19.088686,72.867919,11,VABB,,1.5,22000.0,3000.0,28.0,23.0,,0,1,0,1,0,2024-04-01 18:00:00
2024-04-01 18:30:00,19.088686,72.867919,11,VABB,310.0,2.6,22000.0,2500.0,28.0,24.0,,0,1,0,0,0,2024-04-01 18:00:00
2024-04-01 19:00:00,19.088686,72.867919,11,VABB,210.0,2.6,22000.0,2500.0,28.0,24.0,,0,1,0,0,0,2024-04-01 19:00:00
2024-04-01 19:30:00,19.088686,72.867919,11,VABB,310.0,3.1,22000.0,2500.0,27.0,24.0,,0,1,0,0,0,2024-04-01 19:00:00
2024-04-01 20:00:00,19.088686,72.867919,11,VABB,330.0,3.6,22000.0,2500.0,27.0,24.0,,1,0,0,0,0,2024-04-01 20:00:00
2024-04-01 20:30:00,19.088686,72.867919,11,VABB,310.0,2.6,22000.0,2500.0,27.0,23.0,,1,0,0,0,0,2024-04-01 20:00:00
2024-04-01 21:00:00,19.088686,72.867919,11,VABB,,0.0,,2000.0,26.4,21.3,1008.4,0,0,0,0,0,2024-04-01 21:00:00
2024-04-01 21:00:00,19.088686,72.867919,11,VABB,320.0,2.6,22000.0,2500.0,27.0,22.0,,0,1,0,0,0,2024-04-01 21:00:00
2024-04-01 21:30:00,19.088686,72.867919,11,VABB,330.0,2.6,22000.0,3000.0,27.0,22.0,,0,1,0,0,0,2024-04-01 21:00:00
2024-04-01 22:00:00,19.088686,72.867919,11,VABB,340.0,2.1,22000.0,3000.0,27.0,22.0,,0,1,0,0,0,2024-04-01 22:00:00
2024-04-01 22:30:00,19.088686,72.867919,11,VABB,10.0,2.1,22000.0,3000.0,27.0,22.0,,0,1,0,0,0,2024-04-01 22:00:00
2024-04-01 23:00:00,19.088686,72.867919,11,VABB,50.0,1.5,22000.0,3000.0,27.0,22.0,,0,1,0,0,0,2024-04-01 23:00:00
2024-04-01 23:30:00,19.088686,72.867919,11,VABB,40.0,1.5,22000.0,3000.0,27.0,22.0,,0,1,0,0,0,2024-04-01 23:00:00
2024-04-02 00:00:00,19.088686,72.867919,11,VABB,,0.0,,2000.0,24.0,20.6,1008.1,0,0,0,0,0,2024-04-02 00:00:00
2024-04-02 00:00:00,19.088686,72.867919,11,VABB,0.0,0.0,22000.0,2500.0,26.0,21.0,,0,1,0,0,0,2024-04-02 00:00:00
2024-04-02 00:30:00,19.088686,72.867919,11,VABB,0.0,0.0,22000.0,2500.0,26.0,21.0,,0,1,0,0,0,2024-04-02 00:00:00
2024-04-02 01:00:00,19.088686,72.867919,11,VABB,40.0,2.1,10000.0,2500.0,27.0,22.0,,0,1,0,0,0,2024-04-02 01:00:00
2024-04-02 01:30:00,19.088686,72.867919,11,VABB,40.0,2.1,10000.0,2500.0,27.0,22.0,,0,1,0,0,0,2024-04-02 01:00:00
2024-04-02 02:00:00,19.088686,72.867919,11,VABB,10.0,2.6,10000.0,2500.0,27.0,22.0,,0,1,0,0,0,2024-04-02 02:00:00
2024-04-02 02:30:00,19.088686,72.867919,11,VABB,330.0,1.5,22000.0,2200.0,27.0,22.0,,0,1,0,0,0,2024-04-02 02:00:00
2024-04-02 03:00:00,19.088686,72.867919,11,VABB,,0.0,,2000.0,26.2,21.7,1009.4,0,0,0,0,0,2024-04-02 03:00:00
2024-04-02 03:00:00,19.088686,72.867919,11,VABB,10.0,2.1,22000.0,2200.0,28.0,23.0,,0,1,0,0,0,2024-04-02 03:00:00
2024-04-02 03:30:00,19.088686,72.867919,11,VABB,40.0,1.5,22000.0,2500.0,29.0,22.0,,0,1,0,0,0,2024-04-02 03:00:00
2024-04-02 04:00:00,19.088686,72.867919,11,VABB,30.0,2.6,22000.0,2500.0,30.0,21.0,,0,0,0,0,0,2024-04-02 04:00:00
2024-04-02 21:00:00,19.088686,72.867919,11,VABB,330.0,2.1,22000.0,2500.0,27.0,23.0,,1,0,0,0,0,2024-04-02 21:00:00
2024-04-02 21:30:00,19.088686,72.867919,11,VABB,0.0,0.0,22000.0,2500.0,27.0,23.0,,1,0,0,0,0,2024-04-02 21:00:00
2024-04-02 22:00:00,19.088686,72.867919,11,VABB,360.0,2.1,22000.0,2500.0,27.0,23.0,,1,0,0,0,0,2024-04-02 22:00:00
2024-04-02 22:30:00,19.088686,72.867919,11,VABB,50.0,1.5,22000.0,2500.0,27.0,23.0,,1,0,0,0,0,2024-04-02 22:00:00
2024-04-02 23:00:00,19.088686,72.867919,11,VABB,70.0,1.5,22000.0,2500.0,27.0,22.0,,1,0,0,0,0,2024-04-02 23:00:00
2024-04-02 23:30:00,19.088686,72.867919,11,VABB,40.0,1.5,22000.0,2500.0,27.0,21.0,,0,1,0,0,0,2024-04-02 23:00:00
2024-04-03 00:00:00,19.088686,72.867919,11,VABB,,0.0,,2000.0,24.4,20.7,1008.7,0,0,0,0,0,2024-04-03 00:00:00
2024-04-03 00:00:00,19.088686,72.867919,11,VABB,0.0,0.0,22000.0,2500.0,27.0,20.0,,0,1,0,0,0,2024-04-03 00:00:00
2024-04-03 00:30:00,19.088686,72.867919,11,VABB,10.0,1.5,22000.0,2500.0,27.0,20.0,,0,1,0,0,0,2024-04-03 00:00:00
2024-04-03 01:00:00,19.088686,72.867919,11,VABB,40.0,2.1,22000.0,2500.0,27.0,20.0,,0,1,0,0,0,2024-04-03 01:00:00
2024-04-03 01:30:00,19.088686,72.867919,11,VABB,50.0,2.1,22000.0,2500.0,27.0,20.0,,0,1,0,0,0,2024-04-03 01:00:00
2024-04-03 02:00:00,19.088686,72.867919,11,VABB,120.0,2.1,22000.0,2500.0,27.0,20.0,,0,1,0,0,0,2024-04-03 02:00:00
2024-04-03 02:30:00,19.088686,72.867919,11,VABB,110.0,2.1,22000.0,2500.0,28.0,20.0,,0,1,0,0,0,2024-04-03 02:00:00
2024-04-03 03:00:00,19.088686,72.867919,11,VABB,,0.0,,2000.0,26.0,19.9,1010.7,0,0,0,0,0,2024-04-03 03:00:00
2024-04-03 03:00:00,19.088686,72.867919,11,VABB,180.0,1.5,22000.0,2500.0,29.0,20.0,,0,1,0,0,0,2024-04-03 03:00:00
2024-04-03 03:30:00,19.088686,72.867919,11,VABB,130.0,2.6,22000.0,2500.0,29.0,21.0,,0,1,0,0,0,2024-04-03 03:00:00
2024-04-03 04:00:00,19.088686,72.867919,11,VABB,140.0,2.6,22000.0,2500.0,30.0,20.0,,0,0,0,0,0,2024-04-03 04:00:00
2024-04-03 04:30:00,19.088686,72.867919,11,VABB,140.0,2.1,22000.0,2500.0,31.0,19.0,,0,0,0,0,0,2024-04-03 04:00:00
2024-04-03 05:00:00,19.088686,72.867919,11,VABB,120.0,2.6,22000.0,3000.0,32.0,19.0,,0,0,0,0,0,2024-04-03 05:00:00
2024-04-03 05:30:00,19.088686,72.867919,11,VABB,210.0,2.6,22000.0,3000.0,33.0,17.0,,0,0,0,0,0,2024-04-03 05:00:00
2024-04-03 06:00:00,19.088686,72.867919,11,VABB,320.0,2.1,,2000.0,32.0,21.7,1010.8,0,0,0,0,0,2024-04-03 06:00:00
2024-04-03 06:00:00,19.088686,72.867919,11,VABB,270.0,5.7,22000.0,3500.0,31.0,22.0,,0,0,0,0,0,2024-04-03 06:00:00
2024-04-03 06:30:00,19.088686,72.867919,11,VABB,260.0,5.7,22000.0,3500.0,31.0,23.0,,0,1,0,0,0,2024-04-03 06:00:00
2024-04-03 07:00:00,19.088686,72.867919,11,VABB,260.0,6.2,22000.0,3500.0,31.0,23.0,,0,1,0,0,0,2024-04-03 07:00:00
2024-04-03 07:30:00,19.088686,72.867919,11,VABB,270.0,3.6,22000.0,3500.0,31.0,23.0,,0,1,0,0,1,2024-04-03 07:00:00
2024-04-03 08:00:00,19.088686,72.867919,11,VABB,280.0,6.2,22000.0,4000.0,31.0,22.0,,0,1,0,0,0,2024-04-03 08:00:00
2024-04-03 08:30:00,19.088686,72.867919,11,VABB,260.0,6.2,22000.0,4000.0,32.0,23.0,,0,1,0,0,0,2024-04-03 08:00:00
2024-04-03 09:00:00,19.088686,72.867919,11,VABB,320.0,2.1,,2000.0,31.6,22.9,1008.8,0,0,0,0,0,2024-04-03 09:00:00
2024-04-03 09:00:00,19.088686,72.867919,11,VABB,280.0,3.6,22000.0,4000.0,30.0,23.0,,0,1,0,0,1,2024-04-03 09:00:00
2024-04-03 09:30:00,19.088686,72.867919,11,VABB,270.0,5.7,22000.0,4000.0,31.0,24.0,,0,1,0,0,0,2024-04-03 09:00:00
2024-04-03 10:00:00,19.088686,72.867919,11,VABB,270.0,3.6,22000.0,4000.0,30.0,23.0,,0,1,0,0,1,2024-04-03 10:00:00
2024-04-03 10:30:00,19.088686,72.867919,11,VABB,290.0,5.7,22000.0,4000.0,31.0,24.0,,0,1,0,0,0,2024-04-03 10:00:00
2024-04-03 11:00:00,19.088686,72.867919,11,VABB,290.0,5.7,22000.0,4000.0,31.0,23.0,,0,1,0,0,0,2024-04-03 11:00:00
2024-04-03 11:30:00,19.088686,72.867919,11,VABB,290.0,6.2,22000.0,4000.0,31.0,23.0,,0,1,0,0,0,2024-04-03 11:00:00
2024-04-03 12:00:00,19.088686,72.867919,11,VABB,320.0,1.5,22000.0,2000.0,30.6,23.0,1008.3,0,0,0,0,0,2024-04-03 12:00:00
2024-04-03 12:00:00,19.088686,72.867919,11,VABB,280.0,7.2,10000.0,4000.0,30.0,23.0,,0,1,0,0,0,2024-04-03 12:00:00
2024-04-03 12:30:00,19.088686,72.867919,11,VABB,300.0,5.7,22000.0,4000.0,30.0,22.0,,0,1,0,0,0,2024-04-03 12:00:00
2024-04-03 13:00:00,19.088686,72.867919,11,VABB,300.0,3.6,22000.0,3000.0,29.0,20.0,,0,1,0,0,0,2024-04-03 13:00:00
2024-04-03 13:30:00,19.088686,72.867919,11,VABB,290.0,4.1,10000.0,3000.0,29.0,21.0,,0,1,0,0,0,2024-04-03 13:00:00
2024-04-03 14:00:00,19.088686,72.867919,11,VABB,300.0,2.6,10000.0,3000.0,29.0,21.0,,0,1,0,0,0,2024-04-03 14:00:00
2024-04-03 14:30:00,19.088686,72.867919,11,VABB,300.0,2.1,10000.0,3000.0,29.0,20.0,,0,1,0,0,0,2024-04-03 14:00:00
2024-04-03 15:00:00,19.088686,72.867919,11,VABB,,0.0,22000.0,2000.0,28.2,20.7,1010.4,0,0,0,0,0,2024-04-03 15:00:00
2024-04-03 15:00:00,19.088686,72.867919,11,VABB,300.0,2.1,22000.0,2500.0,29.0,21.0,,0,1,0,0,0,2024-04-03 15:00:00
2024-04-03 15:30:00,19.088686,72.867919,11,VABB,10.0,2.1,22000.0,2500.0,29.0,20.0,,0,1,0,0,0,2024-04-03 15:00:00
2024-04-03 16:00:00,19.088686,72.867919,11,VABB,310.0,1.5,22000.0,2500.0,29.0,20.0,,0,1,0,0,0,2024-04-03 16:00:00
2024-04-03 16:30:00,19.088686,72.867919,11,VABB,40.0,2.1,22000.0,2500.0,29.0,20.0,,0,1,0,0,0,2024-04-03 16:00:00
2024-04-03 17:00:00,19.088686,72.867919,11,VABB,10.0,2.1,22000.0,2500.0,29.0,20.0,,0,1,0,0,0,2024-04-03 17:00:00
2024-04-03 17:30:00,19.088686,72.867919,11,VABB,300.0,2.1,22000.0,2500.0,29.0,20.0,,0,1,0,0,0,2024-04-03 17:00:00
2024-04-03 18:00:00,19.088686,72.867919,11,VABB,,0.0,,2000.0,26.2,21.1,1011.1,0,0,0,0,0,2024-04-03 18:00:00
2024-04-03 18:00:00,19.088686,72.867919,11,VABB,300.0,2.6,22000.0,2500.0,28.0,21.0,,0,1,0,0,0,2024-04-03 18:00:00
2024-04-03 18:30:00,19.088686,72.867919,11,VABB,310.0,2.1,22000.0,2500.0,28.0,22.0,,0,1,0,0,0,2024-04-03 18:00:00
2024-04-03 19:00:00,19.088686,72.867919,11,VABB,330.0,2.1,22000.0,2500.0,28.0,22.0,,0,1,0,0,0,2024-04-03 19:00:00
2024-04-03 19:30:00,19.088686,72.867919,11,VABB,10.0,2.6,22000.0,2500.0,28.0,21.0,,0,1,0,0,0,2024-04-03 19:00:00
2024-04-03 20:00:00,19.088686,72.867919,11,VABB,360.0,2.1,22000.0,2500.0,28.0,21.0,,0,1,0,0,0,2024-04-03 20:00:00
2024-04-03 20:30:00,19.088686,72.867919,11,VABB,20.0,2.1,22000.0,2500.0,27.0,22.0,,0,1,0,0,0,2024-04-03 20:00:00
2024-04-03 21:00:00,19.088686,72.867919,11,VABB,,0.0,,2000.0,25.0,21.1,1009.6,0,0,0,0,0,2024-04-03 21:00:00
2024-04-03 21:00:00,19.088686,72.867919,11,VABB,350.0,2.6,22000.0,2500.0,27.0,22.0,,0,1,0,0,0,2024-04-03 21:00:00
2024-04-03 21:30:00,19.088686,72.867919,11,VABB,10.0,2.1,22000.0,2500.0,27.0,22.0,,0,1,0,0,0,2024-04-03 21:00:00
2024-04-03 22:00:00,19.088686,72.867919,11,VABB,10.0,2.6,22000.0,2500.0,27.0,22.0,,0,1,0,0,0,2024-04-03 22:00:00
2024-04-03 22:30:00,19.088686,72.867919,11,VABB,340.0,2.1,22000.0,2500.0,27.0,22.0,,0,1,0,0,0,2024-04-03 22:00:00
2024-04-03 23:00:00,19.088686,72.867919,11,VABB,350.0,2.6,22000.0,2500.0,27.0,22.0,,0,1,0,0,0,2024-04-03 23:00:00
2024-04-03 23:30:00,19.088686,72.867919,11,VABB,340.0,2.6,22000.0,2500.0,27.0,22.0,,0,1,0,0,0,2024-04-03 23:00:00
2024-04-04 00:00:00,19.088686,72.867919,11,VABB,,0.0,,2000.0,24.0,21.3,1008.8,0,0,0,0,0,2024-04-04 00:00:00
2024-04-04 00:00:00,19.088686,72.867919,11,VABB,350.0,2.6,22000.0,2500.0,27.0,22.0,,0,1,0,0,0,2024-04-04 00:00:00
2024-04-04 00:30:00,19.088686,72.867919,11,VABB,10.0,3.1,22000.0,2500.0,27.0,22.0,,0,1,0,0,0,2024-04-04 00:00:00
2024-04-04 01:00:00,19.088686,72.867919,11,VABB,350.0,3.1,2000.0,2500.0,27.0,22.0,,1,0,0,0,0,2024-04-04 01:00:00
2024-04-04 01:30:00,19.088686,72.867919,11,VABB,20.0,2.1,2000.0,2500.0,27.0,23.0,,1,0,0,0,0,2024-04-04 01:00:00
2024-04-04 02:00:00,19.088686,72.867919,11,VABB,120.0,2.6,2000.0,2500.0,27.0,23.0,,1,0,0,0,0,2024-04-04 02:00:00
2024-04-04 02:30:00,19.088686,72.867919,11,VABB,80.0,3.1,10000.0,2500.0,27.0,22.0,,0,1,0,0,0,2024-04-04 02:00:00
2024-04-04 03:00:00,19.088686,72.867919,11,VABB,,0.0,22000.0,2000.0,26.4,21.6,1010.8,0,0,0,0,0,2024-04-04 03:00:00
2024-04-04 03:00:00,19.088686,72.867919,11,VABB,330.0,2.1,10000.0,2500.0,29.0,20.0,,0,1,0,0,0,2024-04-04 03:00:00
2024-04-04 03:30:00,19.088686,72.867919,11,VABB,330.0,2.1,10000.0,3000.0,29.0,19.0,,0,0,0,0,0,2024-04-04 03:00:00
2024-04-04 04:00:00,19.088686,72.867919,11,VABB,320.0,1.5,10000.0,3000.0,30.0,20.0,,0,0,0,0,0,2024-04-04 04:00:00
2024-04-04 04:30:00,19.088686,72.867919,11,VABB,310.0,1.5,10000.0,3000.0,30.0,20.0,,0,0,0,0,0,2024-04-04 04:00:00
2024-04-04 05:00:00,19.088686,72.867919,11,VABB,90.0,2.6,10000.0,3000.0,31.0,20.0,,0,0,0,0,0,2024-04-04 05:00:00
2024-04-04 05:30:00,19.088686,72.867919,11,VABB,150.0,1.5,10000.0,3000.0,33.0,19.0,,0,0,0,0,0,2024-04-04 05:00:00
2024-04-04 06:00:00,19.088686,72.867919,11,VABB,270.0,1.5,,2000.0,32.2,22.9,1011.4,0,0,0,0,0,2024-04-04 06:00:00
2024-04-04 06:00:00,19.088686,72.867919,11,VABB,260.0,3.6,10000.0,3500.0,32.0,24.0,,0,0,0,0,1,2024-04-04 06:00:00
2024-04-04 06:30:00,19.088686,72.867919,11,VABB,250.0,6.2,22000.0,4000.0,32.0,24.0,,0,0,0,0,0,2024-04-04 06:00:00
2024-04-04 07:00:00,19.088686,72.867919,11,VABB,290.0,4.6,22000.0,4000.0,32.0,24.0,,0,1,0,0,0,2024-04-04 07:00:00
2024-04-04 07:30:00,19.088686,72.867919,11,VABB,300.0,4.1,10000.0,4000.0,32.0,24.0,,0,1,0,0,0,2024-04-04 07:00:00
2024-04-04 08:00:00,19.088686,72.867919,11,VABB,310.0,4.6,3048.0,4000.0,32.0,24.0,,0,1,0,0,0,2024-04-04 08:00:00
2024-04-04 08:30:00,19.088686,72.867919,11,VABB,310.0,4.6,10000.0,4000.0,32.0,24.0,,0,1,0,0,0,2024-04-04 08:00:00
2024-04-04 09:00:00,19.088686,72.867919,11,VABB,320.0,2.1,22000.0,2000.0,32.6,23.7,1009.1,0,0,0,0,0,2024-04-04 09:00:00
2024-04-04 09:00:00,19.088686,72.867919,11,VABB,250.0,5.7,10000.0,4000.0,32.0,23.0,,0,1,0,0,0,2024-04-04 09:00:00
2024-04-04 09:30:00,19.088686,72.867919,11,VABB,280.0,5.7,10000.0,4000.0,31.0,23.0,,0,1,0,0,0,2024-04-04 09:00:00
2024-04-04 10:00:00,19.088686,72.867919,11,VABB,260.0,5.1,10000.0,4000.0,31.0,22.0,,0,1,0,0,0,2024-04-04 10:00:00
2024-04-04 10:30:00,19.088686,72.867919,11,VABB,280.0,3.6,10000.0,4000.0,31.0,22.0,,0,1,0,0,1,2024-04-04 10:00:00
2024-04-04 11:00:00,19.088686,72.867919,11,VABB,300.0,4.1,10000.0,4000.0,31.0,22.0,,0,0,0,0,0,2024-04-04 11:00:00
2024-04-04 11:30:00,19.088686,72.867919,11,VABB,340.0,5.7,10000.0,4000.0,32.0,20.0,,0,0,0,0,0,2024-04-04 11:00:00
2024-04-04 12:00:00,19.088686,72.867919,11,VABB,320.0,2.1,22000.0,2000.0,31.0,19.8,1008.6,0,0,0,0,0,2024-04-04 12:00:00
2024-04-04 12:00:00,19.088686,72.867919,11,VABB,330.0,4.1,10000.0,4000.0,32.0,19.0,,0,0,0,0,0,2024-04-04 12:00:00
2024-04-04 12:30:00,19.088686,72.867919,11,VABB,290.0,3.1,10000.0,4000.0,31.0,20.0,,0,0,0,0,0,2024-04-04 12:00:00
2024-04-04 13:00:00,19.088686,72.867919,11,VABB,280.0,5.1,10000.0,4000.0,30.0,20.0,,0,0,0,0,0,2024-04-04 13:00:00
2024-04-04 13:30:00,19.088686,72.867919,11,VABB,300.0,4.1,10000.0,4000.0,30.0,21.0,,0,0,0,0,0,2024-04-04 13:00:00
2024-04-04 14:00:00,19.088686,72.867919,11,VABB,290.0,3.1,10000.0,4000.0,29.0,21.0,,0,0,0,0,0,2024-04-04 14:00:00
2024-04-04 14:30:00,19.088686,72.867919,11,VABB,290.0,3.1,10000.0,4000.0,29.0,21.0,,0,1,0,0,0,2024-04-04 14:00:00
2024-04-04 15:00:00,19.088686,72.867919,11,VABB,,0.0,,2000.0,28.8,22.0,1010.6,0,0,0,0,0,2024-04-04 15:00:00
2024-04-04 15:00:00,19.088686,72.867919,11,VABB,290.0,2.6,10000.0,4000.0,29.0,21.0,,0,1,0,0,0,2024-04-04 15:00:00
2024-04-04 15:30:00,19.088686,72.867919,11,VABB,290.0,2.6,10000.0,3000.0,29.0,21.0,,0,1,0,0,0,2024-04-04 15:00:00
2024-04-04 16:00:00,19.088686,72.867919,11,VABB,270.0,3.6,10000.0,3000.0,29.0,21.0,,0,1,0,0,0,2024-04-04 16:00:00
2024-04-04 16:30:00,19.088686,72.867919,11,VABB,290.0,4.1,10000.0,3000.0,29.0,22.0,,0,1,0,0,0,2024-04-04 16:00:00
2024-04-04 17:00:00,19.088686,72.867919,11,VABB,170.0,4.6,22000.0,3000.0,28.0,22.0,,0,1,0,0,0,2024-04-04 17:00:00
2024-04-04 17:30:00,19.088686,72.867919,11,VABB,300.0,3.1,22000.0,3000.0,28.0,23.0,,0,1,0,0,0,2024-04-04 17:00:00
2024-04-04 18:00:00,19.088686,72.867919,11,VABB,,0.0,,2000.0,27.4,22.1,1012.1,0,0,0,0,0,2024-04-04 18:00:00
2024-04-04 18:00:00,19.088686,72.867919,11,VABB,320.0,2.6,22000.0,3000.0,28.0,23.0,,0,1,0,0,0,2024-04-04 18:00:00
2024-04-04 18:30:00,19.088686,72.867919,11,VABB,330.0,2.1,22000.0,3000.0,29.0,20.0,,0,1,0,0,0,2024-04-04 18:00:00
2024-04-04 19:00:00,19.088686,72.867919,11,VABB,300.0,4.1,22000.0,3000.0,28.0,22.0,,0,1,0,0,0,2024-04-04 19:00:00
2024-04-04 19:30:00,19.088686,72.867919,11,VABB,360.0,3.1,22000.0,3000.0,28.0,23.0,,0,1,0,0,0,2024-04-04 19:00:00
2024-04-04 20:00:00,19.088686,72.867919,11,VABB,340.0,2.1,22000.0,3000.0,27.0,23.0,,0,1,0,0,0,2024-04-04 20:00:00
2024-04-04 20:30:00,19.088686,72.867919,11,VABB,0.0,0.0,22000.0,3000.0,27.0,23.0,,0,1,0,0,0,2024-04-04 20:00:00
2024-04-04 21:00:00,19.088686,72.867919,11,VABB,,0.0,22000.0,2000.0,26.2,22.7,1010.3,0,0,0,0,0,2024-04-04 21:00:00
2024-04-04 21:00:00,19.088686,72.867919,11,VABB,50.0,3.1,22000.0,3000.0,27.0,23.0,,0,1,0,0,0,2024-04-04 21:00:00
2024-04-04 21:30:00,19.088686,72.867919,11,VABB,40.0,3.1,22000.0,3000.0,27.0,23.0,,0,1,0,0,0,2024-04-04 21:00:00
2024-04-04 22:00:00,19.088686,72.867919,11,VABB,30.0,2.1,22000.0,3000.0,27.0,24.0,,1,0,0,0,0,2024-04-04 22:00:00
2024-04-04 22:30:00,19.088686,72.867919,11,VABB,330.0,1.5,22000.0,3000.0,27.0,23.0,,1,0,0,0,0,2024-04-04 22:00:00
2024-04-04 23:00:00,19.088686,72.867919,11,VABB,30.0,2.1,22000.0,3000.0,27.0,23.0,,1,0,0,0,0,2024-04-04 23:00:00
2024-04-04 23:30:00,19.088686,72.867919,11,VABB,330.0,2.1,22000.0,3000.0,27.0,23.0,,1,0,0,0,0,2024-04-04 23:00:00
2024-04-05 00:00:00,19.088686,72.867919,11,VABB,,0.0,22000.0,2000.0,24.4,22.3,1009.3,0,0,0,0,0,2024-04-05 00:00:00
2024-04-05 00:00:00,19.088686,72.867919,11,VABB,340.0,3.1,22000.0,3000.0,27.0,24.0,,1,0,0,0,0,2024-04-05 00:00:00
2024-04-05 00:30:00,19.088686,72.867919,11,VABB,350.0,2.1,22000.0,3000.0,27.0,23.0,,1,0,0,0,0,2024-04-05 00:00:00
2024-04-05 01:00:00,19.088686,72.867919,11,VABB,340.0,2.6,10000.0,3000.0,26.0,24.0,,1,0,0,0,0,2024-04-05 01:00:00
2024-04-05 01:30:00,19.088686,72.867919,11,VABB,340.0,2.6,10000.0,3000.0,26.0,24.0,,1,0,0,0,0,2024-04-05 01:00:00
2024-04-05 02:00:00,19.088686,72.867919,11,VABB,20.0,2.1,22000.0,3000.0,27.0,24.0,,1,0,0,0,0,2024-04-05 02:00:00
2024-04-05 02:30:00,19.088686,72.867919,11,VABB,30.0,3.1,22000.0,3000.0,27.0,24.0,,1,0,0,0,0,2024-04-05 02:00:00
2024-04-05 03:00:00,19.088686,72.867919,11,VABB,,0.0,,2000.0,27.4,23.6,1011.3,0,0,0,0,0,2024-04-05 03:00:00
2024-04-05 03:00:00,19.088686,72.867919,11,VABB,340.0,3.6,22000.0,3000.0,28.0,25.0,,0,1,0,0,0,2024-04-05 03:00:00
2024-04-05 03:30:00,19.088686,72.867919,11,VABB,330.0,3.1,22000.0,3500.0,29.0,24.0,,0,1,0,0,0,2024-04-05 03:00:00
2024-04-05 04:00:00,19.088686,72.867919,11,VABB,130.0,2.1,22000.0,3000.0,30.0,24.0,,0,1,0,0,0,2024-04-05 04:00:00
2024-04-05 04:30:00,19.088686,72.867919,11,VABB,90.0,2.6,22000.0,3000.0,31.0,23.0,,0,1,0,0,0,2024-04-05 04:00:00
2024-04-05 05:00:00,19.088686,72.867919,11,VABB,110.0,2.6,22000.0,3000.0,33.0,23.0,,0,1,0,0,0,2024-04-05 05:00:00
2024-04-05 05:30:00,19.088686,72.867919,11,VABB,250.0,4.6,22000.0,3500.0,33.0,21.0,,0,1,0,0,0,2024-04-05 05:00:00
2024-04-05 06:00:00,19.088686,72.867919,11,VABB,270.0,1.5,22000.0,2000.0,33.4,24.3,1010.5,0,0,0,0,0,2024-04-05 06:00:00
2024-04-05 06:01:00,19.088686,72.867919,11,VABB,250.0,5.7,22000.0,4000.0,33.0,25.0,,0,1,0,0,0,2024-04-05 06:00:00
2024-04-05 06:30:00,19.088686,72.867919,11,VABB,240.0,5.7,22000.0,4000.0,33.0,25.0,,0,1,0,0,0,2024-04-05 06:00:00
2024-04-05 07:00:00,19.088686,72.867919,11,VABB,240.0,6.2,22000.0,4000.0,33.0,25.0,,0,1,0,0,0,2024-04-05 07:00:00
2024-04-05 07:30:00,19.088686,72.867919,11,VABB,250.0,3.6,22000.0,4000.0,32.0,24.0,,0,1,0,0,1,2024-04-05 07:00:00
2024-04-05 08:00:00,19.088686,72.867919,11,VABB,250.0,3.6,22000.0,4000.0,32.0,25.0,,0,1,0,0,1,2024-04-05 08:00:00
2024-04-05 08:30:00,19.088686,72.867919,11,VABB,290.0,4.6,2000.0,4000.0,33.0,24.0,,0,0,0,0,0,2024-04-05 08:00:00
2024-04-05 09:00:00,19.088686,72.867919,11,VABB,320.0,2.1,22000.0,2000.0,34.4,20.4,1007.9,0,0,0,0,0,2024-04-05 09:00:00
2024-04-05 09:00:00,19.088686,72.867919,11,VABB,300.0,4.1,2000.0,4000.0,34.0,20.0,,0,0,0,0,0,2024-04-05 09:00:00
2024-04-05 09:30:00,19.088686,72.867919,11,VABB,310.0,4.6,22000.0,4000.0,35.0,18.0,,0,0,0,0,0,2024-04-05 09:00:00
2024-04-05 10:00:00,19.088686,72.867919,11,VABB,300.0,5.7,22000.0,4000.0,36.0,17.0,,0,0,0,0,0,2024-04-05 10:00:00
2024-04-05 10:30:00,19.088686,72.867919,11,VABB,310.0,6.2,22000.0,4000.0,35.0,15.0,,0,0,0,0,0,2024-04-05 10:00:00
2024-04-05 11:00:00,19.088686,72.867919,11,VABB,310.0,5.7,22000.0,4000.0,36.0,14.0,,0,0,0,0,0,2024-04-05 11:00:00
2024-04-05 11:30:00,19.088686,72.867919,11,VABB,320.0,4.6,22000.0,4000.0,35.0,16.0,,0,0,0,0,0,2024-04-05 11:00:00
2024-04-05 12:00:00,19.088686,72.867919,11,VABB,320.0,3.1,,2000.0,34.4,16.5,1006.6,0,0,0,0,0,2024-04-05 12:00:00
2024-04-05 12:00:00,19.088686,72.867919,11,VABB,320.0,4.6,22000.0,4000.0,35.0,15.0,,0,0,0,0,0,2024-04-05 12:00:00
2024-04-05 12:30:00,19.088686,72.867919,11,VABB,320.0,4.6,22000.0,4000.0,34.0,13.0,,0,0,0,0,0,2024-04-05 12:00:00
2024-04-05 13:00:00,19.088686,72.867919,11,VABB,330.0,3.6,22000.0,4000.0,34.0,12.0,,0,0,0,0,0,2024-04-05 13:00:00
2024-04-05 13:30:00,19.088686,72.867919,11,VABB,320.0,3.1,22000.0,3500.0,34.0,12.0,,0,0,0,0,0,2024-04-05 13:00:00
2024-04-05 14:00:00,19.088686,72.867919,11,VABB,340.0,2.6,22000.0,3500.0,34.0,12.0,,0,0,0,0,0,2024-04-05 14:00:00
2024-04-05 14:30:00,19.088686,72.867919,11,VABB,130.0,1.5,22000.0,3500.0,34.0,12.0,,0,0,0,0,0,2024-04-05 14:00:00
2024-04-05 15:00:00,19.088686,72.867919,11,VABB,,0.0,,2000.0,30.2,15.3,1008.9,0,0,0,0,0,2024-04-05 15:00:00
2024-04-05 15:00:00,19.088686,72.867919,11,VABB,290.0,4.1,22000.0,3500.0,33.0,14.0,,0,0,0,0,0,2024-04-05 15:00:00
2024-04-05 15:30:00,19.088686,72.867919,11,VABB,300.0,4.6,22000.0,3500.0,31.0,21.0,,0,0,0,0,0,2024-04-05 15:00:00
2024-04-05 16:00:00,19.088686,72.867919,11,VABB,310.0,5.7,22000.0,3000.0,30.0,22.0,,0,1,0,0,0,2024-04-05 16:00:00
2024-04-05 16:30:00,19.088686,72.867919,11,VABB,310.0,4.6,22000.0,3000.0,29.0,23.0,,0,1,0,0,0,2024-04-05 16:00:00
2024-04-05 17:00:00,19.088686,72.867919,11,VABB,310.0,4.1,22000.0,3000.0,29.0,23.0,,0,1,0,0,0,2024-04-05 17:00:00
2024-04-05 17:30:00,19.088686,72.867919,11,VABB,310.0,3.6,22000.0,3000.0,29.0,23.0,,0,1,0,0,0,2024-04-05 17:00:00
2024-04-05 18:00:00,19.088686,72.867919,11,VABB,340.0,2.6,,2000.0,28.6,21.4,1009.8,0,0,0,0,0,2024-04-05 18:00:00
2024-04-05 18:00:00,19.088686,72.867919,11,VABB,330.0,3.6,22000.0,3000.0,29.0,22.0,,0,1,0,0,0,2024-04-05 18:00:00
2024-04-05 18:30:00,19.088686,72.867919,11,VABB,340.0,3.1,22000.0,3000.0,30.0,21.0,,0,1,0,0,0,2024-04-05 18:00:00
2024-04-05 19:00:00,19.088686,72.867919,11,VABB,340.0,4.1,22000.0,2500.0,29.0,21.0,,0,1,0,0,0,2024-04-05 19:00:00
2024-04-05 19:30:00,19.088686,72.867919,11,VABB,350.0,4.1,22000.0,2500.0,29.0,21.0,,0,1,0,0,0,2024-04-05 19:00:00
2024-04-05 20:00:00,19.088686,72.867919,11,VABB,350.0,3.1,22000.0,2500.0,29.0,20.0,,0,1,0,0,0,2024-04-05 20:00:00
2024-04-05 20:30:00,19.088686,72.867919,11,VABB,10.0,2.1,22000.0,2500.0,29.0,20.0,,0,1,0,0,0,2024-04-05 20:00:00
2024-04-05 21:00:00,19.088686,72.867919,11,VABB,,0.0,,2000.0,27.6,20.6,1008.3,0,0,0,0,0,2024-04-05 21:00:00
2024-04-05 21:00:00,19.088686,72.867919,11,VABB,340.0,3.1,22000.0,2500.0,29.0,19.0,,0,1,0,0,0,2024-04-05 21:00:00
2024-04-05 21:30:00,19.088686,72.867919,11,VABB,340.0,2.6,22000.0,2500.0,29.0,16.0,,0,1,0,0,0,2024-04-05 21:00:00
2024-04-05 22:00:00,19.088686,72.867919,11,VABB,0.0,0.0,22000.0,2500.0,29.0,17.0,,0,0,0,0,0,2024-04-05 22:00:00
2024-04-05 22:30:00,19.088686,72.867919,11,VABB,330.0,2.1,22000.0,2500.0,29.0,17.0,,0,0,0,0,0,2024-04-05 22:00:00
2024-04-05 23:00:00,19.088686,72.867919,11,VABB,350.0,3.6,22000.0,2500.0,29.0,18.0,,0,0,0,0,0,2024-04-05 23:00:00
2024-04-05 23:30:00,19.088686,72.867919,11,VABB,40.0,2.1,22000.0,2500.0,29.0,18.0,,0,0,0,0,0,2024-04-05 23:00:00
2024-04-06 00:00:00,19.088686,72.867919,11,VABB,,0.0,,2000.0,25.4,19.2,1007.9,0,0,0,0,0,2024-04-06 00:00:00
2024-04-06 00:00:00,19.088686,72.867919,11,VABB,330.0,2.6,22000.0,2500.0,28.0,17.0,,0,0,0,0,0,2024-04-06 00:00:00
2024-04-06 00:30:00,19.088686,72.867919,11,VABB,330.0,2.1,22000.0,2500.0,28.0,18.0,,0,0,0,0,0,2024-04-06 00:00:00
2024-04-06 01:00:00,19.088686,72.867919,11,VABB,350.0,2.1,22000.0,2500.0,28.0,17.0,,0,0,0,0,0,2024-04-06 01:00:00
2024-04-06 01:30:00,19.088686,72.867919,11,VABB,0.0,0.0,22000.0,2500.0,28.0,18.0,,0,0,0,0,0,2024-04-06 01:00:00
2024-04-06 02:00:00,19.088686,72.867919,11,VABB,340.0,2.1,22000.0,2200.0,30.0,17.0,,0,0,0,0,0,2024-04-06 02:00:00
2024-04-06 02:30:00,19.088686,72.867919,11,VABB,120.0,2.6,22000.0,2200.0,30.0,17.0,,0,0,0,0,0,2024-04-06 02:00:00
2024-04-06 03:00:00,19.088686,72.867919,11,VABB,,0.0,22000.0,2000.0,27.6,19.3,1009.9,0,0,0,0,0,2024-04-06 03:00:00
2024-04-06 03:00:00,19.088686,72.867919,11,VABB,0.0,0.0,22000.0,2200.0,31.0,17.0,,0,0,0,0,0,2024-04-06 03:00:00
2024-04-06 03:30:00,19.088686,72.867919,11,VABB,0.0,0.0,22000.0,2500.0,32.0,15.0,,0,0,0,0,0,2024-04-06 03:00:00
2024-04-06 04:00:00,19.088686,72.867919,11,VABB,360.0,3.1,22000.0,2500.0,33.0,15.0,,0,0,0,0,0,2024-04-06 04:00:00
2024-04-06 04:30:00,19.088686,72.867919,11,VABB,360.0,4.1,22000.0,2500.0,34.0,14.0,,0,0,0,0,0,2024-04-06 04:00:00
2024-04-06 05:00:00,19.088686,72.867919,11,VABB,60.0,4.6,10000.0,2500.0,35.0,13.0,,0,0,0,0,0,2024-04-06 05:00:00
2024-04-06 05:30:00,19.088686,72.867919,11,VABB,40.0,5.1,10000.0,3000.0,36.0,12.0,,0,0,0,0,0,2024-04-06 05:00:00
2024-04-06 06:00:00,19.088686,72.867919,11,VABB,320.0,1.5,22000.0,2000.0,36.0,17.1,1009.8,0,0,0,0,0,2024-04-06 06:00:00
2024-04-06 06:00:00,19.088686,72.867919,11,VABB,10.0,4.6,10000.0,3500.0,36.0,11.0,,0,0,0,0,0,2024-04-06 06:00:00
2024-04-06 06:30:00,19.088686,72.867919,11,VABB,360.0,3.6,10000.0,3500.0,37.0,11.0,,0,0,0,0,0,2024-04-06 06:00:00
2024-04-06 07:00:00,19.088686,72.867919,11,VABB,300.0,5.1,10000.0,4000.0,37.0,18.0,,0,0,0,0,0,2024-04-06 07:00:00
2024-04-06 07:30:00,19.088686,72.867919,11,VABB,300.0,6.2,10000.0,4000.0,36.0,18.0,,0,0,0,0,0,2024-04-06 07:00:00
2024-04-06 08:00:00,19.088686,72.867919,11,VABB,300.0,6.2,10000.0,4000.0,37.0,16.0,,0,0,0,0,0,2024-04-06 08:00:00
2024-04-06 08:30:00,19.088686,72.867919,11,VABB,300.0,3.6,10000.0,4000.0,36.0,15.0,,0,0,0,0,1,2024-04-06 08:00:00
2024-04-06 09:00:00,19.088686,72.867919,11,VABB,320.0,2.6,,2000.0,36.2,17.4,1007.1,0,0,0,0,0,2024-04-06 09:00:00
2024-04-06 09:00:00,19.088686,72.867919,11,VABB,310.0,5.1,10000.0,4000.0,37.0,15.0,,0,0,0,0,0,2024-04-06 09:00:00
2024-04-06 09:30:00,19.088686,72.867919,11,VABB,320.0,5.7,10000.0,4000.0,37.0,14.0,,0,0,0,0,0,2024-04-06 09:00:00
2024-04-06 10:00:00,19.088686,72.867919,11,VABB,320.0,4.6,3048.0,4000.0,36.0,14.0,,0,0,0,0,1,2024-04-06 10:00:00
2024-04-06 10:30:00,19.088686,72.867919,11,VABB,330.0,5.1,10000.0,4000.0,36.0,14.0,,0,0,0,0,0,2024-04-06 10:00:00
2024-04-06 11:00:00,19.088686,72.867919,11,VABB,340.0,6.2,10000.0,4000.0,36.0,13.0,,0,0,0,0,0,2024-04-06 11:00:00
2024-04-06 11:30:00,19.088686,72.867919,11,VABB,310.0,4.6,10000.0,4000.0,36.0,13.0,,0,0,0,0,1,2024-04-06 11:00:00
2024-04-06 12:00:00,19.088686,72.867919,11,VABB,320.0,4.1,,2000.0,35.0,16.5,1005.8,0,0,0,0,0,2024-04-06 12:00:00
2024-04-06 12:00:00,19.088686,72.867919,11,VABB,320.0,4.6,10000.0,4000.0,36.0,13.0,,0,0,0,0,0,2024-04-06 12:00:00
2024-04-06 12:30:00,19.088686,72.867919,11,VABB,320.0,4.1,10000.0,4000.0,35.0,12.0,,0,0,0,0,0,2024-04-06 12:00:00
2024-04-06 13:00:00,19.088686,72.867919,11,VABB,320.0,5.1,10000.0,4000.0,35.0,12.0,,0,0,0,0,0,2024-04-06 13:00:00
2024-04-06 13:30:00,19.088686,72.867919,11,VABB,320.0,4.6,10000.0,3500.0,35.0,13.0,,0,0,0,0,0,2024-04-06 13:00:00
2024-04-06 14:00:00,19.088686,72.867919,11,VABB,340.0,5.7,10000.0,3000.0,34.0,13.0,,0,0,0,0,0,2024-04-06 14:00:00
2024-04-06 14:30:00,19.088686,72.867919,11,VABB,340.0,5.1,10000.0,3000.0,34.0,11.0,,0,0,0,0,0,2024-04-06 14:00:00
2024-04-06 15:00:00,19.088686,72.867919,11,VABB,320.0,1.5,,2000.0,32.8,17.2,1007.0,0,0,0,0,0,2024-04-06 15:00:00
2024-04-06 15:00:00,19.088686,72.867919,11,VABB,330.0,5.1,22000.0,3000.0,34.0,11.0,,0,0,0,0,0,2024-04-06 15:00:00
2024-04-06 15:30:00,19.088686,72.867919,11,VABB,320.0,2.6,2000.0,3000.0,34.0,11.0,,0,0,0,0,0,2024-04-06 15:00:00
2024-04-06 16:00:00,19.088686,72.867919,11,VABB,310.0,2.6,2000.0,3000.0,32.0,17.0,,0,0,0,0,0,2024-04-06 16:00:00
2024-04-06 16:30:00,19.088686,72.867919,11,VABB,330.0,2.6,2000.0,3000.0,31.0,20.0,,0,0,0,0,0,2024-04-06 16:00:00
2024-04-06 17:00:00,19.088686,72.867919,11,VABB,320.0,3.1,2000.0,3000.0,30.0,20.0,,0,0,0,0,0,2024-04-06 17:00:00
2024-04-06 17:30:00,19.088686,72.867919,11,VABB,320.0,2.1,2000.0,3000.0,30.0,21.0,,0,0,0,0,0,2024-04-06 17:00:00
2024-04-06 18:00:00,19.088686,72.867919,11,VABB,320.0,1.5,,2000.0,29.0,22.5,1008.2,0,0,0,0,0,2024-04-06 18:00:00
2024-04-06 18:00:00,19.088686,72.867919,11,VABB,340.0,3.1,2000.0,3000.0,29.0,22.0,,0,1,0,0,0,2024-04-06 18:00:00
2024-04-06 18:30:00,19.088686,72.867919,11,VABB,320.0,2.6,2000.0,3000.0,30.0,21.0,,0,1,0,0,0,2024-04-06 18:00:00
2024-04-06 19:00:00,19.088686,72.867919,11,VABB,340.0,3.1,2000.0,3000.0,30.0,20.0,,0,1,0,0,0,2024-04-06 19:00:00
2024-04-06 19:30:00,19.088686,72.867919,11,VABB,350.0,2.6,2000.0,3000.0,30.0,20.0,,0,1,0,0,0,2024-04-06 19:00:00
2024-04-06 20:00:00,19.088686,72.867919,11,VABB,10.0,2.1,2000.0,3000.0,29.0,20.0,,0,1,0,0,0,2024-04-06 20:00:00
2024-04-06 20:30:00,19.088686,72.867919,11,VABB,50.0,1.5,2000.0,3000.0,29.0,20.0,,0,0,0,0,0,2024-04-06 20:00:00
2024-04-06 21:00:00,19.088686,72.867919,11,VABB,,0.0,22000.0,2000.0,27.0,21.0,1007.0,0,0,0,0,0,2024-04-06 21:00:00
2024-04-06 21:00:00,19.088686,72.867919,11,VABB,10.0,2.6,22000.0,3000.0,30.0,20.0,,0,0,0,0,0,2024-04-06 21:00:00
2024-04-06 21:30:00,19.088686,72.867919,11,VABB,360.0,3.1,22000.0,3000.0,30.0,19.0,,0,0,0,0,0,2024-04-06 21:00:00
2024-04-06 22:00:00,19.088686,72.867919,11,VABB,340.0,2.6,2000.0,3000.0,29.0,19.0,,0,0,0,0,0,2024-04-06 22:00:00
2024-04-06 22:30:00,19.088686,72.867919,11,VABB,330.0,3.1,2000.0,3000.0,29.0,19.0,,0,0,0,0,0,2024-04-06 22:00:00
2024-04-06 23:00:00,19.088686,72.867919,11,VABB,340.0,2.6,2000.0,3000.0,29.0,20.0,,0,0,0,0,0,2024-04-06 23:00:00
2024-04-06 23:30:00,19.088686,72.867919,11,VABB,340.0,4.6,2000.0,3000.0,29.0,20.0,,0,0,0,0,0,2024-04-06 23:00:00
2024-04-07 00:00:00,19.088686,72.867919,11,VABB,,0.0,22000.0,2000.0,27.6,21.3,1007.2,0,0,0,0,0,2024-04-07 00:00:00
2024-04-07 00:00:00,19.088686,72.867919,11,VABB,340.0,3.6,2000.0,3000.0,29.0,21.0,,0,0,0,0,0,2024-04-07 00:00:00
2024-04-07 00:30:00,19.088686,72.867919,11,VABB,340.0,3.6,2000.0,3000.0,29.0,21.0,,0,1,0,0,0,2024-04-07 00:00:00
2024-04-07 01:00:00,19.088686,72.867919,11,VABB,340.0,2.1,2000.0,3000.0,29.0,21.0,,0,1,0,0,0,2024-04-07 01:00:00
2024-04-07 01:30:00,19.088686,72.867919,11,VABB,40.0,2.6,2000.0,3000.0,29.0,21.0,,0,1,0,0,0,2024-04-07 01:00:00
2024-04-07 02:00:00,19.088686,72.867919,11,VABB,350.0,3.6,2000.0,2500.0,29.0,22.0,,0,1,0,0,0,2024-04-07 02:00:00
2024-04-07 02:30:00,19.088686,72.867919,11,VABB,320.0,5.1,2000.0,2500.0,29.0,21.0,,0,1,0,0,0,2024-04-07 02:00:00
2024-04-07 03:00:00,19.088686,72.867919,11,VABB,,0.0,22000.0,2000.0,29.0,21.6,1009.6,0,0,0,0,0,2024-04-07 03:00:00
2024-04-07 03:00:00,19.088686,72.867919,11,VABB,90.0,3.1,2000.0,3000.0,30.0,20.0,,0,0,0,0,0,2024-04-07 03:00:00
2024-04-07 03:30:00,19.088686,72.867919,11,VABB,50.0,1.5,10000.0,3000.0,31.0,20.0,,0,0,0,0,0,2024-04-07 03:00:00
2024-04-07 04:00:00,19.088686,72.867919,11,VABB,90.0,3.1,22000.0,3000.0,32.0,18.0,,0,0,0,0,0,2024-04-07 04:00:00
2024-04-07 04:30:00,19.088686,72.867919,11,VABB,100.0,3.1,22000.0,3000.0,33.0,18.0,,0,0,0,0,0,2024-04-07 04:00:00
2024-04-07 05:00:00,19.088686,72.867919,11,VABB,0.0,0.0,22000.0,3000.0,33.0,17.0,,0,0,0,0,0,2024-04-07 05:00:00
2024-04-07 05:30:00,19.088686,72.867919,11,VABB,0.0,0.0,22000.0,3000.0,35.0,17.0,,0,0,0,0,0,2024-04-07 05:00:00
2024-04-07 06:00:00,19.088686,72.867919,11,VABB,,0.0,22000.0,2000.0,35.0,16.9,1009.6,0,0,0,0,0,2024-04-07 06:00:00
2024-04-07 06:00:00,19.088686,72.867919,11,VABB,340.0,3.1,10000.0,3000.0,35.0,15.0,,0,0,0,0,0,2024-04-07 06:00:00
2024-04-07 06:30:00,19.088686,72.867919,11,VABB,260.0,6.2,22000.0,4000.0,34.0,20.0,,0,0,0,0,0,2024-04-07 06:00:00
2024-04-07 07:00:00,19.088686,72.867919,11,VABB,300.0,4.6,22000.0,4000.0,34.0,20.0,,0,0,0,0,0,2024-04-07 07:00:00
2024-04-07 07:30:00,19.088686,72.867919,11,VABB,280.0,3.6,22000.0,4000.0,34.0,20.0,,0,0,0,0,0,2024-04-07 07:00:00
2024-04-07 08:00:00,19.088686,72.867919,11,VABB,260.0,6.7,22000.0,4000.0,34.0,19.0,,0,0,0,0,0,2024-04-07 08:00:00
2024-04-07 08:30:00,19.088686,72.867919,11,VABB,260.0,4.1,22000.0,4000.0,34.0,18.0,,0,0,0,0,1,2024-04-07 08:00:00
2024-04-07 09:00:00,19.088686,72.867919,11,VABB,270.0,2.1,,2000.0,35.4,19.1,1007.1,0,0,0,0,0,2024-04-07 09:00:00
2024-04-07 09:00:00,19.088686,72.867919,11,VABB,250.0,6.2,22000.0,4000.0,35.0,15.0,,0,0,0,0,0,2024-04-07 09:00:00
2024-04-07 09:30:00,19.088686,72.867919,11,VABB,280.0,5.7,22000.0,4000.0,37.0,9.0,,0,0,0,0,0,2024-04-07 09:00:00
2024-04-07 10:00:00,19.088686,72.867919,11,VABB,260.0,6.7,22000.0,4000.0,35.0,16.0,,0,0,0,0,1,2024-04-07 10:00:00
2024-04-07 10:30:00,19.088686,72.867919,11,VABB,290.0,5.7,22000.0,4000.0,32.0,19.0,,0,0,0,0,0,2024-04-07 10:00:00
2024-04-07 11:00:00,19.088686,72.867919,11,VABB,280.0,5.7,22000.0,4000.0,32.0,18.0,,0,0,0,0,0,2024-04-07 11:00:00
2024-04-07 11:30:00,19.088686,72.867919,11,VABB,280.0,5.7,22000.0,4000.0,32.0,17.0,,0,0,0,0,0,2024-04-07 11:00:00
2024-04-07 12:00:00,19.088686,72.867919,11,VABB,270.0,2.1,,2000.0,32.2,17.6,1006.7,0,0,0,0,0,2024-04-07 12:00:00
2024-04-07 12:00:00,19.088686,72.867919,11,VABB,270.0,5.1,22000.0,4000.0,32.0,17.0,,0,0,0,0,0,2024-04-07 12:00:00
2024-04-07 12:30:00,19.088686,72.867919,11,VABB,280.0,5.1,22000.0,4000.0,31.0,15.0,,0,0,0,0,0,2024-04-07 12:00:00
2024-04-07 13:00:00,19.088686,72.867919,11,VABB,310.0,3.1,22000.0,4000.0,31.0,17.0,,0,0,0,0,0,2024-04-07 13:00:00
2024-04-07 13:30:00,19.088686,72.867919,11,VABB,290.0,4.6,2000.0,3500.0,30.0,17.0,,0,0,0,0,0,2024-04-07 13:00:00
2024-04-07 14:00:00,19.088686,72.867919,11,VABB,310.0,3.6,22000.0,3000.0,30.0,19.0,,0,0,0,0,0,2024-04-07 14:00:00
2024-04-07 14:30:00,19.088686,72.867919,11,VABB,300.0,3.6,22000.0,3000.0,29.0,20.0,,0,0,0,0,0,2024-04-07 14:00:00
2024-04-07 15:00:00,19.088686,72.867919,11,VABB,,0.0,,2000.0,28.4,20.5,1008.2,0,0,0,0,0,2024-04-07 15:00:00
2024-04-07 15:00:00,19.088686,72.867919,11,VABB,300.0,4.1,22000.0,3000.0,29.0,20.0,,0,0,0,0,0,2024-04-07 15:00:00
2024-04-07 15:30:00,19.088686,72.867919,11,VABB,270.0,3.1,22000.0,3000.0,28.0,22.0,,0,1,0,0,0,2024-04-07 15:00:00
2024-04-07 16:00:00,19.088686,72.867919,11,VABB,270.0,3.1,22000.0,3000.0,28.0,21.0,,0,1,0,0,0,2024-04-07 16:00:00
2024-04-07 16:30:00,19.088686,72.867919,11,VABB,270.0,2.6,22000.0,3000.0,28.0,21.0,,0,1,0,0,0,2024-04-07 16:00:00
2024-04-07 17:00:00,19.088686,72.867919,11,VABB,280.0,3.6,22000.0,3000.0,28.0,22.0,,0,1,0,0,0,2024-04-07 17:00:00
2024-04-07 17:30:00,19.088686,72.867919,11,VABB,280.0,3.1,22000.0,3000.0,28.0,22.0,,0,1,0,0,0,2024-04-07 17:00:00
2024-04-07 18:00:00,19.088686,72.867919,11,VABB,,0.0,,2000.0,27.2,21.5,1009.4,0,0,0,0,0,2024-04-07 18:00:00
2024-04-07 18:00:00,19.088686,72.867919,11,VABB,280.0,2.6,22000.0,3000.0,27.0,22.0,,0,1,0,0,0,2024-04-07 18:00:00
2024-04-07 18:30:00,19.088686,72.867919,11,VABB,310.0,2.1,22000.0,3000.0,27.0,22.0,,0,1,0,0,0,2024-04-07 18:00:00
2024-04-07 19:00:00,19.088686,72.867919,11,VABB,300.0,2.6,22000.0,3000.0,27.0,23.0,,0,1,0,0,0,2024-04-07 19:00:00
2024-04-07 19:30:00,19.088686,72.867919,11,VABB,290.0,3.6,22000.0,3000.0,27.0,23.0,,0,1,0,0,0,2024-04-07 19:00:00
2024-04-07 20:00:00,19.088686,72.867919,11,VABB,300.0,2.6,22000.0,3000.0,27.0,23.0,,1,0,0,0,0,2024-04-07 20:00:00
2024-04-07 20:30:00,19.088686,72.867919,11,VABB,290.0,2.6,22000.0,3000.0,27.0,24.0,,1,0,0,0,0,2024-04-07 20:00:00
2024-04-07 21:00:00,19.088686,72.867919,11,VABB,,0.0,,2000.0,26.4,22.6,1008.6,0,0,0,0,0,2024-04-07 21:00:00
2024-04-07 21:00:00,19.088686,72.867919,11,VABB,290.0,2.1,22000.0,3000.0,27.0,24.0,,1,0,0,0,0,2024-04-07 21:00:00
2024-04-07 21:30:00,19.088686,72.867919,11,VABB,270.0,1.5,22000.0,3000.0,27.0,24.0,,1,0,0,0,0,2024-04-07 21:00:00
2024-04-07 22:00:00,19.088686,72.867919,11,VABB,0.0,0.0,22000.0,3000.0,26.0,23.0,,1,0,0,0,0,2024-04-07 22:00:00
2024-04-07 22:30:00,19.088686,72.867919,11,VABB,0.0,0.0,22000.0,3000.0,26.0,23.0,,1,0,0,0,0,2024-04-07 22:00:00
2024-04-07 23:00:00,19.088686,72.867919,11,VABB,0.0,0.0,22000.0,3000.0,26.0,23.0,,1,0,0,0,0,2024-04-07 23:00:00
2024-04-07 23:30:00,19.088686,72.867919,11,VABB,340.0,1.5,22000.0,3000.0,26.0,23.0,,1,0,0,0,0,2024-04-07 23:00:00
2024-04-08 00:00:00,19.088686,72.867919,11,VABB,,0.0,,2000.0,24.4,21.7,1008.3,0,0,0,0,0,2024-04-08 00:00:00
2024-04-08 00:00:00,19.088686,72.867919,11,VABB,0.0,0.0,22000.0,3000.0,26.0,23.0,,1,0,0,0,0,2024-04-08 00:00:00
2024-04-08 00:30:00,19.088686,72.867919,11,VABB,50.0,2.1,22000.0,3000.0,26.0,23.0,,1,0,0,0,0,2024-04-08 00:00:00
2024-04-08 01:00:00,19.088686,72.867919,11,VABB,0.0,0.0,22000.0,3000.0,26.0,23.0,,1,0,0,0,0,2024-04-08 01:00:00
2024-04-08 01:30:00,19.088686,72.867919,11,VABB,210.0,2.1,22000.0,3000.0,26.0,23.0,,1,0,0,0,0,2024-04-08 01:00:00
2024-04-08 02:00:00,19.088686,72.867919,11,VABB,0.0,0.0,22000.0,3000.0,27.0,23.0,,1,0,0,0,0,2024-04-08 02:00:00
2024-04-08 02:30:00,19.088686,72.867919,11,VABB,0.0,0.0,22000.0,2500.0,28.0,23.0,,1,0,0,0,0,2024-04-08 02:00:00
2024-04-08 03:00:00,19.088686,72.867919,11,VABB,,0.0,,2000.0,26.4,22.2,1010.1,0,0,0,0,0,2024-04-08 03:00:00
2024-04-08 03:00:00,19.088686,72.867919,11,VABB,50.0,2.1,22000.0,2500.0,29.0,23.0,,0,1,0,0,0,2024-04-08 03:00:00
2024-04-08 03:30:00,19.088686,72.867919,11,VABB,50.0,2.1,22000.0,2500.0,29.0,20.0,,0,0,0,0,0,2024-04-08 03:00:00
2024-04-08 04:00:00,19.088686,72.867919,11,VABB,80.0,2.6,22000.0,3000.0,31.0,17.0,,0,0,0,0,0,2024-04-08 04:00:00
2024-04-08 04:30:00,19.088686,72.867919,11,VABB,30.0,1.5,22000.0,3000.0,31.0,18.0,,0,0,0,0,0,2024-04-08 04:00:00
2024-04-08 05:00:00,19.088686,72.867919,11,VABB,20.0,1.5,22000.0,3000.0,32.0,18.0,,0,0,0,0,0,2024-04-08 05:00:00
2024-04-08 05:30:00,19.088686,72.867919,11,VABB,240.0,2.6,22000.0,3000.0,32.0,21.0,,0,0,0,0,0,2024-04-08 05:00:00
2024-04-08 06:00:00,19.088686,72.867919,11,VABB,270.0,2.1,,2000.0,32.4,22.2,1010.2,0,0,0,0,0,2024-04-08 06:00:00
2024-04-08 06:00:00,19.088686,72.867919,11,VABB,270.0,5.1,22000.0,3000.0,33.0,22.0,,0,0,0,0,0,2024-04-08 06:00:00
2024-04-08 06:30:00,19.088686,72.867919,11,VABB,250.0,5.1,22000.0,3000.0,32.0,23.0,,0,1,0,0,0,2024-04-08 06:00:00
2024-04-08 07:00:00,19.088686,72.867919,11,VABB,280.0,5.7,22000.0,3000.0,32.0,24.0,,0,1,0,0,0,2024-04-08 07:00:00
2024-04-08 07:30:00,19.088686,72.867919,11,VABB,270.0,4.6,22000.0,4000.0,32.0,24.0,,0,1,0,0,0,2024-04-08 07:00:00
2024-04-08 08:00:00,19.088686,72.867919,11,VABB,250.0,3.6,22000.0,4000.0,32.0,24.0,,0,1,0,0,1,2024-04-08 08:00:00
2024-04-08 08:30:00,19.088686,72.867919,11,VABB,250.0,7.2,22000.0,4000.0,32.0,24.0,,0,1,0,0,0,2024-04-08 08:00:00
2024-04-08 09:00:00,19.088686,72.867919,11,VABB,270.0,2.1,,2000.0,32.6,24.0,1007.7,0,0,0,0,0,2024-04-08 09:00:00
2024-04-08 09:00:00,19.088686,72.867919,11,VABB,260.0,6.2,22000.0,4000.0,32.0,24.0,,0,1,0,0,0,2024-04-08 09:00:00
2024-04-08 09:30:00,19.088686,72.867919,11,VABB,250.0,6.7,22000.0,4000.0,32.0,24.0,,0,1,0,0,0,2024-04-08 09:00:00
2024-04-08 10:00:00,19.088686,72.867919,11,VABB,260.0,6.7,22000.0,4000.0,32.0,24.0,,0,1,0,0,0,2024-04-08 10:00:00
2024-04-08 10:30:00,19.088686,72.867919,11,VABB,280.0,4.1,22000.0,4000.0,32.0,25.0,,0,1,0,0,0,2024-04-08 10:00:00
2024-04-08 11:00:00,19.088686,72.867919,11,VABB,260.0,6.2,22000.0,4000.0,32.0,25.0,,0,1,0,0,0,2024-04-08 11:00:00
2024-04-08 11:30:00,19.088686,72.867919,11,VABB,260.0,5.1,22000.0,4000.0,31.0,25.0,,0,1,0,0,0,2024-04-08 11:00:00
2024-04-08 12:00:00,19.088686,72.867919,11,VABB,270.0,1.5,,2000.0,31.6,24.8,1006.8,0,0,0,0,0,2024-04-08 12:00:00
2024-04-08 12:00:00,19.088686,72.867919,11,VABB,270.0,5.1,22000.0,4000.0,31.0,25.0,,0,1,0,0,0,2024-04-08 12:00:00
2024-04-08 12:30:00,19.088686,72.867919,11,VABB,270.0,4.6,22000.0,4000.0,30.0,25.0,,0,1,0,0,0,2024-04-08 12:00:00
2024-04-08 13:00:00,19.088686,72.867919,11,VABB,260.0,4.6,22000.0,4000.0,30.0,25.0,,0,1,0,0,0,2024-04-08 13:00:00
2024-04-08 13:30:00,19.088686,72.867919,11,VABB,270.0,5.1,22000.0,4000.0,29.0,26.0,,0,1,0,0,0,2024-04-08 13:00:00
2024-04-08 14:00:00,19.088686,72.867919,11,VABB,270.0,4.1,22000.0,3000.0,29.0,26.0,,0,1,0,0,0,2024-04-08 14:00:00
2024-04-08 14:30:00,19.088686,72.867919,11,VABB,260.0,4.1,22000.0,3000.0,28.0,26.0,,0,1,0,0,0,2024-04-08 14:00:00
2024-04-08 15:00:00,19.088686,72.867919,11,VABB,,0.0,,2000.0,28.2,25.1,1008.2,0,0,0,0,0,2024-04-08 15:00:00
2024-04-08 15:00:00,19.088686,72.867919,11,VABB,270.0,3.1,22000.0,3000.0,28.0,26.0,,0,1,0,0,0,2024-04-08 15:00:00
2024-04-08 15:30:00,19.088686,72.867919,11,VABB,260.0,3.6,22000.0,3000.0,28.0,26.0,,0,1,0,0,0,2024-04-08 15:00:00
2024-04-08 16:00:00,19.088686,72.867919,11,VABB,280.0,4.6,22000.0,3000.0,28.0,26.0,,0,1,0,0,0,2024-04-08 16:00:00
2024-04-08 16:30:00,19.088686,72.867919,11,VABB,260.0,3.1,22000.0,3000.0,28.0,26.0,,0,1,0,0,0,2024-04-08 16:00:00
2024-04-08 17:00:00,19.088686,72.867919,11,VABB,230.0,3.1,22000.0,3000.0,28.0,26.0,,0,1,0,0,0,2024-04-08 17:00:00
2024-04-08 17:30:00,19.088686,72.867919,11,VABB,280.0,3.1,22000.0,3000.0,28.0,26.0,,0,1,0,0,0,2024-04-08 17:00:00
2024-04-08 18:00:00,19.088686,72.867919,11,VABB,,0.0,22000.0,2000.0,27.6,24.7,1009.4,0,0,0,0,0,2024-04-08 18:00:00
2024-04-08 18:00:00,19.088686,72.867919,11,VABB,280.0,3.1,22000.0,3000.0,28.0,26.0,,0,1,0,0,0,2024-04-08 18:00:00
2024-04-08 18:30:00,19.088686,72.867919,11,VABB,280.0,3.1,22000.0,3000.0,28.0,25.0,,0,1,0,0,0,2024-04-08 18:00:00
2024-04-08 19:00:00,19.088686,72.867919,11,VABB,300.0,3.1,22000.0,3000.0,28.0,25.0,,0,1,0,0,0,2024-04-08 19:00:00
2024-04-08 19:30:00,19.088686,72.867919,11,VABB,300.0,3.1,22000.0,3000.0,27.0,25.0,,0,1,0,0,0,2024-04-08 19:00:00
2024-04-08 20:00:00,19.088686,72.867919,11,VABB,350.0,3.1,22000.0,3000.0,28.0,25.0,,0,1,0,0,0,2024-04-08 20:00:00
2024-04-08 20:30:00,19.088686,72.867919,11,VABB,300.0,2.1,22000.0,3000.0,28.0,24.0,,0,1,0,0,0,2024-04-08 20:00:00
2024-04-08 21:00:00,19.088686,72.867919,11,VABB,350.0,2.1,22000.0,3000.0,28.0,24.0,,0,1,0,0,0,2024-04-08 21:00:00
2024-04-08 21:30:00,19.088686,72.867919,11,VABB,50.0,2.1,22000.0,3000.0,28.0,24.0,,0,1,0,0,0,2024-04-08 21:00:00
2024-04-08 22:00:00,19.088686,72.867919,11,VABB,0.0,0.0,22000.0,3000.0,27.0,24.0,,1,0,0,0,0,2024-04-08 22:00:00
2024-04-08 22:30:00,19.088686,72.867919,11,VABB,0.0,0.0,22000.0,3000.0,27.0,23.0,,1,0,0,0,0,2024-04-08 22:00:00
2024-04-08 23:00:00,19.088686,72.867919,11,VABB,0.0,0.0,22000.0,3000.0,27.0,22.0,,0,1,0,0,0,2024-04-08 23:00:00
2024-04-08 23:30:00,19.088686,72.867919,11,VABB,130.0,1.5,22000.0,3000.0,28.0,22.0,,0,1,0,0,0,2024-04-08 23:00:00
2024-04-09 00:00:00,19.088686,72.867919,11,VABB,,0.0,,2000.0,24.4,21.7,1007.9,0,0,0,0,0,2024-04-09 00:00:00
2024-04-09 00:00:00,19.088686,72.867919,11,VABB,120.0,2.6,22000.0,3000.0,27.0,23.0,,0,1,0,0,0,2024-04-09 00:00:00
2024-04-09 00:30:00,19.088686,72.867919,11,VABB,120.0,2.6,22000.0,3000.0,27.0,24.0,,1,0,0,0,0,2024-04-09 00:00:00
2024-04-09 01:00:00,19.088686,72.867919,11,VABB,100.0,2.6,22000.0,2500.0,27.0,24.0,,1,0,0,0,0,2024-04-09 01:00:00
2024-04-09 01:30:00,19.088686,72.867919,11,VABB,110.0,1.5,22000.0,2000.0,27.0,24.0,,1,0,1,0,0,2024-04-09 01:00:00
2024-04-09 02:00:00,19.088686,72.867919,11,VABB,110.0,1.5,22000.0,1800.0,27.0,24.0,,1,0,1,0,0,2024-04-09 02:00:00
2024-04-09 02:30:00,19.088686,72.867919,11,VABB,80.0,2.6,22000.0,1700.0,28.0,23.0,,1,0,1,0,0,2024-04-09 02:00:00
2024-04-09 03:00:00,19.088686,72.867919,11,VABB,,0.0,,2000.0,27.4,22.4,1009.6,0,0,0,0,0,2024-04-09 03:00:00
2024-04-09 03:00:00,19.088686,72.867919,11,VABB,0.0,0.0,22000.0,1700.0,30.0,23.0,,0,1,0,0,0,2024-04-09 03:00:00
2024-04-09 03:30:00,19.088686,72.867919,11,VABB,30.0,2.6,22000.0,2100.0,30.0,22.0,,0,1,0,0,0,2024-04-09 03:00:00
2024-04-09 04:00:00,19.088686,72.867919,11,VABB,10.0,3.1,22000.0,2200.0,32.0,19.0,,0,0,0,0,0,2024-04-09 04:00:00
2024-04-09 04:30:00,19.088686,72.867919,11,VABB,320.0,2.6,22000.0,2500.0,33.0,17.0,,0,0,0,0,0,2024-04-09 04:00:00
2024-04-09 05:00:00,19.088686,72.867919,11,VABB,350.0,3.6,22000.0,2500.0,34.0,14.0,,0,0,0,0,0,2024-04-09 05:00:00
2024-04-09 05:30:00,19.088686,72.867919,11,VABB,260.0,5.7,22000.0,2500.0,34.0,19.0,,0,0,0,0,0,2024-04-09 05:00:00
2024-04-09 06:00:00,19.088686,72.867919,11,VABB,270.0,1.5,,2000.0,33.6,22.6,1009.9,0,0,0,0,0,2024-04-09 06:00:00
2024-04-09 06:00:00,19.088686,72.867919,11,VABB,250.0,6.2,22000.0,2500.0,33.0,23.0,,0,0,0,0,0,2024-04-09 06:00:00
2024-04-09 06:30:00,19.088686,72.867919,11,VABB,260.0,5.7,22000.0,2500.0,32.0,24.0,,0,1,0,0,0,2024-04-09 06:00:00
2024-04-09 07:00:00,19.088686,72.867919,11,VABB,250.0,3.6,22000.0,3000.0,33.0,24.0,,0,1,0,0,1,2024-04-09 07:00:00
2024-04-09 07:30:00,19.088686,72.867919,11,VABB,260.0,6.2,22000.0,3000.0,33.0,23.0,,0,0,0,0,0,2024-04-09 07:00:00
2024-04-09 08:00:00,19.088686,72.867919,11,VABB,260.0,6.7,22000.0,3500.0,33.0,23.0,,0,0,0,0,0,2024-04-09 08:00:00
2024-04-09 08:30:00,19.088686,72.867919,11,VABB,260.0,5.7,22000.0,3500.0,32.0,23.0,,0,0,0,0,0,2024-04-09 08:00:00
2024-04-09 09:00:00,19.088686,72.867919,11,VABB,320.0,2.1,,2000.0,32.4,23.2,1008.6,0,0,0,0,0,2024-04-09 09:00:00
2024-04-09 09:00:00,19.088686,72.867919,11,VABB,250.0,6.2,22000.0,4000.0,31.0,23.0,,0,0,0,0,0,2024-04-09 09:00:00
2024-04-09 09:30:00,19.088686,72.867919,11,VABB,260.0,5.7,22000.0,4000.0,32.0,23.0,,0,0,0,0,0,2024-04-09 09:00:00
2024-04-09 10:00:00,19.088686,72.867919,11,VABB,280.0,6.2,22000.0,4000.0,31.0,23.0,,0,0,0,0,0,2024-04-09 10:00:00
2024-04-09 10:30:00,19.088686,72.867919,11,VABB,270.0,5.7,22000.0,4000.0,31.0,24.0,,0,0,0,0,0,2024-04-09 10:00:00
2024-04-09 11:00:00,19.088686,72.867919,11,VABB,240.0,4.1,22000.0,4000.0,31.0,25.0,,0,0,0,0,0,2024-04-09 11:00:00
2024-04-09 11:30:00,19.088686,72.867919,11,VABB,260.0,4.1,10000.0,4000.0,31.0,25.0,,0,0,0,0,0,2024-04-09 11:00:00
2024-04-09 12:00:00,19.088686,72.867919,11,VABB,270.0,1.5,,2000.0,31.4,24.3,1007.0,0,0,0,0,0,2024-04-09 12:00:00
2024-04-09 12:00:00,19.088686,72.867919,11,VABB,260.0,5.1,10000.0,4000.0,30.0,25.0,,0,1,0,0,0,2024-04-09 12:00:00
2024-04-09 12:30:00,19.088686,72.867919,11,VABB,270.0,4.1,10000.0,3000.0,30.0,25.0,,0,1,0,0,0,2024-04-09 12:00:00
2024-04-09 13:00:00,19.088686,72.867919,11,VABB,260.0,3.6,2000.0,3000.0,29.0,26.0,,0,1,0,0,0,2024-04-09 13:00:00
2024-04-09 13:30:00,19.088686,72.867919,11,VABB,270.0,4.6,2000.0,3000.0,29.0,26.0,,0,1,0,0,0,2024-04-09 13:00:00
2024-04-09 14:00:00,19.088686,72.867919,11,VABB,260.0,3.6,2000.0,3000.0,28.0,26.0,,0,1,0,0,0,2024-04-09 14:00:00
2024-04-09 14:30:00,19.088686,72.867919,11,VABB,270.0,3.1,2000.0,3000.0,28.0,26.0,,0,1,0,0,0,2024-04-09 14:00:00
2024-04-09 15:00:00,19.088686,72.867919,11,VABB,,0.0,22000.0,2000.0,28.2,24.8,1008.7,0,0,0,0,0,2024-04-09 15:00:00
2024-04-09 15:00:00,19.088686,72.867919,11,VABB,260.0,3.1,2000.0,3000.0,28.0,26.0,,0,1,0,0,0,2024-04-09 15:00:00
2024-04-09 15:30:00,19.088686,72.867919,11,VABB,250.0,4.1,2000.0,3000.0,28.0,26.0,,0,1,0,0,0,2024-04-09 15:00:00
2024-04-09 16:00:00,19.088686,72.867919,11,VABB,240.0,3.1,2000.0,3000.0,28.0,26.0,,0,1,0,0,0,2024-04-09 16:00:00
2024-04-09 16:30:00,19.088686,72.867919,11,VABB,260.0,3.1,2000.0,3000.0,28.0,26.0,,0,1,0,0,0,2024-04-09 16:00:00
2024-04-09 17:00:00,19.088686,72.867919,11,VABB,260.0,3.6,3048.0,3000.0,28.0,26.0,,0,1,0,0,0,2024-04-09 17:00:00
2024-04-09 17:30:00,19.088686,72.867919,11,VABB,260.0,3.6,3048.0,3000.0,28.0,25.0,,0,1,0,0,0,2024-04-09 17:00:00
2024-04-09 18:00:00,19.088686,72.867919,11,VABB,320.0,2.1,750.0,2000.0,28.0,23.9,1010.3,0,0,0,0,0,2024-04-09 18:00:00
2024-04-09 18:00:00,19.088686,72.867919,11,VABB,270.0,3.6,3048.0,3000.0,28.0,25.0,,0,1,0,0,0,2024-04-09 18:00:00
2024-04-09 18:30:00,19.088686,72.867919,11,VABB,260.0,3.6,3048.0,3000.0,29.0,26.0,,0,1,0,0,0,2024-04-09 18:00:00
2024-04-09 19:00:00,19.088686,72.867919,11,VABB,280.0,3.1,3048.0,3000.0,28.0,25.0,,0,1,0,0,0,2024-04-09 19:00:00
2024-04-09 19:30:00,19.088686,72.867919,11,VABB,270.0,2.6,2000.0,3000.0,28.0,25.0,,0,1,0,0,0,2024-04-09 19:00:00
2024-04-09 20:00:00,19.088686,72.867919,11,VABB,260.0,2.1,2000.0,3000.0,27.0,25.0,,0,1,0,0,0,2024-04-09 20:00:00
2024-04-09 20:30:00,19.088686,72.867919,11,VABB,270.0,2.6,2000.0,3000.0,27.0,25.0,,0,1,0,0,0,2024-04-09 20:00:00
2024-04-09 21:00:00,19.088686,72.867919,11,VABB,,0.0,750.0,2000.0,27.0,23.8,1008.8,0,0,0,0,0,2024-04-09 21:00:00
2024-04-09 21:00:00,19.088686,72.867919,11,VABB,270.0,2.1,2000.0,3000.0,27.0,25.0,,0,1,0,0,0,2024-04-09 21:00:00
2024-04-09 21:30:00,19.088686,72.867919,11,VABB,260.0,1.5,2000.0,3000.0,27.0,25.0,,0,1,0,0,0,2024-04-09 21:00:00
2024-04-09 22:00:00,19.088686,72.867919,11,VABB,0.0,0.0,2000.0,3000.0,27.0,25.0,,0,1,0,0,0,2024-04-09 22:00:00
2024-04-09 22:30:00,19.088686,72.867919,11,VABB,250.0,2.1,2000.0,3000.0,27.0,25.0,,0,1,0,0,0,2024-04-09 22:00:00
2024-04-09 23:00:00,19.088686,72.867919,11,VABB,250.0,2.6,2000.0,3000.0,27.0,25.0,,0,1,0,0,0,2024-04-09 23:00:00
2024-04-09 23:30:00,19.088686,72.867919,11,VABB,230.0,2.1,2000.0,3000.0,27.0,25.0,,0,1,0,0,0,2024-04-09 23:00:00
2024-04-10 00:00:00,19.088686,72.867919,11,VABB,,0.0,,2000.0,25.6,23.3,1008.4,0,0,0,0,0,2024-04-10 00:00:00
2024-04-10 00:00:00,19.088686,72.867919,11,VABB,20.0,2.1,2000.0,3000.0,27.0,25.0,,0,1,0,0,0,2024-04-10 00:00:00
2024-04-10 00:30:00,19.088686,72.867919,11,VABB,130.0,2.6,2000.0,3000.0,27.0,25.0,,0,1,0,0,0,2024-04-10 00:00:00
2024-04-10 01:00:00,19.088686,72.867919,11,VABB,130.0,2.6,2000.0,2500.0,27.0,25.0,,0,1,0,0,0,2024-04-10 01:00:00
2024-04-10 01:30:00,19.088686,72.867919,11,VABB,100.0,3.6,22000.0,2000.0,27.0,25.0,,0,1,0,0,0,2024-04-10 01:00:00
2024-04-10 02:00:00,19.088686,72.867919,11,VABB,120.0,2.6,22000.0,1800.0,27.0,25.0,,1,0,1,0,0,2024-04-10 02:00:00
2024-04-10 02:30:00,19.088686,72.867919,11,VABB,210.0,2.1,,1500.0,28.0,25.0,,1,0,0,0,0,2024-04-10 02:00:00
2024-04-10 03:00:00,19.088686,72.867919,11,VABB,,0.0,,2000.0,27.4,23.9,1010.1,0,0,0,0,0,2024-04-10 03:00:00
2024-04-10 03:00:00,19.088686,72.867919,11,VABB,240.0,2.1,,1500.0,29.0,25.0,,1,0,0,0,0,2024-04-10 03:00:00
2024-04-10 03:30:00,19.088686,72.867919,11,VABB,350.0,2.1,22000.0,1800.0,30.0,23.0,,0,1,0,0,0,2024-04-10 03:00:00
2024-04-10 04:00:00,19.088686,72.867919,11,VABB,260.0,2.6,22000.0,2100.0,30.0,23.0,,0,1,0,0,0,2024-04-10 04:00:00
2024-04-10 04:30:00,19.088686,72.867919,11,VABB,240.0,3.6,22000.0,2100.0,31.0,23.0,,0,1,0,0,0,2024-04-10 04:00:00
2024-04-10 05:00:00,19.088686,72.867919,11,VABB,290.0,1.5,22000.0,2100.0,31.0,23.0,,0,1,0,0,0,2024-04-10 05:00:00
2024-04-10 05:30:00,19.088686,72.867919,11,VABB,260.0,3.6,22000.0,2500.0,32.0,24.0,,0,1,0,0,0,2024-04-10 05:00:00
2024-04-10 06:00:00,19.088686,72.867919,11,VABB,320.0,1.5,,2000.0,32.0,23.0,1010.2,0,0,0,0,0,2024-04-10 06:00:00
2024-04-10 06:00:00,19.088686,72.867919,11,VABB,270.0,4.1,22000.0,2500.0,32.0,24.0,,0,1,0,0,0,2024-04-10 06:00:00
2024-04-10 06:30:00,19.088686,72.867919,11,VABB,260.0,4.6,22000.0,2500.0,31.0,24.0,,0,1,0,0,0,2024-04-10 06:00:00
2024-04-10 07:00:00,19.088686,72.867919,11,VABB,260.0,5.7,22000.0,2500.0,31.0,24.0,,0,1,0,0,0,2024-04-10 07:00:00
2024-04-10 07:30:00,19.088686,72.867919,11,VABB,250.0,5.7,22000.0,3000.0,32.0,24.0,,0,1,0,0,0,2024-04-10 07:00:00
2024-04-10 08:00:00,19.088686,72.867919,11,VABB,260.0,5.1,22000.0,3500.0,31.0,23.0,,0,1,0,0,0,2024-04-10 08:00:00
2024-04-10 08:30:00,19.088686,72.867919,11,VABB,260.0,6.2,22000.0,3500.0,32.0,23.0,,0,0,0,0,0,2024-04-10 08:00:00
2024-04-10 09:00:00,19.088686,72.867919,11,VABB,270.0,2.1,,2000.0,32.8,22.3,1008.4,0,0,0,0,0,2024-04-10 09:00:00
2024-04-10 09:00:00,19.088686,72.867919,11,VABB,270.0,6.2,22000.0,4000.0,32.0,23.0,,0,0,0,0,0,2024-04-10 09:00:00
2024-04-10 09:30:00,19.088686,72.867919,11,VABB,270.0,6.2,22000.0,4000.0,31.0,21.0,,0,0,0,0,0,2024-04-10 09:00:00
2024-04-10 10:00:00,19.088686,72.867919,11,VABB,290.0,6.2,22000.0,4000.0,31.0,24.0,,0,0,0,0,0,2024-04-10 10:00:00
2024-04-10 10:30:00,19.088686,72.867919,11,VABB,270.0,6.2,22000.0,4000.0,31.0,24.0,,0,0,0,0,0,2024-04-10 10:00:00
2024-04-10 11:00:00,19.088686,72.867919,11,VABB,290.0,4.6,22000.0,4000.0,31.0,25.0,,0,0,0,0,0,2024-04-10 11:00:00
2024-04-10 11:30:00,19.088686,72.867919,11,VABB,280.0,5.7,22000.0,4000.0,30.0,25.0,,0,1,0,0,0,2024-04-10 11:00:00
2024-04-10 12:00:00,19.088686,72.867919,11,VABB,320.0,2.1,,2000.0,30.6,24.6,1007.6,0,0,0,0,0,2024-04-10 12:00:00
2024-04-10 12:00:00,19.088686,72.867919,11,VABB,270.0,5.7,10000.0,4000.0,30.0,25.0,,0,1,0,0,0,2024-04-10 12:00:00
2024-04-10 12:30:00,19.088686,72.867919,11,VABB,280.0,5.1,10000.0,4000.0,29.0,25.0,,0,1,0,0,0,2024-04-10 12:00:00
2024-04-10 13:00:00,19.088686,72.867919,11,VABB,280.0,4.1,10000.0,3000.0,29.0,25.0,,0,1,0,0,0,2024-04-10 13:00:00
2024-04-10 13:30:00,19.088686,72.867919,11,VABB,280.0,4.6,10000.0,3000.0,29.0,25.0,,0,1,0,0,0,2024-04-10 13:00:00
2024-04-10 14:00:00,19.088686,72.867919,11,VABB,310.0,3.1,10000.0,3000.0,29.0,26.0,,0,1,0,0,0,2024-04-10 14:00:00
2024-04-10 14:30:00,19.088686,72.867919,11,VABB,310.0,4.6,10000.0,3000.0,29.0,26.0,,1,0,0,0,0,2024-04-10 14:00:00
2024-04-10 15:00:00,19.088686,72.867919,11,VABB,,0.0,,2000.0,28.0,24.6,1008.6,0,0,0,0,0,2024-04-10 15:00:00
2024-04-10 15:00:00,19.088686,72.867919,11,VABB,300.0,3.1,10000.0,3000.0,28.0,25.0,,1,0,0,0,0,2024-04-10 15:00:00
2024-04-10 15:30:00,19.088686,72.867919,11,VABB,300.0,3.1,10000.0,3000.0,28.0,25.0,,1,0,0,0,0,2024-04-10 15:00:00
2024-04-10 16:00:00,19.088686,72.867919,11,VABB,290.0,2.1,10000.0,3000.0,28.0,26.0,,1,0,0,0,0,2024-04-10 16:00:00
2024-04-10 16:30:00,19.088686,72.867919,11,VABB,320.0,2.6,22000.0,3000.0,28.0,26.0,,1,0,0,0,0,2024-04-10 16:00:00
2024-04-10 17:00:00,19.088686,72.867919,11,VABB,310.0,2.1,22000.0,3000.0,28.0,26.0,,1,0,0,0,0,2024-04-10 17:00:00
2024-04-10 17:30:00,19.088686,72.867919,11,VABB,320.0,2.6,22000.0,3000.0,28.0,26.0,,1,0,0,0,0,2024-04-10 17:00:00
2024-04-10 18:00:00,19.088686,72.867919,11,VABB,,0.0,,2000.0,27.4,24.5,1009.4,0,0,0,0,0,2024-04-10 18:00:00
2024-04-10 18:00:00,19.088686,72.867919,11,VABB,300.0,2.1,22000.0,3000.0,28.0,25.0,,1,0,0,0,0,2024-04-10 18:00:00
2024-04-10 18:30:00,19.088686,72.867919,11,VABB,90.0,2.6,22000.0,3000.0,28.0,25.0,,1,0,0,0,0,2024-04-10 18:00:00
2024-04-10 19:00:00,19.088686,72.867919,11,VABB,350.0,1.5,22000.0,3000.0,28.0,25.0,,1,0,0,0,0,2024-04-10 19:00:00
2024-04-10 19:30:00,19.088686,72.867919,11,VABB,310.0,1.5,22000.0,3000.0,28.0,24.0,,1,0,0,0,0,2024-04-10 19:00:00
2024-04-10 20:00:00,19.088686,72.867919,11,VABB,310.0,4.1,22000.0,3000.0,28.0,24.0,,1,0,0,0,0,2024-04-10 20:00:00
2024-04-10 20:30:00,19.088686,72.867919,11,VABB,0.0,0.0,22000.0,3000.0,28.0,25.0,,1,0,0,0,0,2024-04-10 20:00:00
2024-04-10 21:00:00,19.088686,72.867919,11,VABB,,0.0,,2000.0,26.0,23.7,1008.4,0,0,0,0,0,2024-04-10 21:00:00
2024-04-10 21:00:00,19.088686,72.867919,11,VABB,280.0,1.5,22000.0,3000.0,28.0,24.0,,1,0,0,0,0,2024-04-10 21:00:00
2024-04-10 21:30:00,19.088686,72.867919,11,VABB,360.0,1.5,22000.0,3000.0,28.0,23.0,,1,0,0,0,0,2024-04-10 21:00:00
2024-04-10 22:00:00,19.088686,72.867919,11,VABB,10.0,1.5,2000.0,3000.0,28.0,23.0,,1,0,0,0,0,2024-04-10 22:00:00
2024-04-10 22:30:00,19.088686,72.867919,11,VABB,20.0,1.5,2000.0,3000.0,28.0,24.0,,1,0,0,0,0,2024-04-10 22:00:00
2024-04-10 23:00:00,19.088686,72.867919,11,VABB,350.0,1.5,22000.0,3000.0,27.0,24.0,,1,0,0,0,0,2024-04-10 23:00:00
2024-04-10 23:30:00,19.088686,72.867919,11,VABB,350.0,2.1,22000.0,3000.0,27.0,24.0,,1,0,0,0,0,2024-04-10 23:00:00
2024-04-11 00:00:00,19.088686,72.867919,11,VABB,,0.0,22000.0,2000.0,25.4,23.3,1009.0,0,0,0,0,0,2024-04-11 00:00:00
2024-04-11 00:00:00,19.088686,72.867919,11,VABB,330.0,1.5,22000.0,3000.0,27.0,24.0,,1,0,0,0,0,2024-04-11 00:00:00
2024-04-11 00:30:00,19.088686,72.867919,11,VABB,0.0,0.0,10000.0,3000.0,27.0,23.0,,1,0,0,0,0,2024-04-11 00:00:00
2024-04-11 01:00:00,19.088686,72.867919,11,VABB,20.0,2.1,3048.0,3000.0,28.0,22.0,,0,1,0,0,0,2024-04-11 01:00:00
2024-04-11 01:30:00,19.088686,72.867919,11,VABB,80.0,1.5,3048.0,3000.0,28.0,21.0,,0,1,0,0,0,2024-04-11 01:00:00
2024-04-11 02:00:00,19.088686,72.867919,11,VABB,120.0,3.1,10000.0,2500.0,28.0,23.0,,0,1,0,0,0,2024-04-11 02:00:00
2024-04-11 02:30:00,19.088686,72.867919,11,VABB,100.0,3.1,10000.0,2500.0,28.0,22.0,,0,1,0,0,0,2024-04-11 02:00:00
2024-04-11 03:00:00,19.088686,72.867919,11,VABB,,0.0,22000.0,2000.0,27.8,21.5,1010.6,0,0,0,0,0,2024-04-11 03:00:00
2024-04-11 03:00:00,19.088686,72.867919,11,VABB,90.0,2.6,2000.0,2500.0,29.0,22.0,,0,1,0,0,0,2024-04-11 03:00:00
2024-04-11 03:30:00,19.088686,72.867919,11,VABB,80.0,2.1,2000.0,2500.0,30.0,21.0,,0,0,0,0,0,2024-04-11 03:00:00
2024-04-11 04:00:00,19.088686,72.867919,11,VABB,40.0,3.6,3048.0,3000.0,32.0,17.0,,0,0,0,0,0,2024-04-11 04:00:00
2024-04-11 04:30:00,19.088686,72.867919,11,VABB,340.0,3.6,10000.0,3000.0,32.0,16.0,,0,0,0,0,0,2024-04-11 04:00:00
2024-04-11 05:00:00,19.088686,72.867919,11,VABB,210.0,2.1,10000.0,3000.0,34.0,16.0,,0,0,0,0,0,2024-04-11 05:00:00
2024-04-11 05:30:00,19.088686,72.867919,11,VABB,280.0,5.1,10000.0,3000.0,34.0,19.0,,0,0,0,0,0,2024-04-11 05:00:00
2024-04-11 06:00:00,19.088686,72.867919,11,VABB,270.0,2.1,22000.0,2000.0,33.4,20.9,1010.7,0,0,0,0,0,2024-04-11 06:00:00
2024-04-11 06:00:00,19.088686,72.867919,11,VABB,260.0,4.6,10000.0,3000.0,32.0,21.0,,0,0,0,0,0,2024-04-11 06:00:00
2024-04-11 06:30:00,19.088686,72.867919,11,VABB,240.0,5.1,22000.0,3000.0,31.0,23.0,,0,0,0,0,0,2024-04-11 06:00:00
2024-04-11 07:00:00,19.088686,72.867919,11,VABB,250.0,5.1,10000.0,3000.0,32.0,22.0,,0,0,0,0,0,2024-04-11 07:00:00
2024-04-11 07:30:00,19.088686,72.867919,11,VABB,270.0,4.6,10000.0,3000.0,32.0,22.0,,0,0,0,0,0,2024-04-11 07:00:00
2024-04-11 08:00:00,19.088686,72.867919,11,VABB,250.0,4.1,10000.0,4000.0,32.0,23.0,,0,0,0,0,0,2024-04-11 08:00:00
2024-04-11 08:30:00,19.088686,72.867919,11,VABB,240.0,4.6,2000.0,4000.0,31.0,22.0,,0,0,0,0,0,2024-04-11 08:00:00
2024-04-11 09:00:00,19.088686,72.867919,11,VABB,270.0,2.1,22000.0,2000.0,32.2,21.9,1008.5,0,0,0,0,0,2024-04-11 09:00:00
2024-04-11 09:00:00,19.088686,72.867919,11,VABB,250.0,4.6,2000.0,4000.0,30.0,22.0,,0,0,0,0,0,2024-04-11 09:00:00
2024-04-11 09:30:00,19.088686,72.867919,11,VABB,270.0,5.7,2000.0,4000.0,31.0,22.0,,0,0,0,0,0,2024-04-11 09:00:00
2024-04-11 10:00:00,19.088686,72.867919,11,VABB,260.0,5.1,10000.0,4000.0,31.0,22.0,,0,1,0,0,0,2024-04-11 10:00:00
2024-04-11 10:30:00,19.088686,72.867919,11,VABB,270.0,6.2,10000.0,4000.0,31.0,22.0,,0,0,0,0,0,2024-04-11 10:00:00
2024-04-11 11:00:00,19.088686,72.867919,11,VABB,270.0,4.6,10000.0,4000.0,32.0,22.0,,0,0,0,0,0,2024-04-11 11:00:00
2024-04-11 11:30:00,19.088686,72.867919,11,VABB,260.0,5.7,10000.0,4000.0,31.0,22.0,,0,0,0,0,0,2024-04-11 11:00:00
2024-04-11 12:00:00,19.088686,72.867919,11,VABB,320.0,1.5,22000.0,2000.0,31.2,22.4,1007.4,0,0,0,0,0,2024-04-11 12:00:00
2024-04-11 12:00:00,19.088686,72.867919,11,VABB,260.0,5.1,2000.0,4000.0,31.0,22.0,,0,0,0,0,0,2024-04-11 12:00:00
2024-04-11 12:30:00,19.088686,72.867919,11,VABB,260.0,4.6,2000.0,4000.0,30.0,23.0,,0,0,0,0,0,2024-04-11 12:00:00
2024-04-11 13:00:00,19.088686,72.867919,11,VABB,270.0,4.6,2000.0,3000.0,29.0,23.0,,0,0,0,0,0,2024-04-11 13:00:00
2024-04-11 13:30:00,19.088686,72.867919,11,VABB,270.0,4.6,2000.0,3000.0,29.0,23.0,,0,1,0,0,0,2024-04-11 13:00:00
2024-04-11 14:00:00,19.088686,72.867919,11,VABB,260.0,4.1,2000.0,3000.0,29.0,23.0,,0,1,0,0,0,2024-04-11 14:00:00
2024-04-11 14:30:00,19.088686,72.867919,11,VABB,310.0,2.1,2000.0,3000.0,29.0,23.0,,0,1,0,0,0,2024-04-11 14:00:00
2024-04-11 15:00:00,19.088686,72.867919,11,VABB,,0.0,22000.0,2000.0,28.4,21.9,1008.7,0,0,0,0,0,2024-04-11 15:00:00
2024-04-11 15:00:00,19.088686,72.867919,11,VABB,270.0,2.6,10000.0,3000.0,29.0,23.0,,0,1,0,0,0,2024-04-11 15:00:00
2024-04-11 15:30:00,19.088686,72.867919,11,VABB,260.0,2.6,10000.0,3000.0,29.0,23.0,,0,1,0,0,0,2024-04-11 15:00:00
2024-04-11 16:00:00,19.088686,72.867919,11,VABB,220.0,2.6,10000.0,3000.0,28.0,23.0,,0,1,0,0,0,2024-04-11 16:00:00
2024-04-11 16:30:00,19.088686,72.867919,11,VABB,230.0,3.1,22000.0,3000.0,28.0,23.0,,0,1,0,0,0,2024-04-11 16:00:00
2024-04-11 17:00:00,19.088686,72.867919,11,VABB,240.0,2.6,22000.0,3000.0,28.0,24.0,,0,1,0,0,0,2024-04-11 17:00:00
2024-04-11 17:30:00,19.088686,72.867919,11,VABB,240.0,3.1,22000.0,3000.0,28.0,24.0,,1,0,0,0,0,2024-04-11 17:00:00
2024-04-11 18:00:00,19.088686,72.867919,11,VABB,,0.0,,2000.0,27.4,23.3,1009.6,0,0,0,0,0,2024-04-11 18:00:00
2024-04-11 18:00:00,19.088686,72.867919,11,VABB,270.0,2.1,22000.0,3000.0,28.0,24.0,,1,0,0,0,0,2024-04-11 18:00:00
2024-04-11 18:30:00,19.088686,72.867919,11,VABB,280.0,2.1,22000.0,3000.0,28.0,25.0,,1,0,0,0,0,2024-04-11 18:00:00
2024-04-11 19:00:00,19.088686,72.867919,11,VABB,270.0,2.1,22000.0,3000.0,28.0,24.0,,1,0,0,0,0,2024-04-11 19:00:00
2024-04-11 19:30:00,19.088686,72.867919,11,VABB,280.0,1.5,22000.0,2500.0,27.0,25.0,,1,0,0,0,0,2024-04-11 19:00:00
2024-04-11 20:00:00,19.088686,72.867919,11,VABB,330.0,2.1,22000.0,2500.0,28.0,25.0,,1,0,0,0,0,2024-04-11 20:00:00
2024-04-11 20:30:00,19.088686,72.867919,11,VABB,300.0,1.5,22000.0,2500.0,28.0,24.0,,1,0,0,0,0,2024-04-11 20:00:00
2024-04-11 21:00:00,19.088686,72.867919,11,VABB,,0.0,,2000.0,26.6,23.1,1008.9,0,0,0,0,0,2024-04-11 21:00:00
2024-04-11 21:00:00,19.088686,72.867919,11,VABB,50.0,1.5,22000.0,2500.0,28.0,24.0,,1,0,0,0,0,2024-04-11 21:00:00
2024-04-11 21:30:00,19.088686,72.867919,11,VABB,30.0,3.1,22000.0,2500.0,28.0,24.0,,1,0,0,0,0,2024-04-11 21:00:00
2024-04-11 22:00:00,19.088686,72.867919,11,VABB,280.0,3.1,2000.0,2500.0,27.0,24.0,,1,0,0,0,0,2024-04-11 22:00:00
2024-04-11 22:30:00,19.088686,72.867919,11,VABB,330.0,1.5,2000.0,2500.0,27.0,24.0,,1,0,0,0,0,2024-04-11 22:00:00
2024-04-11 23:00:00,19.088686,72.867919,11,VABB,330.0,2.6,2000.0,2500.0,27.0,24.0,,1,0,0,0,0,2024-04-11 23:00:00
2024-04-11 23:30:00,19.088686,72.867919,11,VABB,340.0,3.1,2000.0,2500.0,27.0,24.0,,1,0,0,0,0,2024-04-11 23:00:00
2024-04-12 00:00:00,19.088686,72.867919,11,VABB,,0.0,,2000.0,26.0,22.4,1008.8,0,0,0,0,0,2024-04-12 00:00:00
2024-04-12 00:00:00,19.088686,72.867919,11,VABB,340.0,2.6,2000.0,2500.0,27.0,23.0,,1,0,0,0,0,2024-04-12 00:00:00
2024-04-12 00:30:00,19.088686,72.867919,11,VABB,40.0,2.6,10000.0,2200.0,27.0,23.0,,1,0,0,0,0,2024-04-12 00:00:00
2024-04-12 01:00:00,19.088686,72.867919,11,VABB,40.0,3.6,10000.0,2200.0,27.0,23.0,,1,0,0,0,0,2024-04-12 01:00:00
2024-04-12 01:30:00,19.088686,72.867919,11,VABB,20.0,2.6,10000.0,2200.0,27.0,21.0,,0,1,0,0,0,2024-04-12 01:00:00
2024-04-12 02:00:00,19.088686,72.867919,11,VABB,0.0,0.0,10000.0,2200.0,28.0,21.0,,0,1,0,0,0,2024-04-12 02:00:00
2024-04-12 02:30:00,19.088686,72.867919,11,VABB,130.0,1.5,10000.0,2500.0,28.0,21.0,,0,1,0,0,0,2024-04-12 02:00:00
2024-04-12 03:00:00,19.088686,72.867919,11,VABB,,0.0,22000.0,2000.0,26.6,18.8,1010.6,0,0,0,0,0,2024-04-12 03:00:00
2024-04-12 03:00:00,19.088686,72.867919,11,VABB,0.0,0.0,10000.0,2500.0,29.0,21.0,,0,1,0,0,0,2024-04-12 03:00:00
2024-04-12 03:30:00,19.088686,72.867919,11,VABB,0.0,0.0,10000.0,2500.0,30.0,19.0,,0,1,0,0,0,2024-04-12 03:00:00
2024-04-12 04:00:00,19.088686,72.867919,11,VABB,320.0,1.5,10000.0,3000.0,32.0,15.0,,0,0,0,0,0,2024-04-12 04:00:00
2024-04-12 04:30:00,19.088686,72.867919,11,VABB,340.0,2.1,10000.0,3000.0,32.0,13.0,,0,0,0,0,0,2024-04-12 04:00:00
2024-04-12 05:00:00,19.088686,72.867919,11,VABB,240.0,5.1,10000.0,3500.0,32.0,19.0,,0,0,0,0,0,2024-04-12 05:00:00
2024-04-12 05:30:00,19.088686,72.867919,11,VABB,240.0,4.6,10000.0,3500.0,32.0,20.0,,0,0,0,0,0,2024-04-12 05:00:00
2024-04-12 06:00:00,19.088686,72.867919,11,VABB,320.0,1.5,22000.0,2000.0,32.6,21.4,1010.4,0,0,0,0,0,2024-04-12 06:00:00
2024-04-12 06:00:00,19.088686,72.867919,11,VABB,270.0,3.6,10000.0,4000.0,32.0,20.0,,0,0,0,0,0,2024-04-12 06:00:00
2024-04-12 06:30:00,19.088686,72.867919,11,VABB,260.0,4.6,10000.0,4000.0,32.0,21.0,,0,0,0,0,0,2024-04-12 06:00:00
2024-04-12 07:00:00,19.088686,72.867919,11,VABB,260.0,5.1,10000.0,4000.0,33.0,22.0,,0,0,0,0,0,2024-04-12 07:00:00
2024-04-12 07:30:00,19.088686,72.867919,11,VABB,280.0,5.1,10000.0,4000.0,32.0,21.0,,0,0,0,0,0,2024-04-12 07:00:00
2024-04-12 08:00:00,19.088686,72.867919,11,VABB,270.0,6.2,22000.0,4000.0,31.0,20.0,,0,0,0,0,0,2024-04-12 08:00:00
2024-04-12 08:30:00,19.088686,72.867919,11,VABB,280.0,3.6,22000.0,4000.0,31.0,20.0,,0,0,0,0,1,2024-04-12 08:00:00
2024-04-12 09:00:00,19.088686,72.867919,11,VABB,270.0,2.6,,2000.0,32.4,20.8,1008.5,0,0,0,0,0,2024-04-12 09:00:00
2024-04-12 09:00:00,19.088686,72.867919,11,VABB,290.0,4.6,22000.0,4000.0,32.0,20.0,,0,0,0,0,0,2024-04-12 09:00:00
2024-04-12 09:30:00,19.088686,72.867919,11,VABB,260.0,6.2,22000.0,4000.0,32.0,19.0,,0,0,0,0,0,2024-04-12 09:00:00
2024-04-12 10:00:00,19.088686,72.867919,11,VABB,270.0,6.7,10000.0,4000.0,31.0,20.0,,0,0,0,0,0,2024-04-12 10:00:00
2024-04-12 10:30:00,19.088686,72.867919,11,VABB,260.0,5.7,10000.0,4000.0,31.0,21.0,,0,0,0,0,0,2024-04-12 10:00:00
2024-04-12 11:00:00,19.088686,72.867919,11,VABB,280.0,5.1,10000.0,4000.0,31.0,20.0,,0,0,0,0,0,2024-04-12 11:00:00
2024-04-12 11:30:00,19.088686,72.867919,11,VABB,270.0,7.2,22000.0,4000.0,31.0,20.0,,0,0,0,0,0,2024-04-12 11:00:00
2024-04-12 12:00:00,19.088686,72.867919,11,VABB,270.0,2.1,22000.0,2000.0,30.8,21.3,1007.3,0,0,0,0,0,2024-04-12 12:00:00
2024-04-12 12:00:00,19.088686,72.867919,11,VABB,280.0,6.2,22000.0,4000.0,30.0,21.0,,0,0,0,0,0,2024-04-12 12:00:00
2024-04-12 12:30:00,19.088686,72.867919,11,VABB,280.0,7.2,22000.0,4000.0,30.0,20.0,,0,0,0,0,0,2024-04-12 12:00:00
2024-04-12 13:00:00,19.088686,72.867919,11,VABB,280.0,5.7,10000.0,4000.0,29.0,21.0,,0,1,0,0,0,2024-04-12 13:00:00
2024-04-12 13:30:00,19.088686,72.867919,11,VABB,300.0,5.1,10000.0,3000.0,29.0,21.0,,0,1,0,0,0,2024-04-12 13:00:00
2024-04-12 14:00:00,19.088686,72.867919,11,VABB,310.0,3.1,10000.0,3000.0,29.0,22.0,,0,1,0,0,0,2024-04-12 14:00:00
2024-04-12 14:30:00,19.088686,72.867919,11,VABB,290.0,4.6,22000.0,3000.0,28.0,23.0,,0,1,0,0,0,2024-04-12 14:00:00
2024-04-12 15:00:00,19.088686,72.867919,11,VABB,320.0,1.5,,2000.0,27.8,22.5,1008.9,0,0,0,0,0,2024-04-12 15:00:00
2024-04-12 15:00:00,19.088686,72.867919,11,VABB,280.0,3.6,22000.0,3000.0,28.0,23.0,,1,0,0,0,0,2024-04-12 15:00:00
2024-04-12 15:30:00,19.088686,72.867919,11,VABB,310.0,1.5,22000.0,3000.0,28.0,22.0,,0,1,0,0,0,2024-04-12 15:00:00
2024-04-12 16:00:00,19.088686,72.867919,11,VABB,310.0,2.1,22000.0,3000.0,28.0,22.0,,0,1,0,0,0,2024-04-12 16:00:00
2024-04-12 16:30:00,19.088686,72.867919,11,VABB,300.0,3.6,22000.0,3000.0,28.0,23.0,,0,1,0,0,0,2024-04-12 16:00:00
2024-04-12 17:00:00,19.088686,72.867919,11,VABB,290.0,3.1,22000.0,3000.0,28.0,23.0,,0,1,0,0,0,2024-04-12 17:00:00
2024-04-12 17:30:00,19.088686,72.867919,11,VABB,270.0,2.6,22000.0,3000.0,27.0,23.0,,0,1,0,0,0,2024-04-12 17:00:00
2024-04-12 18:00:00,19.088686,72.867919,11,VABB,,0.0,,2000.0,26.8,22.7,1010.3,0,0,0,0,0,2024-04-12 18:00:00
2024-04-12 18:00:00,19.088686,72.867919,11,VABB,290.0,2.1,22000.0,3000.0,27.0,22.0,,0,1,0,0,0,2024-04-12 18:00:00
2024-04-12 18:30:00,19.088686,72.867919,11,VABB,350.0,2.6,22000.0,3000.0,27.0,22.0,,0,1,0,0,0,2024-04-12 18:00:00
2024-04-12 19:00:00,19.088686,72.867919,11,VABB,330.0,1.5,2000.0,3000.0,27.0,23.0,,0,1,0,0,0,2024-04-12 19:00:00
2024-04-12 19:30:00,19.088686,72.867919,11,VABB,80.0,2.1,2000.0,2500.0,27.0,23.0,,1,0,0,0,0,2024-04-12 19:00:00
2024-04-12 20:00:00,19.088686,72.867919,11,VABB,250.0,2.6,2000.0,2500.0,27.0,23.0,,1,0,0,0,0,2024-04-12 20:00:00
2024-04-12 20:02:00,19.088686,72.867919,11,VABB,250.0,2.6,2000.0,2500.0,27.0,23.0,,1,0,0,0,0,2024-04-12 20:00:00
2024-04-12 20:30:00,19.088686,72.867919,11,VABB,260.0,2.1,3048.0,2500.0,27.0,23.0,,1,0,0,0,0,2024-04-12 20:00:00
2024-04-12 21:00:00,19.088686,72.867919,11,VABB,,0.0,22000.0,2000.0,25.6,22.3,1009.6,0,0,0,0,0,2024-04-12 21:00:00
2024-04-12 21:00:00,19.088686,72.867919,11,VABB,290.0,2.6,3048.0,2500.0,27.0,23.0,,1,0,0,0,0,2024-04-12 21:00:00
2024-04-12 21:30:00,19.088686,72.867919,11,VABB,310.0,1.5,2000.0,2500.0,27.0,23.0,,1,0,0,0,0,2024-04-12 21:00:00
2024-04-12 22:00:00,19.088686,72.867919,11,VABB,290.0,2.1,2000.0,2500.0,27.0,22.0,,1,0,0,0,0,2024-04-12 22:00:00
2024-04-12 22:30:00,19.088686,72.867919,11,VABB,30.0,2.6,2000.0,2500.0,27.0,23.0,,1,0,0,0,0,2024-04-12 22:00:00
2024-04-12 23:00:00,19.088686,72.867919,11,VABB,20.0,1.5,2000.0,2500.0,27.0,23.0,,1,0,0,0,0,2024-04-12 23:00:00
2024-04-12 23:30:00,19.088686,72.867919,11,VABB,0.0,0.0,2000.0,2500.0,26.0,23.0,,1,0,0,0,0,2024-04-12 23:00:00
2024-04-13 00:00:00,19.088686,72.867919,11,VABB,,0.0,22000.0,2000.0,24.4,22.0,1010.0,0,0,0,0,0,2024-04-13 00:00:00
2024-04-13 00:00:00,19.088686,72.867919,11,VABB,80.0,2.1,2000.0,2500.0,26.0,23.0,,1,0,0,0,0,2024-04-13 00:00:00
2024-04-13 00:30:00,19.088686,72.867919,11,VABB,70.0,2.1,2000.0,2500.0,26.0,23.0,,1,0,0,0,0,2024-04-13 00:00:00
2024-04-13 01:00:00,19.088686,72.867919,11,VABB,20.0,2.1,2000.0,2500.0,26.0,22.0,,1,0,0,0,0,2024-04-13 01:00:00
2024-04-13 01:30:00,19.088686,72.867919,11,VABB,30.0,2.1,2000.0,2200.0,27.0,22.0,,1,0,0,0,0,2024-04-13 01:00:00
2024-04-13 02:00:00,19.088686,72.867919,11,VABB,350.0,2.1,2000.0,2200.0,27.0,22.0,,0,1,0,0,0,2024-04-13 02:00:00
2024-04-13 02:30:00,19.088686,72.867919,11,VABB,60.0,3.1,2000.0,2500.0,29.0,23.0,,0,1,0,0,0,2024-04-13 02:00:00
2024-04-13 03:00:00,19.088686,72.867919,11,VABB,,0.0,22000.0,2000.0,26.8,21.7,1011.6,0,0,0,0,0,2024-04-13 03:00:00
2024-04-13 03:00:00,19.088686,72.867919,11,VABB,360.0,2.1,2000.0,3000.0,28.0,22.0,,0,1,0,0,0,2024-04-13 03:00:00
2024-04-13 03:30:00,19.088686,72.867919,11,VABB,70.0,2.1,2000.0,3500.0,29.0,22.0,,0,1,0,0,0,2024-04-13 03:00:00
2024-04-13 04:00:00,19.088686,72.867919,11,VABB,300.0,2.6,2000.0,3500.0,29.0,22.0,,0,1,0,0,0,2024-04-13 04:00:00
2024-04-13 04:30:00,19.088686,72.867919,11,VABB,10.0,1.5,2000.0,3500.0,30.0,20.0,,0,0,0,0,0,2024-04-13 04:00:00
2024-04-13 05:00:00,19.088686,72.867919,11,VABB,200.0,3.1,10000.0,3500.0,31.0,18.0,,0,0,0,0,0,2024-04-13 05:00:00
2024-04-13 05:30:00,19.088686,72.867919,11,VABB,300.0,4.1,10000.0,4000.0,31.0,21.0,,0,0,0,0,0,2024-04-13 05:00:00
2024-04-13 06:00:00,19.088686,72.867919,11,VABB,270.0,2.1,22000.0,2000.0,31.4,21.0,1011.4,0,0,0,0,0,2024-04-13 06:00:00
2024-04-13 06:00:00,19.088686,72.867919,11,VABB,280.0,4.6,10000.0,4000.0,33.0,21.0,,0,0,0,0,0,2024-04-13 06:00:00
2024-04-13 06:30:00,19.088686,72.867919,11,VABB,250.0,6.2,10000.0,4000.0,31.0,22.0,,0,0,0,0,0,2024-04-13 06:00:00
2024-04-13 07:00:00,19.088686,72.867919,11,VABB,280.0,3.6,10000.0,4000.0,31.0,21.0,,0,0,0,0,0,2024-04-13 07:00:00
2024-04-13 07:30:00,19.088686,72.867919,11,VABB,250.0,5.1,10000.0,4000.0,31.0,20.0,,0,0,0,0,0,2024-04-13 07:00:00
2024-04-13 08:00:00,19.088686,72.867919,11,VABB,280.0,5.7,10000.0,4000.0,31.0,20.0,,0,0,0,0,0,2024-04-13 08:00:00
2024-04-13 08:30:00,19.088686,72.867919,11,VABB,280.0,6.2,10000.0,5000.0,32.0,20.0,,0,0,0,0,0,2024-04-13 08:00:00
2024-04-13 09:00:00,19.088686,72.867919,11,VABB,270.0,4.1,,2000.0,32.0,18.8,1009.0,0,0,0,0,0,2024-04-13 09:00:00
2024-04-13 09:00:00,19.088686,72.867919,11,VABB,270.0,5.1,22000.0,5000.0,31.0,20.0,,0,0,0,0,0,2024-04-13 09:00:00
2024-04-13 09:30:00,19.088686,72.867919,11,VABB,270.0,6.2,22000.0,5000.0,32.0,20.0,,0,0,0,0,0,2024-04-13 09:00:00
2024-04-13 10:00:00,19.088686,72.867919,11,VABB,270.0,5.7,22000.0,5000.0,31.0,20.0,,0,0,0,0,0,2024-04-13 10:00:00
2024-04-13 10:30:00,19.088686,72.867919,11,VABB,270.0,5.7,22000.0,5000.0,31.0,20.0,,0,0,0,0,0,2024-04-13 10:00:00
2024-04-13 11:00:00,19.088686,72.867919,11,VABB,260.0,4.1,22000.0,5000.0,30.0,21.0,,0,0,0,0,1,2024-04-13 11:00:00
2024-04-13 11:30:00,19.088686,72.867919,11,VABB,280.0,3.6,22000.0,5000.0,30.0,21.0,,0,0,0,0,1,2024-04-13 11:00:00
2024-04-13 12:00:00,19.088686,72.867919,11,VABB,270.0,3.1,,2000.0,31.6,20.9,1008.2,0,0,0,0,0,2024-04-13 12:00:00
2024-04-13 12:00:00,19.088686,72.867919,11,VABB,270.0,6.2,22000.0,5000.0,30.0,22.0,,0,0,0,0,0,2024-04-13 12:00:00
2024-04-13 12:30:00,19.088686,72.867919,11,VABB,290.0,5.7,22000.0,5000.0,29.0,23.0,,0,0,0,0,0,2024-04-13 12:00:00
2024-04-13 13:00:00,19.088686,72.867919,11,VABB,290.0,5.7,22000.0,5000.0,28.0,23.0,,0,0,0,0,0,2024-04-13 13:00:00
2024-04-13 13:30:00,19.088686,72.867919,11,VABB,290.0,4.6,2000.0,4000.0,28.0,23.0,,0,1,0,0,0,2024-04-13 13:00:00
2024-04-13 14:00:00,19.088686,72.867919,11,VABB,300.0,4.1,2000.0,3500.0,28.0,22.0,,0,1,0,0,0,2024-04-13 14:00:00
2024-04-13 14:30:00,19.088686,72.867919,11,VABB,290.0,4.1,2000.0,3500.0,28.0,22.0,,0,1,0,0,0,2024-04-13 14:00:00
2024-04-13 15:00:00,19.088686,72.867919,11,VABB,270.0,1.5,,2000.0,27.4,21.3,1009.7,0,0,0,0,0,2024-04-13 15:00:00
2024-04-13 15:00:00,19.088686,72.867919,11,VABB,290.0,3.6,2000.0,3500.0,28.0,22.0,,0,1,0,0,0,2024-04-13 15:00:00
2024-04-13 15:30:00,19.088686,72.867919,11,VABB,300.0,2.6,2000.0,3500.0,28.0,22.0,,0,1,0,0,0,2024-04-13 15:00:00
2024-04-13 16:00:00,19.088686,72.867919,11,VABB,330.0,4.1,2000.0,3500.0,28.0,22.0,,0,1,0,0,0,2024-04-13 16:00:00
2024-04-13 16:30:00,19.088686,72.867919,11,VABB,350.0,2.1,2000.0,3500.0,28.0,22.0,,0,1,0,0,0,2024-04-13 16:00:00
2024-04-13 17:00:00,19.088686,72.867919,11,VABB,300.0,1.5,2000.0,3000.0,28.0,22.0,,0,1,0,0,0,2024-04-13 17:00:00
2024-04-13 17:30:00,19.088686,72.867919,11,VABB,10.0,1.5,2000.0,3000.0,28.0,22.0,,0,1,0,0,0,2024-04-13 17:00:00
2024-04-13 18:00:00,19.088686,72.867919,11,VABB,,0.0,,2000.0,26.6,21.8,1011.1,0,0,0,0,0,2024-04-13 18:00:00
2024-04-13 18:00:00,19.088686,72.867919,11,VABB,290.0,2.1,2000.0,3000.0,28.0,22.0,,0,1,0,0,0,2024-04-13 18:00:00
2024-04-13 18:30:00,19.088686,72.867919,11,VABB,250.0,2.1,2000.0,3000.0,27.0,22.0,,0,1,0,0,0,2024-04-13 18:00:00
2024-04-13 19:00:00,19.088686,72.867919,11,VABB,290.0,2.6,2000.0,2500.0,27.0,22.0,,0,1,0,0,0,2024-04-13 19:00:00
2024-04-13 19:30:00,19.088686,72.867919,11,VABB,280.0,2.1,2000.0,2500.0,27.0,22.0,,0,1,0,0,0,2024-04-13 19:00:00
2024-04-13 20:00:00,19.088686,72.867919,11,VABB,280.0,2.6,2000.0,2500.0,27.0,22.0,,0,1,0,0,0,2024-04-13 20:00:00
2024-04-13 20:30:00,19.088686,72.867919,11,VABB,230.0,2.6,2000.0,2500.0,27.0,22.0,,0,1,0,0,0,2024-04-13 20:00:00
2024-04-13 21:00:00,19.088686,72.867919,11,VABB,,0.0,,2000.0,25.0,21.7,1010.1,0,0,0,0,0,2024-04-13 21:00:00
2024-04-13 21:00:00,19.088686,72.867919,11,VABB,340.0,2.1,2000.0,2500.0,27.0,22.0,,0,1,0,0,0,2024-04-13 21:00:00
2024-04-13 21:30:00,19.088686,72.867919,11,VABB,20.0,1.5,2000.0,2500.0,27.0,22.0,,0,1,0,0,0,2024-04-13 21:00:00
2024-04-13 22:00:00,19.088686,72.867919,11,VABB,10.0,2.1,2000.0,2500.0,27.0,22.0,,0,1,0,0,0,2024-04-13 22:00:00
2024-04-13 22:30:00,19.088686,72.867919,11,VABB,60.0,2.6,2000.0,2500.0,26.0,22.0,,1,0,0,0,0,2024-04-13 22:00:00
2024-04-13 23:00:00,19.088686,72.867919,11,VABB,110.0,2.1,2000.0,2500.0,26.0,22.0,,1,0,0,0,0,2024-04-13 23:00:00
2024-04-13 23:30:00,19.088686,72.867919,11,VABB,140.0,2.6,2000.0,2500.0,26.0,22.0,,1,0,0,0,0,2024-04-13 23:00:00
2024-04-14 00:00:00,19.088686,72.867919,11,VABB,,0.0,,2000.0,24.0,22.2,1010.7,0,0,0,0,0,2024-04-14 00:00:00
2024-04-14 00:00:00,19.088686,72.867919,11,VABB,90.0,2.6,2000.0,2500.0,26.0,22.0,,1,0,0,0,0,2024-04-14 00:00:00
2024-04-14 00:30:00,19.088686,72.867919,11,VABB,80.0,2.1,2000.0,2500.0,26.0,22.0,,1,0,0,0,0,2024-04-14 00:00:00
2024-04-14 01:00:00,19.088686,72.867919,11,VABB,0.0,0.0,2000.0,2500.0,26.0,22.0,,1,0,0,0,0,2024-04-14 01:00:00
2024-04-14 01:30:00,19.088686,72.867919,11,VABB,330.0,1.5,10000.0,2200.0,26.0,23.0,,1,0,0,0,0,2024-04-14 01:00:00
2024-04-14 02:00:00,19.088686,72.867919,11,VABB,0.0,0.0,10000.0,2200.0,27.0,22.0,,1,0,0,0,0,2024-04-14 02:00:00
2024-04-14 02:30:00,19.088686,72.867919,11,VABB,50.0,2.6,10000.0,2200.0,28.0,21.0,,0,1,0,0,0,2024-04-14 02:00:00
2024-04-14 03:00:00,19.088686,72.867919,11,VABB,,0.0,,2000.0,26.2,20.7,1012.3,0,0,0,0,0,2024-04-14 03:00:00
2024-04-14 03:00:00,19.088686,72.867919,11,VABB,50.0,2.1,22000.0,2500.0,28.0,21.0,,0,1,0,0,0,2024-04-14 03:00:00
2024-04-14 03:30:00,19.088686,72.867919,11,VABB,40.0,1.5,22000.0,2500.0,29.0,21.0,,0,1,0,0,0,2024-04-14 03:00:00
2024-04-14 04:00:00,19.088686,72.867919,11,VABB,0.0,0.0,22000.0,3000.0,30.0,21.0,,0,1,0,0,0,2024-04-14 04:00:00
2024-04-14 04:30:00,19.088686,72.867919,11,VABB,90.0,2.6,22000.0,3000.0,31.0,22.0,,0,0,0,0,0,2024-04-14 04:00:00
2024-04-14 05:00:00,19.088686,72.867919,11,VABB,30.0,2.6,22000.0,3000.0,31.0,17.0,,0,0,0,0,0,2024-04-14 05:00:00
2024-04-14 05:30:00,19.088686,72.867919,11,VABB,20.0,2.1,22000.0,4000.0,33.0,16.0,,0,0,0,0,0,2024-04-14 05:00:00
2024-04-14 06:00:00,19.088686,72.867919,11,VABB,270.0,2.1,,2000.0,32.4,20.8,1011.5,0,0,0,0,0,2024-04-14 06:00:00
2024-04-14 06:00:00,19.088686,72.867919,11,VABB,270.0,4.6,22000.0,4000.0,32.0,21.0,,0,0,0,0,0,2024-04-14 06:00:00
2024-04-14 06:30:00,19.088686,72.867919,11,VABB,280.0,5.7,22000.0,4000.0,32.0,21.0,,0,0,0,0,0,2024-04-14 06:00:00
2024-04-14 07:00:00,19.088686,72.867919,11,VABB,290.0,5.7,22000.0,4000.0,32.0,22.0,,0,0,0,0,0,2024-04-14 07:00:00
2024-04-14 07:30:00,19.088686,72.867919,11,VABB,270.0,6.7,22000.0,4000.0,32.0,22.0,,0,0,0,0,0,2024-04-14 07:00:00
2024-04-14 08:00:00,19.088686,72.867919,11,VABB,260.0,6.2,22000.0,5000.0,32.0,23.0,,0,1,0,0,0,2024-04-14 08:00:00
2024-04-14 08:30:00,19.088686,72.867919,11,VABB,260.0,3.6,22000.0,5000.0,32.0,23.0,,0,0,0,0,1,2024-04-14 08:00:00
2024-04-14 09:00:00,19.088686,72.867919,11,VABB,320.0,1.5,,2000.0,32.6,23.7,1008.9,0,0,0,0,0,2024-04-14 09:00:00
2024-04-14 09:00:00,19.088686,72.867919,11,VABB,250.0,4.1,10000.0,5000.0,32.0,23.0,,0,0,0,0,1,2024-04-14 09:00:00
2024-04-14 09:30:00,19.088686,72.867919,11,VABB,270.0,5.1,10000.0,5000.0,31.0,24.0,,0,1,0,0,0,2024-04-14 09:00:00
2024-04-14 10:00:00,19.088686,72.867919,11,VABB,270.0,3.6,10000.0,5000.0,31.0,24.0,,0,1,0,0,1,2024-04-14 10:00:00
2024-04-14 10:30:00,19.088686,72.867919,11,VABB,290.0,5.1,10000.0,5000.0,32.0,24.0,,0,1,0,0,0,2024-04-14 10:00:00
2024-04-14 11:00:00,19.088686,72.867919,11,VABB,270.0,4.1,10000.0,5000.0,31.0,24.0,,0,1,0,0,1,2024-04-14 11:00:00
2024-04-14 11:30:00,19.088686,72.867919,11,VABB,290.0,5.7,10000.0,4000.0,31.0,24.0,,0,1,0,0,0,2024-04-14 11:00:00
2024-04-14 12:00:00,19.088686,72.867919,11,VABB,360.0,4.1,,2000.0,30.4,24.4,1008.0,0,0,0,0,0,2024-04-14 12:00:00
2024-04-14 12:00:00,19.088686,72.867919,11,VABB,290.0,6.7,10000.0,4000.0,30.0,24.0,,0,1,0,0,0,2024-04-14 12:00:00
2024-04-14 12:30:00,19.088686,72.867919,11,VABB,310.0,5.7,10000.0,4000.0,30.0,25.0,,0,1,0,0,0,2024-04-14 12:00:00
2024-04-14 13:00:00,19.088686,72.867919,11,VABB,310.0,4.6,2000.0,4000.0,30.0,25.0,,0,1,0,0,0,2024-04-14 13:00:00
2024-04-14 13:30:00,19.088686,72.867919,11,VABB,310.0,4.1,2000.0,4000.0,29.0,25.0,,0,1,0,0,0,2024-04-14 13:00:00
2024-04-14 14:00:00,19.088686,72.867919,11,VABB,310.0,4.1,2000.0,3500.0,29.0,25.0,,1,0,0,0,0,2024-04-14 14:00:00
2024-04-14 14:30:00,19.088686,72.867919,11,VABB,300.0,3.6,2000.0,3500.0,29.0,25.0,,1,0,0,0,0,2024-04-14 14:00:00
2024-04-14 15:00:00,19.088686,72.867919,11,VABB,,0.0,,2000.0,28.4,24.4,1010.0,0,0,0,0,0,2024-04-14 15:00:00
2024-04-14 15:00:00,19.088686,72.867919,11,VABB,310.0,4.1,2000.0,3500.0,29.0,26.0,,1,0,0,0,0,2024-04-14 15:00:00
2024-04-14 15:30:00,19.088686,72.867919,11,VABB,320.0,3.1,2000.0,3500.0,29.0,26.0,,1,0,0,0,0,2024-04-14 15:00:00
2024-04-14 16:00:00,19.088686,72.867919,11,VABB,330.0,3.6,2000.0,3000.0,29.0,26.0,,1,0,0,0,0,2024-04-14 16:00:00
2024-04-14 16:30:00,19.088686,72.867919,11,VABB,330.0,2.6,2000.0,3000.0,29.0,26.0,,1,0,0,0,0,2024-04-14 16:00:00
2024-04-14 17:00:00,19.088686,72.867919,11,VABB,340.0,1.5,2000.0,3000.0,29.0,26.0,,1,0,0,0,0,2024-04-14 17:00:00
2024-04-14 17:30:00,19.088686,72.867919,11,VABB,330.0,2.1,2000.0,3000.0,29.0,26.0,,1,0,0,0,0,2024-04-14 17:00:00
2024-04-14 18:00:00,19.088686,72.867919,11,VABB,,0.0,22000.0,2000.0,27.7,24.6,1011.0,0,0,0,0,0,2024-04-14 18:00:00
2024-04-14 18:00:00,19.088686,72.867919,11,VABB,350.0,2.6,2000.0,2500.0,28.0,26.0,,1,0,0,0,0,2024-04-14 18:00:00
2024-04-14 18:30:00,19.088686,72.867919,11,VABB,340.0,3.6,2000.0,2500.0,29.0,26.0,,1,0,0,0,0,2024-04-14 18:00:00
2024-04-14 19:00:00,19.088686,72.867919,11,VABB,350.0,3.6,22000.0,2500.0,28.0,26.0,,1,0,0,0,0,2024-04-14 19:00:00
2024-04-14 19:30:00,19.088686,72.867919,11,VABB,340.0,3.1,22000.0,2500.0,28.0,26.0,,1,0,0,0,0,2024-04-14 19:00:00
2024-04-14 20:00:00,19.088686,72.867919,11,VABB,340.0,4.6,22000.0,2500.0,28.0,26.0,,1,0,0,0,0,2024-04-14 20:00:00
2024-04-14 20:30:00,19.088686,72.867919,11,VABB,330.0,4.6,22000.0,2500.0,28.0,26.0,,1,0,0,0,0,2024-04-14 20:00:00
2024-04-14 21:00:00,19.088686,72.867919,11,VABB,,0.0,22000.0,2000.0,27.6,24.7,1009.9,0,0,0,0,0,2024-04-14 21:00:00
2024-04-14 21:00:00,19.088686,72.867919,11,VABB,330.0,2.6,22000.0,2500.0,28.0,26.0,,1,0,0,0,0,2024-04-14 21:00:00
2024-04-14 21:30:00,19.088686,72.867919,11,VABB,340.0,4.6,22000.0,2500.0,28.0,25.0,,1,0,0,0,0,2024-04-14 21:00:00
2024-04-14 22:00:00,19.088686,72.867919,11,VABB,340.0,2.1,22000.0,2500.0,28.0,25.0,,1,0,0,0,0,2024-04-14 22:00:00
2024-04-14 22:30:00,19.088686,72.867919,11,VABB,40.0,2.1,22000.0,2500.0,28.0,25.0,,1,0,0,0,0,2024-04-14 22:00:00
2024-04-14 23:00:00,19.088686,72.867919,11,VABB,110.0,1.5,22000.0,2500.0,28.0,25.0,,1,0,0,0,0,2024-04-14 23:00:00
2024-04-14 23:30:00,19.088686,72.867919,11,VABB,60.0,2.1,22000.0,2500.0,28.0,25.0,,1,0,0,0,0,2024-04-14 23:00:00
2024-04-15 00:00:00,19.088686,72.867919,11,VABB,,0.0,,2000.0,26.6,23.7,1009.8,0,0,0,0,0,2024-04-15 00:00:00
2024-04-15 00:00:00,19.088686,72.867919,11,VABB,110.0,3.1,22000.0,2500.0,28.0,25.0,,1,0,0,0,0,2024-04-15 00:00:00
2024-04-15 00:30:00,19.088686,72.867919,11,VABB,80.0,1.5,22000.0,2500.0,28.0,25.0,,1,0,0,0,0,2024-04-15 00:00:00
2024-04-15 01:00:00,19.088686,72.867919,11,VABB,150.0,1.5,22000.0,2500.0,28.0,25.0,,1,0,0,0,0,2024-04-15 01:00:00
2024-04-15 01:30:00,19.088686,72.867919,11,VABB,140.0,2.1,22000.0,2200.0,28.0,25.0,,1,0,0,0,0,2024-04-15 01:00:00
2024-04-15 02:00:00,19.088686,72.867919,11,VABB,40.0,2.6,22000.0,2200.0,29.0,25.0,,1,0,0,0,0,2024-04-15 02:00:00
2024-04-15 02:30:00,19.088686,72.867919,11,VABB,0.0,0.0,22000.0,2200.0,29.0,25.0,,0,1,0,0,0,2024-04-15 02:00:00
2024-04-15 03:00:00,19.088686,72.867919,11,VABB,,0.0,,2000.0,29.0,23.8,1011.6,0,0,0,0,0,2024-04-15 03:00:00
2024-04-15 03:00:00,19.088686,72.867919,11,VABB,210.0,1.5,22000.0,2200.0,30.0,24.0,,0,1,0,0,0,2024-04-15 03:00:00
2024-04-15 03:30:00,19.088686,72.867919,11,VABB,330.0,2.6,22000.0,2200.0,31.0,24.0,,0,1,0,0,0,2024-04-15 03:00:00
2024-04-15 04:00:00,19.088686,72.867919,11,VABB,110.0,2.1,22000.0,2500.0,32.0,23.0,,0,1,0,0,0,2024-04-15 04:00:00
2024-04-15 04:30:00,19.088686,72.867919,11,VABB,40.0,3.6,22000.0,2500.0,33.0,23.0,,0,1,0,0,0,2024-04-15 04:00:00
2024-04-15 05:00:00,19.088686,72.867919,11,VABB,40.0,4.1,22000.0,2500.0,35.0,22.0,,0,1,0,0,0,2024-04-15 05:00:00
2024-04-15 05:30:00,19.088686,72.867919,11,VABB,70.0,2.1,22000.0,3000.0,36.0,22.0,,0,1,0,0,0,2024-04-15 05:00:00
2024-04-15 06:00:00,19.088686,72.867919,11,VABB,,0.0,,2000.0,37.4,22.8,1010.6,0,0,0,0,0,2024-04-15 06:00:00
2024-04-15 06:00:00,19.088686,72.867919,11,VABB,90.0,2.1,22000.0,3000.0,37.0,21.0,,0,1,0,0,0,2024-04-15 06:00:00
2024-04-15 06:30:00,19.088686,72.867919,11,VABB,350.0,1.5,22000.0,3000.0,37.0,20.0,,0,1,0,0,0,2024-04-15 06:00:00
2024-04-15 07:00:00,19.088686,72.867919,11,VABB,250.0,4.6,22000.0,3500.0,37.0,24.0,,0,1,0,0,0,2024-04-15 07:00:00
2024-04-15 07:30:00,19.088686,72.867919,11,VABB,260.0,5.7,22000.0,3500.0,36.0,24.0,,0,1,0,0,0,2024-04-15 07:00:00
2024-04-15 08:00:00,19.088686,72.867919,11,VABB,270.0,5.7,22000.0,4000.0,36.0,24.0,,0,1,0,0,0,2024-04-15 08:00:00
2024-04-15 08:30:00,19.088686,72.867919,11,VABB,260.0,6.2,22000.0,3500.0,35.0,26.0,,0,1,0,0,0,2024-04-15 08:00:00
2024-04-15 09:00:00,19.088686,72.867919,11,VABB,320.0,4.6,,2000.0,36.4,25.5,1007.9,0,0,0,0,0,2024-04-15 09:00:00
2024-04-15 09:00:00,19.088686,72.867919,11,VABB,280.0,5.7,22000.0,3500.0,35.0,25.0,,0,0,0,0,0,2024-04-15 09:00:00
2024-04-15 09:30:00,19.088686,72.867919,11,VABB,270.0,5.1,22000.0,3500.0,34.0,24.0,,0,0,0,0,0,2024-04-15 09:00:00
2024-04-15 10:00:00,19.088686,72.867919,11,VABB,280.0,5.1,22000.0,3500.0,35.0,25.0,,0,0,0,0,0,2024-04-15 10:00:00
2024-04-15 10:30:00,19.088686,72.867919,11,VABB,250.0,5.7,2000.0,3500.0,36.0,25.0,,0,0,0,0,0,2024-04-15 10:00:00
2024-04-15 11:00:00,19.088686,72.867919,11,VABB,310.0,4.6,2000.0,3000.0,34.0,25.0,,0,0,0,0,0,2024-04-15 11:00:00
2024-04-15 11:30:00,19.088686,72.867919,11,VABB,320.0,3.1,2000.0,3000.0,35.0,25.0,,0,0,0,0,0,2024-04-15 11:00:00
2024-04-15 12:00:00,19.088686,72.867919,11,VABB,320.0,3.1,22000.0,2000.0,35.0,24.5,1006.5,0,0,0,0,0,2024-04-15 12:00:00
2024-04-15 12:00:00,19.088686,72.867919,11,VABB,310.0,5.7,2000.0,3000.0,35.0,24.0,,0,0,0,0,0,2024-04-15 12:00:00
2024-04-15 12:30:00,19.088686,72.867919,11,VABB,310.0,5.7,2000.0,3000.0,34.0,23.0,,0,0,0,0,0,2024-04-15 12:00:00
2024-04-15 13:00:00,19.088686,72.867919,11,VABB,310.0,3.6,2000.0,3000.0,34.0,24.0,,0,0,0,0,0,2024-04-15 13:00:00
2024-04-15 13:30:00,19.088686,72.867919,11,VABB,330.0,3.6,2000.0,3000.0,34.0,23.0,,0,0,0,0,0,2024-04-15 13:00:00
2024-04-15 14:00:00,19.088686,72.867919,11,VABB,330.0,3.6,2000.0,3000.0,34.0,23.0,,0,0,0,0,0,2024-04-15 14:00:00
2024-04-15 14:30:00,19.088686,72.867919,11,VABB,20.0,2.6,2000.0,3000.0,34.0,22.0,,0,0,0,0,0,2024-04-15 14:00:00
2024-04-15 15:00:00,19.088686,72.867919,11,VABB,,0.0,3000.0,2000.0,32.8,23.6,1009.5,0,0,0,0,0,2024-04-15 15:00:00
2024-04-15 15:00:00,19.088686,72.867919,11,VABB,0.0,0.0,2000.0,3000.0,34.0,22.0,,0,0,0,0,0,2024-04-15 15:00:00
2024-04-15 15:30:00,19.088686,72.867919,11,VABB,160.0,2.6,3048.0,3000.0,34.0,23.0,,0,0,0,0,0,2024-04-15 15:00:00
2024-04-15 16:00:00,19.088686,72.867919,11,VABB,190.0,2.1,3048.0,3000.0,33.0,23.0,,0,0,0,0,0,2024-04-15 16:00:00
2024-04-15 16:30:00,19.088686,72.867919,11,VABB,210.0,2.1,3048.0,3000.0,33.0,24.0,,0,0,0,0,0,2024-04-15 16:00:00
2024-04-15 17:00:00,19.088686,72.867919,11,VABB,100.0,3.1,2000.0,3000.0,33.0,24.0,,0,0,0,0,0,2024-04-15 17:00:00
2024-04-15 17:30:00,19.088686,72.867919,11,VABB,180.0,2.1,2000.0,3000.0,33.0,24.0,,0,0,0,0,0,2024-04-15 17:00:00
2024-04-15 18:00:00,19.088686,72.867919,11,VABB,,0.0,,2000.0,31.2,24.7,1009.9,0,0,0,0,0,2024-04-15 18:00:00
2024-04-15 18:00:00,19.088686,72.867919,11,VABB,280.0,3.6,2000.0,3000.0,33.0,25.0,,0,1,0,0,0,2024-04-15 18:00:00
2024-04-15 18:30:00,19.088686,72.867919,11,VABB,270.0,5.1,22000.0,3000.0,31.0,28.0,,0,1,0,0,0,2024-04-15 18:00:00
2024-04-15 19:00:00,19.088686,72.867919,11,VABB,280.0,3.6,22000.0,3000.0,30.0,27.0,,0,1,0,0,0,2024-04-15 19:00:00
2024-04-15 19:30:00,19.088686,72.867919,11,VABB,280.0,3.6,22000.0,3000.0,31.0,27.0,,0,1,0,0,0,2024-04-15 19:00:00
2024-04-15 20:00:00,19.088686,72.867919,11,VABB,320.0,2.6,22000.0,3000.0,30.0,26.0,,0,1,0,0,0,2024-04-15 20:00:00
2024-04-15 20:30:00,19.088686,72.867919,11,VABB,350.0,3.1,22000.0,3000.0,31.0,26.0,,0,1,0,0,0,2024-04-15 20:00:00
2024-04-15 21:00:00,19.088686,72.867919,11,VABB,340.0,4.1,22000.0,3000.0,31.0,25.0,,0,1,0,0,0,2024-04-15 21:00:00
2024-04-15 21:30:00,19.088686,72.867919,11,VABB,350.0,3.1,22000.0,3000.0,31.0,25.0,,0,1,0,0,0,2024-04-15 21:00:00
2024-04-15 22:00:00,19.088686,72.867919,11,VABB,360.0,2.6,22000.0,3000.0,31.0,25.0,,0,1,0,0,0,2024-04-15 22:00:00
2024-04-15 22:30:00,19.088686,72.867919,11,VABB,310.0,1.5,22000.0,3000.0,31.0,25.0,,0,1,0,0,0,2024-04-15 22:00:00
2024-04-15 23:00:00,19.088686,72.867919,11,VABB,360.0,1.5,22000.0,3000.0,31.0,24.0,,0,1,0,0,0,2024-04-15 23:00:00
2024-04-15 23:30:00,19.088686,72.867919,11,VABB,320.0,2.6,22000.0,3000.0,31.0,24.0,,0,1,0,0,0,2024-04-15 23:00:00
2024-04-16 01:30:00,19.088686,72.867919,11,VABB,350.0,2.6,2000.0,3000.0,31.0,24.0,,0,1,0,0,0,2024-04-16 01:00:00
2024-04-16 02:30:00,19.088686,72.867919,11,VABB,30.0,1.5,2000.0,2500.0,32.0,24.0,,0,1,0,0,0,2024-04-16 02:00:00
2024-04-16 03:00:00,19.088686,72.867919,11,VABB,30.0,1.5,2000.0,2500.0,33.0,23.0,,0,1,0,0,0,2024-04-16 03:00:00
2024-04-16 03:30:00,19.088686,72.867919,11,VABB,0.0,0.0,2000.0,2500.0,33.0,22.0,,0,0,0,0,0,2024-04-16 03:00:00
2024-04-16 04:00:00,19.088686,72.867919,11,VABB,350.0,1.5,2000.0,2500.0,34.0,21.0,,0,0,0,0,0,2024-04-16 04:00:00
2024-04-16 04:30:00,19.088686,72.867919,11,VABB,310.0,2.1,2000.0,2500.0,36.0,21.0,,0,0,0,0,0,2024-04-16 04:00:00
2024-04-16 05:00:00,19.088686,72.867919,11,VABB,280.0,3.1,2000.0,2500.0,36.0,22.0,,0,0,0,0,0,2024-04-16 05:00:00
2024-04-16 05:30:00,19.088686,72.867919,11,VABB,290.0,2.1,2000.0,3000.0,37.0,21.0,,0,0,0,0,0,2024-04-16 05:00:00
2024-04-16 06:00:00,19.088686,72.867919,11,VABB,330.0,2.1,2000.0,3000.0,38.0,20.0,,0,0,0,0,0,2024-04-16 06:00:00
2024-04-16 06:30:00,19.088686,72.867919,11,VABB,30.0,3.6,2000.0,3000.0,40.0,17.0,,0,0,0,0,0,2024-04-16 06:00:00
2024-04-16 07:00:00,19.088686,72.867919,11,VABB,260.0,5.1,2000.0,3000.0,38.0,23.0,,0,0,0,0,0,2024-04-16 07:00:00
2024-04-16 07:30:00,19.088686,72.867919,11,VABB,290.0,4.1,2000.0,3000.0,39.0,22.0,,0,0,0,0,0,2024-04-16 07:00:00
2024-04-16 08:00:00,19.088686,72.867919,11,VABB,280.0,6.2,10000.0,3000.0,38.0,20.0,,0,0,0,0,0,2024-04-16 08:00:00
2024-04-16 08:30:00,19.088686,72.867919,11,VABB,280.0,6.2,10000.0,3500.0,39.0,19.0,,0,0,0,0,0,2024-04-16 08:00:00
2024-04-16 09:00:00,19.088686,72.867919,11,VABB,290.0,5.7,10000.0,3500.0,38.0,22.0,,0,0,0,0,0,2024-04-16 09:00:00
2024-04-16 09:30:00,19.088686,72.867919,11,VABB,290.0,4.6,22000.0,3500.0,37.0,22.0,,0,0,0,0,0,2024-04-16 09:00:00
2024-04-16 10:00:00,19.088686,72.867919,11,VABB,300.0,5.1,22000.0,3500.0,38.0,20.0,,0,0,0,0,0,2024-04-16 10:00:00
2024-04-16 10:30:00,19.088686,72.867919,11,VABB,310.0,5.7,22000.0,4000.0,37.0,19.0,,0,0,0,0,0,2024-04-16 10:00:00
2024-04-16 11:00:00,19.088686,72.867919,11,VABB,300.0,4.6,22000.0,4000.0,38.0,19.0,,0,0,0,0,0,2024-04-16 11:00:00
2024-04-16 11:30:00,19.088686,72.867919,11,VABB,300.0,3.6,22000.0,4000.0,38.0,19.0,,0,0,0,0,0,2024-04-16 11:00:00
2024-04-16 12:00:00,19.088686,72.867919,11,VABB,290.0,5.1,22000.0,4000.0,37.0,19.0,,0,0,0,0,0,2024-04-16 12:00:00
2024-04-16 12:30:00,19.088686,72.867919,11,VABB,290.0,3.6,22000.0,4000.0,36.0,20.0,,0,0,0,0,0,2024-04-16 12:00:00
2024-04-16 13:00:00,19.088686,72.867919,11,VABB,310.0,2.6,22000.0,4000.0,36.0,21.0,,0,0,0,0,0,2024-04-16 13:00:00
2024-04-16 13:30:00,19.088686,72.867919,11,VABB,310.0,1.5,22000.0,3500.0,35.0,21.0,,0,0,0,0,0,2024-04-16 13:00:00
2024-04-16 14:00:00,19.088686,72.867919,11,VABB,270.0,2.1,22000.0,3000.0,35.0,22.0,,0,0,0,0,0,2024-04-16 14:00:00
2024-04-16 14:30:00,19.088686,72.867919,11,VABB,260.0,2.1,22000.0,3000.0,34.0,22.0,,0,0,0,0,0,2024-04-16 14:00:00
2024-04-16 15:00:00,19.088686,72.867919,11,VABB,170.0,2.6,22000.0,3000.0,35.0,22.0,,0,0,0,0,0,2024-04-16 15:00:00
2024-04-16 15:30:00,19.088686,72.867919,11,VABB,170.0,2.1,22000.0,3000.0,34.0,24.0,,0,0,0,0,0,2024-04-16 15:00:00
2024-04-16 16:00:00,19.088686,72.867919,11,VABB,170.0,1.5,22000.0,2500.0,33.0,24.0,,0,0,0,0,0,2024-04-16 16:00:00
2024-04-16 16:30:00,19.088686,72.867919,11,VABB,170.0,2.1,22000.0,2500.0,33.0,25.0,,0,0,0,0,0,2024-04-16 16:00:00
2024-04-16 17:00:00,19.088686,72.867919,11,VABB,170.0,3.1,22000.0,2500.0,33.0,25.0,,0,1,0,0,0,2024-04-16 17:00:00
2024-04-16 17:30:00,19.088686,72.867919,11,VABB,190.0,2.1,22000.0,2500.0,32.0,27.0,,0,1,0,0,0,2024-04-16 17:00:00
2024-04-16 18:00:00,19.088686,72.867919,11,VABB,150.0,3.1,22000.0,2500.0,31.0,27.0,,0,1,0,0,0,2024-04-16 18:00:00
2024-04-16 18:30:00,19.088686,72.867919,11,VABB,180.0,3.1,22000.0,2500.0,31.0,26.0,,0,1,0,0,0,2024-04-16 18:00:00
2024-04-16 19:00:00,19.088686,72.867919,11,VABB,220.0,3.6,22000.0,2500.0,31.0,26.0,,0,1,0,0,0,2024-04-16 19:00:00
2024-04-16 19:30:00,19.088686,72.867919,11,VABB,240.0,3.1,22000.0,2500.0,31.0,28.0,,1,0,0,0,0,2024-04-16 19:00:00
2024-04-16 20:00:00,19.088686,72.867919,11,VABB,240.0,4.1,22000.0,2500.0,30.0,27.0,,1,0,0,0,0,2024-04-16 20:00:00
2024-04-16 20:30:00,19.088686,72.867919,11,VABB,230.0,2.6,22000.0,2500.0,30.0,26.0,,1,0,0,0,0,2024-04-16 20:00:00
2024-04-16 21:00:00,19.088686,72.867919,11,VABB,230.0,3.1,22000.0,2500.0,30.0,26.0,,1,0,0,0,0,2024-04-16 21:00:00
2024-04-16 21:30:00,19.088686,72.867919,11,VABB,230.0,2.1,22000.0,2500.0,30.0,26.0,,1,0,0,0,0,2024-04-16 21:00:00
2024-04-16 22:00:00,19.088686,72.867919,11,VABB,190.0,2.1,22000.0,2500.0,30.0,26.0,,0,1,0,0,0,2024-04-16 22:00:00
2024-04-16 22:30:00,19.088686,72.867919,11,VABB,200.0,2.1,22000.0,2500.0,30.0,26.0,,0,1,0,0,0,2024-04-16 22:00:00
2024-04-16 23:00:00,19.088686,72.867919,11,VABB,190.0,4.6,22000.0,2500.0,30.0,26.0,,0,1,0,0,0,2024-04-16 23:00:00
2024-04-16 23:30:00,19.088686,72.867919,11,VABB,200.0,1.5,22000.0,2500.0,30.0,26.0,,0,1,0,0,0,2024-04-16 23:00:00
2024-04-17 00:30:00,19.088686,72.867919,11,VABB,200.0,2.6,10000.0,2500.0,30.0,26.0,,0,1,0,0,0,2024-04-17 00:00:00
2024-04-17 01:00:00,19.088686,72.867919,11,VABB,0.0,0.0,3048.0,2500.0,30.0,27.0,,0,1,0,0,0,2024-04-17 01:00:00
2024-04-17 01:30:00,19.088686,72.867919,11,VABB,220.0,2.1,3048.0,3000.0,30.0,27.0,,0,1,0,0,0,2024-04-17 01:00:00
2024-04-17 02:00:00,19.088686,72.867919,11,VABB,180.0,2.1,3048.0,3000.0,30.0,27.0,,0,1,0,0,0,2024-04-17 02:00:00
2024-04-17 02:30:00,19.088686,72.867919,11,VABB,160.0,2.1,3048.0,2500.0,30.0,28.0,,1,0,0,0,0,2024-04-17 02:00:00
2024-04-17 03:00:00,19.088686,72.867919,11,VABB,210.0,3.6,3048.0,2500.0,31.0,28.0,,1,0,0,0,0,2024-04-17 03:00:00
2024-04-17 03:30:00,19.088686,72.867919,11,VABB,170.0,3.1,3048.0,2500.0,32.0,26.0,,1,0,0,0,0,2024-04-17 03:00:00
2024-04-17 04:00:00,19.088686,72.867919,11,VABB,170.0,3.1,2000.0,2500.0,33.0,26.0,,0,1,0,0,0,2024-04-17 04:00:00
2024-04-17 04:30:00,19.088686,72.867919,11,VABB,170.0,5.7,2000.0,2500.0,32.0,28.0,,0,1,0,0,0,2024-04-17 04:00:00
2024-04-17 05:00:00,19.088686,72.867919,11,VABB,180.0,5.7,2000.0,2500.0,33.0,27.0,,0,1,0,0,0,2024-04-17 05:00:00
2024-04-17 13:00:00,19.088686,72.867919,11,VABB,240.0,4.1,2000.0,3500.0,31.0,27.0,,0,1,0,0,0,2024-04-17 13:00:00
2024-04-17 13:30:00,19.088686,72.867919,11,VABB,240.0,3.1,2000.0,3000.0,31.0,27.0,,0,1,0,0,0,2024-04-17 13:00:00
2024-04-17 14:00:00,19.088686,72.867919,11,VABB,210.0,3.6,10000.0,3000.0,30.0,27.0,,0,1,0,0,0,2024-04-17 14:00:00
2024-04-17 14:30:00,19.088686,72.867919,11,VABB,220.0,2.6,10000.0,3000.0,30.0,27.0,,0,1,0,0,0,2024-04-17 14:00:00
2024-04-17 15:00:00,19.088686,72.867919,11,VABB,230.0,2.6,22000.0,3000.0,30.0,27.0,,0,1,0,0,0,2024-04-17 15:00:00
2024-04-17 15:30:00,19.088686,72.867919,11,VABB,250.0,2.6,22000.0,2500.0,30.0,27.0,,0,1,0,0,0,2024-04-17 15:00:00
2024-04-17 16:00:00,19.088686,72.867919,11,VABB,240.0,3.1,22000.0,2500.0,30.0,27.0,,0,1,0,0,0,2024-04-17 16:00:00
2024-04-17 16:30:00,19.088686,72.867919,11,VABB,240.0,2.1,22000.0,2500.0,30.0,27.0,,0,1,0,0,0,2024-04-17 16:00:00
2024-04-17 17:00:00,19.088686,72.867919,11,VABB,240.0,2.6,22000.0,2500.0,30.0,27.0,,0,1,0,0,0,2024-04-17 17:00:00
2024-04-17 17:30:00,19.088686,72.867919,11,VABB,230.0,2.6,22000.0,2500.0,30.0,27.0,,0,1,0,0,0,2024-04-17 17:00:00
2024-04-17 18:00:00,19.088686,72.867919,11,VABB,210.0,2.1,22000.0,2500.0,30.0,27.0,,0,1,0,0,0,2024-04-17 18:00:00
2024-04-17 18:30:00,19.088686,72.867919,11,VABB,210.0,2.6,2000.0,2500.0,30.0,27.0,,1,0,0,0,0,2024-04-17 18:00:00
2024-04-17 19:00:00,19.088686,72.867919,11,VABB,210.0,2.1,2000.0,2500.0,30.0,27.0,,1,0,0,0,0,2024-04-17 19:00:00
2024-04-17 19:30:00,19.088686,72.867919,11,VABB,240.0,2.1,2000.0,2500.0,30.0,27.0,,1,0,0,0,0,2024-04-17 19:00:00
2024-04-17 20:00:00,19.088686,72.867919,11,VABB,210.0,1.5,2000.0,2500.0,30.0,28.0,,1,0,0,0,0,2024-04-17 20:00:00
2024-04-17 20:30:00,19.088686,72.867919,11,VABB,250.0,1.5,2000.0,2500.0,30.0,28.0,,1,0,0,0,0,2024-04-17 20:00:00
2024-04-17 21:00:00,19.088686,72.867919,11,VABB,180.0,1.5,2000.0,2500.0,30.0,28.0,,1,0,0,0,0,2024-04-17 21:00:00
2024-04-17 21:30:00,19.088686,72.867919,11,VABB,290.0,3.6,2000.0,2200.0,30.0,28.0,,1,0,0,0,0,2024-04-17 21:00:00
2024-04-17 22:00:00,19.088686,72.867919,11,VABB,250.0,2.1,3048.0,2200.0,29.0,28.0,,1,0,0,0,0,2024-04-17 22:00:00
2024-04-17 22:30:00,19.088686,72.867919,11,VABB,0.0,0.0,3048.0,2200.0,29.0,28.0,,1,0,0,0,0,2024-04-17 22:00:00
2024-04-17 23:00:00,19.088686,72.867919,11,VABB,220.0,2.1,3048.0,2200.0,29.0,28.0,,1,0,0,0,0,2024-04-17 23:00:00
2024-04-17 23:30:00,19.088686,72.867919,11,VABB,230.0,1.5,3048.0,2200.0,29.0,28.0,,1,0,0,0,0,2024-04-17 23:00:00
2024-04-18 00:00:00,19.088686,72.867919,11,VABB,110.0,2.1,3048.0,2200.0,29.0,28.0,,1,0,0,0,0,2024-04-18 00:00:00
2024-04-18 00:30:00,19.088686,72.867919,11,VABB,0.0,0.0,3048.0,2200.0,29.0,28.0,,1,0,0,0,0,2024-04-18 00:00:00
2024-04-18 01:00:00,19.088686,72.867919,11,VABB,0.0,0.0,3048.0,1600.0,29.0,28.0,,1,0,0,0,0,2024-04-18 01:00:00
2024-04-18 01:30:00,19.088686,72.867919,11,VABB,150.0,2.1,3048.0,1600.0,30.0,28.0,,1,0,0,0,0,2024-04-18 01:00:00
2024-04-18 02:00:00,19.088686,72.867919,11,VABB,0.0,0.0,3048.0,1600.0,30.0,28.0,,0,1,0,0,0,2024-04-18 02:00:00
2024-04-18 02:30:00,19.088686,72.867919,11,VABB,240.0,2.1,22000.0,1600.0,30.0,28.0,,0,1,0,0,0,2024-04-18 02:00:00
2024-04-18 03:00:00,19.088686,72.867919,11,VABB,230.0,2.1,10000.0,1600.0,31.0,28.0,,0,1,0,0,0,2024-04-18 03:00:00
2024-04-18 03:30:00,19.088686,72.867919,11,VABB,220.0,2.6,22000.0,1600.0,32.0,27.0,,0,1,0,0,0,2024-04-18 03:00:00
2024-04-18 04:00:00,19.088686,72.867919,11,VABB,300.0,2.1,22000.0,1600.0,33.0,28.0,,0,1,0,0,0,2024-04-18 04:00:00
2024-04-18 04:30:00,19.088686,72.867919,11,VABB,240.0,4.1,22000.0,2000.0,33.0,28.0,,0,1,0,0,0,2024-04-18 04:00:00
2024-04-18 05:00:00,19.088686,72.867919,11,VABB,260.0,5.1,22000.0,2000.0,32.0,28.0,,0,1,0,0,0,2024-04-18 05:00:00
2024-04-18 05:30:00,19.088686,72.867919,11,VABB,270.0,5.7,22000.0,2200.0,32.0,28.0,,0,1,0,0,0,2024-04-18 05:00:00
2024-04-18 06:00:00,19.088686,72.867919,11,VABB,270.0,6.2,22000.0,2500.0,32.0,27.0,,0,1,0,0,0,2024-04-18 06:00:00
2024-04-18 06:30:00,19.088686,72.867919,11,VABB,270.0,4.6,22000.0,2500.0,32.0,25.0,,0,1,0,0,0,2024-04-18 06:00:00
2024-04-18 07:00:00,19.088686,72.867919,11,VABB,260.0,5.7,22000.0,3000.0,33.0,26.0,,0,1,0,0,0,2024-04-18 07:00:00
2024-04-18 07:30:00,19.088686,72.867919,11,VABB,270.0,6.2,22000.0,3000.0,33.0,26.0,,0,1,0,0,0,2024-04-18 07:00:00
2024-04-18 08:00:00,19.088686,72.867919,11,VABB,270.0,4.1,22000.0,3500.0,33.0,25.0,,0,1,0,0,1,2024-04-18 08:00:00
2024-04-18 08:30:00,19.088686,72.867919,11,VABB,250.0,6.2,22000.0,3500.0,32.0,24.0,,0,1,0,0,0,2024-04-18 08:00:00
2024-04-18 10:00:00,19.088686,72.867919,11,VABB,250.0,6.2,10000.0,4000.0,32.0,24.0,,0,1,0,0,0,2024-04-18 10:00:00
2024-04-18 10:30:00,19.088686,72.867919,11,VABB,300.0,5.1,10000.0,4000.0,33.0,23.0,,0,0,0,0,0,2024-04-18 10:00:00
2024-04-18 11:00:00,19.088686,72.867919,11,VABB,310.0,5.1,10000.0,4000.0,33.0,24.0,,0,0,0,0,0,2024-04-18 11:00:00
2024-04-18 12:30:00,19.088686,72.867919,11,VABB,320.0,3.1,10000.0,4000.0,33.0,21.0,,0,0,0,0,0,2024-04-18 12:00:00
2024-04-18 13:00:00,19.088686,72.867919,11,VABB,290.0,4.6,10000.0,3500.0,32.0,22.0,,0,0,0,0,0,2024-04-18 13:00:00
2024-04-18 13:30:00,19.088686,72.867919,11,VABB,300.0,2.6,10000.0,3500.0,32.0,22.0,,0,0,0,0,0,2024-04-18 13:00:00
2024-04-18 14:00:00,19.088686,72.867919,11,VABB,290.0,2.6,10000.0,3000.0,32.0,21.0,,0,0,0,0,0,2024-04-18 14:00:00
2024-04-18 14:30:00,19.088686,72.867919,11,VABB,300.0,2.1,10000.0,3000.0,32.0,21.0,,0,0,0,0,0,2024-04-18 14:00:00
2024-04-18 15:00:00,19.088686,72.867919,11,VABB,270.0,2.1,10000.0,3000.0,31.0,21.0,,0,0,0,0,0,2024-04-18 15:00:00
2024-04-18 15:30:00,19.088686,72.867919,11,VABB,230.0,3.1,10000.0,3000.0,31.0,22.0,,0,0,0,0,0,2024-04-18 15:00:00
2024-04-18 16:00:00,19.088686,72.867919,11,VABB,280.0,2.6,10000.0,3000.0,31.0,23.0,,0,0,0,0,0,2024-04-18 16:00:00
2024-04-18 16:30:00,19.088686,72.867919,11,VABB,300.0,3.1,10000.0,3000.0,31.0,23.0,,0,0,0,0,0,2024-04-18 16:00:00
2024-04-18 17:00:00,19.088686,72.867919,11,VABB,310.0,2.6,10000.0,3000.0,30.0,23.0,,0,1,0,0,0,2024-04-18 17:00:00
2024-04-19 00:00:00,19.088686,72.867919,11,VABB,,0.0,,2000.0,29.2,23.7,1006.8,0,0,0,0,0,2024-04-19 00:00:00
2024-04-19 00:30:00,19.088686,72.867919,11,VABB,0.0,0.0,2000.0,2500.0,29.0,22.0,,0,1,0,0,0,2024-04-19 00:00:00
2024-04-19 01:00:00,19.088686,72.867919,11,VABB,0.0,0.0,2000.0,2500.0,29.0,22.0,,0,1,0,0,0,2024-04-19 01:00:00
2024-04-19 01:30:00,19.088686,72.867919,11,VABB,230.0,1.5,2000.0,2500.0,29.0,22.0,,0,1,0,0,0,2024-04-19 01:00:00
2024-04-19 02:00:00,19.088686,72.867919,11,VABB,0.0,0.0,2000.0,3000.0,30.0,23.0,,0,1,0,0,0,2024-04-19 02:00:00
2024-04-19 02:30:00,19.088686,72.867919,11,VABB,230.0,1.5,2000.0,3000.0,30.0,23.0,,0,1,0,0,0,2024-04-19 02:00:00
2024-04-19 03:00:00,19.088686,72.867919,11,VABB,,0.0,22000.0,2000.0,30.8,24.5,1007.9,0,0,0,0,0,2024-04-19 03:00:00
2024-04-19 03:00:00,19.088686,72.867919,11,VABB,0.0,0.0,2000.0,3000.0,31.0,23.0,,0,1,0,0,0,2024-04-19 03:00:00
2024-04-19 03:30:00,19.088686,72.867919,11,VABB,0.0,0.0,2000.0,3000.0,31.0,23.0,,0,1,0,0,0,2024-04-19 03:00:00
2024-04-19 04:00:00,19.088686,72.867919,11,VABB,130.0,2.6,2000.0,3000.0,32.0,23.0,,0,1,0,0,0,2024-04-19 04:00:00
2024-04-19 04:30:00,19.088686,72.867919,11,VABB,280.0,2.6,22000.0,3000.0,33.0,24.0,,0,0,0,0,0,2024-04-19 04:00:00
2024-04-19 05:00:00,19.088686,72.867919,11,VABB,260.0,3.6,22000.0,3000.0,32.0,24.0,,0,0,0,0,0,2024-04-19 05:00:00
2024-04-19 05:30:00,19.088686,72.867919,11,VABB,250.0,5.1,22000.0,3000.0,33.0,24.0,,0,0,0,0,0,2024-04-19 05:00:00
2024-04-19 06:00:00,19.088686,72.867919,11,VABB,320.0,2.6,,2000.0,32.8,24.9,1008.4,0,0,0,0,0,2024-04-19 06:00:00
2024-04-19 06:00:00,19.088686,72.867919,11,VABB,280.0,6.2,10000.0,3500.0,32.0,24.0,,0,0,0,0,0,2024-04-19 06:00:00
2024-04-19 06:30:00,19.088686,72.867919,11,VABB,250.0,5.7,10000.0,3500.0,32.0,24.0,,0,1,0,0,0,2024-04-19 06:00:00
2024-04-19 07:00:00,19.088686,72.867919,11,VABB,260.0,5.7,10000.0,3500.0,32.0,24.0,,0,1,0,0,0,2024-04-19 07:00:00
2024-04-19 07:30:00,19.088686,72.867919,11,VABB,260.0,5.7,10000.0,3500.0,32.0,24.0,,0,1,0,0,0,2024-04-19 07:00:00
2024-04-19 08:00:00,19.088686,72.867919,11,VABB,250.0,6.7,10000.0,4000.0,32.0,24.0,,0,1,0,0,0,2024-04-19 08:00:00
2024-04-19 08:30:00,19.088686,72.867919,11,VABB,270.0,6.7,22000.0,4000.0,32.0,23.0,,0,1,0,0,0,2024-04-19 08:00:00
2024-04-19 09:00:00,19.088686,72.867919,11,VABB,340.0,2.1,,2000.0,33.6,24.9,1005.8,0,0,0,0,0,2024-04-19 09:00:00
2024-04-19 09:00:00,19.088686,72.867919,11,VABB,290.0,6.2,22000.0,4000.0,32.0,23.0,,0,0,0,0,0,2024-04-19 09:00:00
2024-04-19 09:30:00,19.088686,72.867919,11,VABB,270.0,3.6,22000.0,4000.0,33.0,24.0,,0,0,0,0,1,2024-04-19 09:00:00
2024-04-19 10:00:00,19.088686,72.867919,11,VABB,290.0,5.7,22000.0,4000.0,33.0,23.0,,0,0,0,0,0,2024-04-19 10:00:00
2024-04-19 10:30:00,19.088686,72.867919,11,VABB,290.0,6.2,22000.0,4000.0,33.0,23.0,,0,0,0,0,0,2024-04-19 10:00:00
2024-04-19 11:00:00,19.088686,72.867919,11,VABB,290.0,6.2,22000.0,4000.0,33.0,21.0,,0,0,0,0,0,2024-04-19 11:00:00
2024-04-19 11:30:00,19.088686,72.867919,11,VABB,290.0,5.1,22000.0,4000.0,33.0,22.0,,0,0,0,0,0,2024-04-19 11:00:00
2024-04-19 12:00:00,19.088686,72.867919,11,VABB,340.0,2.1,,2000.0,33.4,23.7,1004.3,0,0,0,0,0,2024-04-19 12:00:00
2024-04-19 12:00:00,19.088686,72.867919,11,VABB,280.0,6.2,2000.0,4000.0,32.0,22.0,,0,0,0,0,0,2024-04-19 12:00:00
2024-04-19 12:30:00,19.088686,72.867919,11,VABB,290.0,5.7,22000.0,4000.0,32.0,23.0,,0,0,0,0,0,2024-04-19 12:00:00
2024-04-19 13:00:00,19.088686,72.867919,11,VABB,290.0,5.1,2000.0,3500.0,31.0,23.0,,0,0,0,0,0,2024-04-19 13:00:00
2024-04-19 13:30:00,19.088686,72.867919,11,VABB,310.0,4.1,2000.0,3500.0,31.0,23.0,,0,1,0,0,0,2024-04-19 13:00:00
2024-04-19 14:00:00,19.088686,72.867919,11,VABB,310.0,4.1,2000.0,3500.0,30.0,23.0,,0,1,0,0,0,2024-04-19 14:00:00
2024-04-19 14:30:00,19.088686,72.867919,11,VABB,290.0,4.1,2000.0,3500.0,30.0,24.0,,0,1,0,0,0,2024-04-19 14:00:00
2024-04-19 15:00:00,19.088686,72.867919,11,VABB,,0.0,22000.0,2000.0,30.2,24.8,1006.4,0,0,0,0,0,2024-04-19 15:00:00
2024-04-19 15:00:00,19.088686,72.867919,11,VABB,300.0,3.6,2000.0,3500.0,30.0,24.0,,0,1,0,0,0,2024-04-19 15:00:00
2024-04-19 15:30:00,19.088686,72.867919,11,VABB,300.0,3.1,2000.0,3000.0,30.0,24.0,,0,1,0,0,0,2024-04-19 15:00:00
2024-04-19 16:00:00,19.088686,72.867919,11,VABB,310.0,3.1,2000.0,3000.0,30.0,23.0,,0,1,0,0,0,2024-04-19 16:00:00
2024-04-19 16:30:00,19.088686,72.867919,11,VABB,330.0,2.6,2000.0,3000.0,29.0,24.0,,0,1,0,0,0,2024-04-19 16:00:00
2024-04-19 17:00:00,19.088686,72.867919,11,VABB,280.0,4.1,22000.0,3000.0,29.0,24.0,,0,1,0,0,0,2024-04-19 17:00:00
2024-04-19 17:30:00,19.088686,72.867919,11,VABB,300.0,4.1,22000.0,3000.0,29.0,24.0,,0,1,0,0,0,2024-04-19 17:00:00
2024-04-19 18:00:00,19.088686,72.867919,11,VABB,,0.0,22000.0,2000.0,29.8,25.3,1007.4,0,0,0,0,0,2024-04-19 18:00:00
2024-04-19 18:00:00,19.088686,72.867919,11,VABB,320.0,3.1,22000.0,3000.0,29.0,23.0,,0,1,0,0,0,2024-04-19 18:00:00
2024-04-19 18:30:00,19.088686,72.867919,11,VABB,330.0,2.1,22000.0,3000.0,30.0,23.0,,0,1,0,0,0,2024-04-19 18:00:00
2024-04-19 19:00:00,19.088686,72.867919,11,VABB,320.0,2.6,22000.0,3000.0,30.0,23.0,,0,1,0,0,0,2024-04-19 19:00:00
2024-04-19 19:30:00,19.088686,72.867919,11,VABB,320.0,2.1,22000.0,3000.0,29.0,23.0,,0,1,0,0,0,2024-04-19 19:00:00
2024-04-19 20:00:00,19.088686,72.867919,11,VABB,100.0,2.1,22000.0,3000.0,29.0,22.0,,0,1,0,0,0,2024-04-19 20:00:00
2024-04-19 20:30:00,19.088686,72.867919,11,VABB,350.0,2.6,22000.0,2500.0,29.0,22.0,,0,1,0,0,0,2024-04-19 20:00:00
2024-04-19 21:00:00,19.088686,72.867919,11,VABB,,0.0,,2000.0,29.4,25.1,1006.2,0,0,0,0,0,2024-04-19 21:00:00
2024-04-19 21:00:00,19.088686,72.867919,11,VABB,340.0,3.1,22000.0,2500.0,29.0,22.0,,0,1,0,0,0,2024-04-19 21:00:00
2024-04-19 21:30:00,19.088686,72.867919,11,VABB,330.0,2.1,22000.0,2500.0,29.0,22.0,,0,1,0,0,0,2024-04-19 21:00:00
2024-04-19 22:00:00,19.088686,72.867919,11,VABB,20.0,1.5,10000.0,2500.0,29.0,22.0,,0,1,0,0,0,2024-04-19 22:00:00
2024-04-19 22:30:00,19.088686,72.867919,11,VABB,0.0,0.0,10000.0,2500.0,29.0,22.0,,0,1,0,0,0,2024-04-19 22:00:00
2024-04-19 23:00:00,19.088686,72.867919,11,VABB,30.0,2.1,10000.0,2500.0,29.0,22.0,,0,1,0,0,0,2024-04-19 23:00:00
2024-04-19 23:30:00,19.088686,72.867919,11,VABB,20.0,1.5,2000.0,2500.0,29.0,22.0,,0,1,0,0,0,2024-04-19 23:00:00
2024-04-20 00:00:00,19.088686,72.867919,11,VABB,,0.0,22000.0,2000.0,28.6,24.9,1005.7,0,0,0,0,0,2024-04-20 00:00:00
2024-04-20 00:00:00,19.088686,72.867919,11,VABB,10.0,1.5,2000.0,2500.0,29.0,23.0,,0,1,0,0,0,2024-04-20 00:00:00
2024-04-20 00:30:00,19.088686,72.867919,11,VABB,350.0,1.5,2000.0,2500.0,29.0,23.0,,0,1,0,0,0,2024-04-20 00:00:00
2024-04-20 01:00:00,19.088686,72.867919,11,VABB,30.0,3.1,2000.0,2500.0,29.0,23.0,,0,1,0,0,0,2024-04-20 01:00:00
2024-04-20 01:30:00,19.088686,72.867919,11,VABB,360.0,2.1,2000.0,2500.0,29.0,23.0,,0,1,0,0,0,2024-04-20 01:00:00
2024-04-20 02:00:00,19.088686,72.867919,11,VABB,330.0,2.6,2000.0,2500.0,29.0,23.0,,0,1,0,0,0,2024-04-20 02:00:00
2024-04-20 02:30:00,19.088686,72.867919,11,VABB,30.0,2.6,2000.0,2500.0,29.0,23.0,,0,1,0,0,0,2024-04-20 02:00:00
2024-04-20 03:00:00,19.088686,72.867919,11,VABB,,0.0,,2000.0,30.2,25.1,1007.7,0,0,0,0,0,2024-04-20 03:00:00
2024-04-20 03:00:00,19.088686,72.867919,11,VABB,360.0,3.1,10000.0,3000.0,30.0,22.0,,0,1,0,0,0,2024-04-20 03:00:00
2024-04-20 03:30:00,19.088686,72.867919,11,VABB,350.0,2.6,10000.0,3000.0,31.0,22.0,,0,1,0,0,0,2024-04-20 03:00:00
2024-04-20 04:00:00,19.088686,72.867919,11,VABB,320.0,2.1,10000.0,3000.0,32.0,22.0,,0,0,0,0,0,2024-04-20 04:00:00
2024-04-20 04:30:00,19.088686,72.867919,11,VABB,330.0,2.6,2000.0,3000.0,33.0,21.0,,0,0,0,0,0,2024-04-20 04:00:00
2024-04-20 05:00:00,19.088686,72.867919,11,VABB,300.0,3.1,10000.0,3000.0,33.0,21.0,,0,0,0,0,0,2024-04-20 05:00:00
2024-04-20 05:30:00,19.088686,72.867919,11,VABB,240.0,3.1,10000.0,3000.0,35.0,22.0,,0,0,0,0,0,2024-04-20 05:00:00
2024-04-20 06:00:00,19.088686,72.867919,11,VABB,230.0,1.5,22000.0,2000.0,34.8,24.3,1008.0,0,0,0,0,0,2024-04-20 06:00:00
2024-04-20 06:00:00,19.088686,72.867919,11,VABB,270.0,6.7,10000.0,3000.0,33.0,24.0,,0,0,0,0,0,2024-04-20 06:00:00
2024-04-20 06:30:00,19.088686,72.867919,11,VABB,270.0,6.2,10000.0,3000.0,34.0,23.0,,0,0,0,0,0,2024-04-20 06:00:00
2024-04-20 07:00:00,19.088686,72.867919,11,VABB,320.0,3.6,10000.0,3000.0,35.0,23.0,,0,0,0,0,0,2024-04-20 07:00:00
2024-04-20 07:30:00,19.088686,72.867919,11,VABB,320.0,4.1,10000.0,3000.0,34.0,23.0,,0,0,0,0,0,2024-04-20 07:00:00
2024-04-20 08:00:00,19.088686,72.867919,11,VABB,300.0,2.6,10000.0,3500.0,34.0,23.0,,0,0,0,0,0,2024-04-20 08:00:00
2024-04-20 08:30:00,19.088686,72.867919,11,VABB,280.0,5.1,10000.0,3500.0,35.0,22.0,,0,0,0,0,0,2024-04-20 08:00:00
2024-04-20 09:00:00,19.088686,72.867919,11,VABB,320.0,2.1,22000.0,2000.0,35.0,22.2,1006.1,0,0,0,0,0,2024-04-20 09:00:00
2024-04-20 09:00:00,19.088686,72.867919,11,VABB,300.0,3.6,10000.0,3500.0,35.0,22.0,,0,0,0,0,0,2024-04-20 09:00:00
2024-04-20 09:30:00,19.088686,72.867919,11,VABB,300.0,5.1,3048.0,3500.0,34.0,21.0,,0,0,0,0,0,2024-04-20 09:00:00
2024-04-20 10:00:00,19.088686,72.867919,11,VABB,290.0,3.6,10000.0,4000.0,34.0,19.0,,0,0,0,0,1,2024-04-20 10:00:00
2024-04-20 10:30:00,19.088686,72.867919,11,VABB,310.0,4.6,10000.0,4000.0,34.0,19.0,,0,0,0,0,0,2024-04-20 10:00:00
2024-04-20 11:00:00,19.088686,72.867919,11,VABB,300.0,5.1,2000.0,4000.0,34.0,19.0,,0,0,0,0,0,2024-04-20 11:00:00
2024-04-20 11:30:00,19.088686,72.867919,11,VABB,300.0,5.7,10000.0,4000.0,34.0,18.0,,0,0,0,0,0,2024-04-20 11:00:00
2024-04-20 12:00:00,19.088686,72.867919,11,VABB,320.0,2.1,22000.0,2000.0,33.2,19.2,1005.4,0,0,0,0,0,2024-04-20 12:00:00
2024-04-20 12:00:00,19.088686,72.867919,11,VABB,280.0,5.7,3048.0,4000.0,33.0,19.0,,0,0,0,0,0,2024-04-20 12:00:00
2024-04-20 12:30:00,19.088686,72.867919,11,VABB,280.0,6.2,2000.0,3500.0,32.0,18.0,,0,0,0,0,0,2024-04-20 12:00:00
2024-04-20 13:00:00,19.088686,72.867919,11,VABB,260.0,4.1,3048.0,3500.0,32.0,20.0,,0,0,0,0,0,2024-04-20 13:00:00
2024-04-20 13:30:00,19.088686,72.867919,11,VABB,220.0,4.1,3048.0,3500.0,31.0,21.0,,0,0,0,0,0,2024-04-20 13:00:00
2024-04-20 14:00:00,19.088686,72.867919,11,VABB,240.0,4.1,3048.0,3000.0,31.0,21.0,,0,0,0,0,0,2024-04-20 14:00:00
2024-04-20 14:30:00,19.088686,72.867919,11,VABB,230.0,4.1,2000.0,3000.0,31.0,21.0,,0,0,0,0,0,2024-04-20 14:00:00
2024-04-20 15:00:00,19.088686,72.867919,11,VABB,320.0,2.1,,2000.0,30.6,21.1,1008.5,0,0,0,0,0,2024-04-20 15:00:00
2024-04-20 15:00:00,19.088686,72.867919,11,VABB,240.0,5.1,2000.0,3000.0,31.0,21.0,,0,0,0,0,0,2024-04-20 15:00:00
2024-04-20 15:30:00,19.088686,72.867919,11,VABB,270.0,4.6,2000.0,3000.0,30.0,21.0,,0,0,0,0,0,2024-04-20 15:00:00
2024-04-20 16:00:00,19.088686,72.867919,11,VABB,260.0,3.6,2000.0,2500.0,30.0,21.0,,0,0,0,0,0,2024-04-20 16:00:00
2024-04-20 16:30:00,19.088686,72.867919,11,VABB,260.0,3.6,2000.0,2500.0,30.0,22.0,,0,0,0,0,0,2024-04-20 16:00:00
2024-04-20 17:00:00,19.088686,72.867919,11,VABB,260.0,2.6,22000.0,2500.0,30.0,22.0,,0,1,0,0,0,2024-04-20 17:00:00
2024-04-20 17:30:00,19.088686,72.867919,11,VABB,270.0,3.1,22000.0,2500.0,29.0,23.0,,0,1,0,0,0,2024-04-20 17:00:00
2024-04-20 18:00:00,19.088686,72.867919,11,VABB,,0.0,,2000.0,29.4,23.0,1009.1,0,0,0,0,0,2024-04-20 18:00:00
2024-04-20 18:00:00,19.088686,72.867919,11,VABB,250.0,3.1,22000.0,2500.0,29.0,23.0,,0,1,0,0,0,2024-04-20 18:00:00
2024-04-20 18:30:00,19.088686,72.867919,11,VABB,210.0,2.1,22000.0,2500.0,29.0,23.0,,0,1,0,0,0,2024-04-20 18:00:00
2024-04-20 19:00:00,19.088686,72.867919,11,VABB,290.0,1.5,22000.0,2500.0,29.0,23.0,,0,1,0,0,0,2024-04-20 19:00:00
2024-04-20 19:30:00,19.088686,72.867919,11,VABB,290.0,2.1,22000.0,2500.0,29.0,23.0,,0,1,0,0,0,2024-04-20 19:00:00
2024-04-20 20:00:00,19.088686,72.867919,11,VABB,320.0,1.5,22000.0,2500.0,29.0,23.0,,0,1,0,0,0,2024-04-20 20:00:00
2024-04-20 20:30:00,19.088686,72.867919,11,VABB,300.0,2.1,22000.0,2500.0,29.0,23.0,,0,1,0,0,0,2024-04-20 20:00:00
2024-04-20 21:00:00,19.088686,72.867919,11,VABB,,0.0,,2000.0,28.2,22.9,1007.2,0,0,0,0,0,2024-04-20 21:00:00
2024-04-20 21:00:00,19.088686,72.867919,11,VABB,0.0,0.0,22000.0,2500.0,29.0,23.0,,0,1,0,0,0,2024-04-20 21:00:00
2024-04-20 21:30:00,19.088686,72.867919,11,VABB,70.0,1.5,22000.0,2500.0,29.0,23.0,,0,1,0,0,0,2024-04-20 21:00:00
2024-04-20 22:00:00,19.088686,72.867919,11,VABB,20.0,2.1,22000.0,2500.0,29.0,23.0,,0,1,0,0,0,2024-04-20 22:00:00
2024-04-20 22:30:00,19.088686,72.867919,11,VABB,20.0,1.5,22000.0,2500.0,29.0,23.0,,0,1,0,0,0,2024-04-20 22:00:00
2024-04-20 23:00:00,19.088686,72.867919,11,VABB,340.0,2.6,22000.0,2500.0,29.0,22.0,,0,1,0,0,0,2024-04-20 23:00:00
2024-04-20 23:30:00,19.088686,72.867919,11,VABB,330.0,2.1,22000.0,2500.0,29.0,21.0,,0,1,0,0,0,2024-04-20 23:00:00
2024-04-21 00:00:00,19.088686,72.867919,11,VABB,,0.0,,2000.0,27.2,23.1,1007.0,0,0,0,0,0,2024-04-21 00:00:00
2024-04-21 00:00:00,19.088686,72.867919,11,VABB,10.0,2.6,22000.0,2500.0,29.0,22.0,,0,1,0,0,0,2024-04-21 00:00:00
2024-04-21 00:30:00,19.088686,72.867919,11,VABB,340.0,3.1,10000.0,2500.0,29.0,21.0,,0,1,0,0,0,2024-04-21 00:00:00
2024-04-21 01:00:00,19.088686,72.867919,11,VABB,340.0,4.1,10000.0,2500.0,28.0,22.0,,0,1,0,0,0,2024-04-21 01:00:00
2024-04-21 01:30:00,19.088686,72.867919,11,VABB,330.0,4.1,10000.0,2500.0,29.0,22.0,,0,1,0,0,0,2024-04-21 01:00:00
2024-04-21 02:00:00,19.088686,72.867919,11,VABB,20.0,3.1,10000.0,2500.0,29.0,22.0,,0,1,0,0,0,2024-04-21 02:00:00
2024-04-21 02:30:00,19.088686,72.867919,11,VABB,350.0,2.6,22000.0,2500.0,29.0,22.0,,0,1,0,0,0,2024-04-21 02:00:00
2024-04-21 03:00:00,19.088686,72.867919,11,VABB,,0.0,,2000.0,29.6,21.6,1008.6,0,0,0,0,0,2024-04-21 03:00:00
2024-04-21 03:00:00,19.088686,72.867919,11,VABB,50.0,3.1,22000.0,3000.0,30.0,22.0,,0,1,0,0,0,2024-04-21 03:00:00
2024-04-21 03:30:00,19.088686,72.867919,11,VABB,340.0,4.6,22000.0,3000.0,31.0,18.0,,0,0,0,0,0,2024-04-21 03:00:00
2024-04-21 04:00:00,19.088686,72.867919,11,VABB,340.0,3.1,22000.0,3000.0,32.0,18.0,,0,0,0,0,0,2024-04-21 04:00:00
2024-04-21 04:30:00,19.088686,72.867919,11,VABB,370.0,3.6,22000.0,3000.0,32.0,18.0,,0,0,0,0,0,2024-04-21 04:00:00
2024-04-21 05:00:00,19.088686,72.867919,11,VABB,300.0,4.1,22000.0,3000.0,33.0,17.0,,0,0,0,0,0,2024-04-21 05:00:00
2024-04-21 05:30:00,19.088686,72.867919,11,VABB,320.0,3.6,10000.0,3000.0,33.0,18.0,,0,0,0,0,0,2024-04-21 05:00:00
2024-04-21 06:00:00,19.088686,72.867919,11,VABB,320.0,2.6,22000.0,2000.0,33.6,23.2,1009.0,0,0,0,0,0,2024-04-21 06:00:00
2024-04-21 06:00:00,19.088686,72.867919,11,VABB,290.0,5.7,10000.0,4000.0,33.0,22.0,,0,0,0,0,0,2024-04-21 06:00:00
2024-04-21 06:30:00,19.088686,72.867919,11,VABB,270.0,6.2,10000.0,4000.0,33.0,22.0,,0,0,0,0,0,2024-04-21 06:00:00
2024-04-21 07:00:00,19.088686,72.867919,11,VABB,300.0,5.7,3048.0,4000.0,33.0,22.0,,0,0,0,0,0,2024-04-21 07:00:00
2024-04-21 07:30:00,19.088686,72.867919,11,VABB,290.0,5.1,3048.0,4000.0,32.0,22.0,,0,0,0,0,0,2024-04-21 07:00:00
2024-04-21 08:00:00,19.088686,72.867919,11,VABB,290.0,4.6,3048.0,4000.0,33.0,22.0,,0,0,0,0,0,2024-04-21 08:00:00
2024-04-21 08:30:00,19.088686,72.867919,11,VABB,280.0,6.2,3048.0,4000.0,33.0,22.0,,0,0,0,0,0,2024-04-21 08:00:00
2024-04-21 09:00:00,19.088686,72.867919,11,VABB,360.0,3.1,3000.0,2000.0,32.8,21.3,1007.0,0,0,0,0,0,2024-04-21 09:00:00
2024-04-21 09:00:00,19.088686,72.867919,11,VABB,290.0,5.7,3048.0,4000.0,33.0,21.0,,0,0,0,0,0,2024-04-21 09:00:00
2024-04-21 09:30:00,19.088686,72.867919,11,VABB,290.0,6.7,3048.0,4000.0,34.0,20.0,,0,0,0,0,0,2024-04-21 09:00:00
2024-04-21 10:00:00,19.088686,72.867919,11,VABB,320.0,5.1,3048.0,4000.0,33.0,15.0,,0,0,0,0,0,2024-04-21 10:00:00
2024-04-21 10:30:00,19.088686,72.867919,11,VABB,300.0,5.1,3048.0,5000.0,33.0,15.0,,0,0,0,0,0,2024-04-21 10:00:00
2024-04-21 11:00:00,19.088686,72.867919,11,VABB,310.0,4.1,3048.0,7000.0,33.0,16.0,,0,0,0,0,0,2024-04-21 11:00:00
2024-04-21 11:30:00,19.088686,72.867919,11,VABB,310.0,5.7,3048.0,7000.0,33.0,16.0,,0,0,0,0,0,2024-04-21 11:00:00
2024-04-21 12:00:00,19.088686,72.867919,11,VABB,320.0,1.5,,2000.0,31.8,17.4,1006.4,0,0,0,0,0,2024-04-21 12:00:00
2024-04-21 12:00:00,19.088686,72.867919,11,VABB,300.0,4.6,3048.0,5000.0,33.0,17.0,,0,0,0,0,0,2024-04-21 12:00:00
2024-04-21 12:30:00,19.088686,72.867919,11,VABB,310.0,3.1,10000.0,5000.0,33.0,16.0,,0,0,0,0,0,2024-04-21 12:00:00
2024-04-21 13:00:00,19.088686,72.867919,11,VABB,330.0,4.1,10000.0,4000.0,32.0,15.0,,0,0,0,0,0,2024-04-21 13:00:00
2024-04-21 13:30:00,19.088686,72.867919,11,VABB,330.0,3.1,10000.0,4000.0,31.0,16.0,,0,0,0,0,0,2024-04-21 13:00:00
2024-04-21 14:00:00,19.088686,72.867919,11,VABB,300.0,3.1,10000.0,4000.0,31.0,17.0,,0,0,0,0,0,2024-04-21 14:00:00
2024-04-21 14:30:00,19.088686,72.867919,11,VABB,310.0,2.6,10000.0,4000.0,30.0,18.0,,0,0,0,0,0,2024-04-21 14:00:00
2024-04-21 15:00:00,19.088686,72.867919,11,VABB,,0.0,22000.0,2000.0,30.0,18.2,1007.4,0,0,0,0,0,2024-04-21 15:00:00
2024-04-21 15:00:00,19.088686,72.867919,11,VABB,310.0,3.6,10000.0,4000.0,30.0,18.0,,0,0,0,0,0,2024-04-21 15:00:00
2024-04-21 15:30:00,19.088686,72.867919,11,VABB,320.0,3.6,10000.0,4000.0,30.0,18.0,,0,0,0,0,0,2024-04-21 15:00:00
2024-04-21 16:00:00,19.088686,72.867919,11,VABB,300.0,3.6,10000.0,3500.0,30.0,19.0,,0,0,0,0,0,2024-04-21 16:00:00
2024-04-21 16:30:00,19.088686,72.867919,11,VABB,350.0,3.1,10000.0,3500.0,31.0,19.0,,0,0,0,0,0,2024-04-21 16:00:00
2024-04-21 17:00:00,19.088686,72.867919,11,VABB,300.0,2.1,10000.0,3500.0,30.0,19.0,,0,0,0,0,0,2024-04-21 17:00:00
2024-04-21 17:30:00,19.088686,72.867919,11,VABB,310.0,2.6,10000.0,3500.0,30.0,20.0,,0,0,0,0,0,2024-04-21 17:00:00
2024-04-21 18:00:00,19.088686,72.867919,11,VABB,,0.0,,2000.0,29.2,21.5,1008.7,0,0,0,0,0,2024-04-21 18:00:00
2024-04-21 18:00:00,19.088686,72.867919,11,VABB,290.0,3.6,10000.0,3500.0,30.0,22.0,,0,0,0,0,0,2024-04-21 18:00:00
2024-04-21 18:30:00,19.088686,72.867919,11,VABB,300.0,2.6,3048.0,3000.0,29.0,23.0,,0,1,0,0,0,2024-04-21 18:00:00
2024-04-21 19:00:00,19.088686,72.867919,11,VABB,340.0,3.1,3048.0,3000.0,29.0,23.0,,0,1,0,0,0,2024-04-21 19:00:00
2024-04-21 19:30:00,19.088686,72.867919,11,VABB,340.0,2.6,3048.0,3000.0,29.0,23.0,,0,1,0,0,0,2024-04-21 19:00:00
2024-04-21 20:00:00,19.088686,72.867919,11,VABB,300.0,2.6,3048.0,3000.0,29.0,23.0,,0,1,0,0,0,2024-04-21 20:00:00
2024-04-21 20:30:00,19.088686,72.867919,11,VABB,300.0,2.6,3048.0,3000.0,29.0,24.0,,0,1,0,0,0,2024-04-21 20:00:00
2024-04-21 21:00:00,19.088686,72.867919,11,VABB,320.0,1.5,22000.0,2000.0,28.6,23.7,1007.3,0,0,0,0,0,2024-04-21 21:00:00
2024-04-21 21:00:00,19.088686,72.867919,11,VABB,300.0,3.1,3048.0,3000.0,29.0,25.0,,1,0,0,0,0,2024-04-21 21:00:00
2024-04-21 21:30:00,19.088686,72.867919,11,VABB,310.0,2.6,10000.0,3000.0,29.0,25.0,,1,0,0,0,0,2024-04-21 21:00:00
2024-04-21 22:00:00,19.088686,72.867919,11,VABB,320.0,2.6,3048.0,3000.0,29.0,25.0,,1,0,0,0,0,2024-04-21 22:00:00
2024-04-21 22:30:00,19.088686,72.867919,11,VABB,340.0,2.6,3048.0,3000.0,28.0,25.0,,1,0,0,0,0,2024-04-21 22:00:00
2024-04-21 23:00:00,19.088686,72.867919,11,VABB,300.0,3.1,3048.0,3000.0,29.0,25.0,,1,0,0,0,0,2024-04-21 23:00:00
2024-04-21 23:30:00,19.088686,72.867919,11,VABB,320.0,2.6,3048.0,3000.0,28.0,25.0,,1,0,0,0,0,2024-04-21 23:00:00
2024-04-22 00:00:00,19.088686,72.867919,11,VABB,,0.0,22000.0,2000.0,28.0,24.3,1008.0,0,0,0,0,0,2024-04-22 00:00:00
2024-04-22 00:00:00,19.088686,72.867919,11,VABB,310.0,2.6,3048.0,3000.0,28.0,25.0,,1,0,0,0,0,2024-04-22 00:00:00
2024-04-22 00:30:00,19.088686,72.867919,11,VABB,320.0,2.6,3048.0,3000.0,29.0,25.0,,1,0,0,0,0,2024-04-22 00:00:00
2024-04-22 01:00:00,19.088686,72.867919,11,VABB,360.0,3.1,3048.0,3000.0,29.0,24.0,,1,0,0,0,0,2024-04-22 01:00:00
2024-04-22 01:30:00,19.088686,72.867919,11,VABB,340.0,2.1,3048.0,3000.0,29.0,24.0,,0,1,0,0,0,2024-04-22 01:00:00
2024-04-22 02:00:00,19.088686,72.867919,11,VABB,330.0,3.1,3048.0,3000.0,29.0,24.0,,0,1,0,0,0,2024-04-22 02:00:00
2024-04-22 02:30:00,19.088686,72.867919,11,VABB,340.0,3.6,3048.0,3000.0,29.0,24.0,,0,1,0,0,0,2024-04-22 02:00:00
2024-04-22 03:00:00,19.088686,72.867919,11,VABB,,0.0,22000.0,2000.0,29.8,22.5,1010.0,0,0,0,0,0,2024-04-22 03:00:00
2024-04-22 03:00:00,19.088686,72.867919,11,VABB,20.0,3.1,3048.0,3000.0,30.0,23.0,,0,1,0,0,0,2024-04-22 03:00:00
2024-04-22 03:29:00,19.088686,72.867919,11,VABB,320.0,3.1,2000.0,3500.0,30.0,23.0,,0,1,0,0,0,2024-04-22 03:00:00
2024-04-22 03:30:00,19.088686,72.867919,11,VABB,320.0,3.1,2000.0,3500.0,30.0,23.0,,0,1,0,0,0,2024-04-22 03:00:00
2024-04-22 04:00:00,19.088686,72.867919,11,VABB,310.0,2.6,10000.0,3500.0,31.0,23.0,,0,1,0,0,0,2024-04-22 04:00:00
2024-04-22 04:30:00,19.088686,72.867919,11,VABB,340.0,2.6,10000.0,3500.0,32.0,22.0,,0,1,0,0,0,2024-04-22 04:00:00
2024-04-22 05:00:00,19.088686,72.867919,11,VABB,320.0,3.1,22000.0,3500.0,33.0,21.0,,0,0,0,0,0,2024-04-22 05:00:00
2024-04-22 05:30:00,19.088686,72.867919,11,VABB,310.0,2.6,22000.0,4000.0,34.0,20.0,,0,0,0,0,0,2024-04-22 05:00:00
2024-04-22 06:00:00,19.088686,72.867919,11,VABB,320.0,1.5,22000.0,2000.0,34.0,21.3,1009.9,0,0,0,0,0,2024-04-22 06:00:00
2024-04-22 06:00:00,19.088686,72.867919,11,VABB,310.0,2.1,22000.0,4000.0,35.0,19.0,,0,0,0,0,0,2024-04-22 06:00:00
2024-04-22 06:30:00,19.088686,72.867919,11,VABB,270.0,5.1,22000.0,4000.0,34.0,23.0,,0,0,0,0,0,2024-04-22 06:00:00
2024-04-22 07:00:00,19.088686,72.867919,11,VABB,290.0,6.2,22000.0,4000.0,34.0,23.0,,0,0,0,0,0,2024-04-22 07:00:00
2024-04-22 07:30:00,19.088686,72.867919,11,VABB,290.0,5.7,22000.0,4000.0,34.0,22.0,,0,0,0,0,0,2024-04-22 07:00:00
2024-04-22 08:00:00,19.088686,72.867919,11,VABB,300.0,5.1,22000.0,4000.0,34.0,22.0,,0,0,0,0,0,2024-04-22 08:00:00
2024-04-22 08:30:00,19.088686,72.867919,11,VABB,280.0,6.2,10000.0,4000.0,33.0,20.0,,0,0,0,0,0,2024-04-22 08:00:00
2024-04-22 09:00:00,19.088686,72.867919,11,VABB,320.0,2.1,22000.0,2000.0,34.0,23.0,1008.1,0,0,0,0,0,2024-04-22 09:00:00
2024-04-22 09:00:00,19.088686,72.867919,11,VABB,280.0,5.1,10000.0,5000.0,34.0,20.0,,0,0,0,0,0,2024-04-22 09:00:00
2024-04-22 09:30:00,19.088686,72.867919,11,VABB,270.0,5.1,10000.0,5000.0,34.0,19.0,,0,0,0,0,0,2024-04-22 09:00:00
2024-04-22 10:00:00,19.088686,72.867919,11,VABB,280.0,6.2,10000.0,5000.0,33.0,19.0,,0,0,0,0,0,2024-04-22 10:00:00
2024-04-22 10:30:00,19.088686,72.867919,11,VABB,280.0,3.6,10000.0,5000.0,34.0,19.0,,0,0,0,0,1,2024-04-22 10:00:00
2024-04-22 11:00:00,19.088686,72.867919,11,VABB,290.0,4.6,10000.0,5000.0,33.0,19.0,,0,0,0,0,0,2024-04-22 11:00:00
2024-04-22 11:30:00,19.088686,72.867919,11,VABB,330.0,5.7,10000.0,5000.0,34.0,17.0,,0,0,0,0,0,2024-04-22 11:00:00
2024-04-22 12:00:00,19.088686,72.867919,11,VABB,320.0,2.6,22000.0,2000.0,33.2,20.7,1006.7,0,0,0,0,0,2024-04-22 12:00:00
2024-04-22 12:00:00,19.088686,72.867919,11,VABB,310.0,5.7,10000.0,5000.0,33.0,17.0,,0,0,0,0,0,2024-04-22 12:00:00
2024-04-22 12:30:00,19.088686,72.867919,11,VABB,330.0,4.6,10000.0,5000.0,33.0,17.0,,0,0,0,0,0,2024-04-22 12:00:00
2024-04-22 13:00:00,19.088686,72.867919,11,VABB,320.0,4.1,10000.0,5000.0,32.0,17.0,,0,0,0,0,0,2024-04-22 13:00:00
2024-04-22 13:30:00,19.088686,72.867919,11,VABB,290.0,4.6,10000.0,4000.0,31.0,17.0,,0,0,0,0,0,2024-04-22 13:00:00
2024-04-22 14:00:00,19.088686,72.867919,11,VABB,300.0,3.1,10000.0,4000.0,31.0,17.0,,0,0,0,0,0,2024-04-22 14:00:00
2024-04-22 14:30:00,19.088686,72.867919,11,VABB,220.0,2.6,10000.0,4000.0,31.0,18.0,,0,0,0,0,0,2024-04-22 14:00:00
2024-04-22 15:00:00,19.088686,72.867919,11,VABB,,0.0,,2000.0,30.0,21.7,1008.1,0,0,0,0,0,2024-04-22 15:00:00
2024-04-22 15:00:00,19.088686,72.867919,11,VABB,310.0,2.6,10000.0,4000.0,30.0,20.0,,0,0,0,0,0,2024-04-22 15:00:00
2024-04-22 15:30:00,19.088686,72.867919,11,VABB,130.0,2.6,22000.0,4000.0,30.0,21.0,,0,0,0,0,0,2024-04-22 15:00:00
2024-04-22 16:00:00,19.088686,72.867919,11,VABB,280.0,4.1,22000.0,4000.0,30.0,21.0,,0,1,0,0,0,2024-04-22 16:00:00
2024-04-22 16:30:00,19.088686,72.867919,11,VABB,290.0,2.6,22000.0,3000.0,30.0,22.0,,0,1,0,0,0,2024-04-22 16:00:00
2024-04-22 17:00:00,19.088686,72.867919,11,VABB,290.0,3.1,22000.0,3000.0,29.0,22.0,,0,1,0,0,0,2024-04-22 17:00:00
2024-04-22 17:30:00,19.088686,72.867919,11,VABB,300.0,3.1,22000.0,3000.0,29.0,22.0,,0,1,0,0,0,2024-04-22 17:00:00
2024-04-22 18:00:00,19.088686,72.867919,11,VABB,,0.0,,2000.0,28.6,22.4,1009.5,0,0,0,0,0,2024-04-22 18:00:00
2024-04-22 18:00:00,19.088686,72.867919,11,VABB,300.0,3.1,22000.0,3000.0,29.0,22.0,,0,1,0,0,0,2024-04-22 18:00:00
2024-04-22 18:30:00,19.088686,72.867919,11,VABB,300.0,3.6,22000.0,3000.0,29.0,23.0,,0,1,0,0,0,2024-04-22 18:00:00
2024-04-22 19:00:00,19.088686,72.867919,11,VABB,320.0,3.1,22000.0,3000.0,29.0,23.0,,0,1,0,0,0,2024-04-22 19:00:00
2024-04-22 19:30:00,19.088686,72.867919,11,VABB,320.0,3.1,22000.0,3000.0,29.0,22.0,,0,1,0,0,0,2024-04-22 19:00:00
2024-04-22 20:00:00,19.088686,72.867919,11,VABB,330.0,2.1,22000.0,3000.0,29.0,21.0,,0,1,0,0,0,2024-04-22 20:00:00
2024-04-22 20:30:00,19.088686,72.867919,11,VABB,350.0,2.6,22000.0,3000.0,29.0,21.0,,0,1,0,0,0,2024-04-22 20:00:00
2024-04-22 21:00:00,19.088686,72.867919,11,VABB,,0.0,,2000.0,27.8,21.9,1007.8,0,0,0,0,0,2024-04-22 21:00:00
2024-04-22 21:00:00,19.088686,72.867919,11,VABB,350.0,2.6,22000.0,3000.0,29.0,21.0,,0,1,0,0,0,2024-04-22 21:00:00
2024-04-22 21:30:00,19.088686,72.867919,11,VABB,330.0,3.6,22000.0,3000.0,29.0,22.0,,0,1,0,0,0,2024-04-22 21:00:00
2024-04-22 22:00:00,19.088686,72.867919,11,VABB,340.0,2.1,22000.0,3000.0,28.0,22.0,,0,1,0,0,0,2024-04-22 22:00:00
2024-04-22 22:30:00,19.088686,72.867919,11,VABB,360.0,1.5,22000.0,3000.0,28.0,22.0,,0,1,0,0,0,2024-04-22 22:00:00
2024-04-22 23:00:00,19.088686,72.867919,11,VABB,20.0,1.5,22000.0,3000.0,28.0,22.0,,0,1,0,0,0,2024-04-22 23:00:00
2024-04-22 23:30:00,19.088686,72.867919,11,VABB,20.0,2.1,22000.0,3000.0,28.0,22.0,,0,1,0,0,0,2024-04-22 23:00:00
2024-04-23 00:00:00,19.088686,72.867919,11,VABB,,0.0,,2000.0,26.4,22.2,1007.3,0,0,0,0,0,2024-04-23 00:00:00
2024-04-23 00:00:00,19.088686,72.867919,11,VABB,30.0,1.5,22000.0,3000.0,28.0,22.0,,0,1,0,0,0,2024-04-23 00:00:00
2024-04-23 00:30:00,19.088686,72.867919,11,VABB,80.0,2.1,2000.0,3000.0,28.0,22.0,,0,1,0,0,0,2024-04-23 00:00:00
2024-04-23 01:00:00,19.088686,72.867919,11,VABB,0.0,0.0,2000.0,3000.0,28.0,22.0,,0,1,0,0,0,2024-04-23 01:00:00
2024-04-23 01:30:00,19.088686,72.867919,11,VABB,80.0,2.1,2000.0,3000.0,28.0,22.0,,0,1,0,0,0,2024-04-23 01:00:00
2024-04-23 02:00:00,19.088686,72.867919,11,VABB,360.0,2.1,2000.0,3000.0,28.0,22.0,,0,1,0,0,0,2024-04-23 02:00:00
2024-04-23 02:30:00,19.088686,72.867919,11,VABB,0.0,0.0,2000.0,3000.0,29.0,22.0,,0,1,0,0,0,2024-04-23 02:00:00
2024-04-23 03:00:00,19.088686,72.867919,11,VABB,,0.0,22000.0,2000.0,28.4,22.8,1009.0,0,0,0,0,0,2024-04-23 03:00:00
2024-04-23 03:00:00,19.088686,72.867919,11,VABB,330.0,2.1,2000.0,3000.0,30.0,22.0,,0,1,0,0,0,2024-04-23 03:00:00
2024-04-23 03:30:00,19.088686,72.867919,11,VABB,350.0,2.1,2000.0,3000.0,30.0,22.0,,0,1,0,0,0,2024-04-23 03:00:00
2024-04-23 04:00:00,19.088686,72.867919,11,VABB,20.0,2.6,2000.0,3000.0,31.0,21.0,,0,0,0,0,0,2024-04-23 04:00:00
2024-04-23 04:30:00,19.088686,72.867919,11,VABB,80.0,2.6,2000.0,3000.0,32.0,20.0,,0,0,0,0,0,2024-04-23 04:00:00
2024-04-23 05:00:00,19.088686,72.867919,11,VABB,340.0,2.6,2000.0,3500.0,32.0,21.0,,0,0,0,0,0,2024-04-23 05:00:00
2024-04-23 05:30:00,19.088686,72.867919,11,VABB,260.0,4.6,2000.0,3500.0,32.0,23.0,,0,0,0,0,0,2024-04-23 05:00:00
2024-04-23 06:00:00,19.088686,72.867919,11,VABB,320.0,1.5,22000.0,2000.0,33.4,23.3,1008.8,0,0,0,0,0,2024-04-23 06:00:00
2024-04-23 06:00:00,19.088686,72.867919,11,VABB,270.0,5.7,10000.0,3500.0,33.0,23.0,,0,0,0,0,0,2024-04-23 06:00:00
2024-04-23 06:30:00,19.088686,72.867919,11,VABB,270.0,6.7,10000.0,3500.0,33.0,23.0,,0,0,0,0,0,2024-04-23 06:00:00
2024-04-23 07:00:00,19.088686,72.867919,11,VABB,270.0,4.6,10000.0,4000.0,33.0,23.0,,0,0,0,0,0,2024-04-23 07:00:00
2024-04-23 07:30:00,19.088686,72.867919,11,VABB,270.0,6.2,22000.0,4000.0,33.0,23.0,,0,0,0,0,0,2024-04-23 07:00:00
2024-04-23 08:00:00,19.088686,72.867919,11,VABB,270.0,5.1,22000.0,4000.0,34.0,23.0,,0,0,0,0,0,2024-04-23 08:00:00
2024-04-23 08:30:00,19.088686,72.867919,11,VABB,280.0,7.2,22000.0,4000.0,33.0,23.0,,0,0,0,0,0,2024-04-23 08:00:00
2024-04-23 09:00:00,19.088686,72.867919,11,VABB,320.0,3.1,,2000.0,33.8,22.8,1006.4,0,0,0,0,0,2024-04-23 09:00:00
2024-04-23 09:00:00,19.088686,72.867919,11,VABB,290.0,5.1,22000.0,4000.0,34.0,23.0,,0,0,0,0,0,2024-04-23 09:00:00
2024-04-23 09:30:00,19.088686,72.867919,11,VABB,300.0,5.1,22000.0,4000.0,33.0,23.0,,0,0,0,0,0,2024-04-23 09:00:00
2024-04-23 10:00:00,19.088686,72.867919,11,VABB,300.0,4.6,22000.0,4000.0,33.0,22.0,,0,0,0,0,0,2024-04-23 10:00:00
2024-04-23 10:30:00,19.088686,72.867919,11,VABB,340.0,3.6,22000.0,4000.0,33.0,20.0,,0,0,0,0,0,2024-04-23 10:00:00
2024-04-23 11:00:00,19.088686,72.867919,11,VABB,300.0,5.1,22000.0,4000.0,33.0,20.0,,0,0,0,0,0,2024-04-23 11:00:00
2024-04-23 11:30:00,19.088686,72.867919,11,VABB,320.0,4.6,22000.0,4000.0,33.0,21.0,,0,0,0,0,0,2024-04-23 11:00:00
2024-04-23 12:00:00,19.088686,72.867919,11,VABB,360.0,2.1,,2000.0,32.4,21.8,1005.0,0,0,0,0,0,2024-04-23 12:00:00
2024-04-23 12:00:00,19.088686,72.867919,11,VABB,300.0,4.1,22000.0,4000.0,32.0,21.0,,0,0,0,0,0,2024-04-23 12:00:00
2024-04-23 12:30:00,19.088686,72.867919,11,VABB,300.0,5.1,22000.0,4000.0,32.0,21.0,,0,0,0,0,0,2024-04-23 12:00:00
2024-04-23 13:00:00,19.088686,72.867919,11,VABB,320.0,4.1,22000.0,4000.0,31.0,20.0,,0,0,0,0,0,2024-04-23 13:00:00
2024-04-23 13:30:00,19.088686,72.867919,11,VABB,310.0,4.1,22000.0,3000.0,30.0,21.0,,0,0,0,0,0,2024-04-23 13:00:00
2024-04-23 14:00:00,19.088686,72.867919,11,VABB,300.0,3.6,22000.0,3000.0,30.0,22.0,,0,1,0,0,0,2024-04-23 14:00:00
2024-04-23 14:30:00,19.088686,72.867919,11,VABB,320.0,3.6,22000.0,3000.0,30.0,22.0,,0,1,0,0,0,2024-04-23 14:00:00
2024-04-23 15:00:00,19.088686,72.867919,11,VABB,320.0,2.1,,2000.0,29.4,22.3,1005.7,0,0,0,0,0,2024-04-23 15:00:00
2024-04-23 15:00:00,19.088686,72.867919,11,VABB,320.0,3.1,22000.0,3000.0,30.0,23.0,,0,1,0,0,0,2024-04-23 15:00:00
2024-04-23 15:30:00,19.088686,72.867919,11,VABB,330.0,2.6,22000.0,3000.0,30.0,22.0,,0,1,0,0,0,2024-04-23 15:00:00
2024-04-23 16:00:00,19.088686,72.867919,11,VABB,300.0,2.1,22000.0,3000.0,30.0,22.0,,0,1,0,0,0,2024-04-23 16:00:00
2024-04-23 16:30:00,19.088686,72.867919,11,VABB,280.0,2.1,22000.0,3000.0,30.0,22.0,,0,1,0,0,0,2024-04-23 16:00:00
2024-04-23 17:00:00,19.088686,72.867919,11,VABB,300.0,1.5,22000.0,3000.0,30.0,22.0,,0,1,0,0,0,2024-04-23 17:00:00
2024-04-23 17:30:00,19.088686,72.867919,11,VABB,300.0,2.6,22000.0,3000.0,30.0,23.0,,0,1,0,0,0,2024-04-23 17:00:00
2024-04-23 18:00:00,19.088686,72.867919,11,VABB,,0.0,,2000.0,28.4,23.8,1007.3,0,0,0,0,0,2024-04-23 18:00:00
2024-04-23 18:00:00,19.088686,72.867919,11,VABB,320.0,2.1,22000.0,3000.0,29.0,23.0,,0,1,0,0,0,2024-04-23 18:00:00
2024-04-23 18:30:00,19.088686,72.867919,11,VABB,300.0,2.6,22000.0,3000.0,30.0,24.0,,0,1,0,0,0,2024-04-23 18:00:00
2024-04-23 19:00:00,19.088686,72.867919,11,VABB,310.0,2.6,22000.0,3000.0,29.0,24.0,,0,1,0,0,0,2024-04-23 19:00:00
2024-04-23 19:30:00,19.088686,72.867919,11,VABB,290.0,3.6,22000.0,3000.0,29.0,24.0,,0,1,0,0,0,2024-04-23 19:00:00
2024-04-23 20:00:00,19.088686,72.867919,11,VABB,310.0,2.6,22000.0,3000.0,29.0,25.0,,0,1,0,0,0,2024-04-23 20:00:00
2024-04-23 20:30:00,19.088686,72.867919,11,VABB,320.0,2.6,22000.0,3000.0,28.0,25.0,,1,0,0,0,0,2024-04-23 20:00:00
2024-04-23 21:00:00,19.088686,72.867919,11,VABB,,0.0,,2000.0,27.8,23.7,1005.7,0,0,0,0,0,2024-04-23 21:00:00
2024-04-23 21:00:00,19.088686,72.867919,11,VABB,330.0,2.6,22000.0,3000.0,28.0,25.0,,1,0,0,0,0,2024-04-23 21:00:00
2024-04-23 21:30:00,19.088686,72.867919,11,VABB,320.0,3.1,2000.0,3000.0,28.0,25.0,,1,0,0,0,0,2024-04-23 21:00:00
2024-04-23 22:00:00,19.088686,72.867919,11,VABB,330.0,2.6,2000.0,3000.0,28.0,25.0,,1,0,0,0,0,2024-04-23 22:00:00
2024-04-23 22:30:00,19.088686,72.867919,11,VABB,350.0,2.6,2000.0,3000.0,28.0,24.0,,1,0,0,0,0,2024-04-23 22:00:00
2024-04-23 23:00:00,19.088686,72.867919,11,VABB,350.0,3.1,2000.0,3000.0,28.0,24.0,,0,1,0,0,0,2024-04-23 23:00:00
2024-04-23 23:30:00,19.088686,72.867919,11,VABB,30.0,2.6,2000.0,3000.0,28.0,23.0,,0,1,0,0,0,2024-04-23 23:00:00
2024-04-24 00:00:00,19.088686,72.867919,11,VABB,,0.0,,2000.0,26.6,22.5,1005.8,0,0,0,0,0,2024-04-24 00:00:00
2024-04-24 00:00:00,19.088686,72.867919,11,VABB,360.0,2.1,10000.0,3000.0,28.0,23.0,,0,1,0,0,0,2024-04-24 00:00:00
2024-04-24 00:30:00,19.088686,72.867919,11,VABB,340.0,3.1,10000.0,3000.0,28.0,22.0,,0,1,0,0,0,2024-04-24 00:00:00
2024-04-24 01:00:00,19.088686,72.867919,11,VABB,10.0,2.1,2000.0,3000.0,28.0,23.0,,0,1,0,0,0,2024-04-24 01:00:00
2024-04-24 01:30:00,19.088686,72.867919,11,VABB,340.0,2.1,2000.0,3000.0,28.0,23.0,,0,1,0,0,0,2024-04-24 01:00:00
2024-04-24 02:00:00,19.088686,72.867919,11,VABB,340.0,2.1,2000.0,3000.0,29.0,23.0,,0,1,0,0,0,2024-04-24 02:00:00
2024-04-24 02:30:00,19.088686,72.867919,11,VABB,340.0,2.6,3048.0,3000.0,29.0,23.0,,0,1,0,0,0,2024-04-24 02:00:00
2024-04-24 03:00:00,19.088686,72.867919,11,VABB,,0.0,22000.0,2000.0,29.0,22.2,1007.7,0,0,0,0,0,2024-04-24 03:00:00
2024-04-24 03:00:00,19.088686,72.867919,11,VABB,30.0,4.1,3048.0,3000.0,30.0,22.0,,0,1,0,0,0,2024-04-24 03:00:00
2024-04-24 03:30:00,19.088686,72.867919,11,VABB,10.0,3.6,3048.0,3000.0,30.0,22.0,,0,1,0,0,0,2024-04-24 03:00:00
2024-04-24 04:00:00,19.088686,72.867919,11,VABB,330.0,2.1,3048.0,3000.0,31.0,22.0,,0,1,0,0,0,2024-04-24 04:00:00
2024-04-24 04:30:00,19.088686,72.867919,11,VABB,330.0,2.6,3048.0,3000.0,32.0,21.0,,0,0,0,0,0,2024-04-24 04:00:00
2024-04-24 05:00:00,19.088686,72.867919,11,VABB,300.0,3.1,3048.0,3000.0,33.0,21.0,,0,0,0,0,0,2024-04-24 05:00:00
2024-04-24 05:30:00,19.088686,72.867919,11,VABB,270.0,4.1,3048.0,3000.0,33.0,21.0,,0,0,0,0,0,2024-04-24 05:00:00
2024-04-24 06:00:00,19.088686,72.867919,11,VABB,320.0,2.1,22000.0,2000.0,33.0,23.8,1007.8,0,0,0,0,0,2024-04-24 06:00:00
2024-04-24 06:00:00,19.088686,72.867919,11,VABB,260.0,6.2,3048.0,3000.0,33.0,24.0,,0,0,0,0,0,2024-04-24 06:00:00
2024-04-24 06:30:00,19.088686,72.867919,11,VABB,250.0,5.7,3048.0,3000.0,33.0,24.0,,0,0,0,0,0,2024-04-24 06:00:00
2024-04-24 07:00:00,19.088686,72.867919,11,VABB,270.0,4.1,3048.0,3000.0,33.0,25.0,,0,1,0,0,1,2024-04-24 07:00:00
2024-04-24 07:30:00,19.088686,72.867919,11,VABB,250.0,5.1,3048.0,3500.0,33.0,25.0,,0,1,0,0,1,2024-04-24 07:00:00
2024-04-24 08:00:00,19.088686,72.867919,11,VABB,280.0,5.7,3048.0,3500.0,33.0,25.0,,0,1,0,0,0,2024-04-24 08:00:00
2024-04-24 08:30:00,19.088686,72.867919,11,VABB,270.0,5.7,2000.0,3500.0,34.0,25.0,,0,1,0,0,0,2024-04-24 08:00:00
2024-04-24 09:00:00,19.088686,72.867919,11,VABB,320.0,3.1,22000.0,2000.0,33.8,24.1,1005.8,0,0,0,0,0,2024-04-24 09:00:00
2024-04-24 09:00:00,19.088686,72.867919,11,VABB,300.0,5.7,2000.0,4000.0,33.0,23.0,,0,0,0,0,0,2024-04-24 09:00:00
2024-04-24 09:30:00,19.088686,72.867919,11,VABB,280.0,6.2,2000.0,4000.0,33.0,23.0,,0,0,0,0,0,2024-04-24 09:00:00
2024-04-24 10:00:00,19.088686,72.867919,11,VABB,290.0,5.1,10000.0,4000.0,33.0,22.0,,0,0,0,0,0,2024-04-24 10:00:00
2024-04-24 10:30:00,19.088686,72.867919,11,VABB,310.0,4.1,10000.0,4000.0,34.0,22.0,,0,0,0,0,0,2024-04-24 10:00:00
2024-04-24 11:00:00,19.088686,72.867919,11,VABB,300.0,5.7,10000.0,4000.0,33.0,23.0,,0,0,0,0,0,2024-04-24 11:00:00
2024-04-24 11:30:00,19.088686,72.867919,11,VABB,300.0,5.7,22000.0,4000.0,32.0,23.0,,0,0,0,0,0,2024-04-24 11:00:00
2024-04-24 12:00:00,19.088686,72.867919,11,VABB,320.0,3.1,,2000.0,31.8,24.1,1004.4,0,0,0,0,0,2024-04-24 12:00:00
2024-04-24 12:00:00,19.088686,72.867919,11,VABB,300.0,4.6,22000.0,4000.0,31.0,23.0,,0,0,0,0,0,2024-04-24 12:00:00
2024-04-24 12:30:00,19.088686,72.867919,11,VABB,290.0,6.2,10000.0,4000.0,31.0,23.0,,0,1,0,0,0,2024-04-24 12:00:00
2024-04-24 13:00:00,19.088686,72.867919,11,VABB,300.0,3.6,10000.0,4000.0,31.0,24.0,,0,1,0,0,0,2024-04-24 13:00:00
2024-04-24 13:30:00,19.088686,72.867919,11,VABB,300.0,4.1,10000.0,3500.0,30.0,24.0,,0,1,0,0,0,2024-04-24 13:00:00
2024-04-24 14:00:00,19.088686,72.867919,11,VABB,310.0,3.6,10000.0,3500.0,30.0,24.0,,0,1,0,0,0,2024-04-24 14:00:00
2024-04-24 14:30:00,19.088686,72.867919,11,VABB,300.0,2.6,10000.0,3500.0,30.0,24.0,,0,1,0,0,0,2024-04-24 14:00:00
2024-04-24 15:00:00,19.088686,72.867919,11,VABB,320.0,3.1,,2000.0,29.4,23.9,1006.5,0,0,0,0,0,2024-04-24 15:00:00
2024-04-24 15:00:00,19.088686,72.867919,11,VABB,310.0,2.6,22000.0,3500.0,30.0,24.0,,0,1,0,0,0,2024-04-24 15:00:00
2024-04-24 15:30:00,19.088686,72.867919,11,VABB,300.0,2.6,22000.0,3500.0,29.0,24.0,,0,1,0,0,0,2024-04-24 15:00:00
2024-04-24 16:00:00,19.088686,72.867919,11,VABB,330.0,2.1,22000.0,3000.0,29.0,24.0,,0,1,0,0,0,2024-04-24 16:00:00
2024-04-24 16:30:00,19.088686,72.867919,11,VABB,100.0,2.1,22000.0,3000.0,30.0,24.0,,0,1,0,0,0,2024-04-24 16:00:00
2024-04-24 17:00:00,19.088686,72.867919,11,VABB,310.0,1.5,22000.0,3000.0,29.0,24.0,,0,1,0,0,0,2024-04-24 17:00:00
2024-04-24 17:30:00,19.088686,72.867919,11,VABB,280.0,2.1,22000.0,3000.0,29.0,24.0,,0,1,0,0,0,2024-04-24 17:00:00
2024-04-24 18:00:00,19.088686,72.867919,11,VABB,,0.0,22000.0,2000.0,28.8,23.3,1008.4,0,0,0,0,0,2024-04-24 18:00:00
2024-04-24 18:00:00,19.088686,72.867919,11,VABB,230.0,3.1,22000.0,3000.0,29.0,24.0,,0,1,0,0,0,2024-04-24 18:00:00
2024-04-24 18:30:00,19.088686,72.867919,11,VABB,260.0,3.1,22000.0,3000.0,29.0,24.0,,0,1,0,0,0,2024-04-24 18:00:00
2024-04-24 19:00:00,19.088686,72.867919,11,VABB,230.0,3.1,22000.0,3000.0,29.0,24.0,,0,1,0,0,0,2024-04-24 19:00:00
2024-04-24 19:30:00,19.088686,72.867919,11,VABB,240.0,3.1,22000.0,3000.0,29.0,25.0,,0,1,0,0,0,2024-04-24 19:00:00
2024-04-24 20:00:00,19.088686,72.867919,11,VABB,240.0,3.6,22000.0,3000.0,28.0,25.0,,1,0,0,0,0,2024-04-24 20:00:00
2024-04-24 20:30:00,19.088686,72.867919,11,VABB,280.0,2.6,22000.0,3000.0,28.0,26.0,,1,0,0,0,0,2024-04-24 20:00:00
2024-04-24 21:00:00,19.088686,72.867919,11,VABB,,0.0,22000.0,2000.0,28.2,25.1,1007.1,0,0,0,0,0,2024-04-24 21:00:00
2024-04-24 21:00:00,19.088686,72.867919,11,VABB,260.0,2.6,2000.0,3000.0,28.0,26.0,,1,0,0,0,0,2024-04-24 21:00:00
2024-04-24 21:30:00,19.088686,72.867919,11,VABB,230.0,3.6,2000.0,2500.0,28.0,26.0,,1,0,0,0,0,2024-04-24 21:00:00
2024-04-24 22:00:00,19.088686,72.867919,11,VABB,290.0,2.1,2000.0,2500.0,28.0,26.0,,1,0,0,0,0,2024-04-24 22:00:00
2024-04-24 22:30:00,19.088686,72.867919,11,VABB,280.0,2.6,2000.0,2500.0,28.0,26.0,,1,0,0,0,0,2024-04-24 22:00:00
2024-04-24 23:00:00,19.088686,72.867919,11,VABB,270.0,2.1,2000.0,2500.0,28.0,26.0,,1,0,0,0,0,2024-04-24 23:00:00
2024-04-24 23:30:00,19.088686,72.867919,11,VABB,350.0,1.5,2000.0,2500.0,28.0,26.0,,1,0,0,0,0,2024-04-24 23:00:00
2024-04-25 00:00:00,19.088686,72.867919,11,VABB,,0.0,22000.0,2000.0,27.4,24.5,1006.8,0,0,0,0,0,2024-04-25 00:00:00
2024-04-25 00:00:00,19.088686,72.867919,11,VABB,320.0,1.5,2000.0,2500.0,28.0,26.0,,1,0,0,0,0,2024-04-25 00:00:00
2024-04-25 00:30:00,19.088686,72.867919,11,VABB,340.0,1.5,2000.0,2500.0,28.0,26.0,,1,0,0,0,0,2024-04-25 00:00:00
2024-04-25 01:00:00,19.088686,72.867919,11,VABB,350.0,1.5,2000.0,2500.0,28.0,26.0,,1,0,0,0,0,2024-04-25 01:00:00
2024-04-25 01:30:00,19.088686,72.867919,11,VABB,340.0,3.1,2000.0,2500.0,28.0,26.0,,1,0,0,0,0,2024-04-25 01:00:00
2024-04-25 02:00:00,19.088686,72.867919,11,VABB,340.0,3.1,3048.0,2500.0,29.0,26.0,,1,0,0,0,0,2024-04-25 02:00:00
2024-04-25 02:30:00,19.088686,72.867919,11,VABB,350.0,3.1,3048.0,2500.0,29.0,25.0,,1,0,0,0,0,2024-04-25 02:00:00
2024-04-25 03:00:00,19.088686,72.867919,11,VABB,,0.0,22000.0,2000.0,29.4,23.6,1007.4,0,0,0,0,0,2024-04-25 03:00:00
2024-04-25 03:00:00,19.088686,72.867919,11,VABB,20.0,2.1,2000.0,2500.0,30.0,25.0,,1,0,0,0,0,2024-04-25 03:00:00
2024-04-25 03:30:00,19.088686,72.867919,11,VABB,20.0,4.1,2000.0,3000.0,31.0,23.0,,0,1,0,0,0,2024-04-25 03:00:00
2024-04-25 04:00:00,19.088686,72.867919,11,VABB,30.0,3.1,22000.0,3000.0,32.0,23.0,,0,1,0,0,0,2024-04-25 04:00:00
2024-04-25 04:30:00,19.088686,72.867919,11,VABB,310.0,3.1,22000.0,3000.0,32.0,22.0,,0,1,0,0,0,2024-04-25 04:00:00
2024-04-25 05:00:00,19.088686,72.867919,11,VABB,350.0,2.6,22000.0,3000.0,33.0,21.0,,0,0,0,0,0,2024-04-25 05:00:00
2024-04-25 05:30:00,19.088686,72.867919,11,VABB,310.0,4.1,22000.0,3000.0,34.0,21.0,,0,0,0,0,0,2024-04-25 05:00:00
2024-04-25 06:00:00,19.088686,72.867919,11,VABB,320.0,1.5,,2000.0,34.6,21.4,1007.8,0,0,0,0,0,2024-04-25 06:00:00
2024-04-25 06:00:00,19.088686,72.867919,11,VABB,310.0,4.1,22000.0,3000.0,35.0,21.0,,0,0,0,0,0,2024-04-25 06:00:00
2024-04-25 06:30:00,19.088686,72.867919,11,VABB,290.0,4.6,22000.0,3500.0,35.0,23.0,,0,0,0,0,0,2024-04-25 06:00:00
2024-04-25 07:00:00,19.088686,72.867919,11,VABB,290.0,6.7,22000.0,4000.0,34.0,21.0,,0,0,0,0,0,2024-04-25 07:00:00
2024-04-25 07:30:00,19.088686,72.867919,11,VABB,300.0,5.7,22000.0,4000.0,34.0,20.0,,0,0,0,0,0,2024-04-25 07:00:00
2024-04-25 08:00:00,19.088686,72.867919,11,VABB,300.0,6.2,22000.0,5000.0,34.0,19.0,,0,0,0,0,0,2024-04-25 08:00:00
2024-04-25 08:30:00,19.088686,72.867919,11,VABB,290.0,6.7,22000.0,5000.0,34.0,18.0,,0,0,0,0,0,2024-04-25 08:00:00
2024-04-25 09:00:00,19.088686,72.867919,11,VABB,320.0,2.1,,2000.0,34.2,20.1,1005.7,0,0,0,0,0,2024-04-25 09:00:00
2024-04-25 09:00:00,19.088686,72.867919,11,VABB,270.0,4.6,22000.0,5000.0,33.0,18.0,,0,0,0,0,1,2024-04-25 09:00:00
2024-04-25 09:30:00,19.088686,72.867919,11,VABB,260.0,3.6,22000.0,5000.0,33.0,18.0,,0,0,0,0,1,2024-04-25 09:00:00
2024-04-25 10:00:00,19.088686,72.867919,11,VABB,280.0,4.1,22000.0,4000.0,33.0,18.0,,0,0,0,0,1,2024-04-25 10:00:00
2024-04-25 10:30:00,19.088686,72.867919,11,VABB,280.0,4.1,22000.0,4000.0,34.0,19.0,,0,0,0,0,1,2024-04-25 10:00:00
2024-04-25 11:00:00,19.088686,72.867919,11,VABB,280.0,6.2,22000.0,3500.0,33.0,20.0,,0,0,0,0,0,2024-04-25 11:00:00
2024-04-25 11:30:00,19.088686,72.867919,11,VABB,310.0,5.7,22000.0,3000.0,32.0,20.0,,0,0,0,0,0,2024-04-25 11:00:00
2024-04-25 12:00:00,19.088686,72.867919,11,VABB,340.0,2.1,,2000.0,31.6,21.2,1004.7,0,0,0,0,0,2024-04-25 12:00:00
2024-04-25 12:00:00,19.088686,72.867919,11,VABB,290.0,6.2,22000.0,3000.0,32.0,21.0,,0,0,0,0,0,2024-04-25 12:00:00
2024-04-25 12:30:00,19.088686,72.867919,11,VABB,290.0,5.7,22000.0,3000.0,32.0,21.0,,0,0,0,0,0,2024-04-25 12:00:00
2024-04-25 13:00:00,19.088686,72.867919,11,VABB,300.0,3.6,22000.0,3000.0,31.0,22.0,,0,0,0,0,0,2024-04-25 13:00:00
2024-04-25 13:30:00,19.088686,72.867919,11,VABB,300.0,5.1,22000.0,3000.0,30.0,22.0,,0,0,0,0,0,2024-04-25 13:00:00
2024-04-25 14:00:00,19.088686,72.867919,11,VABB,320.0,3.1,22000.0,3000.0,31.0,23.0,,0,1,0,0,0,2024-04-25 14:00:00
2024-04-25 14:30:00,19.088686,72.867919,11,VABB,300.0,3.6,22000.0,3000.0,30.0,23.0,,0,1,0,0,0,2024-04-25 14:00:00
2024-04-25 15:00:00,19.088686,72.867919,11,VABB,,0.0,22000.0,2000.0,29.6,23.5,1006.6,0,0,0,0,0,2024-04-25 15:00:00
2024-04-25 15:00:00,19.088686,72.867919,11,VABB,290.0,3.6,22000.0,3000.0,30.0,23.0,,0,1,0,0,0,2024-04-25 15:00:00
2024-04-25 15:30:00,19.088686,72.867919,11,VABB,320.0,3.1,10000.0,3000.0,30.0,23.0,,0,1,0,0,0,2024-04-25 15:00:00
2024-04-25 16:00:00,19.088686,72.867919,11,VABB,300.0,1.5,10000.0,3000.0,30.0,22.0,,0,1,0,0,0,2024-04-25 16:00:00
2024-04-25 16:30:00,19.088686,72.867919,11,VABB,360.0,2.6,2000.0,3000.0,31.0,22.0,,0,1,0,0,0,2024-04-25 16:00:00
2024-04-25 17:00:00,19.088686,72.867919,11,VABB,40.0,2.6,2000.0,3000.0,30.0,22.0,,0,1,0,0,0,2024-04-25 17:00:00
2024-04-25 17:30:00,19.088686,72.867919,11,VABB,50.0,1.5,2000.0,3000.0,30.0,21.0,,0,1,0,0,0,2024-04-25 17:00:00
2024-04-25 18:00:00,19.088686,72.867919,11,VABB,,0.0,,2000.0,28.4,22.8,1007.7,0,0,0,0,0,2024-04-25 18:00:00
2024-04-25 18:00:00,19.088686,72.867919,11,VABB,80.0,1.5,22000.0,3000.0,30.0,21.0,,0,0,0,0,0,2024-04-25 18:00:00
2024-04-25 18:30:00,19.088686,72.867919,11,VABB,340.0,2.1,22000.0,3000.0,30.0,22.0,,0,1,0,0,0,2024-04-25 18:00:00
2024-04-25 19:00:00,19.088686,72.867919,11,VABB,310.0,2.1,22000.0,3000.0,30.0,21.0,,0,1,0,0,0,2024-04-25 19:00:00
2024-04-25 19:30:00,19.088686,72.867919,11,VABB,240.0,3.1,22000.0,3000.0,29.0,22.0,,0,1,0,0,0,2024-04-25 19:00:00
2024-04-25 20:00:00,19.088686,72.867919,11,VABB,270.0,2.6,22000.0,3000.0,29.0,22.0,,0,1,0,0,0,2024-04-25 20:00:00
2024-04-25 20:30:00,19.088686,72.867919,11,VABB,310.0,2.6,22000.0,3000.0,29.0,22.0,,0,1,0,0,0,2024-04-25 20:00:00
2024-04-25 21:00:00,19.088686,72.867919,11,VABB,,0.0,,2000.0,28.4,23.8,1006.4,0,0,0,0,0,2024-04-25 21:00:00
2024-04-25 21:00:00,19.088686,72.867919,11,VABB,280.0,3.6,22000.0,3000.0,29.0,24.0,,1,0,0,0,0,2024-04-25 21:00:00
2024-04-25 21:30:00,19.088686,72.867919,11,VABB,310.0,3.1,22000.0,3000.0,29.0,26.0,,1,0,0,0,0,2024-04-25 21:00:00
2024-04-25 22:00:00,19.088686,72.867919,11,VABB,300.0,2.6,3048.0,3000.0,28.0,26.0,,1,0,0,0,0,2024-04-25 22:00:00
2024-04-25 22:30:00,19.088686,72.867919,11,VABB,300.0,3.1,3048.0,3000.0,28.0,26.0,,1,0,0,0,0,2024-04-25 22:00:00
2024-04-25 23:00:00,19.088686,72.867919,11,VABB,300.0,2.6,3048.0,3000.0,28.0,26.0,,1,0,0,0,0,2024-04-25 23:00:00
2024-04-25 23:30:00,19.088686,72.867919,11,VABB,320.0,3.1,3048.0,3000.0,28.0,26.0,,1,0,0,0,0,2024-04-25 23:00:00
2024-04-26 00:00:00,19.088686,72.867919,11,VABB,,0.0,600.0,2000.0,28.2,25.1,1006.6,0,0,0,0,0,2024-04-26 00:00:00
2024-04-26 00:00:00,19.088686,72.867919,11,VABB,20.0,2.6,10000.0,3000.0,29.0,26.0,,1,0,0,0,0,2024-04-26 00:00:00
2024-04-26 00:30:00,19.088686,72.867919,11,VABB,30.0,3.6,10000.0,3000.0,29.0,26.0,,1,0,0,0,0,2024-04-26 00:00:00
2024-04-26 01:00:00,19.088686,72.867919,11,VABB,30.0,3.1,2000.0,3000.0,29.0,26.0,,1,0,0,0,0,2024-04-26 01:00:00
2024-04-26 01:30:00,19.088686,72.867919,11,VABB,60.0,3.6,3048.0,3000.0,29.0,26.0,,0,1,0,0,0,2024-04-26 01:00:00
2024-04-26 02:00:00,19.088686,72.867919,11,VABB,0.0,0.0,3048.0,3000.0,29.0,25.0,,0,1,0,0,0,2024-04-26 02:00:00
2024-04-26 02:30:00,19.088686,72.867919,11,VABB,340.0,3.1,3048.0,3000.0,30.0,23.0,,0,1,0,0,0,2024-04-26 02:00:00
2024-04-26 03:00:00,19.088686,72.867919,11,VABB,,0.0,,2000.0,29.8,23.4,1007.8,0,0,0,0,0,2024-04-26 03:00:00
2024-04-26 03:00:00,19.088686,72.867919,11,VABB,350.0,3.1,2000.0,3000.0,31.0,20.0,,0,0,0,0,0,2024-04-26 03:00:00
2024-04-26 03:30:00,19.088686,72.867919,11,VABB,330.0,3.1,3048.0,3000.0,32.0,19.0,,0,0,0,0,0,2024-04-26 03:00:00
2024-04-26 04:00:00,19.088686,72.867919,11,VABB,350.0,2.6,3048.0,3000.0,33.0,18.0,,0,0,0,0,0,2024-04-26 04:00:00
2024-04-26 04:30:00,19.088686,72.867919,11,VABB,20.0,3.6,10000.0,3000.0,34.0,18.0,,0,0,0,0,0,2024-04-26 04:00:00
2024-04-26 05:00:00,19.088686,72.867919,11,VABB,280.0,2.6,10000.0,3500.0,35.0,14.0,,0,0,0,0,0,2024-04-26 05:00:00
2024-04-26 05:30:00,19.088686,72.867919,11,VABB,280.0,3.6,10000.0,3500.0,36.0,13.0,,0,0,0,0,0,2024-04-26 05:00:00
2024-04-26 06:00:00,19.088686,72.867919,11,VABB,320.0,1.5,,2000.0,35.4,21.3,1007.9,0,0,0,0,0,2024-04-26 06:00:00
2024-04-26 06:00:00,19.088686,72.867919,11,VABB,300.0,5.7,10000.0,3500.0,35.0,20.0,,0,0,0,0,0,2024-04-26 06:00:00
2024-04-26 06:30:00,19.088686,72.867919,11,VABB,280.0,4.1,3048.0,3500.0,34.0,23.0,,0,0,0,0,1,2024-04-26 06:00:00
2024-04-26 07:00:00,19.088686,72.867919,11,VABB,270.0,5.7,3048.0,3500.0,33.0,25.0,,0,0,0,0,0,2024-04-26 07:00:00
2024-04-26 07:30:00,19.088686,72.867919,11,VABB,270.0,5.7,3048.0,3500.0,33.0,24.0,,0,0,0,0,0,2024-04-26 07:00:00
2024-04-26 08:00:00,19.088686,72.867919,11,VABB,280.0,3.6,3048.0,3500.0,33.0,25.0,,0,0,0,0,1,2024-04-26 08:00:00
2024-04-26 08:30:00,19.088686,72.867919,11,VABB,280.0,5.7,3048.0,3500.0,33.0,25.0,,0,0,0,0,0,2024-04-26 08:00:00
2024-04-26 09:00:00,19.088686,72.867919,11,VABB,320.0,2.1,22000.0,2000.0,34.2,25.5,1006.0,0,0,0,0,0,2024-04-26 09:00:00
2024-04-26 09:00:00,19.088686,72.867919,11,VABB,270.0,5.1,3048.0,3500.0,34.0,25.0,,0,1,0,0,0,2024-04-26 09:00:00
2024-04-26 09:30:00,19.088686,72.867919,11,VABB,290.0,4.6,3048.0,3500.0,34.0,25.0,,0,1,0,0,0,2024-04-26 09:00:00
2024-04-26 10:00:00,19.088686,72.867919,11,VABB,290.0,6.7,3048.0,3500.0,33.0,25.0,,0,1,0,0,0,2024-04-26 10:00:00
2024-04-26 10:30:00,19.088686,72.867919,11,VABB,280.0,5.7,3048.0,4000.0,34.0,25.0,,0,1,0,0,0,2024-04-26 10:00:00
2024-04-26 11:00:00,19.088686,72.867919,11,VABB,270.0,5.1,2000.0,4000.0,34.0,26.0,,0,1,0,0,0,2024-04-26 11:00:00
2024-04-26 11:30:00,19.088686,72.867919,11,VABB,290.0,6.2,2000.0,4000.0,33.0,25.0,,0,1,0,0,0,2024-04-26 11:00:00
2024-04-26 12:00:00,19.088686,72.867919,11,VABB,360.0,1.5,,2000.0,32.4,25.4,1004.9,0,0,0,0,0,2024-04-26 12:00:00
2024-04-26 12:00:00,19.088686,72.867919,11,VABB,280.0,5.7,2000.0,4000.0,32.0,25.0,,0,1,0,0,0,2024-04-26 12:00:00
2024-04-26 12:30:00,19.088686,72.867919,11,VABB,310.0,3.6,22000.0,4000.0,32.0,24.0,,0,1,0,0,0,2024-04-26 12:00:00
2024-04-26 13:00:00,19.088686,72.867919,11,VABB,300.0,4.6,22000.0,4000.0,32.0,22.0,,0,0,0,0,0,2024-04-26 13:00:00
2024-04-26 13:30:00,19.088686,72.867919,11,VABB,300.0,2.6,22000.0,4000.0,32.0,21.0,,0,0,0,0,0,2024-04-26 13:00:00
2024-04-26 14:00:00,19.088686,72.867919,11,VABB,310.0,2.6,22000.0,3500.0,32.0,20.0,,0,0,0,0,0,2024-04-26 14:00:00
2024-04-26 14:30:00,19.088686,72.867919,11,VABB,330.0,2.1,22000.0,3500.0,33.0,20.0,,0,0,0,0,0,2024-04-26 14:00:00
2024-04-26 15:00:00,19.088686,72.867919,11,VABB,,0.0,,2000.0,31.0,21.2,1006.3,0,0,0,0,0,2024-04-26 15:00:00
2024-04-26 15:00:00,19.088686,72.867919,11,VABB,330.0,2.6,22000.0,3500.0,33.0,19.0,,0,0,0,0,0,2024-04-26 15:00:00
2024-04-26 15:30:00,19.088686,72.867919,11,VABB,360.0,2.1,22000.0,3500.0,33.0,18.0,,0,0,0,0,0,2024-04-26 15:00:00
2024-04-26 16:00:00,19.088686,72.867919,11,VABB,30.0,2.1,22000.0,3000.0,33.0,18.0,,0,0,0,0,0,2024-04-26 16:00:00
2024-04-26 16:30:00,19.088686,72.867919,11,VABB,0.0,0.0,22000.0,3000.0,33.0,18.0,,0,0,0,0,0,2024-04-26 16:00:00
2024-04-26 17:00:00,19.088686,72.867919,11,VABB,260.0,2.6,22000.0,3000.0,32.0,22.0,,0,0,0,0,0,2024-04-26 17:00:00
2024-04-26 17:30:00,19.088686,72.867919,11,VABB,270.0,3.1,22000.0,3000.0,31.0,25.0,,0,0,0,0,0,2024-04-26 17:00:00
2024-04-26 18:00:00,19.088686,72.867919,11,VABB,,0.0,22000.0,2000.0,30.2,24.5,1007.5,0,0,0,0,0,2024-04-26 18:00:00
2024-04-26 18:00:00,19.088686,72.867919,11,VABB,280.0,4.6,22000.0,3000.0,30.0,25.0,,0,0,0,0,0,2024-04-26 18:00:00
2024-04-26 18:30:00,19.088686,72.867919,11,VABB,300.0,3.6,10000.0,3000.0,30.0,24.0,,0,0,0,0,0,2024-04-26 18:00:00
2024-04-26 19:00:00,19.088686,72.867919,11,VABB,290.0,4.6,10000.0,3000.0,30.0,25.0,,0,0,0,0,0,2024-04-26 19:00:00
2024-04-26 19:30:00,19.088686,72.867919,11,VABB,320.0,3.6,2000.0,3000.0,29.0,26.0,,0,1,0,0,0,2024-04-26 19:00:00
2024-04-26 20:00:00,19.088686,72.867919,11,VABB,330.0,3.6,2000.0,3000.0,29.0,26.0,,0,1,0,0,0,2024-04-26 20:00:00
2024-04-26 20:30:00,19.088686,72.867919,11,VABB,300.0,4.1,2000.0,2500.0,29.0,26.0,,0,1,0,0,0,2024-04-26 20:00:00
2024-04-26 21:00:00,19.088686,72.867919,11,VABB,320.0,1.5,22000.0,2000.0,28.8,24.5,1006.3,0,0,0,0,0,2024-04-26 21:00:00
2024-04-26 21:00:00,19.088686,72.867919,11,VABB,340.0,4.1,2000.0,2500.0,29.0,26.0,,0,1,0,0,0,2024-04-26 21:00:00
2024-04-26 21:30:00,19.088686,72.867919,11,VABB,340.0,3.6,2000.0,2500.0,29.0,25.0,,0,1,0,0,0,2024-04-26 21:00:00
2024-04-26 22:00:00,19.088686,72.867919,11,VABB,340.0,3.6,2000.0,2500.0,29.0,24.0,,0,1,0,0,0,2024-04-26 22:00:00
2024-04-26 22:30:00,19.088686,72.867919,11,VABB,350.0,2.1,2000.0,2500.0,29.0,24.0,,0,1,0,0,0,2024-04-26 22:00:00
2024-04-26 23:00:00,19.088686,72.867919,11,VABB,40.0,2.6,2000.0,2500.0,29.0,23.0,,0,1,0,0,0,2024-04-26 23:00:00
2024-04-26 23:30:00,19.088686,72.867919,11,VABB,0.0,0.0,3048.0,2500.0,29.0,23.0,,0,1,0,0,0,2024-04-26 23:00:00
2024-04-27 00:00:00,19.088686,72.867919,11,VABB,,0.0,22000.0,2000.0,27.8,22.5,1006.5,0,0,0,0,0,2024-04-27 00:00:00
2024-04-27 00:00:00,19.088686,72.867919,11,VABB,340.0,1.5,3048.0,2500.0,29.0,23.0,,0,1,0,0,0,2024-04-27 00:00:00
2024-04-27 00:30:00,19.088686,72.867919,11,VABB,330.0,1.5,3048.0,2500.0,29.0,23.0,,0,1,0,0,0,2024-04-27 00:00:00
2024-04-27 01:00:00,19.088686,72.867919,11,VABB,50.0,2.1,3048.0,2500.0,29.0,23.0,,0,1,0,0,0,2024-04-27 01:00:00
2024-04-27 01:30:00,19.088686,72.867919,11,VABB,350.0,1.5,3048.0,2500.0,30.0,23.0,,0,1,0,0,0,2024-04-27 01:00:00
2024-04-27 02:00:00,19.088686,72.867919,11,VABB,330.0,2.1,3048.0,3000.0,30.0,23.0,,0,1,0,0,0,2024-04-27 02:00:00
2024-04-27 02:30:00,19.088686,72.867919,11,VABB,360.0,2.6,3048.0,3000.0,30.0,23.0,,0,1,0,0,0,2024-04-27 02:00:00
2024-04-27 03:00:00,19.088686,72.867919,11,VABB,,0.0,22000.0,2000.0,30.2,22.3,1008.6,0,0,0,0,0,2024-04-27 03:00:00
2024-04-27 03:00:00,19.088686,72.867919,11,VABB,360.0,3.6,3048.0,3000.0,31.0,22.0,,0,0,0,0,0,2024-04-27 03:00:00
2024-04-27 03:30:00,19.088686,72.867919,11,VABB,340.0,2.6,3048.0,3000.0,32.0,21.0,,0,0,0,0,0,2024-04-27 03:00:00
2024-04-27 04:00:00,19.088686,72.867919,11,VABB,20.0,3.1,2000.0,3000.0,33.0,20.0,,0,0,0,0,0,2024-04-27 04:00:00
2024-04-27 04:30:00,19.088686,72.867919,11,VABB,330.0,1.5,3048.0,3000.0,33.0,21.0,,0,0,0,0,0,2024-04-27 04:00:00
2024-04-27 05:00:00,19.088686,72.867919,11,VABB,320.0,2.6,2000.0,3000.0,34.0,21.0,,0,0,0,0,0,2024-04-27 05:00:00
2024-04-27 05:30:00,19.088686,72.867919,11,VABB,300.0,2.1,22000.0,3500.0,35.0,21.0,,0,0,0,0,0,2024-04-27 05:00:00
2024-04-27 06:00:00,19.088686,72.867919,11,VABB,320.0,1.5,,2000.0,35.8,20.7,1008.0,0,0,0,0,0,2024-04-27 06:00:00
2024-04-27 06:00:00,19.088686,72.867919,11,VABB,260.0,2.6,22000.0,3500.0,36.0,21.0,,0,0,0,0,0,2024-04-27 06:00:00
2024-04-27 06:30:00,19.088686,72.867919,11,VABB,270.0,5.7,22000.0,3500.0,35.0,25.0,,0,0,0,0,0,2024-04-27 06:00:00
2024-04-27 07:00:00,19.088686,72.867919,11,VABB,280.0,6.2,22000.0,3500.0,35.0,25.0,,0,0,0,0,0,2024-04-27 07:00:00
2024-04-27 07:30:00,19.088686,72.867919,11,VABB,280.0,5.7,22000.0,3500.0,36.0,25.0,,0,0,0,0,0,2024-04-27 07:00:00
2024-04-27 08:00:00,19.088686,72.867919,11,VABB,270.0,6.2,22000.0,3500.0,36.0,25.0,,0,0,0,0,0,2024-04-27 08:00:00
2024-04-27 08:30:00,19.088686,72.867919,11,VABB,260.0,6.2,22000.0,3500.0,35.0,25.0,,0,0,0,0,0,2024-04-27 08:00:00
2024-04-27 09:00:00,19.088686,72.867919,11,VABB,320.0,2.1,,2000.0,36.4,24.2,1005.7,0,0,0,0,0,2024-04-27 09:00:00
2024-04-27 09:00:00,19.088686,72.867919,11,VABB,290.0,5.1,22000.0,3500.0,36.0,23.0,,0,0,0,0,0,2024-04-27 09:00:00
2024-04-27 09:30:00,19.088686,72.867919,11,VABB,280.0,4.1,22000.0,3500.0,36.0,23.0,,0,0,0,0,1,2024-04-27 09:00:00
2024-04-27 10:00:00,19.088686,72.867919,11,VABB,310.0,4.6,22000.0,3500.0,35.0,22.0,,0,0,0,0,0,2024-04-27 10:00:00
2024-04-27 10:30:00,19.088686,72.867919,11,VABB,300.0,6.2,22000.0,3500.0,35.0,22.0,,0,0,0,0,0,2024-04-27 10:00:00
2024-04-27 11:00:00,19.088686,72.867919,11,VABB,310.0,5.7,22000.0,3500.0,35.0,22.0,,0,0,0,0,0,2024-04-27 11:00:00
2024-04-27 11:30:00,19.088686,72.867919,11,VABB,310.0,3.6,22000.0,4000.0,35.0,21.0,,0,0,0,0,1,2024-04-27 11:00:00
2024-04-27 12:00:00,19.088686,72.867919,11,VABB,320.0,2.1,,2000.0,34.6,23.4,1004.4,0,0,0,0,0,2024-04-27 12:00:00
2024-04-27 12:00:00,19.088686,72.867919,11,VABB,310.0,3.6,22000.0,4000.0,35.0,21.0,,0,0,0,0,1,2024-04-27 12:00:00
2024-04-27 12:30:00,19.088686,72.867919,11,VABB,300.0,4.6,22000.0,4000.0,34.0,21.0,,0,0,0,0,0,2024-04-27 12:00:00
2024-04-27 13:00:00,19.088686,72.867919,11,VABB,300.0,4.6,22000.0,4000.0,34.0,22.0,,0,0,0,0,0,2024-04-27 13:00:00
2024-04-27 13:30:00,19.088686,72.867919,11,VABB,310.0,3.1,10000.0,4000.0,34.0,21.0,,0,0,0,0,0,2024-04-27 13:00:00
2024-04-27 14:00:00,19.088686,72.867919,11,VABB,310.0,2.6,10000.0,3000.0,34.0,21.0,,0,0,0,0,0,2024-04-27 14:00:00
2024-04-27 14:30:00,19.088686,72.867919,11,VABB,310.0,3.1,10000.0,3000.0,33.0,21.0,,0,0,0,0,0,2024-04-27 14:00:00
2024-04-27 15:00:00,19.088686,72.867919,11,VABB,,0.0,,2000.0,32.6,23.4,1005.8,0,0,0,0,0,2024-04-27 15:00:00
2024-04-27 15:00:00,19.088686,72.867919,11,VABB,320.0,2.1,10000.0,3000.0,34.0,21.0,,0,0,0,0,0,2024-04-27 15:00:00
2024-04-27 15:30:00,19.088686,72.867919,11,VABB,220.0,3.6,22000.0,3000.0,34.0,21.0,,0,0,0,0,0,2024-04-27 15:00:00
2024-04-27 16:00:00,19.088686,72.867919,11,VABB,80.0,3.1,22000.0,3000.0,33.0,22.0,,0,0,0,0,0,2024-04-27 16:00:00
2024-04-27 16:30:00,19.088686,72.867919,11,VABB,360.0,2.6,22000.0,3000.0,33.0,21.0,,0,0,0,0,0,2024-04-27 16:00:00
2024-04-27 17:00:00,19.088686,72.867919,11,VABB,330.0,2.6,22000.0,3000.0,33.0,21.0,,0,0,0,0,0,2024-04-27 17:00:00
2024-04-27 17:30:00,19.088686,72.867919,11,VABB,340.0,1.5,22000.0,3000.0,33.0,21.0,,0,0,0,0,0,2024-04-27 17:00:00
2024-04-27 18:00:00,19.088686,72.867919,11,VABB,,0.0,,2000.0,30.4,22.2,1007.2,0,0,0,0,0,2024-04-27 18:00:00
2024-04-27 18:00:00,19.088686,72.867919,11,VABB,320.0,1.5,22000.0,3000.0,33.0,20.0,,0,0,0,0,0,2024-04-27 18:00:00
2024-04-27 18:30:00,19.088686,72.867919,11,VABB,300.0,4.1,22000.0,3000.0,32.0,23.0,,0,0,0,0,0,2024-04-27 18:00:00
2024-04-27 19:00:00,19.088686,72.867919,11,VABB,310.0,3.6,22000.0,3000.0,31.0,26.0,,0,1,0,0,0,2024-04-27 19:00:00
2024-04-27 19:30:00,19.088686,72.867919,11,VABB,330.0,3.6,22000.0,3000.0,30.0,26.0,,1,0,0,0,0,2024-04-27 19:00:00
2024-04-27 20:00:00,19.088686,72.867919,11,VABB,310.0,3.6,22000.0,3000.0,31.0,26.0,,1,0,0,0,0,2024-04-27 20:00:00
2024-04-27 20:30:00,19.088686,72.867919,11,VABB,320.0,3.1,22000.0,3000.0,30.0,25.0,,1,0,0,0,0,2024-04-27 20:00:00
2024-04-27 21:00:00,19.088686,72.867919,11,VABB,,0.0,,2000.0,30.2,26.3,1006.2,0,0,0,0,0,2024-04-27 21:00:00
2024-04-27 21:00:00,19.088686,72.867919,11,VABB,330.0,3.6,22000.0,3000.0,31.0,24.0,,0,1,0,0,0,2024-04-27 21:00:00
2024-04-27 21:30:00,19.088686,72.867919,11,VABB,330.0,3.6,22000.0,3000.0,31.0,24.0,,0,1,0,0,0,2024-04-27 21:00:00
2024-04-27 22:00:00,19.088686,72.867919,11,VABB,350.0,2.1,22000.0,3000.0,29.0,22.0,,0,1,0,0,0,2024-04-27 22:00:00
2024-04-27 22:30:00,19.088686,72.867919,11,VABB,330.0,3.6,22000.0,3000.0,30.0,23.0,,0,1,0,0,0,2024-04-27 22:00:00
2024-04-27 23:00:00,19.088686,72.867919,11,VABB,330.0,3.6,22000.0,3000.0,31.0,23.0,,0,1,0,0,0,2024-04-27 23:00:00
2024-04-27 23:30:00,19.088686,72.867919,11,VABB,330.0,3.1,22000.0,3000.0,31.0,22.0,,0,1,0,0,0,2024-04-27 23:00:00
2024-04-28 00:00:00,19.088686,72.867919,11,VABB,,0.0,,2000.0,29.6,23.5,1006.0,0,0,0,0,0,2024-04-28 00:00:00
2024-04-28 00:00:00,19.088686,72.867919,11,VABB,360.0,2.1,22000.0,3000.0,31.0,22.0,,0,0,0,0,0,2024-04-28 00:00:00
2024-04-28 00:30:00,19.088686,72.867919,11,VABB,360.0,2.6,22000.0,3000.0,31.0,21.0,,0,0,0,0,0,2024-04-28 00:00:00
2024-04-28 01:00:00,19.088686,72.867919,11,VABB,20.0,2.6,22000.0,3000.0,31.0,21.0,,0,0,0,0,0,2024-04-28 01:00:00
2024-04-28 01:30:00,19.088686,72.867919,11,VABB,50.0,2.1,22000.0,3000.0,31.0,21.0,,0,0,0,0,0,2024-04-28 01:00:00
2024-04-28 02:00:00,19.088686,72.867919,11,VABB,360.0,2.1,22000.0,3000.0,31.0,20.0,,0,0,0,0,0,2024-04-28 02:00:00
2024-04-28 02:30:00,19.088686,72.867919,11,VABB,350.0,2.1,22000.0,3000.0,32.0,20.0,,0,0,0,0,0,2024-04-28 02:00:00
2024-04-28 03:00:00,19.088686,72.867919,11,VABB,,0.0,,2000.0,31.2,22.8,1007.9,0,0,0,0,0,2024-04-28 03:00:00
2024-04-28 03:00:00,19.088686,72.867919,11,VABB,10.0,2.6,22000.0,3000.0,33.0,20.0,,0,0,0,0,0,2024-04-28 03:00:00
2024-04-28 03:30:00,19.088686,72.867919,11,VABB,20.0,3.1,22000.0,3000.0,33.0,20.0,,0,0,0,0,0,2024-04-28 03:00:00
2024-04-28 04:00:00,19.088686,72.867919,11,VABB,60.0,2.6,22000.0,3000.0,34.0,20.0,,0,0,0,0,0,2024-04-28 04:00:00
2024-04-28 04:30:00,19.088686,72.867919,11,VABB,330.0,3.1,22000.0,3000.0,36.0,19.0,,0,0,0,0,0,2024-04-28 04:00:00
2024-04-28 05:00:00,19.088686,72.867919,11,VABB,320.0,2.6,22000.0,3000.0,37.0,19.0,,0,0,0,0,0,2024-04-28 05:00:00
2024-04-28 05:30:00,19.088686,72.867919,11,VABB,300.0,3.6,22000.0,3000.0,37.0,18.0,,0,0,0,0,0,2024-04-28 05:00:00
2024-04-28 06:00:00,19.088686,72.867919,11,VABB,340.0,1.5,,2000.0,37.6,22.7,1007.4,0,0,0,0,0,2024-04-28 06:00:00
2024-04-28 06:00:00,19.088686,72.867919,11,VABB,340.0,3.1,22000.0,3000.0,38.0,16.0,,0,0,0,0,0,2024-04-28 06:00:00
2024-04-28 06:30:00,19.088686,72.867919,11,VABB,290.0,5.1,22000.0,3000.0,38.0,23.0,,0,0,0,0,0,2024-04-28 06:00:00
2024-04-28 07:00:00,19.088686,72.867919,11,VABB,290.0,4.6,22000.0,3000.0,38.0,22.0,,0,0,0,0,0,2024-04-28 07:00:00
2024-04-28 07:30:00,19.088686,72.867919,11,VABB,290.0,6.2,22000.0,3000.0,38.0,22.0,,0,0,0,0,0,2024-04-28 07:00:00
2024-04-28 08:00:00,19.088686,72.867919,11,VABB,330.0,5.7,22000.0,3000.0,38.0,21.0,,0,0,0,0,0,2024-04-28 08:00:00
2024-04-28 08:30:00,19.088686,72.867919,11,VABB,320.0,5.1,22000.0,3500.0,38.0,19.0,,0,0,0,0,0,2024-04-28 08:00:00
2024-04-28 09:00:00,19.088686,72.867919,11,VABB,320.0,3.1,,2000.0,38.0,24.8,1005.0,0,0,0,0,0,2024-04-28 09:00:00
2024-04-28 09:00:00,19.088686,72.867919,11,VABB,310.0,6.7,22000.0,3500.0,38.0,18.0,,0,0,0,0,0,2024-04-28 09:00:00
2024-04-28 09:30:00,19.088686,72.867919,11,VABB,310.0,5.1,22000.0,3500.0,38.0,19.0,,0,0,0,0,0,2024-04-28 09:00:00
2024-04-28 10:00:00,19.088686,72.867919,11,VABB,320.0,8.8,22000.0,3500.0,37.0,19.0,,0,0,0,0,0,2024-04-28 10:00:00
2024-04-28 10:30:00,19.088686,72.867919,11,VABB,310.0,5.7,22000.0,3500.0,37.0,20.0,,0,0,0,0,0,2024-04-28 10:00:00
2024-04-28 11:00:00,19.088686,72.867919,11,VABB,310.0,7.2,22000.0,3500.0,36.0,19.0,,0,0,0,0,0,2024-04-28 11:00:00
2024-04-28 11:30:00,19.088686,72.867919,11,VABB,330.0,3.6,22000.0,4000.0,36.0,19.0,,0,0,0,0,1,2024-04-28 11:00:00
2024-04-28 12:00:00,19.088686,72.867919,11,VABB,340.0,5.1,,2000.0,35.4,19.8,1004.4,0,0,0,0,0,2024-04-28 12:00:00
2024-04-28 12:00:00,19.088686,72.867919,11,VABB,310.0,3.6,22000.0,4000.0,36.0,18.0,,0,0,0,0,1,2024-04-28 12:00:00
2024-04-28 12:30:00,19.088686,72.867919,11,VABB,320.0,5.7,22000.0,4000.0,36.0,17.0,,0,0,0,0,0,2024-04-28 12:00:00
2024-04-28 13:00:00,19.088686,72.867919,11,VABB,320.0,4.1,22000.0,3500.0,36.0,17.0,,0,0,0,0,0,2024-04-28 13:00:00
2024-04-28 13:30:00,19.088686,72.867919,11,VABB,320.0,5.1,22000.0,3500.0,35.0,16.0,,0,0,0,0,0,2024-04-28 13:00:00
2024-04-28 14:00:00,19.088686,72.867919,11,VABB,340.0,5.1,22000.0,3000.0,36.0,15.0,,0,0,0,0,0,2024-04-28 14:00:00
2024-04-28 14:30:00,19.088686,72.867919,11,VABB,340.0,3.1,22000.0,3000.0,35.0,15.0,,0,0,0,0,0,2024-04-28 14:00:00
2024-04-28 15:00:00,19.088686,72.867919,11,VABB,,0.0,,2000.0,34.0,20.6,1006.3,0,0,0,0,0,2024-04-28 15:00:00
2024-04-28 15:00:00,19.088686,72.867919,11,VABB,70.0,2.1,22000.0,3000.0,35.0,16.0,,0,0,0,0,0,2024-04-28 15:00:00
2024-04-28 15:30:00,19.088686,72.867919,11,VABB,60.0,3.1,22000.0,3000.0,35.0,16.0,,0,0,0,0,0,2024-04-28 15:00:00
2024-04-28 16:00:00,19.088686,72.867919,11,VABB,10.0,2.1,22000.0,3000.0,35.0,15.0,,0,0,0,0,0,2024-04-28 16:00:00
2024-04-28 16:30:00,19.088686,72.867919,11,VABB,340.0,2.6,22000.0,3000.0,35.0,15.0,,0,0,0,0,0,2024-04-28 16:00:00
2024-04-28 17:00:00,19.088686,72.867919,11,VABB,290.0,3.6,22000.0,3000.0,35.0,13.0,,0,0,0,0,0,2024-04-28 17:00:00
2024-04-28 17:30:00,19.088686,72.867919,11,VABB,300.0,2.6,22000.0,3000.0,33.0,20.0,,0,0,0,0,0,2024-04-28 17:00:00
2024-04-28 18:00:00,19.088686,72.867919,11,VABB,,0.0,,2000.0,31.6,22.9,1008.2,0,0,0,0,0,2024-04-28 18:00:00
2024-04-28 18:00:00,19.088686,72.867919,11,VABB,220.0,3.1,22000.0,3000.0,33.0,20.0,,0,0,0,0,0,2024-04-28 18:00:00
2024-04-28 18:30:00,19.088686,72.867919,11,VABB,320.0,3.1,22000.0,3000.0,32.0,22.0,,0,0,0,0,0,2024-04-28 18:00:00
2024-04-28 19:00:00,19.088686,72.867919,11,VABB,330.0,3.1,22000.0,3000.0,32.0,23.0,,0,1,0,0,0,2024-04-28 19:00:00
2024-04-28 19:30:00,19.088686,72.867919,11,VABB,350.0,4.1,22000.0,3000.0,31.0,23.0,,0,1,0,0,0,2024-04-28 19:00:00
2024-04-28 20:00:00,19.088686,72.867919,11,VABB,330.0,3.1,22000.0,3000.0,31.0,22.0,,0,1,0,0,0,2024-04-28 20:00:00
2024-04-28 20:30:00,19.088686,72.867919,11,VABB,340.0,2.6,22000.0,3000.0,31.0,22.0,,0,0,0,0,0,2024-04-28 20:00:00
2024-04-28 21:00:00,19.088686,72.867919,11,VABB,,0.0,,2000.0,30.6,21.7,1007.0,0,0,0,0,0,2024-04-28 21:00:00
2024-04-28 21:00:00,19.088686,72.867919,11,VABB,20.0,3.1,22000.0,3000.0,31.0,21.0,,0,0,0,0,0,2024-04-28 21:00:00
2024-04-28 21:30:00,19.088686,72.867919,11,VABB,350.0,1.5,22000.0,3000.0,31.0,20.0,,0,0,0,0,0,2024-04-28 21:00:00
2024-04-28 22:00:00,19.088686,72.867919,11,VABB,340.0,1.5,22000.0,3000.0,31.0,19.0,,0,0,0,0,0,2024-04-28 22:00:00
2024-04-28 22:30:00,19.088686,72.867919,11,VABB,30.0,2.1,22000.0,3000.0,31.0,20.0,,0,0,0,0,0,2024-04-28 22:00:00
2024-04-28 23:00:00,19.088686,72.867919,11,VABB,40.0,4.1,22000.0,3000.0,32.0,20.0,,0,0,0,0,0,2024-04-28 23:00:00
2024-04-28 23:30:00,19.088686,72.867919,11,VABB,10.0,2.6,22000.0,3000.0,31.0,19.0,,0,0,0,0,0,2024-04-28 23:00:00
2024-04-29 00:00:00,19.088686,72.867919,11,VABB,,0.0,22000.0,2000.0,28.4,20.9,1007.6,0,0,0,0,0,2024-04-29 00:00:00
2024-04-29 00:00:00,19.088686,72.867919,11,VABB,350.0,2.6,22000.0,3000.0,31.0,18.0,,0,0,0,0,0,2024-04-29 00:00:00
2024-04-29 00:30:00,19.088686,72.867919,11,VABB,350.0,2.1,10000.0,3000.0,32.0,17.0,,0,0,0,0,0,2024-04-29 00:00:00
2024-04-29 01:00:00,19.088686,72.867919,11,VABB,50.0,2.6,10000.0,3000.0,32.0,18.0,,0,0,0,0,0,2024-04-29 01:00:00
2024-04-29 01:30:00,19.088686,72.867919,11,VABB,30.0,3.1,2000.0,3000.0,33.0,18.0,,0,0,0,0,0,2024-04-29 01:00:00
2024-04-29 02:00:00,19.088686,72.867919,11,VABB,50.0,2.6,10000.0,3000.0,32.0,18.0,,0,0,0,0,0,2024-04-29 02:00:00
2024-04-29 02:30:00,19.088686,72.867919,11,VABB,350.0,2.1,22000.0,3000.0,32.0,18.0,,0,0,0,0,0,2024-04-29 02:00:00
2024-04-29 03:00:00,19.088686,72.867919,11,VABB,,0.0,,2000.0,31.4,19.8,1008.9,0,0,0,0,0,2024-04-29 03:00:00
2024-04-29 03:00:00,19.088686,72.867919,11,VABB,10.0,2.6,22000.0,3000.0,33.0,17.0,,0,0,0,0,0,2024-04-29 03:00:00
2024-04-29 03:30:00,19.088686,72.867919,11,VABB,40.0,3.6,10000.0,3000.0,35.0,17.0,,0,0,0,0,0,2024-04-29 03:00:00
2024-04-29 04:00:00,19.088686,72.867919,11,VABB,20.0,3.6,10000.0,3000.0,36.0,13.0,,0,0,0,0,0,2024-04-29 04:00:00
2024-04-29 04:30:00,19.088686,72.867919,11,VABB,330.0,3.6,10000.0,3500.0,36.0,13.0,,0,0,0,0,0,2024-04-29 04:00:00
2024-04-29 05:00:00,19.088686,72.867919,11,VABB,10.0,3.6,10000.0,3500.0,38.0,13.0,,0,0,0,0,0,2024-04-29 05:00:00
2024-04-29 05:30:00,19.088686,72.867919,11,VABB,290.0,3.1,10000.0,3500.0,37.0,14.0,,0,0,0,0,0,2024-04-29 05:00:00
2024-04-29 06:00:00,19.088686,72.867919,11,VABB,320.0,2.1,,2000.0,37.0,18.9,1009.2,0,0,0,0,0,2024-04-29 06:00:00
2024-04-29 06:00:00,19.088686,72.867919,11,VABB,320.0,4.1,10000.0,4000.0,38.0,13.0,,0,0,0,0,0,2024-04-29 06:00:00
2024-04-29 06:30:00,19.088686,72.867919,11,VABB,290.0,4.6,10000.0,4000.0,37.0,18.0,,0,0,0,0,0,2024-04-29 06:00:00
2024-04-29 07:00:00,19.088686,72.867919,11,VABB,340.0,6.2,22000.0,4000.0,38.0,17.0,,0,0,0,0,0,2024-04-29 07:00:00
2024-04-29 07:30:00,19.088686,72.867919,11,VABB,310.0,5.7,22000.0,4000.0,38.0,15.0,,0,0,0,0,0,2024-04-29 07:00:00
2024-04-29 08:00:00,19.088686,72.867919,11,VABB,300.0,6.7,22000.0,4000.0,38.0,15.0,,0,0,0,0,0,2024-04-29 08:00:00
2024-04-29 08:30:00,19.088686,72.867919,11,VABB,310.0,4.6,22000.0,4000.0,38.0,13.0,,0,0,0,0,1,2024-04-29 08:00:00
2024-04-29 09:00:00,19.088686,72.867919,11,VABB,360.0,3.1,,2000.0,39.0,13.0,1006.7,0,0,0,0,0,2024-04-29 09:00:00
2024-04-29 09:00:00,19.088686,72.867919,11,VABB,300.0,5.1,22000.0,4000.0,38.0,12.0,,0,0,0,0,1,2024-04-29 09:00:00
2024-04-29 09:30:00,19.088686,72.867919,11,VABB,320.0,3.6,22000.0,4000.0,38.0,11.0,,0,0,0,0,1,2024-04-29 09:00:00
2024-04-29 10:00:00,19.088686,72.867919,11,VABB,280.0,8.2,22000.0,4000.0,38.0,12.0,,0,0,0,0,0,2024-04-29 10:00:00
2024-04-29 10:30:00,19.088686,72.867919,11,VABB,290.0,5.1,22000.0,4000.0,38.0,12.0,,0,0,0,0,1,2024-04-29 10:00:00
2024-04-29 11:00:00,19.088686,72.867919,11,VABB,320.0,4.6,22000.0,4000.0,39.0,10.0,,0,0,0,0,0,2024-04-29 11:00:00
2024-04-29 11:30:00,19.088686,72.867919,11,VABB,320.0,4.6,22000.0,4000.0,38.0,9.0,,0,0,0,0,0,2024-04-29 11:00:00
2024-04-29 12:00:00,19.088686,72.867919,11,VABB,360.0,2.1,,2000.0,37.0,10.6,1007.5,0,0,0,0,0,2024-04-29 12:00:00
2024-04-29 12:00:00,19.088686,72.867919,11,VABB,310.0,5.7,22000.0,4000.0,37.0,9.0,,0,0,0,0,0,2024-04-29 12:00:00
2024-04-29 12:30:00,19.088686,72.867919,11,VABB,330.0,5.1,22000.0,4000.0,37.0,7.0,,0,0,0,0,0,2024-04-29 12:00:00
2024-04-29 13:00:00,19.088686,72.867919,11,VABB,330.0,4.1,22000.0,4000.0,37.0,6.0,,0,0,0,0,0,2024-04-29 13:00:00
2024-04-29 13:30:00,19.088686,72.867919,11,VABB,340.0,4.1,22000.0,4000.0,37.0,6.0,,0,0,0,0,0,2024-04-29 13:00:00
2024-04-29 14:00:00,19.088686,72.867919,11,VABB,330.0,4.1,22000.0,4000.0,36.0,6.0,,0,0,0,0,0,2024-04-29 14:00:00
2024-04-29 14:30:00,19.088686,72.867919,11,VABB,340.0,2.1,22000.0,4000.0,36.0,6.0,,0,0,0,0,0,2024-04-29 14:00:00
2024-04-29 15:00:00,19.088686,72.867919,11,VABB,,0.0,,2000.0,33.6,14.0,1007.3,0,0,0,0,0,2024-04-29 15:00:00
2024-04-29 15:00:00,19.088686,72.867919,11,VABB,290.0,2.6,22000.0,3000.0,35.0,10.0,,0,0,0,0,0,2024-04-29 15:00:00
2024-04-29 15:30:00,19.088686,72.867919,11,VABB,260.0,2.6,22000.0,3000.0,33.0,19.0,,0,0,0,0,0,2024-04-29 15:00:00
2024-04-29 16:00:00,19.088686,72.867919,11,VABB,250.0,3.1,22000.0,3000.0,33.0,21.0,,0,0,0,0,0,2024-04-29 16:00:00
2024-04-29 16:30:00,19.088686,72.867919,11,VABB,290.0,3.1,22000.0,3000.0,33.0,22.0,,0,0,0,0,0,2024-04-29 16:00:00
2024-04-29 17:00:00,19.088686,72.867919,11,VABB,300.0,4.6,22000.0,3000.0,32.0,23.0,,0,0,0,0,0,2024-04-29 17:00:00
2024-04-29 17:30:00,19.088686,72.867919,11,VABB,300.0,5.1,22000.0,3000.0,31.0,23.0,,0,0,0,0,0,2024-04-29 17:00:00
2024-04-29 18:00:00,19.088686,72.867919,11,VABB,,0.0,,2000.0,30.8,22.6,1008.4,0,0,0,0,0,2024-04-29 18:00:00
2024-04-29 18:00:00,19.088686,72.867919,11,VABB,320.0,3.6,22000.0,3000.0,31.0,23.0,,0,0,0,0,0,2024-04-29 18:00:00
2024-04-29 18:30:00,19.088686,72.867919,11,VABB,330.0,2.6,22000.0,3000.0,32.0,21.0,,0,0,0,0,0,2024-04-29 18:00:00
2024-04-29 19:00:00,19.088686,72.867919,11,VABB,340.0,3.1,22000.0,3000.0,32.0,21.0,,0,0,0,0,0,2024-04-29 19:00:00
2024-04-29 19:30:00,19.088686,72.867919,11,VABB,340.0,3.6,22000.0,3000.0,32.0,20.0,,0,0,0,0,0,2024-04-29 19:00:00
2024-04-29 20:00:00,19.088686,72.867919,11,VABB,330.0,3.6,22000.0,3000.0,31.0,20.0,,0,0,0,0,0,2024-04-29 20:00:00
2024-04-29 20:30:00,19.088686,72.867919,11,VABB,340.0,3.1,22000.0,3000.0,31.0,20.0,,0,0,0,0,0,2024-04-29 20:00:00
2024-04-29 21:00:00,19.088686,72.867919,11,VABB,,0.0,,2000.0,29.6,21.9,1007.2,0,0,0,0,0,2024-04-29 21:00:00
2024-04-29 21:00:00,19.088686,72.867919,11,VABB,330.0,3.6,22000.0,3000.0,31.0,21.0,,0,0,0,0,0,2024-04-29 21:00:00
2024-04-29 21:30:00,19.088686,72.867919,11,VABB,350.0,2.6,22000.0,3000.0,31.0,22.0,,0,0,0,0,0,2024-04-29 21:00:00
2024-04-29 22:00:00,19.088686,72.867919,11,VABB,350.0,2.6,22000.0,3000.0,30.0,22.0,,0,1,0,0,0,2024-04-29 22:00:00
2024-04-29 22:30:00,19.088686,72.867919,11,VABB,360.0,2.1,22000.0,3000.0,30.0,22.0,,0,1,0,0,0,2024-04-29 22:00:00
2024-04-29 23:00:00,19.088686,72.867919,11,VABB,50.0,3.1,22000.0,3000.0,30.0,22.0,,0,1,0,0,0,2024-04-29 23:00:00
2024-04-29 23:30:00,19.088686,72.867919,11,VABB,350.0,2.6,22000.0,3000.0,30.0,22.0,,0,1,0,0,0,2024-04-29 23:00:00
2024-04-30 00:00:00,19.088686,72.867919,11,VABB,,0.0,,2000.0,28.6,23.4,1007.1,0,0,0,0,0,2024-04-30 00:00:00
2024-04-30 00:00:00,19.088686,72.867919,11,VABB,20.0,2.6,22000.0,3000.0,30.0,23.0,,0,1,0,0,0,2024-04-30 00:00:00
2024-04-30 00:30:00,19.088686,72.867919,11,VABB,360.0,3.1,22000.0,3000.0,30.0,23.0,,0,1,0,0,0,2024-04-30 00:00:00
2024-04-30 01:00:00,19.088686,72.867919,11,VABB,10.0,2.6,22000.0,2500.0,30.0,23.0,,0,1,0,0,0,2024-04-30 01:00:00
2024-04-30 01:30:00,19.088686,72.867919,11,VABB,30.0,2.1,10000.0,2500.0,31.0,23.0,,0,1,0,0,0,2024-04-30 01:00:00
2024-04-30 02:00:00,19.088686,72.867919,11,VABB,360.0,2.1,10000.0,2500.0,31.0,23.0,,0,1,0,0,0,2024-04-30 02:00:00
2024-04-30 02:30:00,19.088686,72.867919,11,VABB,50.0,1.5,22000.0,3000.0,31.0,22.0,,0,1,0,0,0,2024-04-30 02:00:00
2024-04-30 03:00:00,19.088686,72.867919,11,VABB,,0.0,22000.0,2000.0,31.8,23.1,1008.4,0,0,0,0,0,2024-04-30 03:00:00
2024-04-30 03:00:00,19.088686,72.867919,11,VABB,60.0,1.5,22000.0,3000.0,32.0,21.0,,0,1,0,0,0,2024-04-30 03:00:00
2024-04-30 03:30:00,19.088686,72.867919,11,VABB,0.0,0.0,22000.0,3000.0,33.0,20.0,,0,1,0,0,0,2024-04-30 03:00:00
2024-04-30 04:00:00,19.088686,72.867919,11,VABB,0.0,0.0,22000.0,3000.0,34.0,21.0,,0,0,0,0,0,2024-04-30 04:00:00
2024-04-30 04:30:00,19.088686,72.867919,11,VABB,0.0,0.0,22000.0,3000.0,36.0,21.0,,0,0,0,0,0,2024-04-30 04:00:00
2024-04-30 05:00:00,19.088686,72.867919,11,VABB,0.0,0.0,22000.0,3000.0,36.0,19.0,,0,0,0,0,0,2024-04-30 05:00:00
2024-04-30 05:30:00,19.088686,72.867919,11,VABB,330.0,4.1,22000.0,3000.0,37.0,16.0,,0,0,0,0,0,2024-04-30 05:00:00
2024-04-30 06:00:00,19.088686,72.867919,11,VABB,320.0,4.1,,2000.0,37.4,21.7,1007.5,0,0,0,0,0,2024-04-30 06:00:00
2024-04-30 06:00:00,19.088686,72.867919,11,VABB,320.0,4.1,22000.0,3000.0,38.0,16.0,,0,0,0,0,0,2024-04-30 06:00:00
2024-04-30 06:30:00,19.088686,72.867919,11,VABB,300.0,4.6,22000.0,3500.0,37.0,21.0,,0,0,0,0,0,2024-04-30 06:00:00
2024-04-30 07:00:00,19.088686,72.867919,11,VABB,300.0,4.6,22000.0,3500.0,38.0,22.0,,0,0,0,0,0,2024-04-30 07:00:00
2024-04-30 07:30:00,19.088686,72.867919,11,VABB,270.0,4.1,22000.0,3500.0,37.0,22.0,,0,0,0,0,1,2024-04-30 07:00:00
2024-04-30 08:00:00,19.088686,72.867919,11,VABB,300.0,5.1,22000.0,3500.0,38.0,20.0,,0,0,0,0,0,2024-04-30 08:00:00
2024-04-30 08:30:00,19.088686,72.867919,11,VABB,300.0,5.7,22000.0,4000.0,38.0,19.0,,0,0,0,0,0,2024-04-30 08:00:00
2024-04-30 09:00:00,19.088686,72.867919,11,VABB,320.0,1.5,,2000.0,37.6,21.2,1005.0,0,0,0,0,0,2024-04-30 09:00:00
2024-04-30 09:00:00,19.088686,72.867919,11,VABB,320.0,4.6,22000.0,4000.0,38.0,15.0,,0,0,0,0,0,2024-04-30 09:00:00
2024-04-30 09:30:00,19.088686,72.867919,11,VABB,330.0,6.7,22000.0,4000.0,38.0,14.0,,0,0,0,0,0,2024-04-30 09:00:00
2024-04-30 10:00:00,19.088686,72.867919,11,VABB,320.0,5.7,22000.0,4500.0,38.0,15.0,,0,0,0,0,0,2024-04-30 10:00:00
2024-04-30 10:30:00,19.088686,72.867919,11,VABB,330.0,4.6,22000.0,5000.0,37.0,15.0,,0,0,0,0,1,2024-04-30 10:00:00
2024-04-30 11:00:00,19.088686,72.867919,11,VABB,340.0,5.7,22000.0,5000.0,36.0,16.0,,0,0,0,0,0,2024-04-30 11:00:00
2024-04-30 11:30:00,19.088686,72.867919,11,VABB,340.0,5.1,22000.0,5000.0,36.0,17.0,,0,0,0,0,0,2024-04-30 11:00:00
2024-04-30 12:00:00,19.088686,72.867919,11,VABB,320.0,2.6,,2000.0,36.2,20.9,1004.1,0,0,0,0,0,2024-04-30 12:00:00
2024-04-30 12:00:00,19.088686,72.867919,11,VABB,300.0,5.1,22000.0,5000.0,36.0,17.0,,0,0,0,0,0,2024-04-30 12:00:00
2024-04-30 12:30:00,19.088686,72.867919,11,VABB,300.0,3.6,22000.0,4000.0,35.0,16.0,,0,0,0,0,0,2024-04-30 12:00:00
2024-04-30 13:00:00,19.088686,72.867919,11,VABB,290.0,4.1,22000.0,4000.0,34.0,16.0,,0,0,0,0,0,2024-04-30 13:00:00
2024-04-30 13:30:00,19.088686,72.867919,11,VABB,300.0,3.1,22000.0,3000.0,33.0,17.0,,0,0,0,0,0,2024-04-30 13:00:00
2024-04-30 14:00:00,19.088686,72.867919,11,VABB,290.0,1.5,22000.0,3000.0,33.0,17.0,,0,0,0,0,0,2024-04-30 14:00:00
2024-04-30 14:30:00,19.088686,72.867919,11,VABB,300.0,2.1,22000.0,3000.0,33.0,17.0,,0,0,0,0,0,2024-04-30 14:00:00
2024-04-30 15:00:00,19.088686,72.867919,11,VABB,,0.0,,2000.0,32.2,23.2,1005.8,0,0,0,0,0,2024-04-30 15:00:00
2024-04-30 15:00:00,19.088686,72.867919,11,VABB,0.0,0.0,22000.0,3000.0,33.0,19.0,,0,0,0,0,0,2024-04-30 15:00:00
2024-04-30 15:30:00,19.088686,72.867919,11,VABB,290.0,3.6,22000.0,3000.0,32.0,19.0,,0,0,0,0,0,2024-04-30 15:00:00
2024-04-30 16:00:00,19.088686,72.867919,11,VABB,290.0,4.6,22000.0,3000.0,30.0,22.0,,0,0,0,0,0,2024-04-30 16:00:00
2024-04-30 16:30:00,19.088686,72.867919,11,VABB,300.0,3.6,22000.0,3000.0,30.0,23.0,,0,1,0,0,0,2024-04-30 16:00:00
2024-04-30 17:00:00,19.088686,72.867919,11,VABB,300.0,5.7,22000.0,3000.0,29.0,24.0,,0,1,0,0,0,2024-04-30 17:00:00
2024-04-30 17:30:00,19.088686,72.867919,11,VABB,320.0,3.1,22000.0,3000.0,29.0,22.0,,0,1,0,0,0,2024-04-30 17:00:00
2024-04-30 18:00:00,19.088686,72.867919,11,VABB,320.0,2.6,,2000.0,30.2,22.9,1006.8,0,0,0,0,0,2024-04-30 18:00:00
2024-04-30 18:00:00,19.088686,72.867919,11,VABB,310.0,2.6,22000.0,3000.0,30.0,21.0,,0,1,0,0,0,2024-04-30 18:00:00
2024-04-30 18:30:00,19.088686,72.867919,11,VABB,300.0,2.1,22000.0,3000.0,30.0,20.0,,0,1,0,0,0,2024-04-30 18:00:00
2024-04-30 19:00:00,19.088686,72.867919,11,VABB,280.0,2.6,22000.0,3000.0,30.0,20.0,,0,0,0,0,0,2024-04-30 19:00:00
2024-04-30 19:30:00,19.088686,72.867919,11,VABB,310.0,2.6,22000.0,3000.0,30.0,21.0,,0,0,0,0,0,2024-04-30 19:00:00
2024-04-30 20:00:00,19.088686,72.867919,11,VABB,290.0,3.6,22000.0,3000.0,30.0,21.0,,0,0,0,0,0,2024-04-30 20:00:00
2024-04-30 20:30:00,19.088686,72.867919,11,VABB,300.0,3.6,22000.0,3000.0,30.0,20.0,,0,0,0,0,0,2024-04-30 20:00:00
2024-04-30 21:00:00,19.088686,72.867919,11,VABB,,0.0,,2000.0,29.8,22.1,1005.4,0,0,0,0,0,2024-04-30 21:00:00
2024-04-30 21:00:00,19.088686,72.867919,11,VABB,310.0,1.5,22000.0,3000.0,30.0,19.0,,0,0,0,0,0,2024-04-30 21:00:00
2024-04-30 21:30:00,19.088686,72.867919,11,VABB,290.0,3.1,22000.0,3000.0,29.0,20.0,,0,0,0,0,0,2024-04-30 21:00:00
2024-05-01 21:00:00,19.088686,72.867919,11,VABB,,0.0,22000.0,2000.0,27.6,23.8,1005.4,0,0,0,0,0,2024-05-01 21:00:00
2024-05-01 22:00:00,19.088686,72.867919,11,VABB,0.0,0.0,2000.0,3000.0,27.0,23.0,,0,1,0,0,0,2024-05-01 22:00:00
2024-05-01 22:30:00,19.088686,72.867919,11,VABB,0.0,0.0,2000.0,3000.0,27.0,23.0,,0,1,0,0,0,2024-05-01 22:00:00
2024-05-01 23:00:00,19.088686,72.867919,11,VABB,0.0,0.0,2000.0,3000.0,27.0,22.0,,0,1,0,0,0,2024-05-01 23:00:00
2024-05-01 23:30:00,19.088686,72.867919,11,VABB,0.0,0.0,2000.0,3000.0,27.0,23.0,,0,1,0,0,0,2024-05-01 23:00:00
2024-05-02 00:00:00,19.088686,72.867919,11,VABB,,0.0,22000.0,2000.0,27.5,23.9,1005.8,0,0,0,0,0,2024-05-02 00:00:00
2024-05-02 00:00:00,19.088686,72.867919,11,VABB,200.0,1.5,2000.0,3000.0,27.0,22.0,,0,1,0,0,0,2024-05-02 00:00:00
2024-05-02 00:30:00,19.088686,72.867919,11,VABB,220.0,1.5,2000.0,3000.0,27.0,22.0,,0,1,0,0,0,2024-05-02 00:00:00
2024-05-02 01:00:00,19.088686,72.867919,11,VABB,230.0,1.5,2000.0,3000.0,27.0,22.0,,0,1,0,0,0,2024-05-02 01:00:00
2024-05-02 01:30:00,19.088686,72.867919,11,VABB,0.0,0.0,2000.0,3000.0,27.0,22.0,,0,1,0,0,0,2024-05-02 01:00:00
2024-05-02 02:00:00,19.088686,72.867919,11,VABB,0.0,0.0,762.0,3000.0,28.0,22.0,,0,1,0,0,0,2024-05-02 02:00:00
2024-05-02 02:30:00,19.088686,72.867919,11,VABB,0.0,0.0,762.0,3000.0,28.0,22.0,,0,1,0,0,0,2024-05-02 02:00:00
2024-05-02 03:00:00,19.088686,72.867919,11,VABB,,0.0,22000.0,2000.0,29.6,22.9,1007.7,0,0,0,0,0,2024-05-02 03:00:00
2024-05-02 03:00:00,19.088686,72.867919,11,VABB,0.0,0.0,762.0,3000.0,28.0,22.0,,0,1,0,0,0,2024-05-02 03:00:00
2024-05-02 03:30:00,19.088686,72.867919,11,VABB,0.0,0.0,762.0,3000.0,29.0,22.0,,0,1,0,0,0,2024-05-02 03:00:00
2024-05-02 04:00:00,19.088686,72.867919,11,VABB,200.0,2.1,762.0,3500.0,30.0,22.0,,0,1,0,0,0,2024-05-02 04:00:00
2024-05-02 04:30:00,19.088686,72.867919,11,VABB,200.0,1.5,762.0,3500.0,30.0,22.0,,0,1,0,0,0,2024-05-02 04:00:00
2024-05-02 05:00:00,19.088686,72.867919,11,VABB,260.0,2.6,762.0,3500.0,31.0,22.0,,0,1,0,0,0,2024-05-02 05:00:00
2024-05-02 05:30:00,19.088686,72.867919,11,VABB,240.0,3.6,2000.0,3500.0,31.0,22.0,,0,1,0,0,0,2024-05-02 05:00:00
2024-05-02 06:00:00,19.088686,72.867919,11,VABB,320.0,2.1,22000.0,2000.0,32.0,23.3,1007.7,0,0,0,0,0,2024-05-02 06:00:00
2024-05-02 06:00:00,19.088686,72.867919,11,VABB,230.0,5.7,2000.0,3500.0,31.0,23.0,,0,1,0,0,0,2024-05-02 06:00:00
2024-05-02 06:30:00,19.088686,72.867919,11,VABB,260.0,4.6,2000.0,3500.0,31.0,22.0,,0,1,0,0,0,2024-05-02 06:00:00
2024-05-02 07:00:00,19.088686,72.867919,11,VABB,260.0,5.7,2000.0,3500.0,31.0,22.0,,0,0,0,0,0,2024-05-02 07:00:00
2024-05-02 07:30:00,19.088686,72.867919,11,VABB,240.0,3.1,2000.0,3500.0,31.0,22.0,,0,0,0,0,0,2024-05-02 07:00:00
2024-05-02 08:00:00,19.088686,72.867919,11,VABB,240.0,4.1,2000.0,3500.0,31.0,22.0,,0,0,0,0,0,2024-05-02 08:00:00
2024-05-02 08:30:00,19.088686,72.867919,11,VABB,220.0,4.1,2000.0,4000.0,31.0,21.0,,0,0,0,0,0,2024-05-02 08:00:00
2024-05-02 09:00:00,19.088686,72.867919,11,VABB,270.0,2.6,,2000.0,32.6,22.7,1005.5,0,0,0,0,0,2024-05-02 09:00:00
2024-05-02 09:00:00,19.088686,72.867919,11,VABB,230.0,4.6,22000.0,4000.0,32.0,20.0,,0,0,0,0,0,2024-05-02 09:00:00
2024-05-02 09:30:00,19.088686,72.867919,11,VABB,230.0,4.6,22000.0,4000.0,31.0,20.0,,0,0,0,0,0,2024-05-02 09:00:00
2024-05-02 10:00:00,19.088686,72.867919,11,VABB,260.0,5.7,22000.0,4000.0,31.0,20.0,,0,0,0,0,0,2024-05-02 10:00:00
2024-05-02 10:30:00,19.088686,72.867919,11,VABB,270.0,6.2,22000.0,4000.0,32.0,20.0,,0,0,0,0,0,2024-05-02 10:00:00
2024-05-02 11:00:00,19.088686,72.867919,11,VABB,270.0,4.6,22000.0,4000.0,32.0,21.0,,0,0,0,0,1,2024-05-02 11:00:00
2024-05-02 11:30:00,19.088686,72.867919,11,VABB,260.0,6.2,22000.0,4000.0,31.0,21.0,,0,0,0,0,0,2024-05-02 11:00:00
2024-05-02 12:00:00,19.088686,72.867919,11,VABB,270.0,1.5,,2000.0,32.0,22.0,1005.0,0,0,0,0,0,2024-05-02 12:00:00
2024-05-02 12:00:00,19.088686,72.867919,11,VABB,250.0,5.7,22000.0,4000.0,31.0,21.0,,0,0,0,0,0,2024-05-02 12:00:00
2024-05-02 12:30:00,19.088686,72.867919,11,VABB,280.0,5.7,22000.0,3500.0,30.0,21.0,,0,0,0,0,0,2024-05-02 12:00:00
2024-05-02 13:00:00,19.088686,72.867919,11,VABB,270.0,5.1,22000.0,3500.0,30.0,22.0,,0,0,0,0,0,2024-05-02 13:00:00
2024-05-02 13:30:00,19.088686,72.867919,11,VABB,280.0,3.6,22000.0,3500.0,30.0,22.0,,0,0,0,0,0,2024-05-02 13:00:00
2024-05-02 14:00:00,19.088686,72.867919,11,VABB,270.0,3.6,22000.0,3500.0,29.0,22.0,,0,0,0,0,0,2024-05-02 14:00:00
2024-05-02 14:30:00,19.088686,72.867919,11,VABB,270.0,3.6,22000.0,3000.0,29.0,22.0,,0,1,0,0,0,2024-05-02 14:00:00
2024-05-02 15:00:00,19.088686,72.867919,11,VABB,,0.0,,2000.0,29.0,23.2,1006.4,0,0,0,0,0,2024-05-02 15:00:00
2024-05-02 15:00:00,19.088686,72.867919,11,VABB,290.0,2.1,22000.0,3000.0,29.0,23.0,,0,1,0,0,0,2024-05-02 15:00:00
2024-05-02 15:30:00,19.088686,72.867919,11,VABB,260.0,2.6,22000.0,3000.0,29.0,23.0,,0,1,0,0,0,2024-05-02 15:00:00
2024-05-02 16:00:00,19.088686,72.867919,11,VABB,230.0,2.6,22000.0,3000.0,28.0,22.0,,0,1,0,0,0,2024-05-02 16:00:00
2024-05-02 16:30:00,19.088686,72.867919,11,VABB,210.0,1.5,22000.0,3000.0,28.0,22.0,,0,1,0,0,0,2024-05-02 16:00:00
2024-05-02 17:00:00,19.088686,72.867919,11,VABB,230.0,2.1,22000.0,3000.0,28.0,22.0,,0,1,0,0,0,2024-05-02 17:00:00
2024-05-02 17:30:00,19.088686,72.867919,11,VABB,200.0,2.1,22000.0,3000.0,28.0,22.0,,0,1,0,0,0,2024-05-02 17:00:00
2024-05-02 18:00:00,19.088686,72.867919,11,VABB,,0.0,,2000.0,26.6,21.8,1007.4,0,0,0,0,0,2024-05-02 18:00:00
2024-05-02 18:00:00,19.088686,72.867919,11,VABB,250.0,2.6,22000.0,3000.0,28.0,22.0,,0,1,0,0,0,2024-05-02 18:00:00
2024-05-02 18:30:00,19.088686,72.867919,11,VABB,260.0,3.1,22000.0,3000.0,28.0,22.0,,0,1,0,0,0,2024-05-02 18:00:00
2024-05-02 19:00:00,19.088686,72.867919,11,VABB,270.0,3.6,22000.0,3000.0,28.0,23.0,,0,1,0,0,0,2024-05-02 19:00:00
2024-05-02 19:30:00,19.088686,72.867919,11,VABB,310.0,2.6,22000.0,3000.0,28.0,24.0,,1,0,0,0,0,2024-05-02 19:00:00
2024-05-02 21:00:00,19.088686,72.867919,11,VABB,,0.0,22000.0,2000.0,27.0,22.9,1006.2,0,0,0,0,0,2024-05-02 21:00:00
2024-05-03 00:00:00,19.088686,72.867919,11,VABB,,0.0,22000.0,2000.0,25.2,22.2,1007.1,0,0,0,0,0,2024-05-03 00:00:00
2024-05-03 03:00:00,19.088686,72.867919,11,VABB,,0.0,,2000.0,28.2,22.6,1009.5,0,0,0,0,0,2024-05-03 03:00:00
2024-05-03 04:30:00,19.088686,72.867919,11,VABB,240.0,4.1,22000.0,3000.0,31.0,22.0,,0,1,0,0,0,2024-05-03 04:00:00
2024-05-03 05:00:00,19.088686,72.867919,11,VABB,280.0,3.6,22000.0,3500.0,31.0,23.0,,0,1,0,0,0,2024-05-03 05:00:00
2024-05-03 05:30:00,19.088686,72.867919,11,VABB,250.0,3.6,22000.0,3500.0,31.0,23.0,,0,1,0,0,0,2024-05-03 05:00:00
2024-05-03 06:00:00,19.088686,72.867919,11,VABB,320.0,1.5,,2000.0,31.8,23.8,1009.0,0,0,0,0,0,2024-05-03 06:00:00
2024-05-03 06:00:00,19.088686,72.867919,11,VABB,270.0,4.6,22000.0,3500.0,31.0,23.0,,0,1,0,0,0,2024-05-03 06:00:00
2024-05-03 06:30:00,19.088686,72.867919,11,VABB,240.0,4.6,22000.0,4000.0,31.0,23.0,,0,1,0,0,0,2024-05-03 06:00:00
2024-05-03 07:00:00,19.088686,72.867919,11,VABB,260.0,4.1,22000.0,4000.0,31.0,23.0,,0,1,0,0,0,2024-05-03 07:00:00
2024-05-03 07:30:00,19.088686,72.867919,11,VABB,280.0,3.6,22000.0,4000.0,32.0,24.0,,0,1,0,0,0,2024-05-03 07:00:00
2024-05-03 09:00:00,19.088686,72.867919,11,VABB,270.0,1.5,,2000.0,32.2,23.9,1006.2,0,0,0,0,0,2024-05-03 09:00:00
2024-05-03 09:30:00,19.088686,72.867919,11,VABB,260.0,5.7,22000.0,5000.0,31.0,24.0,,0,1,0,0,0,2024-05-03 09:00:00
2024-05-03 10:00:00,19.088686,72.867919,11,VABB,280.0,6.2,22000.0,5000.0,31.0,24.0,,0,1,0,0,0,2024-05-03 10:00:00
2024-05-03 10:30:00,19.088686,72.867919,11,VABB,270.0,3.6,22000.0,5000.0,31.0,24.0,,0,1,0,0,1,2024-05-03 10:00:00
2024-05-03 11:00:00,19.088686,72.867919,11,VABB,270.0,4.1,22000.0,5000.0,31.0,24.0,,0,1,0,0,1,2024-05-03 11:00:00
2024-05-03 11:30:00,19.088686,72.867919,11,VABB,270.0,5.7,22000.0,5000.0,31.0,24.0,,0,1,0,0,0,2024-05-03 11:00:00
2024-05-03 12:00:00,19.088686,72.867919,11,VABB,320.0,2.1,,2000.0,31.6,23.2,1005.3,0,0,0,0,0,2024-05-03 12:00:00
2024-05-03 12:00:00,19.088686,72.867919,11,VABB,280.0,5.1,22000.0,5000.0,31.0,24.0,,0,1,0,0,0,2024-05-03 12:00:00
2024-05-03 12:30:00,19.088686,72.867919,11,VABB,290.0,5.7,22000.0,5000.0,31.0,24.0,,0,1,0,0,0,2024-05-03 12:00:00
2024-05-03 13:00:00,19.088686,72.867919,11,VABB,260.0,5.7,22000.0,4000.0,30.0,24.0,,0,1,0,0,0,2024-05-03 13:00:00
2024-05-03 13:30:00,19.088686,72.867919,11,VABB,280.0,5.1,22000.0,4000.0,30.0,24.0,,0,1,0,0,0,2024-05-03 13:00:00
2024-05-03 14:00:00,19.088686,72.867919,11,VABB,300.0,4.6,22000.0,3000.0,30.0,24.0,,0,1,0,0,0,2024-05-03 14:00:00
2024-05-03 14:30:00,19.088686,72.867919,11,VABB,310.0,3.6,22000.0,3000.0,29.0,24.0,,0,1,0,0,0,2024-05-03 14:00:00
2024-05-03 15:00:00,19.088686,72.867919,11,VABB,,0.0,,2000.0,29.2,23.4,1006.9,0,0,0,0,0,2024-05-03 15:00:00
2024-05-03 15:00:00,19.088686,72.867919,11,VABB,310.0,3.1,22000.0,3000.0,29.0,24.0,,0,1,0,0,0,2024-05-03 15:00:00
2024-05-03 15:30:00,19.088686,72.867919,11,VABB,280.0,2.1,22000.0,3000.0,29.0,24.0,,0,1,0,0,0,2024-05-03 15:00:00
2024-05-03 16:00:00,19.088686,72.867919,11,VABB,300.0,1.5,22000.0,3000.0,29.0,24.0,,0,1,0,0,0,2024-05-03 16:00:00
2024-05-03 16:30:00,19.088686,72.867919,11,VABB,300.0,2.6,22000.0,3000.0,29.0,24.0,,0,1,0,0,0,2024-05-03 16:00:00
2024-05-03 17:00:00,19.088686,72.867919,11,VABB,290.0,3.1,22000.0,3000.0,29.0,24.0,,0,1,0,0,0,2024-05-03 17:00:00
2024-05-03 17:30:00,19.088686,72.867919,11,VABB,320.0,2.1,22000.0,3000.0,29.0,24.0,,0,1,0,0,0,2024-05-03 17:00:00
2024-05-03 18:00:00,19.088686,72.867919,11,VABB,,0.0,,2000.0,28.6,24.9,1008.7,0,0,0,0,0,2024-05-03 18:00:00
2024-05-03 18:00:00,19.088686,72.867919,11,VABB,230.0,3.1,22000.0,3000.0,29.0,25.0,,0,1,0,0,0,2024-05-03 18:00:00
2024-05-03 18:30:00,19.088686,72.867919,11,VABB,220.0,3.1,22000.0,3000.0,29.0,25.0,,0,1,0,0,0,2024-05-03 18:00:00
2024-05-03 19:00:00,19.088686,72.867919,11,VABB,240.0,3.1,22000.0,3000.0,29.0,25.0,,0,1,0,0,0,2024-05-03 19:00:00
2024-05-03 19:30:00,19.088686,72.867919,11,VABB,240.0,2.6,22000.0,3000.0,28.0,25.0,,0,1,0,0,0,2024-05-03 19:00:00
2024-05-03 20:00:00,19.088686,72.867919,11,VABB,260.0,2.1,22000.0,3000.0,28.0,25.0,,0,1,0,0,0,2024-05-03 20:00:00
2024-05-03 20:30:00,19.088686,72.867919,11,VABB,240.0,3.1,22000.0,2500.0,29.0,25.0,,0,1,0,0,0,2024-05-03 20:00:00
2024-05-03 21:00:00,19.088686,72.867919,11,VABB,,0.0,22000.0,2000.0,27.8,24.3,1007.6,0,0,0,0,0,2024-05-03 21:00:00
2024-05-03 21:00:00,19.088686,72.867919,11,VABB,240.0,3.1,22000.0,2500.0,28.0,25.0,,0,1,0,0,0,2024-05-03 21:00:00
2024-05-03 21:30:00,19.088686,72.867919,11,VABB,220.0,2.1,22000.0,2500.0,28.0,25.0,,0,1,0,0,0,2024-05-03 21:00:00
2024-05-04 00:00:00,19.088686,72.867919,11,VABB,,0.0,22000.0,2000.0,26.6,23.7,1008.4,0,0,0,0,0,2024-05-04 00:00:00
2024-05-04 03:00:00,19.088686,72.867919,11,VABB,,0.0,22000.0,2000.0,29.0,24.4,1010.2,0,0,0,0,0,2024-05-04 03:00:00
2024-05-04 06:00:00,19.088686,72.867919,11,VABB,320.0,1.5,,2000.0,33.2,24.7,1010.3,0,0,0,0,0,2024-05-04 06:00:00
2024-05-04 09:00:00,19.088686,72.867919,11,VABB,270.0,2.1,22000.0,2000.0,33.0,25.1,1007.4,0,0,0,0,0,2024-05-04 09:00:00
2024-05-04 09:00:00,19.088686,72.867919,11,VABB,280.0,5.1,2000.0,4000.0,32.0,26.0,,0,1,0,0,0,2024-05-04 09:00:00
2024-05-04 09:30:00,19.088686,72.867919,11,VABB,270.0,6.2,2000.0,4000.0,32.0,26.0,,0,1,0,0,0,2024-05-04 09:00:00
2024-05-04 10:00:00,19.088686,72.867919,11,VABB,260.0,6.2,2000.0,4000.0,32.0,26.0,,0,1,0,0,0,2024-05-04 10:00:00
2024-05-04 10:30:00,19.088686,72.867919,11,VABB,280.0,5.7,2000.0,4000.0,32.0,26.0,,0,1,0,0,0,2024-05-04 10:00:00
2024-05-04 11:00:00,19.088686,72.867919,11,VABB,270.0,3.6,2000.0,4000.0,32.0,26.0,,0,1,0,0,1,2024-05-04 11:00:00
2024-05-04 11:30:00,19.088686,72.867919,11,VABB,270.0,5.7,2000.0,4000.0,32.0,26.0,,0,1,0,0,0,2024-05-04 11:00:00
2024-05-04 12:00:00,19.088686,72.867919,11,VABB,270.0,3.1,22000.0,2000.0,32.0,25.2,1006.2,0,0,0,0,0,2024-05-04 12:00:00
2024-05-04 12:00:00,19.088686,72.867919,11,VABB,290.0,5.7,2000.0,4000.0,31.0,26.0,,0,1,0,0,0,2024-05-04 12:00:00
2024-05-04 12:30:00,19.088686,72.867919,11,VABB,290.0,5.7,2000.0,3500.0,31.0,26.0,,0,1,0,0,0,2024-05-04 12:00:00
2024-05-04 13:00:00,19.088686,72.867919,11,VABB,270.0,5.7,2000.0,3500.0,30.0,27.0,,0,1,0,0,0,2024-05-04 13:00:00
2024-05-04 13:30:00,19.088686,72.867919,11,VABB,280.0,4.6,2000.0,3500.0,30.0,27.0,,1,0,0,0,0,2024-05-04 13:00:00
2024-05-04 14:00:00,19.088686,72.867919,11,VABB,290.0,5.1,2000.0,3500.0,30.0,27.0,,1,0,0,0,0,2024-05-04 14:00:00
2024-05-04 14:30:00,19.088686,72.867919,11,VABB,280.0,5.1,2000.0,3000.0,30.0,27.0,,1,0,0,0,0,2024-05-04 14:00:00
2024-05-04 15:00:00,19.088686,72.867919,11,VABB,320.0,2.6,,2000.0,29.6,25.7,1007.9,0,0,0,0,0,2024-05-04 15:00:00
2024-05-04 15:00:00,19.088686,72.867919,11,VABB,300.0,3.6,2000.0,3000.0,30.0,27.0,,1,0,0,0,0,2024-05-04 15:00:00
2024-05-04 15:30:00,19.088686,72.867919,11,VABB,280.0,5.1,2000.0,3000.0,30.0,27.0,,1,0,0,0,0,2024-05-04 15:00:00
2024-05-04 16:00:00,19.088686,72.867919,11,VABB,280.0,4.6,2000.0,3000.0,30.0,27.0,,1,0,0,0,0,2024-05-04 16:00:00
2024-05-04 16:30:00,19.088686,72.867919,11,VABB,290.0,4.6,2000.0,3000.0,30.0,27.0,,1,0,0,0,0,2024-05-04 16:00:00
2024-05-04 17:00:00,19.088686,72.867919,11,VABB,290.0,2.6,2000.0,3000.0,29.0,26.0,,1,0,0,0,0,2024-05-04 17:00:00
2024-05-04 17:30:00,19.088686,72.867919,11,VABB,280.0,2.1,2000.0,3000.0,30.0,26.0,,1,0,0,0,0,2024-05-04 17:00:00
2024-05-04 18:00:00,19.088686,72.867919,11,VABB,,0.0,,2000.0,29.0,24.9,1008.1,0,0,0,0,0,2024-05-04 18:00:00
2024-05-04 18:00:00,19.088686,72.867919,11,VABB,310.0,2.1,2000.0,3000.0,30.0,25.0,,1,0,0,0,0,2024-05-04 18:00:00
2024-05-04 18:30:00,19.088686,72.867919,11,VABB,320.0,2.1,2000.0,3000.0,30.0,25.0,,0,1,0,0,0,2024-05-04 18:00:00
2024-05-04 19:00:00,19.088686,72.867919,11,VABB,330.0,2.6,22000.0,3000.0,30.0,26.0,,0,1,0,0,0,2024-05-04 19:00:00
2024-05-04 19:30:00,19.088686,72.867919,11,VABB,350.0,1.5,22000.0,3000.0,29.0,26.0,,0,1,0,0,0,2024-05-04 19:00:00
2024-05-04 20:00:00,19.088686,72.867919,11,VABB,30.0,2.1,22000.0,3000.0,29.0,26.0,,0,1,0,0,0,2024-05-04 20:00:00
2024-05-04 20:30:00,19.088686,72.867919,11,VABB,270.0,1.5,22000.0,3000.0,29.0,26.0,,1,0,0,0,0,2024-05-04 20:00:00
2024-05-04 21:00:00,19.088686,72.867919,11,VABB,,0.0,,2000.0,28.0,24.6,1005.7,0,0,0,0,0,2024-05-04 21:00:00
2024-05-04 21:00:00,19.088686,72.867919,11,VABB,90.0,2.1,22000.0,3000.0,29.0,26.0,,1,0,0,0,0,2024-05-04 21:00:00
2024-05-04 21:30:00,19.088686,72.867919,11,VABB,0.0,0.0,22000.0,3000.0,29.0,26.0,,1,0,0,0,0,2024-05-04 21:00:00
2024-05-04 22:00:00,19.088686,72.867919,11,VABB,0.0,0.0,22000.0,3000.0,29.0,26.0,,1,0,0,0,0,2024-05-04 22:00:00
2024-05-04 22:30:00,19.088686,72.867919,11,VABB,0.0,0.0,22000.0,3000.0,29.0,26.0,,1,0,0,0,0,2024-05-04 22:00:00
2024-05-04 23:00:00,19.088686,72.867919,11,VABB,20.0,1.5,22000.0,3000.0,29.0,26.0,,1,0,0,0,0,2024-05-04 23:00:00
2024-05-04 23:30:00,19.088686,72.867919,11,VABB,0.0,0.0,22000.0,3000.0,29.0,25.0,,1,0,0,0,0,2024-05-04 23:00:00
2024-05-05 00:00:00,19.088686,72.867919,11,VABB,,0.0,22000.0,2000.0,28.0,24.9,1005.9,0,0,0,0,0,2024-05-05 00:00:00
2024-05-05 00:00:00,19.088686,72.867919,11,VABB,330.0,1.5,2000.0,3000.0,29.0,26.0,,1,0,0,0,0,2024-05-05 00:00:00
2024-05-05 00:30:00,19.088686,72.867919,11,VABB,0.0,0.0,2000.0,3000.0,29.0,26.0,,1,0,0,0,0,2024-05-05 00:00:00
2024-05-05 01:00:00,19.088686,72.867919,11,VABB,230.0,2.1,2000.0,3000.0,29.0,26.0,,1,0,0,0,0,2024-05-05 01:00:00
2024-05-05 01:30:00,19.088686,72.867919,11,VABB,210.0,2.1,2000.0,3000.0,29.0,26.0,,1,0,0,0,0,2024-05-05 01:00:00
2024-05-05 02:00:00,19.088686,72.867919,11,VABB,200.0,2.1,2000.0,3000.0,29.0,26.0,,1,0,0,0,0,2024-05-05 02:00:00
2024-05-05 02:30:00,19.088686,72.867919,11,VABB,260.0,2.6,2000.0,3000.0,30.0,26.0,,1,0,0,0,0,2024-05-05 02:00:00
2024-05-05 03:00:00,19.088686,72.867919,11,VABB,,0.0,,2000.0,30.4,25.6,1007.8,0,0,0,0,0,2024-05-05 03:00:00
2024-05-05 03:00:00,19.088686,72.867919,11,VABB,330.0,2.1,2000.0,3000.0,30.0,26.0,,1,0,0,0,0,2024-05-05 03:00:00
2024-05-05 03:30:00,19.088686,72.867919,11,VABB,270.0,2.6,762.0,3000.0,31.0,26.0,,1,0,0,0,0,2024-05-05 03:00:00
2024-05-05 04:00:00,19.088686,72.867919,11,VABB,310.0,1.5,762.0,3000.0,31.0,26.0,,0,1,0,0,0,2024-05-05 04:00:00
2024-05-05 04:30:00,19.088686,72.867919,11,VABB,230.0,3.6,2000.0,3000.0,32.0,27.0,,0,1,0,0,0,2024-05-05 04:00:00
2024-05-05 05:00:00,19.088686,72.867919,11,VABB,290.0,3.1,2000.0,3000.0,32.0,26.0,,0,1,0,0,0,2024-05-05 05:00:00
2024-05-05 05:30:00,19.088686,72.867919,11,VABB,260.0,4.6,2000.0,3000.0,32.0,27.0,,0,1,0,0,0,2024-05-05 05:00:00
2024-05-05 06:00:00,19.088686,72.867919,11,VABB,320.0,1.5,22000.0,2000.0,33.4,25.9,1007.8,0,0,0,0,0,2024-05-05 06:00:00
2024-05-05 06:00:00,19.088686,72.867919,11,VABB,260.0,5.1,2000.0,3500.0,32.0,27.0,,0,1,0,0,0,2024-05-05 06:00:00
2024-05-05 06:30:00,19.088686,72.867919,11,VABB,250.0,5.7,2000.0,3500.0,32.0,27.0,,0,1,0,0,0,2024-05-05 06:00:00
2024-05-05 07:00:00,19.088686,72.867919,11,VABB,270.0,5.7,2000.0,3500.0,32.0,27.0,,0,1,0,0,0,2024-05-05 07:00:00
2024-05-05 07:30:00,19.088686,72.867919,11,VABB,250.0,5.1,2000.0,4000.0,33.0,27.0,,0,1,0,0,0,2024-05-05 07:00:00
2024-05-05 08:00:00,19.088686,72.867919,11,VABB,250.0,5.1,22000.0,4000.0,33.0,27.0,,0,1,0,0,0,2024-05-05 08:00:00
2024-05-05 08:30:00,19.088686,72.867919,11,VABB,270.0,5.1,22000.0,4000.0,33.0,26.0,,0,1,0,0,0,2024-05-05 08:00:00
2024-05-05 09:00:00,19.088686,72.867919,11,VABB,320.0,1.5,,2000.0,34.2,26.1,1005.9,0,0,0,0,0,2024-05-05 09:00:00
2024-05-05 09:00:00,19.088686,72.867919,11,VABB,260.0,6.7,2500.0,4000.0,33.0,27.0,,0,1,0,0,0,2024-05-05 09:00:00
2024-05-05 09:30:00,19.088686,72.867919,11,VABB,270.0,4.1,2500.0,5000.0,34.0,27.0,,0,1,0,0,1,2024-05-05 09:00:00
2024-05-05 10:00:00,19.088686,72.867919,11,VABB,270.0,4.1,2500.0,5000.0,34.0,27.0,,0,1,0,0,1,2024-05-05 10:00:00
2024-05-05 10:30:00,19.088686,72.867919,11,VABB,260.0,7.2,2500.0,5000.0,33.0,26.0,,0,1,0,0,0,2024-05-05 10:00:00
2024-05-05 11:00:00,19.088686,72.867919,11,VABB,290.0,5.7,2500.0,5000.0,34.0,24.0,,0,1,0,0,0,2024-05-05 11:00:00
2024-05-05 11:30:00,19.088686,72.867919,11,VABB,280.0,5.7,2500.0,5000.0,33.0,24.0,,0,1,0,0,0,2024-05-05 11:00:00
2024-05-05 12:00:00,19.088686,72.867919,11,VABB,320.0,1.5,,2000.0,34.0,23.4,1005.0,0,0,0,0,0,2024-05-05 12:00:00
2024-05-05 12:00:00,19.088686,72.867919,11,VABB,310.0,4.6,22000.0,5000.0,33.0,23.0,,0,0,0,0,0,2024-05-05 12:00:00
2024-05-05 12:30:00,19.088686,72.867919,11,VABB,290.0,4.6,22000.0,4000.0,32.0,24.0,,0,0,0,0,0,2024-05-05 12:00:00
2024-05-05 13:00:00,19.088686,72.867919,11,VABB,290.0,4.1,22000.0,4000.0,32.0,24.0,,0,1,0,0,0,2024-05-05 13:00:00
2024-05-05 13:30:00,19.088686,72.867919,11,VABB,300.0,3.6,22000.0,4000.0,31.0,24.0,,0,1,0,0,0,2024-05-05 13:00:00
2024-05-05 14:00:00,19.088686,72.867919,11,VABB,280.0,5.1,22000.0,4000.0,31.0,25.0,,0,1,0,0,0,2024-05-05 14:00:00
2024-05-05 14:30:00,19.088686,72.867919,11,VABB,310.0,3.1,22000.0,3000.0,31.0,25.0,,0,1,0,0,0,2024-05-05 14:00:00
2024-05-05 15:00:00,19.088686,72.867919,11,VABB,,0.0,,2000.0,30.0,23.7,1006.5,0,0,0,0,0,2024-05-05 15:00:00
2024-05-05 15:00:00,19.088686,72.867919,11,VABB,300.0,4.1,22000.0,3000.0,31.0,24.0,,0,1,0,0,0,2024-05-05 15:00:00
2024-05-05 15:30:00,19.088686,72.867919,11,VABB,310.0,3.1,22000.0,3000.0,30.0,25.0,,0,1,0,0,0,2024-05-05 15:00:00
2024-05-05 16:00:00,19.088686,72.867919,11,VABB,300.0,3.1,22000.0,3000.0,30.0,24.0,,0,1,0,0,0,2024-05-05 16:00:00
2024-05-05 16:30:00,19.088686,72.867919,11,VABB,290.0,3.6,22000.0,3000.0,31.0,25.0,,0,1,0,0,0,2024-05-05 16:00:00
2024-05-05 17:00:00,19.088686,72.867919,11,VABB,290.0,3.1,22000.0,3000.0,30.0,25.0,,0,1,0,0,0,2024-05-05 17:00:00
2024-05-05 17:30:00,19.088686,72.867919,11,VABB,300.0,3.1,22000.0,3000.0,30.0,25.0,,0,1,0,0,0,2024-05-05 17:00:00
2024-05-05 18:00:00,19.088686,72.867919,11,VABB,,0.0,,2000.0,29.2,25.2,1007.6,0,0,0,0,0,2024-05-05 18:00:00
2024-05-05 18:00:00,19.088686,72.867919,11,VABB,280.0,5.1,22000.0,3000.0,30.0,26.0,,0,1,0,0,0,2024-05-05 18:00:00
2024-05-05 18:30:00,19.088686,72.867919,11,VABB,280.0,3.6,22000.0,3000.0,30.0,26.0,,0,1,0,0,0,2024-05-05 18:00:00
2024-05-05 19:00:00,19.088686,72.867919,11,VABB,320.0,3.1,22000.0,3000.0,30.0,27.0,,0,1,0,0,0,2024-05-05 19:00:00
2024-05-05 19:30:00,19.088686,72.867919,11,VABB,290.0,3.1,2000.0,3000.0,29.0,27.0,,1,0,0,0,0,2024-05-05 19:00:00
2024-05-05 20:00:00,19.088686,72.867919,11,VABB,310.0,3.6,2000.0,2500.0,29.0,26.0,,1,0,0,0,0,2024-05-05 20:00:00
2024-05-05 20:30:00,19.088686,72.867919,11,VABB,310.0,3.6,2000.0,2500.0,29.0,26.0,,1,0,0,0,0,2024-05-05 20:00:00
2024-05-05 21:00:00,19.088686,72.867919,11,VABB,,0.0,22000.0,2000.0,28.6,25.8,1006.6,0,0,0,0,0,2024-05-05 21:00:00
2024-05-05 21:00:00,19.088686,72.867919,11,VABB,320.0,2.1,2000.0,2500.0,29.0,27.0,,1,0,0,0,0,2024-05-05 21:00:00
2024-05-05 21:30:00,19.088686,72.867919,11,VABB,340.0,3.1,2000.0,2500.0,29.0,26.0,,1,0,0,0,0,2024-05-05 21:00:00
2024-05-05 22:00:00,19.088686,72.867919,11,VABB,330.0,2.1,2000.0,2500.0,29.0,26.0,,1,0,0,0,0,2024-05-05 22:00:00
2024-05-05 22:30:00,19.088686,72.867919,11,VABB,340.0,2.6,2000.0,2500.0,29.0,26.0,,1,0,0,0,0,2024-05-05 22:00:00
2024-05-05 22:58:00,19.088686,72.867919,11,VABB,330.0,2.6,2000.0,2500.0,29.0,26.0,,1,0,0,0,0,2024-05-05 22:00:00
2024-05-05 23:00:00,19.088686,72.867919,11,VABB,330.0,2.6,2000.0,2500.0,29.0,26.0,,1,0,0,0,0,2024-05-05 23:00:00
2024-05-05 23:30:00,19.088686,72.867919,11,VABB,310.0,3.1,2000.0,2500.0,29.0,26.0,,1,0,0,0,0,2024-05-05 23:00:00
2024-05-06 00:00:00,19.088686,72.867919,11,VABB,,0.0,22000.0,2000.0,28.2,25.7,1006.7,0,0,0,0,0,2024-05-06 00:00:00
2024-05-06 00:30:00,19.088686,72.867919,11,VABB,320.0,2.1,2000.0,2500.0,29.0,26.0,,1,0,0,0,0,2024-05-06 00:00:00
2024-05-06 01:00:00,19.088686,72.867919,11,VABB,20.0,2.1,2000.0,2500.0,29.0,26.0,,1,0,0,0,0,2024-05-06 01:00:00
2024-05-06 01:30:00,19.088686,72.867919,11,VABB,330.0,2.1,2000.0,2500.0,30.0,26.0,,1,0,0,0,0,2024-05-06 01:00:00
2024-05-06 02:00:00,19.088686,72.867919,11,VABB,300.0,3.1,2000.0,3000.0,30.0,26.0,,1,0,0,0,0,2024-05-06 02:00:00
2024-05-06 02:30:00,19.088686,72.867919,11,VABB,320.0,3.1,2000.0,3000.0,30.0,25.0,,1,0,0,0,0,2024-05-06 02:00:00
2024-05-06 03:00:00,19.088686,72.867919,11,VABB,,0.0,,2000.0,30.0,24.6,1008.5,0,0,0,0,0,2024-05-06 03:00:00
2024-05-06 03:00:00,19.088686,72.867919,11,VABB,280.0,2.6,2000.0,3000.0,31.0,26.0,,1,0,0,0,0,2024-05-06 03:00:00
2024-05-06 03:30:00,19.088686,72.867919,11,VABB,290.0,3.1,2000.0,3000.0,31.0,25.0,,0,1,0,0,0,2024-05-06 03:00:00
2024-05-06 04:00:00,19.088686,72.867919,11,VABB,260.0,5.1,2000.0,3000.0,32.0,25.0,,0,1,0,0,0,2024-05-06 04:00:00
2024-05-06 04:30:00,19.088686,72.867919,11,VABB,260.0,5.7,2000.0,3000.0,31.0,26.0,,0,1,0,0,0,2024-05-06 04:00:00
2024-05-06 05:00:00,19.088686,72.867919,11,VABB,260.0,5.1,2000.0,3000.0,31.0,25.0,,0,1,0,0,0,2024-05-06 05:00:00
2024-05-06 05:30:00,19.088686,72.867919,11,VABB,280.0,6.7,2000.0,3500.0,31.0,26.0,,0,1,0,0,0,2024-05-06 05:00:00
2024-05-06 06:00:00,19.088686,72.867919,11,VABB,320.0,1.5,22000.0,2000.0,32.2,24.5,1009.2,0,0,0,0,0,2024-05-06 06:00:00
2024-05-06 06:00:00,19.088686,72.867919,11,VABB,260.0,3.6,2000.0,4000.0,32.0,25.0,,0,1,0,0,1,2024-05-06 06:00:00
2024-05-06 06:30:00,19.088686,72.867919,11,VABB,250.0,3.6,2000.0,4000.0,32.0,25.0,,0,1,0,0,1,2024-05-06 06:00:00
2024-05-06 07:00:00,19.088686,72.867919,11,VABB,260.0,3.6,2000.0,4000.0,31.0,25.0,,0,1,0,0,1,2024-05-06 07:00:00
2024-05-06 07:30:00,19.088686,72.867919,11,VABB,260.0,6.7,2000.0,4000.0,32.0,25.0,,0,1,0,0,0,2024-05-06 07:00:00
2024-05-06 08:00:00,19.088686,72.867919,11,VABB,270.0,4.1,2000.0,4000.0,32.0,25.0,,0,1,0,0,1,2024-05-06 08:00:00
2024-05-06 08:30:00,19.088686,72.867919,11,VABB,240.0,3.6,2000.0,4000.0,31.0,24.0,,0,1,0,0,0,2024-05-06 08:00:00
2024-05-06 09:00:00,19.088686,72.867919,11,VABB,270.0,2.1,22000.0,2000.0,32.6,24.7,1007.5,0,0,0,0,0,2024-05-06 09:00:00
2024-05-06 09:00:00,19.088686,72.867919,11,VABB,250.0,3.6,2000.0,4000.0,31.0,23.0,,0,1,0,0,1,2024-05-06 09:00:00
2024-05-06 09:30:00,19.088686,72.867919,11,VABB,250.0,5.1,2000.0,4000.0,31.0,24.0,,0,1,0,0,0,2024-05-06 09:00:00
2024-05-06 10:30:00,19.088686,72.867919,11,VABB,270.0,6.2,2000.0,5000.0,32.0,25.0,,0,1,0,0,0,2024-05-06 10:00:00
2024-05-06 11:00:00,19.088686,72.867919,11,VABB,280.0,3.6,2000.0,5000.0,32.0,25.0,,0,1,0,0,1,2024-05-06 11:00:00
2024-05-06 11:30:00,19.088686,72.867919,11,VABB,310.0,3.6,2000.0,5000.0,33.0,24.0,,0,1,0,0,0,2024-05-06 11:00:00
2024-05-06 12:00:00,19.088686,72.867919,11,VABB,180.0,2.1,,2000.0,32.4,24.1,1006.2,0,0,0,0,0,2024-05-06 12:00:00
2024-05-06 12:00:00,19.088686,72.867919,11,VABB,300.0,4.1,2000.0,5000.0,31.0,24.0,,0,1,0,0,0,2024-05-06 12:00:00
2024-05-06 12:30:00,19.088686,72.867919,11,VABB,300.0,2.6,22000.0,5000.0,31.0,24.0,,0,1,0,0,0,2024-05-06 12:00:00
2024-05-06 13:00:00,19.088686,72.867919,11,VABB,270.0,3.1,22000.0,5000.0,31.0,24.0,,0,1,0,0,0,2024-05-06 13:00:00
2024-05-06 13:30:00,19.088686,72.867919,11,VABB,260.0,5.1,10000.0,4000.0,30.0,25.0,,0,1,0,0,0,2024-05-06 13:00:00
2024-05-06 14:00:00,19.088686,72.867919,11,VABB,270.0,4.1,10000.0,4000.0,30.0,25.0,,0,1,0,0,0,2024-05-06 14:00:00
2024-05-06 14:30:00,19.088686,72.867919,11,VABB,280.0,4.1,22000.0,4000.0,30.0,25.0,,0,1,0,0,0,2024-05-06 14:00:00
2024-05-06 15:00:00,19.088686,72.867919,11,VABB,270.0,2.1,,2000.0,29.4,24.5,1007.4,0,0,0,0,0,2024-05-06 15:00:00
2024-05-06 15:00:00,19.088686,72.867919,11,VABB,270.0,4.1,22000.0,4000.0,30.0,25.0,,0,1,0,0,0,2024-05-06 15:00:00
2024-05-06 15:30:00,19.088686,72.867919,11,VABB,300.0,3.6,2000.0,4000.0,30.0,26.0,,0,1,0,0,0,2024-05-06 15:00:00
2024-05-06 16:00:00,19.088686,72.867919,11,VABB,270.0,4.6,2000.0,3500.0,29.0,26.0,,0,1,0,0,0,2024-05-06 16:00:00
2024-05-06 16:30:00,19.088686,72.867919,11,VABB,260.0,4.1,2000.0,3500.0,29.0,26.0,,0,1,0,0,0,2024-05-06 16:00:00
2024-05-06 17:00:00,19.088686,72.867919,11,VABB,290.0,3.1,610.0,3000.0,30.0,27.0,,0,1,0,0,0,2024-05-06 17:00:00
2024-05-06 17:30:00,19.088686,72.867919,11,VABB,270.0,4.1,2000.0,3000.0,29.0,26.0,,0,1,0,0,0,2024-05-06 17:00:00
2024-05-06 18:00:00,19.088686,72.867919,11,VABB,,0.0,,2000.0,29.2,24.6,1008.5,0,0,0,0,0,2024-05-06 18:00:00
2024-05-06 18:00:00,19.088686,72.867919,11,VABB,260.0,3.6,2000.0,3000.0,29.0,26.0,,0,1,0,0,0,2024-05-06 18:00:00
2024-05-06 18:30:00,19.088686,72.867919,11,VABB,260.0,3.6,2000.0,3000.0,29.0,26.0,,0,1,0,0,0,2024-05-06 18:00:00
2024-05-06 19:00:00,19.088686,72.867919,11,VABB,290.0,3.1,2000.0,3000.0,29.0,26.0,,0,1,0,0,0,2024-05-06 19:00:00
2024-05-06 19:30:00,19.088686,72.867919,11,VABB,270.0,4.1,2000.0,3000.0,29.0,26.0,,0,1,0,0,0,2024-05-06 19:00:00
2024-05-06 20:00:00,19.088686,72.867919,11,VABB,240.0,2.6,2000.0,3000.0,29.0,26.0,,0,1,0,0,0,2024-05-06 20:00:00
2024-05-06 20:30:00,19.088686,72.867919,11,VABB,230.0,3.6,2000.0,3000.0,29.0,26.0,,0,1,0,0,0,2024-05-06 20:00:00
2024-05-06 21:00:00,19.088686,72.867919,11,VABB,,0.0,22000.0,2000.0,28.2,24.8,1007.2,0,0,0,0,0,2024-05-06 21:00:00
2024-05-06 21:00:00,19.088686,72.867919,11,VABB,240.0,2.6,2000.0,3000.0,29.0,26.0,,0,1,0,0,0,2024-05-06 21:00:00
2024-05-06 21:30:00,19.088686,72.867919,11,VABB,260.0,2.6,2000.0,3000.0,29.0,26.0,,0,1,0,0,0,2024-05-06 21:00:00
2024-05-06 22:00:00,19.088686,72.867919,11,VABB,280.0,2.6,2000.0,3000.0,29.0,25.0,,0,1,0,0,0,2024-05-06 22:00:00
2024-05-06 22:30:00,19.088686,72.867919,11,VABB,260.0,2.6,2000.0,3000.0,28.0,26.0,,0,1,0,0,0,2024-05-06 22:00:00
2024-05-06 23:00:00,19.088686,72.867919,11,VABB,270.0,2.1,2000.0,3000.0,29.0,26.0,,0,1,0,0,0,2024-05-06 23:00:00
2024-05-06 23:30:00,19.088686,72.867919,11,VABB,0.0,0.0,2000.0,3000.0,29.0,25.0,,0,1,0,0,0,2024-05-06 23:00:00
2024-05-07 00:00:00,19.088686,72.867919,11,VABB,,0.0,22000.0,2000.0,28.0,24.3,1007.3,0,0,0,0,0,2024-05-07 00:00:00
2024-05-07 00:00:00,19.088686,72.867919,11,VABB,260.0,2.1,2000.0,3000.0,29.0,25.0,,0,1,0,0,0,2024-05-07 00:00:00
2024-05-07 00:30:00,19.088686,72.867919,11,VABB,0.0,0.0,2000.0,3000.0,29.0,25.0,,0,1,0,0,0,2024-05-07 00:00:00
2024-05-07 01:00:00,19.088686,72.867919,11,VABB,300.0,2.1,2000.0,3000.0,29.0,25.0,,0,1,0,0,0,2024-05-07 01:00:00
2024-05-07 01:30:00,19.088686,72.867919,11,VABB,290.0,2.1,2000.0,3000.0,29.0,25.0,,0,1,0,0,0,2024-05-07 01:00:00
2024-05-07 02:00:00,19.088686,72.867919,11,VABB,270.0,2.1,2000.0,3000.0,29.0,25.0,,0,1,0,0,0,2024-05-07 02:00:00
2024-05-07 02:30:00,19.088686,72.867919,11,VABB,0.0,0.0,2000.0,3500.0,30.0,25.0,,0,1,0,0,0,2024-05-07 02:00:00
2024-05-07 03:00:00,19.088686,72.867919,11,VABB,,0.0,750.0,2000.0,29.8,23.4,1009.3,0,0,0,0,0,2024-05-07 03:00:00
2024-05-07 03:00:00,19.088686,72.867919,11,VABB,310.0,2.6,2000.0,4000.0,31.0,24.0,,0,1,0,0,0,2024-05-07 03:00:00
2024-05-07 03:30:00,19.088686,72.867919,11,VABB,320.0,1.5,2000.0,4000.0,31.0,23.0,,0,1,0,0,0,2024-05-07 03:00:00
2024-05-07 04:00:00,19.088686,72.867919,11,VABB,250.0,4.1,2000.0,4000.0,32.0,24.0,,0,1,0,0,0,2024-05-07 04:00:00
2024-05-07 04:30:00,19.088686,72.867919,11,VABB,270.0,3.1,2000.0,4000.0,32.0,24.0,,0,1,0,0,0,2024-05-07 04:00:00
2024-05-07 05:00:00,19.088686,72.867919,11,VABB,250.0,5.1,2000.0,4000.0,32.0,25.0,,0,1,0,0,0,2024-05-07 05:00:00
2024-05-07 05:30:00,19.088686,72.867919,11,VABB,260.0,4.6,2000.0,4000.0,32.0,25.0,,0,1,0,0,0,2024-05-07 05:00:00
2024-05-07 06:00:00,19.088686,72.867919,11,VABB,320.0,2.1,22000.0,2000.0,32.8,24.6,1009.4,0,0,0,0,0,2024-05-07 06:00:00
2024-05-07 06:00:00,19.088686,72.867919,11,VABB,270.0,3.6,2000.0,4000.0,32.0,25.0,,0,1,0,0,0,2024-05-07 06:00:00
2024-05-07 06:30:00,19.088686,72.867919,11,VABB,250.0,6.2,2000.0,4000.0,32.0,25.0,,0,1,0,0,0,2024-05-07 06:00:00
2024-05-07 07:00:00,19.088686,72.867919,11,VABB,250.0,5.7,2000.0,4000.0,32.0,25.0,,0,1,0,0,0,2024-05-07 07:00:00
2024-05-07 07:30:00,19.088686,72.867919,11,VABB,250.0,4.6,2000.0,4000.0,32.0,25.0,,0,1,0,0,0,2024-05-07 07:00:00
2024-05-07 08:00:00,19.088686,72.867919,11,VABB,260.0,6.2,2000.0,4000.0,33.0,25.0,,0,1,0,0,0,2024-05-07 08:00:00
2024-05-07 08:30:00,19.088686,72.867919,11,VABB,260.0,6.7,2000.0,4000.0,32.0,24.0,,0,1,0,0,0,2024-05-07 08:00:00
2024-05-07 09:00:00,19.088686,72.867919,11,VABB,320.0,2.1,,2000.0,33.4,23.7,1007.7,0,0,0,0,0,2024-05-07 09:00:00
2024-05-07 09:00:00,19.088686,72.867919,11,VABB,260.0,3.6,22000.0,5000.0,32.0,24.0,,0,1,0,0,1,2024-05-07 09:00:00
2024-05-07 09:30:00,19.088686,72.867919,11,VABB,260.0,4.1,22000.0,5000.0,32.0,25.0,,0,1,0,0,1,2024-05-07 09:00:00
2024-05-07 10:00:00,19.088686,72.867919,11,VABB,260.0,4.1,2000.0,5000.0,32.0,25.0,,0,1,0,0,1,2024-05-07 10:00:00
2024-05-07 10:30:00,19.088686,72.867919,11,VABB,260.0,5.7,2000.0,5000.0,31.0,26.0,,0,1,0,0,1,2024-05-07 10:00:00
2024-05-07 11:00:00,19.088686,72.867919,11,VABB,260.0,4.1,2000.0,5000.0,31.0,25.0,,0,1,0,0,1,2024-05-07 11:00:00
2024-05-07 11:30:00,19.088686,72.867919,11,VABB,260.0,4.1,2000.0,5000.0,32.0,25.0,,0,1,0,0,1,2024-05-07 11:00:00
2024-05-07 12:00:00,19.088686,72.867919,11,VABB,320.0,1.5,750.0,2000.0,32.0,23.7,1007.5,0,0,0,0,0,2024-05-07 12:00:00
2024-05-07 12:00:00,19.088686,72.867919,11,VABB,270.0,4.6,2000.0,5000.0,31.0,25.0,,0,1,0,0,1,2024-05-07 12:00:00
2024-05-07 12:30:00,19.088686,72.867919,11,VABB,270.0,4.1,762.0,5000.0,31.0,26.0,,0,1,0,0,1,2024-05-07 12:00:00
2024-05-07 13:00:00,19.088686,72.867919,11,VABB,240.0,5.7,762.0,5000.0,30.0,25.0,,0,1,0,0,0,2024-05-07 13:00:00
2024-05-07 13:30:00,19.088686,72.867919,11,VABB,260.0,6.2,762.0,4000.0,30.0,25.0,,0,1,0,0,0,2024-05-07 13:00:00
2024-05-07 14:00:00,19.088686,72.867919,11,VABB,260.0,5.7,762.0,4000.0,30.0,25.0,,0,1,0,0,0,2024-05-07 14:00:00
2024-05-07 14:30:00,19.088686,72.867919,11,VABB,250.0,5.7,762.0,4000.0,30.0,25.0,,1,0,0,0,0,2024-05-07 14:00:00
2024-05-07 15:00:00,19.088686,72.867919,11,VABB,270.0,3.1,750.0,2000.0,30.0,24.3,1009.1,0,0,0,0,0,2024-05-07 15:00:00
2024-05-07 15:00:00,19.088686,72.867919,11,VABB,260.0,5.7,762.0,4000.0,30.0,25.0,,1,0,0,0,0,2024-05-07 15:00:00
2024-05-07 15:30:00,19.088686,72.867919,11,VABB,250.0,5.1,762.0,4000.0,30.0,25.0,,1,0,0,0,0,2024-05-07 15:00:00
2024-05-07 16:00:00,19.088686,72.867919,11,VABB,240.0,4.6,762.0,3000.0,30.0,25.0,,1,0,0,0,0,2024-05-07 16:00:00
2024-05-07 16:30:00,19.088686,72.867919,11,VABB,290.0,3.6,762.0,3000.0,30.0,25.0,,1,0,0,0,0,2024-05-07 16:00:00
2024-05-07 18:00:00,19.088686,72.867919,11,VABB,,0.0,,2000.0,29.4,23.9,1009.8,0,0,0,0,0,2024-05-07 18:00:00
2024-05-07 19:00:00,19.088686,72.867919,11,VABB,300.0,2.6,2000.0,3000.0,29.0,25.0,,1,0,0,0,0,2024-05-07 19:00:00
2024-05-07 19:30:00,19.088686,72.867919,11,VABB,280.0,3.6,2000.0,3000.0,29.0,25.0,,1,0,0,0,0,2024-05-07 19:00:00
2024-05-07 20:00:00,19.088686,72.867919,11,VABB,280.0,3.1,2000.0,3000.0,29.0,25.0,,1,0,0,0,0,2024-05-07 20:00:00
2024-05-07 20:30:00,19.088686,72.867919,11,VABB,310.0,2.1,2000.0,3000.0,29.0,25.0,,1,0,0,0,0,2024-05-07 20:00:00
2024-05-07 21:00:00,19.088686,72.867919,11,VABB,,0.0,,2000.0,28.8,24.2,1008.1,0,0,0,0,0,2024-05-07 21:00:00
2024-05-07 21:00:00,19.088686,72.867919,11,VABB,250.0,2.1,2000.0,3000.0,29.0,25.0,,1,0,0,0,0,2024-05-07 21:00:00
2024-05-07 21:30:00,19.088686,72.867919,11,VABB,230.0,3.1,2000.0,3000.0,29.0,25.0,,1,0,0,0,0,2024-05-07 21:00:00
2024-05-07 22:00:00,19.088686,72.867919,11,VABB,240.0,1.5,2000.0,3000.0,29.0,25.0,,1,0,0,0,0,2024-05-07 22:00:00
2024-05-07 22:30:00,19.088686,72.867919,11,VABB,240.0,1.5,2000.0,3000.0,29.0,25.0,,1,0,0,0,0,2024-05-07 22:00:00
2024-05-07 23:00:00,19.088686,72.867919,11,VABB,240.0,3.1,2000.0,3000.0,29.0,25.0,,1,0,0,0,0,2024-05-07 23:00:00
2024-05-07 23:30:00,19.088686,72.867919,11,VABB,250.0,2.1,2000.0,3000.0,29.0,25.0,,1,0,0,0,0,2024-05-07 23:00:00
2024-05-08 00:00:00,19.088686,72.867919,11,VABB,,0.0,,2000.0,27.4,24.2,1008.2,0,0,0,0,0,2024-05-08 00:00:00
2024-05-08 00:30:00,19.088686,72.867919,11,VABB,240.0,2.6,2000.0,3000.0,29.0,25.0,,1,0,0,0,0,2024-05-08 00:00:00
2024-05-08 01:00:00,19.088686,72.867919,11,VABB,240.0,2.6,2000.0,3000.0,29.0,25.0,,1,0,0,0,0,2024-05-08 01:00:00
2024-05-08 01:30:00,19.088686,72.867919,11,VABB,260.0,1.5,2000.0,3000.0,29.0,25.0,,1,0,0,0,0,2024-05-08 01:00:00
2024-05-08 02:00:00,19.088686,72.867919,11,VABB,220.0,2.6,2000.0,3000.0,29.0,25.0,,1,0,0,0,0,2024-05-08 02:00:00
2024-05-08 02:30:00,19.088686,72.867919,11,VABB,220.0,2.6,2000.0,3500.0,30.0,23.0,,0,1,0,0,0,2024-05-08 02:00:00
2024-05-08 03:00:00,19.088686,72.867919,11,VABB,,0.0,750.0,2000.0,29.6,23.2,1009.9,0,0,0,0,0,2024-05-08 03:00:00
2024-05-08 03:00:00,19.088686,72.867919,11,VABB,210.0,2.1,2000.0,4000.0,30.0,23.0,,0,1,0,0,0,2024-05-08 03:00:00
2024-05-08 03:30:00,19.088686,72.867919,11,VABB,250.0,2.6,2000.0,4000.0,30.0,23.0,,0,1,0,0,0,2024-05-08 03:00:00
2024-05-08 04:00:00,19.088686,72.867919,11,VABB,0.0,0.0,2000.0,4000.0,30.0,23.0,,0,1,0,0,0,2024-05-08 04:00:00
2024-05-08 04:30:00,19.088686,72.867919,11,VABB,270.0,3.6,2000.0,4000.0,32.0,24.0,,0,1,0,0,0,2024-05-08 04:00:00
2024-05-08 05:00:00,19.088686,72.867919,11,VABB,260.0,5.7,2000.0,4000.0,32.0,24.0,,0,1,0,0,0,2024-05-08 05:00:00
2024-05-08 05:30:00,19.088686,72.867919,11,VABB,290.0,2.6,2000.0,4000.0,32.0,24.0,,0,1,0,0,0,2024-05-08 05:00:00
2024-05-08 06:00:00,19.088686,72.867919,11,VABB,290.0,1.5,22000.0,2000.0,33.0,23.2,1009.5,0,0,0,0,0,2024-05-08 06:00:00
2024-05-08 06:00:00,19.088686,72.867919,11,VABB,250.0,4.1,2000.0,4500.0,32.0,24.0,,0,1,0,0,0,2024-05-08 06:00:00
2024-05-08 06:30:00,19.088686,72.867919,11,VABB,250.0,5.7,2000.0,5000.0,32.0,24.0,,0,1,0,0,0,2024-05-08 06:00:00
2024-05-08 07:00:00,19.088686,72.867919,11,VABB,260.0,3.6,2000.0,5000.0,32.0,24.0,,0,1,0,0,1,2024-05-08 07:00:00
2024-05-08 07:30:00,19.088686,72.867919,11,VABB,280.0,6.2,2000.0,5000.0,32.0,24.0,,0,1,0,0,0,2024-05-08 07:00:00
2024-05-08 08:00:00,19.088686,72.867919,11,VABB,260.0,6.7,2000.0,5000.0,32.0,24.0,,0,1,0,0,0,2024-05-08 08:00:00
2024-05-08 08:30:00,19.088686,72.867919,11,VABB,260.0,5.1,2000.0,5000.0,32.0,24.0,,0,1,0,0,1,2024-05-08 08:00:00
2024-05-08 10:00:00,19.088686,72.867919,11,VABB,260.0,6.2,2000.0,5000.0,32.0,25.0,,0,1,0,0,0,2024-05-08 10:00:00
2024-05-08 10:30:00,19.088686,72.867919,11,VABB,280.0,6.2,2000.0,5000.0,32.0,25.0,,0,1,0,0,0,2024-05-08 10:00:00
2024-05-08 11:00:00,19.088686,72.867919,11,VABB,270.0,4.1,2000.0,5000.0,31.0,25.0,,0,1,0,0,1,2024-05-08 11:00:00
2024-05-08 11:30:00,19.088686,72.867919,11,VABB,270.0,3.6,2000.0,5000.0,31.0,25.0,,0,1,0,0,1,2024-05-08 11:00:00
2024-05-08 12:00:00,19.088686,72.867919,11,VABB,320.0,2.1,22000.0,2000.0,32.4,24.7,1005.6,0,0,0,0,0,2024-05-08 12:00:00
2024-05-08 12:00:00,19.088686,72.867919,11,VABB,280.0,7.2,2000.0,5000.0,31.0,25.0,,0,1,0,0,0,2024-05-08 12:00:00
2024-05-08 12:30:00,19.088686,72.867919,11,VABB,280.0,5.7,2000.0,5000.0,31.0,26.0,,0,1,0,0,0,2024-05-08 12:00:00
2024-05-08 13:00:00,19.088686,72.867919,11,VABB,280.0,4.6,2000.0,5000.0,30.0,26.0,,0,1,0,0,0,2024-05-08 13:00:00
2024-05-08 13:30:00,19.088686,72.867919,11,VABB,270.0,6.2,2000.0,4000.0,30.0,26.0,,1,0,0,0,0,2024-05-08 13:00:00
2024-05-08 14:00:00,19.088686,72.867919,11,VABB,280.0,5.1,762.0,4000.0,30.0,26.0,,1,0,0,0,0,2024-05-08 14:00:00
2024-05-08 14:30:00,19.088686,72.867919,11,VABB,280.0,3.6,762.0,3500.0,30.0,26.0,,1,0,0,0,0,2024-05-08 14:00:00
2024-05-08 15:00:00,19.088686,72.867919,11,VABB,,0.0,22000.0,2000.0,29.6,25.1,1007.2,0,0,0,0,0,2024-05-08 15:00:00
2024-05-08 15:00:00,19.088686,72.867919,11,VABB,300.0,3.6,2000.0,3500.0,30.0,26.0,,1,0,0,0,0,2024-05-08 15:00:00
2024-05-08 16:30:00,19.088686,72.867919,11,VABB,270.0,4.1,2000.0,3500.0,29.0,26.0,,1,0,0,0,0,2024-05-08 16:00:00
2024-05-08 17:00:00,19.088686,72.867919,11,VABB,280.0,3.1,2000.0,3500.0,29.0,26.0,,1,0,0,0,0,2024-05-08 17:00:00
2024-05-08 17:30:00,19.088686,72.867919,11,VABB,260.0,2.6,2000.0,3500.0,29.0,26.0,,1,0,0,0,0,2024-05-08 17:00:00
2024-05-08 18:00:00,19.088686,72.867919,11,VABB,,0.0,22000.0,2000.0,29.5,24.8,1008.1,0,0,0,0,0,2024-05-08 18:00:00
2024-05-08 18:00:00,19.088686,72.867919,11,VABB,270.0,3.6,2000.0,3000.0,29.0,26.0,,1,0,0,0,0,2024-05-08 18:00:00
2024-05-08 18:30:00,19.088686,72.867919,11,VABB,300.0,2.6,2000.0,3000.0,29.0,25.0,,1,0,0,0,0,2024-05-08 18:00:00
2024-05-08 19:00:00,19.088686,72.867919,11,VABB,270.0,3.6,2000.0,3000.0,29.0,25.0,,1,0,0,0,0,2024-05-08 19:00:00
2024-05-08 19:30:00,19.088686,72.867919,11,VABB,290.0,3.6,2000.0,3000.0,29.0,25.0,,1,0,0,0,0,2024-05-08 19:00:00
2024-05-08 20:00:00,19.088686,72.867919,11,VABB,280.0,3.1,2000.0,3000.0,29.0,25.0,,1,0,0,0,0,2024-05-08 20:00:00
2024-05-08 20:30:00,19.088686,72.867919,11,VABB,310.0,1.5,2000.0,3000.0,29.0,25.0,,1,0,0,0,0,2024-05-08 20:00:00
2024-05-08 21:00:00,19.088686,72.867919,11,VABB,,0.0,22000.0,2000.0,28.6,24.3,1006.8,0,0,0,0,0,2024-05-08 21:00:00
2024-05-08 21:00:00,19.088686,72.867919,11,VABB,320.0,1.5,2000.0,3000.0,29.0,25.0,,1,0,0,0,0,2024-05-08 21:00:00
2024-05-08 21:30:00,19.088686,72.867919,11,VABB,290.0,2.6,2000.0,3000.0,29.0,25.0,,1,0,0,0,0,2024-05-08 21:00:00
2024-05-08 22:00:00,19.088686,72.867919,11,VABB,300.0,2.1,2000.0,3000.0,29.0,25.0,,1,0,0,0,0,2024-05-08 22:00:00
2024-05-08 22:30:00,19.088686,72.867919,11,VABB,0.0,0.0,2000.0,3000.0,29.0,25.0,,1,0,0,0,0,2024-05-08 22:00:00
2024-05-08 23:00:00,19.088686,72.867919,11,VABB,40.0,2.6,2000.0,3000.0,29.0,25.0,,1,0,0,0,0,2024-05-08 23:00:00
2024-05-08 23:30:00,19.088686,72.867919,11,VABB,220.0,2.1,2000.0,3000.0,29.0,25.0,,1,0,0,0,0,2024-05-08 23:00:00
2024-05-09 00:00:00,19.088686,72.867919,11,VABB,,0.0,22000.0,2000.0,27.8,24.0,1006.7,0,0,0,0,0,2024-05-09 00:00:00
2024-05-09 00:30:00,19.088686,72.867919,11,VABB,270.0,3.1,2000.0,3000.0,28.0,25.0,,1,0,0,0,0,2024-05-09 00:00:00
2024-05-09 01:00:00,19.088686,72.867919,11,VABB,270.0,3.1,2000.0,3000.0,29.0,25.0,,1,0,0,0,0,2024-05-09 01:00:00
2024-05-09 01:30:00,19.088686,72.867919,11,VABB,270.0,2.1,2000.0,3000.0,29.0,25.0,,1,0,0,0,0,2024-05-09 01:00:00
2024-05-09 02:00:00,19.088686,72.867919,11,VABB,300.0,1.5,2000.0,3000.0,29.0,25.0,,1,0,0,0,0,2024-05-09 02:00:00
2024-05-09 02:30:00,19.088686,72.867919,11,VABB,340.0,2.6,2000.0,3000.0,30.0,25.0,,0,1,0,0,0,2024-05-09 02:00:00
2024-05-09 03:00:00,19.088686,72.867919,11,VABB,,0.0,750.0,2000.0,29.8,23.7,1008.4,0,0,0,0,0,2024-05-09 03:00:00
2024-05-09 03:00:00,19.088686,72.867919,11,VABB,250.0,3.1,2000.0,4000.0,31.0,25.0,,0,1,0,0,0,2024-05-09 03:00:00
2024-05-09 03:30:00,19.088686,72.867919,11,VABB,240.0,2.6,2000.0,4000.0,31.0,24.0,,0,1,0,0,0,2024-05-09 03:00:00
2024-05-09 04:00:00,19.088686,72.867919,11,VABB,260.0,2.6,2000.0,4000.0,32.0,24.0,,0,1,0,0,0,2024-05-09 04:00:00
2024-05-09 04:30:00,19.088686,72.867919,11,VABB,280.0,3.1,2000.0,4000.0,32.0,24.0,,0,1,0,0,0,2024-05-09 04:00:00
2024-05-09 05:00:00,19.088686,72.867919,11,VABB,240.0,2.6,2000.0,4000.0,32.0,24.0,,0,1,0,0,0,2024-05-09 05:00:00
2024-05-09 05:30:00,19.088686,72.867919,11,VABB,250.0,4.6,2000.0,4000.0,32.0,24.0,,0,1,0,0,0,2024-05-09 05:00:00
2024-05-09 06:00:00,19.088686,72.867919,11,VABB,,0.0,22000.0,2000.0,33.2,23.4,1008.7,0,0,0,0,0,2024-05-09 06:00:00
2024-05-09 06:00:00,19.088686,72.867919,11,VABB,270.0,4.6,2000.0,4000.0,33.0,24.0,,0,1,0,0,0,2024-05-09 06:00:00
2024-05-09 06:30:00,19.088686,72.867919,11,VABB,270.0,4.1,2000.0,5000.0,32.0,24.0,,0,1,0,0,0,2024-05-09 06:00:00
2024-05-09 07:00:00,19.088686,72.867919,11,VABB,260.0,6.7,2000.0,5000.0,33.0,24.0,,0,1,0,0,0,2024-05-09 07:00:00
2024-05-09 07:30:00,19.088686,72.867919,11,VABB,270.0,6.2,2000.0,5000.0,32.0,23.0,,0,1,0,0,0,2024-05-09 07:00:00
2024-05-09 08:00:00,19.088686,72.867919,11,VABB,270.0,6.7,2000.0,5000.0,32.0,25.0,,0,1,0,0,0,2024-05-09 08:00:00
2024-05-09 08:30:00,19.088686,72.867919,11,VABB,280.0,7.7,2000.0,5000.0,32.0,25.0,,0,1,0,0,0,2024-05-09 08:00:00
2024-05-09 09:00:00,19.088686,72.867919,11,VABB,320.0,2.1,22000.0,2000.0,33.4,24.0,1006.9,0,0,0,0,0,2024-05-09 09:00:00
2024-05-09 09:00:00,19.088686,72.867919,11,VABB,280.0,4.6,2000.0,5000.0,32.0,25.0,,0,1,0,0,1,2024-05-09 09:00:00
2024-05-09 09:30:00,19.088686,72.867919,11,VABB,290.0,7.2,2000.0,5000.0,32.0,25.0,,0,1,0,0,0,2024-05-09 09:00:00
2024-05-09 10:00:00,19.088686,72.867919,11,VABB,270.0,7.7,2000.0,5000.0,32.0,25.0,,0,1,0,0,0,2024-05-09 10:00:00
2024-05-09 10:30:00,19.088686,72.867919,11,VABB,270.0,7.2,2000.0,5000.0,32.0,26.0,,0,1,0,0,0,2024-05-09 10:00:00
2024-05-09 11:00:00,19.088686,72.867919,11,VABB,290.0,4.6,2000.0,5000.0,32.0,25.0,,0,1,0,0,1,2024-05-09 11:00:00
2024-05-09 11:30:00,19.088686,72.867919,11,VABB,280.0,5.1,2000.0,5000.0,32.0,26.0,,0,1,0,0,1,2024-05-09 11:00:00
2024-05-09 12:00:00,19.088686,72.867919,11,VABB,320.0,1.5,22000.0,2000.0,32.3,22.9,1005.7,0,0,0,0,0,2024-05-09 12:00:00
2024-05-09 12:00:00,19.088686,72.867919,11,VABB,290.0,6.2,2000.0,5000.0,31.0,25.0,,0,1,0,0,0,2024-05-09 12:00:00
2024-05-09 12:30:00,19.088686,72.867919,11,VABB,280.0,6.2,2000.0,5000.0,31.0,25.0,,0,1,0,0,0,2024-05-09 12:00:00
2024-05-09 13:00:00,19.088686,72.867919,11,VABB,280.0,6.2,2000.0,5000.0,31.0,26.0,,0,1,0,0,0,2024-05-09 13:00:00
2024-05-09 13:30:00,19.088686,72.867919,11,VABB,280.0,5.7,2000.0,5000.0,30.0,26.0,,1,0,0,0,0,2024-05-09 13:00:00
2024-05-09 14:00:00,19.088686,72.867919,11,VABB,270.0,5.7,2000.0,4000.0,30.0,26.0,,1,0,0,0,0,2024-05-09 14:00:00
2024-05-09 14:30:00,19.088686,72.867919,11,VABB,280.0,4.1,2000.0,3500.0,30.0,26.0,,1,0,0,0,0,2024-05-09 14:00:00
2024-05-09 15:00:00,19.088686,72.867919,11,VABB,320.0,1.5,750.0,2000.0,29.8,25.0,1007.2,0,0,0,0,0,2024-05-09 15:00:00
2024-05-09 15:00:00,19.088686,72.867919,11,VABB,290.0,3.6,2000.0,3000.0,30.0,26.0,,1,0,0,0,0,2024-05-09 15:00:00
2024-05-09 15:30:00,19.088686,72.867919,11,VABB,310.0,3.1,2000.0,3000.0,30.0,26.0,,1,0,0,0,0,2024-05-09 15:00:00
2024-05-09 16:00:00,19.088686,72.867919,11,VABB,290.0,3.6,2000.0,3000.0,30.0,26.0,,1,0,0,0,0,2024-05-09 16:00:00
2024-05-09 16:30:00,19.088686,72.867919,11,VABB,270.0,3.1,2000.0,3000.0,29.0,26.0,,1,0,0,0,0,2024-05-09 16:00:00
2024-05-09 17:00:00,19.088686,72.867919,11,VABB,280.0,1.5,2000.0,3000.0,29.0,25.0,,1,0,0,0,0,2024-05-09 17:00:00
2024-05-09 17:30:00,19.088686,72.867919,11,VABB,270.0,3.1,2000.0,3000.0,30.0,25.0,,1,0,0,0,0,2024-05-09 17:00:00
2024-05-09 18:00:00,19.088686,72.867919,11,VABB,,0.0,,2000.0,29.4,24.5,1008.2,0,0,0,0,0,2024-05-09 18:00:00
2024-05-09 18:00:00,19.088686,72.867919,11,VABB,330.0,3.1,2000.0,3000.0,29.0,25.0,,1,0,0,0,0,2024-05-09 18:00:00
2024-05-09 18:30:00,19.088686,72.867919,11,VABB,300.0,2.6,2000.0,3000.0,29.0,25.0,,1,0,0,0,0,2024-05-09 18:00:00
2024-05-09 19:00:00,19.088686,72.867919,11,VABB,270.0,2.1,2000.0,3000.0,29.0,25.0,,1,0,0,0,0,2024-05-09 19:00:00
2024-05-09 19:30:00,19.088686,72.867919,11,VABB,310.0,2.1,2000.0,3000.0,29.0,25.0,,1,0,0,0,0,2024-05-09 19:00:00
2024-05-09 20:00:00,19.088686,72.867919,11,VABB,320.0,2.1,2000.0,3000.0,29.0,25.0,,1,0,0,0,0,2024-05-09 20:00:00
2024-05-09 20:30:00,19.088686,72.867919,11,VABB,310.0,1.5,2000.0,3000.0,29.0,25.0,,1,0,0,0,0,2024-05-09 20:00:00
2024-05-09 21:00:00,19.088686,72.867919,11,VABB,,0.0,22000.0,2000.0,28.0,24.6,1007.2,0,0,0,0,0,2024-05-09 21:00:00
2024-05-09 21:00:00,19.088686,72.867919,11,VABB,0.0,0.0,2000.0,3000.0,29.0,25.0,,1,0,0,0,0,2024-05-09 21:00:00
2024-05-09 21:30:00,19.088686,72.867919,11,VABB,300.0,2.1,2000.0,3000.0,29.0,25.0,,1,0,0,0,0,2024-05-09 21:00:00
2024-05-09 22:00:00,19.088686,72.867919,11,VABB,270.0,3.1,2000.0,3000.0,28.0,25.0,,1,0,0,0,0,2024-05-09 22:00:00
2024-05-09 22:30:00,19.088686,72.867919,11,VABB,250.0,2.1,2000.0,3000.0,28.0,25.0,,1,0,0,0,0,2024-05-09 22:00:00
2024-05-09 23:00:00,19.088686,72.867919,11,VABB,310.0,1.5,2000.0,3000.0,29.0,25.0,,1,0,0,0,0,2024-05-09 23:00:00
2024-05-09 23:30:00,19.088686,72.867919,11,VABB,270.0,4.6,2000.0,3000.0,28.0,25.0,,1,0,0,0,0,2024-05-09 23:00:00
2024-05-10 00:00:00,19.088686,72.867919,11,VABB,,0.0,,2000.0,28.0,23.9,1007.9,0,0,0,0,0,2024-05-10 00:00:00
2024-05-10 00:00:00,19.088686,72.867919,11,VABB,270.0,2.6,2000.0,3000.0,28.0,25.0,,1,0,0,0,0,2024-05-10 00:00:00
2024-05-10 00:30:00,19.088686,72.867919,11,VABB,310.0,2.1,2000.0,3000.0,28.0,25.0,,1,0,0,0,0,2024-05-10 00:00:00
2024-05-10 01:00:00,19.088686,72.867919,11,VABB,300.0,2.1,2000.0,3500.0,28.0,25.0,,1,0,0,0,0,2024-05-10 01:00:00
2024-05-10 01:30:00,19.088686,72.867919,11,VABB,350.0,2.1,2000.0,4000.0,29.0,25.0,,1,0,0,0,0,2024-05-10 01:00:00
2024-05-10 02:00:00,19.088686,72.867919,11,VABB,40.0,2.1,2000.0,4000.0,29.0,24.0,,1,0,0,0,0,2024-05-10 02:00:00
2024-05-10 02:30:00,19.088686,72.867919,11,VABB,290.0,1.5,2000.0,3500.0,29.0,24.0,,0,1,0,0,0,2024-05-10 02:00:00
2024-05-10 03:00:00,19.088686,72.867919,11,VABB,,0.0,22000.0,2000.0,29.8,22.8,1010.0,0,0,0,0,0,2024-05-10 03:00:00
2024-05-10 03:00:00,19.088686,72.867919,11,VABB,210.0,1.5,2000.0,3500.0,30.0,24.0,,0,1,0,0,0,2024-05-10 03:00:00
2024-05-10 03:30:00,19.088686,72.867919,11,VABB,230.0,1.5,2000.0,4000.0,30.0,24.0,,0,1,0,0,0,2024-05-10 03:00:00
2024-05-10 04:00:00,19.088686,72.867919,11,VABB,0.0,0.0,2000.0,4000.0,31.0,23.0,,0,1,0,0,0,2024-05-10 04:00:00
2024-05-10 04:30:00,19.088686,72.867919,11,VABB,250.0,3.6,2000.0,4000.0,31.0,24.0,,0,1,0,0,0,2024-05-10 04:00:00
2024-05-10 05:00:00,19.088686,72.867919,11,VABB,270.0,4.1,2000.0,4000.0,31.0,24.0,,0,1,0,0,0,2024-05-10 05:00:00
2024-05-10 05:30:00,19.088686,72.867919,11,VABB,280.0,5.1,2000.0,4000.0,32.0,24.0,,0,1,0,0,0,2024-05-10 05:00:00
2024-05-10 06:00:00,19.088686,72.867919,11,VABB,290.0,1.5,22000.0,2000.0,32.8,23.0,1010.2,0,0,0,0,0,2024-05-10 06:00:00
2024-05-10 06:00:00,19.088686,72.867919,11,VABB,260.0,4.1,2000.0,5000.0,32.0,23.0,,0,1,0,0,0,2024-05-10 06:00:00
2024-05-10 06:30:00,19.088686,72.867919,11,VABB,270.0,5.1,2000.0,5000.0,32.0,24.0,,0,1,0,0,0,2024-05-10 06:00:00
2024-05-10 07:00:00,19.088686,72.867919,11,VABB,260.0,5.7,2000.0,5000.0,32.0,24.0,,0,1,0,0,0,2024-05-10 07:00:00
2024-05-10 07:30:00,19.088686,72.867919,11,VABB,260.0,6.7,2000.0,5000.0,32.0,24.0,,0,1,0,0,1,2024-05-10 07:00:00
2024-05-10 08:00:00,19.088686,72.867919,11,VABB,280.0,4.6,2000.0,5000.0,33.0,25.0,,0,1,0,0,1,2024-05-10 08:00:00
2024-05-10 08:30:00,19.088686,72.867919,11,VABB,280.0,4.6,2000.0,5000.0,32.0,25.0,,0,1,0,0,1,2024-05-10 08:00:00
2024-05-10 09:00:00,19.088686,72.867919,11,VABB,290.0,2.1,22000.0,2000.0,33.4,23.3,1008.3,0,0,0,0,0,2024-05-10 09:00:00
2024-05-10 09:00:00,19.088686,72.867919,11,VABB,270.0,4.6,2000.0,5000.0,32.0,24.0,,0,1,0,0,1,2024-05-10 09:00:00
2024-05-10 09:30:00,19.088686,72.867919,11,VABB,260.0,4.1,2000.0,5000.0,32.0,24.0,,0,1,0,0,1,2024-05-10 09:00:00
2024-05-10 10:00:00,19.088686,72.867919,11,VABB,280.0,6.2,2000.0,5000.0,32.0,25.0,,0,1,0,0,0,2024-05-10 10:00:00
2024-05-10 10:30:00,19.088686,72.867919,11,VABB,290.0,4.6,2000.0,5000.0,32.0,24.0,,0,1,0,0,1,2024-05-10 10:00:00
2024-05-10 11:00:00,19.088686,72.867919,11,VABB,270.0,3.6,2000.0,5000.0,32.0,24.0,,0,1,0,0,1,2024-05-10 11:00:00
2024-05-10 11:30:00,19.088686,72.867919,11,VABB,280.0,4.1,2000.0,5000.0,32.0,25.0,,0,1,0,0,1,2024-05-10 11:00:00
2024-05-10 12:00:00,19.088686,72.867919,11,VABB,290.0,1.5,,2000.0,32.8,23.3,1006.9,0,0,0,0,0,2024-05-10 12:00:00
2024-05-10 12:00:00,19.088686,72.867919,11,VABB,280.0,3.6,2000.0,5000.0,31.0,25.0,,0,1,0,0,1,2024-05-10 12:00:00
2024-05-10 12:30:00,19.088686,72.867919,11,VABB,290.0,6.2,2000.0,5000.0,31.0,25.0,,0,1,0,0,0,2024-05-10 12:00:00
2024-05-10 13:00:00,19.088686,72.867919,11,VABB,290.0,3.6,2000.0,5000.0,31.0,25.0,,0,1,0,0,1,2024-05-10 13:00:00
2024-05-10 13:30:00,19.088686,72.867919,11,VABB,290.0,4.6,2000.0,4000.0,30.0,25.0,,0,1,0,0,0,2024-05-10 13:00:00
2024-05-10 14:00:00,19.088686,72.867919,11,VABB,290.0,5.1,2000.0,4000.0,30.0,25.0,,0,1,0,0,0,2024-05-10 14:00:00
2024-05-10 14:30:00,19.088686,72.867919,11,VABB,310.0,3.6,2000.0,3500.0,30.0,25.0,,0,1,0,0,0,2024-05-10 14:00:00
2024-05-10 15:00:00,19.088686,72.867919,11,VABB,,0.0,,2000.0,29.6,24.1,1008.2,0,0,0,0,0,2024-05-10 15:00:00
2024-05-10 15:00:00,19.088686,72.867919,11,VABB,320.0,3.1,2000.0,3500.0,30.0,25.0,,0,1,0,0,0,2024-05-10 15:00:00
2024-05-10 15:30:00,19.088686,72.867919,11,VABB,350.0,4.1,2000.0,3500.0,30.0,25.0,,1,0,0,0,0,2024-05-10 15:00:00
2024-05-10 16:00:00,19.088686,72.867919,11,VABB,320.0,2.6,2000.0,3500.0,30.0,25.0,,1,0,0,0,0,2024-05-10 16:00:00
2024-05-10 16:30:00,19.088686,72.867919,11,VABB,290.0,2.6,2000.0,3000.0,30.0,25.0,,1,0,0,0,0,2024-05-10 16:00:00
2024-05-10 17:00:00,19.088686,72.867919,11,VABB,330.0,3.1,2000.0,3000.0,30.0,25.0,,1,0,0,0,0,2024-05-10 17:00:00
2024-05-10 17:30:00,19.088686,72.867919,11,VABB,340.0,3.6,2000.0,3000.0,30.0,25.0,,1,0,0,0,0,2024-05-10 17:00:00
2024-05-10 18:00:00,19.088686,72.867919,11,VABB,,0.0,,2000.0,29.2,24.0,1009.4,0,0,0,0,0,2024-05-10 18:00:00
2024-05-10 18:00:00,19.088686,72.867919,11,VABB,310.0,3.1,2000.0,3000.0,30.0,25.0,,1,0,0,0,0,2024-05-10 18:00:00
2024-05-10 18:30:00,19.088686,72.867919,11,VABB,330.0,2.6,2000.0,3000.0,30.0,25.0,,1,0,0,0,0,2024-05-10 18:00:00
2024-05-10 19:00:00,19.088686,72.867919,11,VABB,330.0,2.6,22000.0,3000.0,29.0,25.0,,1,0,0,0,0,2024-05-10 19:00:00
2024-05-10 19:30:00,19.088686,72.867919,11,VABB,310.0,2.6,22000.0,3000.0,29.0,25.0,,1,0,0,0,0,2024-05-10 19:00:00
2024-05-10 20:00:00,19.088686,72.867919,11,VABB,320.0,2.1,22000.0,3000.0,29.0,25.0,,1,0,0,0,0,2024-05-10 20:00:00
2024-05-10 20:30:00,19.088686,72.867919,11,VABB,320.0,1.5,22000.0,3000.0,29.0,25.0,,1,0,0,0,0,2024-05-10 20:00:00
2024-05-10 21:00:00,19.088686,72.867919,11,VABB,,0.0,,2000.0,28.4,24.4,1008.4,0,0,0,0,0,2024-05-10 21:00:00
2024-05-10 21:00:00,19.088686,72.867919,11,VABB,360.0,1.5,22000.0,3000.0,29.0,26.0,,1,0,0,0,0,2024-05-10 21:00:00
2024-05-10 21:30:00,19.088686,72.867919,11,VABB,40.0,2.1,22000.0,3000.0,29.0,25.0,,1,0,0,0,0,2024-05-10 21:00:00
2024-05-10 22:00:00,19.088686,72.867919,11,VABB,50.0,2.1,22000.0,3000.0,29.0,26.0,,1,0,0,0,0,2024-05-10 22:00:00
2024-05-10 22:30:00,19.088686,72.867919,11,VABB,60.0,1.5,2000.0,3000.0,29.0,26.0,,1,0,0,0,0,2024-05-10 22:00:00
2024-05-10 23:00:00,19.088686,72.867919,11,VABB,350.0,2.6,2000.0,3000.0,29.0,26.0,,1,0,0,0,0,2024-05-10 23:00:00
2024-05-10 23:30:00,19.088686,72.867919,11,VABB,10.0,2.6,2000.0,3000.0,29.0,25.0,,1,0,0,0,0,2024-05-10 23:00:00
2024-05-11 00:00:00,19.088686,72.867919,11,VABB,,0.0,22000.0,2000.0,27.8,24.3,1009.0,0,0,0,0,0,2024-05-11 00:00:00
2024-05-11 00:00:00,19.088686,72.867919,11,VABB,30.0,2.6,2000.0,3000.0,28.0,26.0,,1,0,0,0,0,2024-05-11 00:00:00
2024-05-11 00:30:00,19.088686,72.867919,11,VABB,10.0,2.6,3048.0,3000.0,29.0,26.0,,1,0,0,0,0,2024-05-11 00:00:00
2024-05-11 01:00:00,19.088686,72.867919,11,VABB,20.0,4.1,3048.0,3000.0,29.0,26.0,,1,0,0,0,0,2024-05-11 01:00:00
2024-05-11 01:30:00,19.088686,72.867919,11,VABB,50.0,4.1,3048.0,3000.0,29.0,25.0,,1,0,0,0,0,2024-05-11 01:00:00
2024-05-11 02:00:00,19.088686,72.867919,11,VABB,330.0,2.1,3048.0,3000.0,29.0,25.0,,1,0,0,0,0,2024-05-11 02:00:00
2024-05-11 02:30:00,19.088686,72.867919,11,VABB,350.0,2.6,3048.0,3000.0,30.0,25.0,,1,0,0,0,0,2024-05-11 02:00:00
2024-05-11 03:00:00,19.088686,72.867919,11,VABB,,0.0,22000.0,2000.0,29.8,24.4,1010.2,0,0,0,0,0,2024-05-11 03:00:00
2024-05-11 03:00:00,19.088686,72.867919,11,VABB,340.0,2.1,2000.0,3000.0,30.0,25.0,,1,0,0,0,0,2024-05-11 03:00:00
2024-05-11 03:30:00,19.088686,72.867919,11,VABB,330.0,2.6,2000.0,3000.0,31.0,25.0,,0,1,0,0,0,2024-05-11 03:00:00
2024-05-11 04:00:00,19.088686,72.867919,11,VABB,310.0,2.6,2000.0,3500.0,31.0,24.0,,0,1,0,0,0,2024-05-11 04:00:00
2024-05-11 04:30:00,19.088686,72.867919,11,VABB,60.0,3.1,2000.0,3500.0,32.0,24.0,,0,1,0,0,0,2024-05-11 04:00:00
2024-05-11 05:00:00,19.088686,72.867919,11,VABB,300.0,3.6,2000.0,3500.0,33.0,24.0,,0,1,0,0,0,2024-05-11 05:00:00
2024-05-11 05:30:00,19.088686,72.867919,11,VABB,290.0,4.6,2000.0,3500.0,33.0,23.0,,0,0,0,0,0,2024-05-11 05:00:00
2024-05-11 06:00:00,19.088686,72.867919,11,VABB,340.0,2.1,,2000.0,33.6,24.5,1009.8,0,0,0,0,0,2024-05-11 06:00:00
2024-05-11 06:00:00,19.088686,72.867919,11,VABB,300.0,4.1,2000.0,3500.0,33.0,25.0,,0,1,0,0,0,2024-05-11 06:00:00
2024-05-11 06:30:00,19.088686,72.867919,11,VABB,320.0,3.6,22000.0,3500.0,33.0,26.0,,0,1,0,0,0,2024-05-11 06:00:00
2024-05-11 07:00:00,19.088686,72.867919,11,VABB,290.0,5.7,22000.0,3500.0,33.0,26.0,,0,1,0,0,0,2024-05-11 07:00:00
2024-05-11 07:30:00,19.088686,72.867919,11,VABB,300.0,4.6,22000.0,3500.0,33.0,26.0,,0,1,0,0,0,2024-05-11 07:00:00
2024-05-11 08:00:00,19.088686,72.867919,11,VABB,290.0,3.6,22000.0,3500.0,33.0,26.0,,0,1,0,0,1,2024-05-11 08:00:00
2024-05-11 08:30:00,19.088686,72.867919,11,VABB,290.0,6.2,22000.0,3500.0,34.0,26.0,,0,1,0,0,1,2024-05-11 08:00:00
2024-05-11 09:00:00,19.088686,72.867919,11,VABB,320.0,2.6,,2000.0,33.8,25.1,1008.5,0,0,0,0,0,2024-05-11 09:00:00
2024-05-11 09:00:00,19.088686,72.867919,11,VABB,310.0,6.2,22000.0,4000.0,33.0,25.0,,0,1,0,0,0,2024-05-11 09:00:00
2024-05-11 09:30:00,19.088686,72.867919,11,VABB,240.0,4.6,22000.0,4000.0,33.0,26.0,,0,1,0,0,0,2024-05-11 09:00:00
2024-05-11 10:00:00,19.088686,72.867919,11,VABB,290.0,3.6,22000.0,4000.0,33.0,25.0,,0,1,0,0,1,2024-05-11 10:00:00
2024-05-11 10:30:00,19.088686,72.867919,11,VABB,290.0,4.6,22000.0,5000.0,33.0,25.0,,0,1,0,0,1,2024-05-11 10:00:00
2024-05-11 11:00:00,19.088686,72.867919,11,VABB,310.0,3.1,2000.0,5000.0,33.0,24.0,,0,1,0,0,1,2024-05-11 11:00:00
2024-05-11 11:30:00,19.088686,72.867919,11,VABB,290.0,4.6,2000.0,5000.0,32.0,25.0,,0,1,0,0,1,2024-05-11 11:00:00
2024-05-11 12:00:00,19.088686,72.867919,11,VABB,340.0,2.1,,2000.0,32.4,23.5,1006.6,0,0,0,0,0,2024-05-11 12:00:00
2024-05-11 12:00:00,19.088686,72.867919,11,VABB,300.0,5.7,2000.0,5000.0,32.0,25.0,,0,1,0,0,0,2024-05-11 12:00:00
2024-05-11 12:30:00,19.088686,72.867919,11,VABB,290.0,5.1,2000.0,5000.0,31.0,25.0,,0,1,0,0,0,2024-05-11 12:00:00
2024-05-11 13:00:00,19.088686,72.867919,11,VABB,300.0,5.1,2000.0,4000.0,31.0,25.0,,0,1,0,0,0,2024-05-11 13:00:00
2024-05-11 13:30:00,19.088686,72.867919,11,VABB,290.0,6.2,2000.0,4000.0,31.0,25.0,,0,1,0,0,0,2024-05-11 13:00:00
2024-05-11 14:00:00,19.088686,72.867919,11,VABB,310.0,4.6,762.0,4000.0,30.0,26.0,,0,1,0,0,0,2024-05-11 14:00:00
2024-05-11 14:30:00,19.088686,72.867919,11,VABB,290.0,4.6,762.0,4000.0,30.0,26.0,,0,1,0,0,0,2024-05-11 14:00:00
2024-05-11 15:00:00,19.088686,72.867919,11,VABB,320.0,2.1,750.0,2000.0,30.0,24.9,1009.2,0,0,0,0,0,2024-05-11 15:00:00
2024-05-11 15:00:00,19.088686,72.867919,11,VABB,260.0,2.6,762.0,3000.0,30.0,26.0,,0,1,0,0,0,2024-05-11 15:00:00
2024-05-11 15:30:00,19.088686,72.867919,11,VABB,140.0,2.6,762.0,3000.0,30.0,26.0,,0,1,0,0,0,2024-05-11 15:00:00
2024-05-11 16:00:00,19.088686,72.867919,11,VABB,140.0,2.1,762.0,3000.0,30.0,25.0,,0,1,0,0,0,2024-05-11 16:00:00
2024-05-11 16:30:00,19.088686,72.867919,11,VABB,210.0,2.1,762.0,3000.0,31.0,25.0,,0,1,0,0,0,2024-05-11 16:00:00
2024-05-11 17:00:00,19.088686,72.867919,11,VABB,300.0,4.1,762.0,3000.0,31.0,25.0,,0,1,0,0,0,2024-05-11 17:00:00
2024-05-11 17:30:00,19.088686,72.867919,11,VABB,290.0,5.7,762.0,3000.0,30.0,26.0,,0,1,0,0,0,2024-05-11 17:00:00
2024-05-11 18:00:00,19.088686,72.867919,11,VABB,,0.0,22000.0,2000.0,29.8,24.7,1009.3,0,0,0,0,0,2024-05-11 18:00:00
2024-05-11 18:00:00,19.088686,72.867919,11,VABB,310.0,2.6,762.0,3000.0,30.0,26.0,,0,1,0,0,0,2024-05-11 18:00:00
2024-05-11 18:30:00,19.088686,72.867919,11,VABB,320.0,4.1,762.0,3000.0,30.0,26.0,,0,1,0,0,0,2024-05-11 18:00:00
2024-05-11 19:00:00,19.088686,72.867919,11,VABB,320.0,3.6,762.0,3000.0,30.0,26.0,,0,1,0,0,0,2024-05-11 19:00:00
2024-05-11 19:30:00,19.088686,72.867919,11,VABB,310.0,2.6,762.0,3000.0,30.0,26.0,,0,1,0,0,0,2024-05-11 19:00:00
2024-05-11 20:00:00,19.088686,72.867919,11,VABB,280.0,3.6,762.0,3000.0,29.0,26.0,,1,0,0,0,0,2024-05-11 20:00:00
2024-05-11 20:30:00,19.088686,72.867919,11,VABB,90.0,2.1,3048.0,3000.0,29.0,26.0,,1,0,0,0,0,2024-05-11 20:00:00
2024-05-11 21:00:00,19.088686,72.867919,11,VABB,,0.0,750.0,2000.0,29.2,25.5,1008.8,0,0,0,0,0,2024-05-11 21:00:00
2024-05-11 21:00:00,19.088686,72.867919,11,VABB,280.0,4.1,3048.0,3000.0,29.0,26.0,,1,0,0,0,0,2024-05-11 21:00:00
2024-05-11 21:30:00,19.088686,72.867919,11,VABB,290.0,2.6,762.0,3000.0,29.0,26.0,,1,0,0,0,0,2024-05-11 21:00:00
2024-05-11 22:00:00,19.088686,72.867919,11,VABB,310.0,3.1,3048.0,3000.0,29.0,26.0,,1,0,0,0,0,2024-05-11 22:00:00
2024-05-11 22:30:00,19.088686,72.867919,11,VABB,290.0,3.6,3048.0,3000.0,29.0,26.0,,1,0,0,0,0,2024-05-11 22:00:00
2024-05-11 23:00:00,19.088686,72.867919,11,VABB,300.0,2.6,3048.0,3000.0,29.0,26.0,,1,0,0,0,0,2024-05-11 23:00:00
2024-05-11 23:30:00,19.088686,72.867919,11,VABB,290.0,3.6,762.0,3000.0,29.0,25.0,,1,0,0,0,0,2024-05-11 23:00:00
2024-05-12 00:00:00,19.088686,72.867919,11,VABB,,0.0,,2000.0,28.6,24.6,1008.8,0,0,0,0,0,2024-05-12 00:00:00
2024-05-12 00:00:00,19.088686,72.867919,11,VABB,340.0,2.6,762.0,3000.0,29.0,26.0,,1,0,0,0,0,2024-05-12 00:00:00
2024-05-12 00:30:00,19.088686,72.867919,11,VABB,300.0,2.6,762.0,2500.0,29.0,25.0,,1,0,0,0,0,2024-05-12 00:00:00
2024-05-12 01:00:00,19.088686,72.867919,11,VABB,340.0,1.5,762.0,2500.0,29.0,25.0,,1,0,0,0,0,2024-05-12 01:00:00
2024-05-12 01:30:00,19.088686,72.867919,11,VABB,50.0,3.6,762.0,2500.0,29.0,26.0,,1,0,0,0,0,2024-05-12 01:00:00
2024-05-12 02:00:00,19.088686,72.867919,11,VABB,60.0,3.1,762.0,3000.0,30.0,25.0,,1,0,0,0,0,2024-05-12 02:00:00
2024-05-12 02:30:00,19.088686,72.867919,11,VABB,40.0,2.6,762.0,3000.0,30.0,25.0,,0,1,0,0,0,2024-05-12 02:00:00
2024-05-12 03:00:00,19.088686,72.867919,11,VABB,,0.0,3000.0,2000.0,30.2,24.5,1011.8,0,0,0,0,0,2024-05-12 03:00:00
2024-05-12 03:00:00,19.088686,72.867919,11,VABB,20.0,2.6,762.0,3000.0,30.0,25.0,,0,1,0,0,0,2024-05-12 03:00:00
2024-05-12 03:30:00,19.088686,72.867919,11,VABB,70.0,2.1,762.0,3500.0,31.0,24.0,,0,1,0,0,0,2024-05-12 03:00:00
2024-05-12 04:00:00,19.088686,72.867919,11,VABB,130.0,2.6,762.0,3500.0,32.0,25.0,,0,1,0,0,0,2024-05-12 04:00:00
2024-05-12 04:30:00,19.088686,72.867919,11,VABB,140.0,2.6,762.0,3500.0,33.0,24.0,,0,1,0,0,0,2024-05-12 04:00:00
2024-05-12 05:00:00,19.088686,72.867919,11,VABB,330.0,2.1,2000.0,3500.0,33.0,24.0,,0,1,0,0,0,2024-05-12 05:00:00
2024-05-12 05:30:00,19.088686,72.867919,11,VABB,270.0,3.6,2000.0,3500.0,33.0,24.0,,0,1,0,0,0,2024-05-12 05:00:00
2024-05-12 06:00:00,19.088686,72.867919,11,VABB,320.0,1.5,22000.0,2000.0,33.6,24.2,1010.6,0,0,0,0,0,2024-05-12 06:00:00
2024-05-12 06:00:00,19.088686,72.867919,11,VABB,300.0,3.1,2000.0,3500.0,34.0,25.0,,0,1,0,0,0,2024-05-12 06:00:00
2024-05-12 06:30:00,19.088686,72.867919,11,VABB,280.0,6.2,2000.0,3500.0,34.0,25.0,,0,1,0,0,0,2024-05-12 06:00:00
2024-05-12 07:00:00,19.088686,72.867919,11,VABB,260.0,7.2,2000.0,3500.0,33.0,25.0,,0,1,0,0,0,2024-05-12 07:00:00
2024-05-12 07:30:00,19.088686,72.867919,11,VABB,280.0,4.6,10000.0,4000.0,33.0,25.0,,0,1,0,0,1,2024-05-12 07:00:00
2024-05-12 08:00:00,19.088686,72.867919,11,VABB,290.0,5.7,2000.0,4000.0,34.0,26.0,,0,1,0,0,0,2024-05-12 08:00:00
2024-05-12 08:30:00,19.088686,72.867919,11,VABB,300.0,5.1,2000.0,4000.0,34.0,25.0,,0,1,0,0,0,2024-05-12 08:00:00
2024-05-12 09:00:00,19.088686,72.867919,11,VABB,320.0,3.1,22000.0,2000.0,34.0,23.7,1008.3,0,0,0,0,0,2024-05-12 09:00:00
2024-05-12 09:00:00,19.088686,72.867919,11,VABB,290.0,5.7,2000.0,4000.0,33.0,24.0,,0,0,0,0,0,2024-05-12 09:00:00
2024-05-12 09:30:00,19.088686,72.867919,11,VABB,300.0,6.2,2000.0,4000.0,33.0,24.0,,0,0,0,0,0,2024-05-12 09:00:00
2024-05-12 10:00:00,19.088686,72.867919,11,VABB,300.0,3.6,2000.0,4000.0,33.0,22.0,,0,0,0,0,1,2024-05-12 10:00:00
2024-05-12 10:30:00,19.088686,72.867919,11,VABB,300.0,4.1,2000.0,4000.0,33.0,24.0,,0,0,0,0,1,2024-05-12 10:00:00
2024-05-12 11:00:00,19.088686,72.867919,11,VABB,310.0,6.2,2000.0,4000.0,33.0,23.0,,0,0,0,0,0,2024-05-12 11:00:00
2024-05-12 11:30:00,19.088686,72.867919,11,VABB,310.0,5.7,2000.0,4000.0,33.0,23.0,,0,0,0,0,0,2024-05-12 11:00:00
2024-05-12 12:00:00,19.088686,72.867919,11,VABB,360.0,3.1,3000.0,2000.0,33.0,22.9,1006.3,0,0,0,0,0,2024-05-12 12:00:00
2024-05-12 12:00:00,19.088686,72.867919,11,VABB,300.0,4.6,762.0,4000.0,32.0,23.0,,0,0,0,0,0,2024-05-12 12:00:00
2024-05-12 12:30:00,19.088686,72.867919,11,VABB,330.0,5.1,762.0,4000.0,32.0,23.0,,0,0,0,0,0,2024-05-12 12:00:00
2024-05-12 13:00:00,19.088686,72.867919,11,VABB,320.0,4.1,2000.0,4000.0,32.0,23.0,,0,0,0,0,0,2024-05-12 13:00:00
2024-05-12 13:30:00,19.088686,72.867919,11,VABB,340.0,3.1,2000.0,4000.0,31.0,24.0,,0,1,0,0,0,2024-05-12 13:00:00
2024-05-12 14:00:00,19.088686,72.867919,11,VABB,310.0,3.1,2000.0,4000.0,32.0,23.0,,0,1,0,0,0,2024-05-12 14:00:00
2024-05-12 14:30:00,19.088686,72.867919,11,VABB,320.0,2.6,2000.0,4000.0,31.0,24.0,,0,1,0,0,0,2024-05-12 14:00:00
2024-05-12 15:00:00,19.088686,72.867919,11,VABB,360.0,3.1,22000.0,2000.0,30.8,23.3,1008.0,0,0,0,0,0,2024-05-12 15:00:00
2024-05-12 15:00:00,19.088686,72.867919,11,VABB,310.0,2.1,2000.0,4000.0,31.0,23.0,,0,1,0,0,0,2024-05-12 15:00:00
2024-05-12 15:30:00,19.088686,72.867919,11,VABB,310.0,4.1,2000.0,3500.0,31.0,24.0,,0,1,0,0,0,2024-05-12 15:00:00
2024-05-12 16:00:00,19.088686,72.867919,11,VABB,300.0,3.6,2000.0,3500.0,31.0,24.0,,0,1,0,0,0,2024-05-12 16:00:00
2024-05-12 16:30:00,19.088686,72.867919,11,VABB,360.0,3.1,2000.0,3500.0,31.0,24.0,,0,1,0,0,0,2024-05-12 16:00:00
2024-05-12 17:00:00,19.088686,72.867919,11,VABB,280.0,2.6,2000.0,3500.0,31.0,24.0,,0,1,0,0,0,2024-05-12 17:00:00
2024-05-12 17:30:00,19.088686,72.867919,11,VABB,310.0,2.1,2000.0,3500.0,31.0,25.0,,0,1,0,0,0,2024-05-12 17:00:00
2024-05-12 18:00:00,19.088686,72.867919,11,VABB,360.0,1.5,22000.0,2000.0,30.4,23.8,1009.2,0,0,0,0,0,2024-05-12 18:00:00
2024-05-12 18:00:00,19.088686,72.867919,11,VABB,300.0,3.1,2000.0,3500.0,31.0,24.0,,0,1,0,0,0,2024-05-12 18:00:00
2024-05-12 18:30:00,19.088686,72.867919,11,VABB,310.0,2.6,2000.0,3500.0,31.0,25.0,,0,1,0,0,0,2024-05-12 18:00:00
2024-05-12 19:00:00,19.088686,72.867919,11,VABB,290.0,2.1,2000.0,3000.0,30.0,25.0,,0,1,0,0,0,2024-05-12 19:00:00
2024-05-12 19:30:00,19.088686,72.867919,11,VABB,340.0,3.1,3048.0,3000.0,30.0,25.0,,0,1,0,0,0,2024-05-12 19:00:00
2024-05-12 20:00:00,19.088686,72.867919,11,VABB,350.0,2.1,3048.0,3000.0,30.0,26.0,,1,0,0,0,0,2024-05-12 20:00:00
2024-05-12 20:30:00,19.088686,72.867919,11,VABB,360.0,3.1,3048.0,3000.0,30.0,26.0,,1,0,0,0,0,2024-05-12 20:00:00
2024-05-12 21:00:00,19.088686,72.867919,11,VABB,,0.0,3000.0,2000.0,30.0,25.2,1008.2,0,0,0,0,0,2024-05-12 21:00:00
2024-05-12 21:00:00,19.088686,72.867919,11,VABB,340.0,2.1,3048.0,3000.0,30.0,26.0,,1,0,0,0,0,2024-05-12 21:00:00
2024-05-12 21:30:00,19.088686,72.867919,11,VABB,330.0,1.5,3048.0,3000.0,30.0,26.0,,1,0,0,0,0,2024-05-12 21:00:00
2024-05-12 22:00:00,19.088686,72.867919,11,VABB,310.0,2.1,3048.0,3000.0,30.0,26.0,,1,0,0,0,0,2024-05-12 22:00:00
2024-05-12 22:30:00,19.088686,72.867919,11,VABB,320.0,2.6,3048.0,3000.0,30.0,26.0,,1,0,0,0,0,2024-05-12 22:00:00
2024-05-12 23:00:00,19.088686,72.867919,11,VABB,330.0,2.1,3048.0,3000.0,30.0,26.0,,1,0,0,0,0,2024-05-12 23:00:00
2024-05-12 23:30:00,19.088686,72.867919,11,VABB,330.0,2.6,3048.0,3000.0,30.0,26.0,,1,0,0,0,0,2024-05-12 23:00:00
2024-05-13 00:00:00,19.088686,72.867919,11,VABB,,0.0,22000.0,2000.0,29.6,25.4,1008.0,0,0,0,0,0,2024-05-13 00:00:00
2024-05-13 00:00:00,19.088686,72.867919,11,VABB,330.0,3.1,3048.0,3000.0,30.0,26.0,,1,0,0,0,0,2024-05-13 00:00:00
2024-05-13 00:30:00,19.088686,72.867919,11,VABB,330.0,3.1,3048.0,3000.0,30.0,26.0,,1,0,0,0,0,2024-05-13 00:00:00
2024-05-13 01:00:00,19.088686,72.867919,11,VABB,320.0,3.1,3048.0,3000.0,30.0,26.0,,1,0,0,0,0,2024-05-13 01:00:00
2024-05-13 01:30:00,19.088686,72.867919,11,VABB,310.0,2.6,3048.0,3000.0,30.0,26.0,,1,0,0,0,0,2024-05-13 01:00:00
2024-05-13 02:00:00,19.088686,72.867919,11,VABB,320.0,3.1,3048.0,3000.0,30.0,26.0,,1,0,0,0,0,2024-05-13 02:00:00
2024-05-13 02:30:00,19.088686,72.867919,11,VABB,340.0,3.1,3048.0,3000.0,30.0,26.0,,1,0,0,0,0,2024-05-13 02:00:00
2024-05-13 03:00:00,19.088686,72.867919,11,VABB,,0.0,750.0,2000.0,30.6,25.5,1009.8,0,0,0,0,0,2024-05-13 03:00:00
2024-05-13 03:00:00,19.088686,72.867919,11,VABB,50.0,2.6,762.0,3000.0,30.0,26.0,,1,0,0,0,0,2024-05-13 03:00:00
2024-05-13 03:30:00,19.088686,72.867919,11,VABB,0.0,0.0,762.0,3000.0,31.0,26.0,,1,0,0,0,0,2024-05-13 03:00:00
2024-05-13 04:00:00,19.088686,72.867919,11,VABB,0.0,0.0,762.0,3500.0,32.0,26.0,,0,1,0,0,0,2024-05-13 04:00:00
2024-05-13 04:30:00,19.088686,72.867919,11,VABB,270.0,2.6,762.0,3500.0,32.0,26.0,,0,1,0,0,0,2024-05-13 04:00:00
2024-05-13 05:00:00,19.088686,72.867919,11,VABB,260.0,2.6,762.0,3500.0,32.0,26.0,,0,1,0,0,0,2024-05-13 05:00:00
2024-05-13 05:30:00,19.088686,72.867919,11,VABB,350.0,3.1,2000.0,3500.0,35.0,25.0,,0,1,0,0,0,2024-05-13 05:00:00
2024-05-13 06:00:00,19.088686,72.867919,11,VABB,,0.0,22000.0,2000.0,34.4,26.1,1009.6,0,0,0,0,0,2024-05-13 06:00:00
2024-05-13 06:00:00,19.088686,72.867919,11,VABB,260.0,6.7,2000.0,3500.0,34.0,26.0,,0,1,0,0,0,2024-05-13 06:00:00
2024-05-13 06:30:00,19.088686,72.867919,11,VABB,270.0,5.1,2000.0,4000.0,34.0,26.0,,0,1,0,0,0,2024-05-13 06:00:00
2024-05-13 07:00:00,19.088686,72.867919,11,VABB,280.0,6.2,2000.0,4000.0,34.0,26.0,,0,1,0,0,0,2024-05-13 07:00:00
2024-05-13 07:30:00,19.088686,72.867919,11,VABB,280.0,3.6,2000.0,4000.0,33.0,26.0,,0,1,0,0,1,2024-05-13 07:00:00
2024-05-13 08:00:00,19.088686,72.867919,11,VABB,270.0,5.1,2000.0,4000.0,33.0,26.0,,0,1,0,0,1,2024-05-13 08:00:00
2024-05-13 08:30:00,19.088686,72.867919,11,VABB,260.0,4.1,2000.0,4000.0,33.0,24.0,,0,1,0,0,1,2024-05-13 08:00:00
2024-05-13 09:00:00,19.088686,72.867919,11,VABB,320.0,3.1,22000.0,2000.0,33.6,24.5,1007.3,0,0,0,0,0,2024-05-13 09:00:00
2024-05-13 09:00:00,19.088686,72.867919,11,VABB,260.0,4.6,2000.0,4000.0,33.0,24.0,,0,1,0,0,1,2024-05-13 09:00:00
2024-05-13 09:30:00,19.088686,72.867919,11,VABB,280.0,4.1,2000.0,4000.0,33.0,24.0,,0,1,0,0,1,2024-05-13 09:00:00
2024-05-13 10:00:00,19.088686,72.867919,11,VABB,290.0,5.7,3048.0,4000.0,32.0,24.0,,0,1,0,0,1,2024-05-13 10:00:00
2024-05-13 10:30:00,19.088686,72.867919,11,VABB,40.0,10.3,2438.0,500.0,30.0,20.0,,0,1,1,0,1,2024-05-13 10:00:00
2024-05-13 11:00:00,19.088686,72.867919,11,VABB,70.0,15.4,2438.0,500.0,30.0,20.0,,0,1,1,0,1,2024-05-13 11:00:00
2024-05-13 11:30:00,19.088686,72.867919,11,VABB,250.0,2.1,2438.0,1000.0,23.0,23.0,,0,0,0,0,0,2024-05-13 11:00:00
2024-05-13 12:00:00,19.088686,72.867919,11,VABB,230.0,1.5,600.0,2000.0,23.6,22.1,1007.9,0,0,0,0,0,2024-05-13 12:00:00
2024-05-13 12:00:00,19.088686,72.867919,11,VABB,230.0,6.7,2438.0,1500.0,25.0,25.0,,0,0,0,0,0,2024-05-13 12:00:00
2024-05-13 12:30:00,19.088686,72.867919,11,VABB,270.0,3.1,2438.0,2100.0,27.0,24.0,,0,0,0,0,0,2024-05-13 12:00:00
2024-05-13 13:00:00,19.088686,72.867919,11,VABB,40.0,4.1,2438.0,2500.0,27.0,24.0,,0,0,0,0,0,2024-05-13 13:00:00
2024-05-13 13:30:00,19.088686,72.867919,11,VABB,50.0,2.1,2438.0,2500.0,28.0,21.0,,0,1,0,0,0,2024-05-13 13:00:00
2024-05-13 14:00:00,19.088686,72.867919,11,VABB,330.0,2.6,2438.0,2500.0,28.0,24.0,,0,1,0,0,0,2024-05-13 14:00:00
2024-05-13 14:30:00,19.088686,72.867919,11,VABB,200.0,3.1,2438.0,2500.0,28.0,24.0,,0,1,0,0,0,2024-05-13 14:00:00
2024-05-13 15:00:00,19.088686,72.867919,11,VABB,,0.0,22000.0,2000.0,25.2,24.0,1008.0,0,0,0,0,0,2024-05-13 15:00:00
2024-05-13 15:00:00,19.088686,72.867919,11,VABB,210.0,2.6,3048.0,2500.0,28.0,25.0,,0,1,0,0,0,2024-05-13 15:00:00
2024-05-13 15:30:00,19.088686,72.867919,11,VABB,180.0,3.6,3048.0,2500.0,29.0,25.0,,0,1,0,0,0,2024-05-13 15:00:00
2024-05-13 16:00:00,19.088686,72.867919,11,VABB,0.0,0.0,3048.0,2500.0,29.0,25.0,,0,1,0,0,0,2024-05-13 16:00:00
2024-05-13 16:30:00,19.088686,72.867919,11,VABB,0.0,0.0,3048.0,2500.0,29.0,25.0,,0,1,0,0,0,2024-05-13 16:00:00
2024-05-13 17:00:00,19.088686,72.867919,11,VABB,50.0,3.1,3048.0,2500.0,29.0,25.0,,0,1,0,0,0,2024-05-13 17:00:00
2024-05-13 17:30:00,19.088686,72.867919,11,VABB,30.0,2.1,3048.0,2500.0,29.0,25.0,,0,1,0,0,0,2024-05-13 17:00:00
2024-05-13 17:42:00,19.088686,72.867919,11,VABB,30.0,2.1,3048.0,2500.0,29.0,25.0,,0,1,0,0,0,2024-05-13 17:00:00
2024-05-13 17:44:00,19.088686,72.867919,11,VABB,30.0,2.1,3048.0,2500.0,29.0,25.0,,0,1,0,0,0,2024-05-13 17:00:00
2024-05-13 18:00:00,19.088686,72.867919,11,VABB,,0.0,,2000.0,26.0,24.6,1009.4,0,0,0,0,0,2024-05-13 18:00:00
2024-05-13 18:00:00,19.088686,72.867919,11,VABB,50.0,2.6,3048.0,2500.0,29.0,25.0,,0,1,0,0,0,2024-05-13 18:00:00
2024-05-13 18:30:00,19.088686,72.867919,11,VABB,360.0,3.1,3048.0,2500.0,29.0,25.0,,0,1,0,0,0,2024-05-13 18:00:00
2024-05-13 19:00:00,19.088686,72.867919,11,VABB,20.0,3.6,2000.0,2500.0,29.0,25.0,,0,1,0,0,0,2024-05-13 19:00:00
2024-05-13 19:30:00,19.088686,72.867919,11,VABB,10.0,3.1,2000.0,2500.0,28.0,25.0,,0,1,0,0,0,2024-05-13 19:00:00
2024-05-13 20:00:00,19.088686,72.867919,11,VABB,20.0,5.1,2000.0,2500.0,28.0,25.0,,0,1,0,0,0,2024-05-13 20:00:00
2024-05-13 20:30:00,19.088686,72.867919,11,VABB,40.0,4.1,2000.0,2500.0,29.0,26.0,,0,1,0,0,0,2024-05-13 20:00:00
2024-05-13 21:00:00,19.088686,72.867919,11,VABB,,0.0,,2000.0,27.4,24.8,1008.3,0,0,0,0,0,2024-05-13 21:00:00
2024-05-13 21:00:00,19.088686,72.867919,11,VABB,100.0,4.6,2000.0,2500.0,28.0,25.0,,0,1,0,0,0,2024-05-13 21:00:00
2024-05-13 21:30:00,19.088686,72.867919,11,VABB,40.0,2.6,2000.0,2500.0,28.0,24.0,,0,1,0,0,0,2024-05-13 21:00:00
2024-05-13 22:00:00,19.088686,72.867919,11,VABB,90.0,1.5,2000.0,2500.0,27.0,24.0,,0,1,0,0,0,2024-05-13 22:00:00
2024-05-13 22:30:00,19.088686,72.867919,11,VABB,80.0,2.1,2000.0,2500.0,27.0,24.0,,0,1,0,0,0,2024-05-13 22:00:00
2024-05-13 23:00:00,19.088686,72.867919,11,VABB,130.0,2.1,2000.0,2500.0,28.0,24.0,,0,1,0,0,0,2024-05-13 23:00:00
2024-05-13 23:30:00,19.088686,72.867919,11,VABB,0.0,0.0,2000.0,2500.0,28.0,24.0,,0,1,0,0,0,2024-05-13 23:00:00
2024-05-14 00:00:00,19.088686,72.867919,11,VABB,,0.0,,2000.0,26.0,23.1,1008.2,0,0,0,0,0,2024-05-14 00:00:00
2024-05-14 00:00:00,19.088686,72.867919,11,VABB,170.0,2.1,2000.0,2200.0,28.0,24.0,,0,1,0,0,0,2024-05-14 00:00:00
2024-05-14 00:30:00,19.088686,72.867919,11,VABB,140.0,2.6,2000.0,1800.0,28.0,24.0,,1,0,0,0,0,2024-05-14 00:00:00
2024-05-14 01:00:00,19.088686,72.867919,11,VABB,0.0,0.0,3048.0,2200.0,28.0,24.0,,1,0,0,0,0,2024-05-14 01:00:00
2024-05-14 01:30:00,19.088686,72.867919,11,VABB,30.0,2.1,2000.0,2200.0,29.0,24.0,,0,1,0,0,0,2024-05-14 01:00:00
2024-05-14 02:00:00,19.088686,72.867919,11,VABB,20.0,2.1,10000.0,2500.0,30.0,25.0,,0,1,0,0,0,2024-05-14 02:00:00
2024-05-14 02:30:00,19.088686,72.867919,11,VABB,170.0,2.1,22000.0,2500.0,30.0,24.0,,0,1,0,0,0,2024-05-14 02:00:00
2024-05-14 03:00:00,19.088686,72.867919,11,VABB,,0.0,,2000.0,29.2,24.0,1008.7,0,0,0,0,0,2024-05-14 03:00:00
2024-05-14 03:00:00,19.088686,72.867919,11,VABB,320.0,1.5,22000.0,2500.0,31.0,24.0,,0,1,0,0,0,2024-05-14 03:00:00
2024-05-14 03:30:00,19.088686,72.867919,11,VABB,120.0,3.1,22000.0,2500.0,32.0,25.0,,0,1,0,0,0,2024-05-14 03:00:00
2024-05-14 04:00:00,19.088686,72.867919,11,VABB,100.0,3.6,10000.0,2500.0,33.0,25.0,,0,1,0,0,0,2024-05-14 04:00:00
2024-05-14 04:30:00,19.088686,72.867919,11,VABB,110.0,2.6,10000.0,2500.0,33.0,24.0,,0,1,0,0,0,2024-05-14 04:00:00
2024-05-14 05:00:00,19.088686,72.867919,11,VABB,100.0,4.1,10000.0,2500.0,34.0,23.0,,0,0,0,0,0,2024-05-14 05:00:00
2024-05-14 05:30:00,19.088686,72.867919,11,VABB,100.0,3.6,10000.0,2500.0,35.0,23.0,,0,0,0,0,0,2024-05-14 05:00:00
2024-05-14 06:00:00,19.088686,72.867919,11,VABB,,0.0,,2000.0,36.0,24.7,1008.5,0,0,0,0,0,2024-05-14 06:00:00
2024-05-14 06:00:00,19.088686,72.867919,11,VABB,150.0,2.6,10000.0,3000.0,36.0,21.0,,0,0,0,0,0,2024-05-14 06:00:00
2024-05-14 06:30:00,19.088686,72.867919,11,VABB,230.0,3.6,10000.0,2100.0,37.0,20.0,,0,0,0,0,0,2024-05-14 06:00:00
2024-05-14 07:00:00,19.088686,72.867919,11,VABB,310.0,4.1,10000.0,2500.0,35.0,26.0,,0,0,0,0,0,2024-05-14 07:00:00
2024-05-14 07:30:00,19.088686,72.867919,11,VABB,300.0,5.1,10000.0,3000.0,34.0,26.0,,0,1,0,0,1,2024-05-14 07:00:00
2024-05-14 08:00:00,19.088686,72.867919,11,VABB,320.0,3.6,10000.0,3000.0,35.0,24.0,,0,0,0,0,0,2024-05-14 08:00:00
2024-05-14 08:30:00,19.088686,72.867919,11,VABB,310.0,5.7,10000.0,3000.0,36.0,24.0,,0,0,0,0,0,2024-05-14 08:00:00
2024-05-14 09:00:00,19.088686,72.867919,11,VABB,320.0,3.1,,2000.0,34.4,25.4,1006.9,0,0,0,0,0,2024-05-14 09:00:00
2024-05-14 09:00:00,19.088686,72.867919,11,VABB,290.0,5.7,2500.0,3000.0,35.0,25.0,,0,0,0,0,0,2024-05-14 09:00:00
2024-05-14 09:30:00,19.088686,72.867919,11,VABB,300.0,3.6,2500.0,3000.0,35.0,24.0,,0,0,0,0,1,2024-05-14 09:00:00
2024-05-14 10:00:00,19.088686,72.867919,11,VABB,280.0,4.1,2500.0,3500.0,35.0,25.0,,0,0,0,0,1,2024-05-14 10:00:00
2024-05-14 10:30:00,19.088686,72.867919,11,VABB,290.0,5.1,2500.0,3500.0,35.0,23.0,,0,0,0,0,1,2024-05-14 10:00:00
2024-05-14 11:00:00,19.088686,72.867919,11,VABB,290.0,5.1,2500.0,3500.0,35.0,21.0,,0,0,0,0,1,2024-05-14 11:00:00
2024-05-14 11:30:00,19.088686,72.867919,11,VABB,290.0,4.6,2500.0,3500.0,34.0,22.0,,0,0,0,0,1,2024-05-14 11:00:00
2024-05-14 12:00:00,19.088686,72.867919,11,VABB,320.0,3.1,22000.0,2000.0,34.0,21.3,1005.4,0,0,0,0,0,2024-05-14 12:00:00
2024-05-14 12:00:00,19.088686,72.867919,11,VABB,300.0,5.1,2500.0,3500.0,33.0,22.0,,0,0,0,0,0,2024-05-14 12:00:00
2024-05-14 12:30:00,19.088686,72.867919,11,VABB,340.0,4.6,2000.0,3500.0,33.0,23.0,,0,0,0,0,0,2024-05-14 12:00:00
2024-05-14 13:00:00,19.088686,72.867919,11,VABB,350.0,2.6,2000.0,3500.0,33.0,24.0,,0,0,0,0,0,2024-05-14 13:00:00
2024-05-14 13:30:00,19.088686,72.867919,11,VABB,60.0,5.1,2000.0,3500.0,33.0,19.0,,0,0,0,0,0,2024-05-14 13:00:00
2024-05-14 14:00:00,19.088686,72.867919,11,VABB,60.0,4.6,2000.0,3000.0,32.0,20.0,,0,0,0,0,0,2024-05-14 14:00:00
2024-05-14 14:30:00,19.088686,72.867919,11,VABB,140.0,1.5,2000.0,3000.0,32.0,19.0,,0,0,0,0,0,2024-05-14 14:00:00
2024-05-14 15:00:00,19.088686,72.867919,11,VABB,,0.0,,2000.0,30.6,21.4,1007.3,0,0,0,0,0,2024-05-14 15:00:00
2024-05-14 15:00:00,19.088686,72.867919,11,VABB,0.0,0.0,2000.0,3000.0,32.0,20.0,,0,0,0,0,0,2024-05-14 15:00:00
2024-05-14 15:30:00,19.088686,72.867919,11,VABB,300.0,1.5,2000.0,3000.0,32.0,20.0,,0,0,0,0,0,2024-05-14 15:00:00
2024-05-14 16:00:00,19.088686,72.867919,11,VABB,290.0,2.6,2000.0,3000.0,31.0,24.0,,0,1,0,0,0,2024-05-14 16:00:00
2024-05-14 16:30:00,19.088686,72.867919,11,VABB,10.0,2.1,2000.0,3000.0,32.0,20.0,,0,0,0,0,0,2024-05-14 16:00:00
2024-05-14 17:00:00,19.088686,72.867919,11,VABB,50.0,3.1,22000.0,3000.0,30.0,20.0,,0,0,0,0,0,2024-05-14 17:00:00
2024-05-14 17:30:00,19.088686,72.867919,11,VABB,200.0,2.6,22000.0,3000.0,30.0,20.0,,0,0,0,0,0,2024-05-14 17:00:00
2024-05-14 18:00:00,19.088686,72.867919,11,VABB,,0.0,,2000.0,29.0,23.2,1008.7,0,0,0,0,0,2024-05-14 18:00:00
2024-05-14 18:00:00,19.088686,72.867919,11,VABB,20.0,1.5,22000.0,3000.0,31.0,20.0,,0,0,0,0,0,2024-05-14 18:00:00
2024-05-14 18:30:00,19.088686,72.867919,11,VABB,300.0,1.5,22000.0,3000.0,32.0,20.0,,0,0,0,0,0,2024-05-14 18:00:00
2024-05-14 19:00:00,19.088686,72.867919,11,VABB,,1.0,22000.0,2500.0,31.0,20.0,,0,0,0,1,0,2024-05-14 19:00:00
2024-05-14 19:30:00,19.088686,72.867919,11,VABB,330.0,2.1,22000.0,2500.0,31.0,21.0,,0,0,0,0,0,2024-05-14 19:00:00
2024-05-14 20:00:00,19.088686,72.867919,11,VABB,290.0,2.1,22000.0,2500.0,31.0,25.0,,0,1,0,0,0,2024-05-14 20:00:00
2024-05-14 20:30:00,19.088686,72.867919,11,VABB,290.0,3.6,1600.0,2500.0,30.0,27.0,,1,0,0,0,0,2024-05-14 20:00:00
2024-05-14 21:00:00,19.088686,72.867919,11,VABB,,0.0,22000.0,2000.0,29.4,26.0,1008.4,0,0,0,0,0,2024-05-14 21:00:00
2024-05-14 21:00:00,19.088686,72.867919,11,VABB,330.0,2.1,2000.0,2500.0,30.0,27.0,,1,0,0,0,0,2024-05-14 21:00:00
2024-05-14 21:30:00,19.088686,72.867919,11,VABB,340.0,2.1,22000.0,2500.0,30.0,27.0,,1,0,0,0,0,2024-05-14 21:00:00
2024-05-14 22:00:00,19.088686,72.867919,11,VABB,300.0,2.6,22000.0,2500.0,30.0,27.0,,1,0,0,0,0,2024-05-14 22:00:00
2024-05-14 22:30:00,19.088686,72.867919,11,VABB,40.0,2.1,22000.0,2500.0,30.0,27.0,,1,0,0,0,0,2024-05-14 22:00:00
2024-05-14 23:00:00,19.088686,72.867919,11,VABB,70.0,2.1,22000.0,2500.0,30.0,27.0,,1,0,0,0,0,2024-05-14 23:00:00
2024-05-14 23:30:00,19.088686,72.867919,11,VABB,100.0,2.6,22000.0,2500.0,29.0,26.0,,1,0,0,0,0,2024-05-14 23:00:00
2024-05-15 00:00:00,19.088686,72.867919,11,VABB,,0.0,,2000.0,28.4,25.6,1008.2,0,0,0,0,0,2024-05-15 00:00:00
2024-05-15 00:00:00,19.088686,72.867919,11,VABB,100.0,1.5,22000.0,2500.0,29.0,25.0,,1,0,0,0,0,2024-05-15 00:00:00
2024-05-15 00:30:00,19.088686,72.867919,11,VABB,0.0,0.0,10000.0,2200.0,29.0,24.0,,1,0,0,0,0,2024-05-15 00:00:00
2024-05-15 01:00:00,19.088686,72.867919,11,VABB,80.0,2.6,10000.0,1800.0,29.0,25.0,,1,0,0,0,0,2024-05-15 01:00:00
2024-05-15 01:30:00,19.088686,72.867919,11,VABB,140.0,1.5,22000.0,1800.0,29.0,24.0,,1,0,0,0,0,2024-05-15 01:00:00
2024-05-15 02:00:00,19.088686,72.867919,11,VABB,90.0,2.6,22000.0,1800.0,30.0,24.0,,0,1,0,0,0,2024-05-15 02:00:00
2024-05-15 02:30:00,19.088686,72.867919,11,VABB,80.0,3.1,22000.0,1800.0,31.0,23.0,,0,1,0,0,0,2024-05-15 02:00:00
2024-05-15 03:00:00,19.088686,72.867919,11,VABB,,0.0,,2000.0,30.0,23.3,1010.2,0,0,0,0,0,2024-05-15 03:00:00
2024-05-15 03:00:00,19.088686,72.867919,11,VABB,170.0,2.1,22000.0,2000.0,31.0,23.0,,0,1,0,0,0,2024-05-15 03:00:00
2024-05-15 03:30:00,19.088686,72.867919,11,VABB,40.0,2.6,22000.0,2000.0,32.0,22.0,,0,0,0,0,0,2024-05-15 03:00:00
2024-05-15 04:00:00,19.088686,72.867919,11,VABB,30.0,2.6,22000.0,2500.0,33.0,21.0,,0,0,0,0,0,2024-05-15 04:00:00
2024-05-15 04:30:00,19.088686,72.867919,11,VABB,140.0,2.1,22000.0,2500.0,34.0,21.0,,0,0,0,0,0,2024-05-15 04:00:00
2024-05-15 05:00:00,19.088686,72.867919,11,VABB,120.0,2.1,22000.0,2500.0,35.0,21.0,,0,0,0,0,0,2024-05-15 05:00:00
2024-05-15 05:30:00,19.088686,72.867919,11,VABB,150.0,1.5,22000.0,3000.0,36.0,21.0,,0,0,0,0,0,2024-05-15 05:00:00
2024-05-15 06:00:00,19.088686,72.867919,11,VABB,,0.0,,2000.0,36.6,23.1,1009.8,0,0,0,0,0,2024-05-15 06:00:00
2024-05-15 06:00:00,19.088686,72.867919,11,VABB,200.0,1.5,22000.0,3000.0,36.0,20.0,,0,0,0,0,0,2024-05-15 06:00:00
2024-05-15 06:30:00,19.088686,72.867919,11,VABB,80.0,2.1,22000.0,3000.0,36.0,20.0,,0,0,0,0,0,2024-05-15 06:00:00
2024-05-15 07:00:00,19.088686,72.867919,11,VABB,260.0,4.6,22000.0,3000.0,36.0,22.0,,0,0,0,0,0,2024-05-15 07:00:00
2024-05-15 07:30:00,19.088686,72.867919,11,VABB,220.0,5.1,22000.0,3000.0,36.0,22.0,,0,0,0,0,0,2024-05-15 07:00:00
2024-05-15 08:00:00,19.088686,72.867919,11,VABB,240.0,5.1,22000.0,3000.0,36.0,22.0,,0,0,0,0,0,2024-05-15 08:00:00
2024-05-15 08:30:00,19.088686,72.867919,11,VABB,240.0,5.7,22000.0,3000.0,37.0,22.0,,0,0,0,0,0,2024-05-15 08:00:00
2024-05-15 09:00:00,19.088686,72.867919,11,VABB,270.0,1.5,,2000.0,37.0,24.3,1006.8,0,0,0,0,0,2024-05-15 09:00:00
2024-05-15 09:00:00,19.088686,72.867919,11,VABB,250.0,5.7,22000.0,3000.0,36.0,22.0,,0,0,0,0,0,2024-05-15 09:00:00
2024-05-15 09:30:00,19.088686,72.867919,11,VABB,250.0,5.7,22000.0,3000.0,35.0,22.0,,0,0,0,0,0,2024-05-15 09:00:00
2024-05-15 10:00:00,19.088686,72.867919,11,VABB,270.0,6.2,22000.0,3000.0,35.0,23.0,,0,0,0,0,0,2024-05-15 10:00:00
2024-05-15 10:30:00,19.088686,72.867919,11,VABB,260.0,6.7,22000.0,3000.0,34.0,25.0,,0,0,0,0,0,2024-05-15 10:00:00
2024-05-15 11:00:00,19.088686,72.867919,11,VABB,270.0,5.7,2500.0,3000.0,35.0,26.0,,0,0,0,0,0,2024-05-15 11:00:00
2024-05-15 11:30:00,19.088686,72.867919,11,VABB,290.0,6.2,2500.0,3000.0,34.0,24.0,,0,0,0,0,0,2024-05-15 11:00:00
2024-05-15 12:00:00,19.088686,72.867919,11,VABB,320.0,2.6,,2000.0,34.4,24.5,1005.4,0,0,0,0,0,2024-05-15 12:00:00
2024-05-15 12:00:00,19.088686,72.867919,11,VABB,270.0,5.1,2500.0,3000.0,33.0,25.0,,0,0,0,0,0,2024-05-15 12:00:00
2024-05-15 12:30:00,19.088686,72.867919,11,VABB,280.0,4.6,2500.0,2500.0,33.0,27.0,,0,1,0,0,0,2024-05-15 12:00:00
2024-05-15 13:00:00,19.088686,72.867919,11,VABB,280.0,5.1,2500.0,2500.0,33.0,26.0,,0,1,0,0,0,2024-05-15 13:00:00
2024-05-15 13:30:00,19.088686,72.867919,11,VABB,300.0,4.6,2500.0,2500.0,32.0,26.0,,0,1,0,0,0,2024-05-15 13:00:00
2024-05-15 14:00:00,19.088686,72.867919,11,VABB,320.0,4.1,2500.0,2500.0,32.0,27.0,,0,1,0,0,0,2024-05-15 14:00:00
2024-05-15 14:30:00,19.088686,72.867919,11,VABB,350.0,4.6,22000.0,2500.0,32.0,26.0,,0,1,0,0,0,2024-05-15 14:00:00
2024-05-15 15:00:00,19.088686,72.867919,11,VABB,,0.0,22000.0,2000.0,31.8,25.6,1007.9,0,0,0,0,0,2024-05-15 15:00:00
2024-05-15 15:00:00,19.088686,72.867919,11,VABB,260.0,3.6,22000.0,2500.0,32.0,26.0,,0,1,0,0,0,2024-05-15 15:00:00
2024-05-15 15:30:00,19.088686,72.867919,11,VABB,260.0,3.6,22000.0,2500.0,32.0,27.0,,0,1,0,0,0,2024-05-15 15:00:00
2024-05-15 16:00:00,19.088686,72.867919,11,VABB,310.0,2.6,22000.0,2500.0,32.0,29.0,,0,1,0,0,0,2024-05-15 16:00:00
2024-05-15 16:30:00,19.088686,72.867919,11,VABB,280.0,2.6,22000.0,2500.0,31.0,28.0,,0,1,0,0,0,2024-05-15 16:00:00
2024-05-15 17:00:00,19.088686,72.867919,11,VABB,290.0,4.1,22000.0,2500.0,31.0,29.0,,0,1,0,0,0,2024-05-15 17:00:00
2024-05-15 17:30:00,19.088686,72.867919,11,VABB,320.0,3.1,22000.0,2500.0,32.0,28.0,,0,1,0,0,0,2024-05-15 17:00:00
2024-05-15 18:00:00,19.088686,72.867919,11,VABB,,0.0,,2000.0,30.8,26.3,1009.0,0,0,0,0,0,2024-05-15 18:00:00
2024-05-15 18:00:00,19.088686,72.867919,11,VABB,320.0,3.1,22000.0,2500.0,32.0,27.0,,0,1,0,0,0,2024-05-15 18:00:00
2024-05-15 18:30:00,19.088686,72.867919,11,VABB,330.0,3.1,22000.0,2500.0,31.0,27.0,,0,1,0,0,0,2024-05-15 18:00:00
2024-05-15 19:00:00,19.088686,72.867919,11,VABB,320.0,2.6,22000.0,2500.0,31.0,28.0,,0,1,0,0,0,2024-05-15 19:00:00
2024-05-15 19:30:00,19.088686,72.867919,11,VABB,360.0,2.1,2000.0,2500.0,31.0,28.0,,0,1,0,0,0,2024-05-15 19:00:00
2024-05-15 20:00:00,19.088686,72.867919,11,VABB,310.0,1.5,2000.0,2500.0,31.0,28.0,,0,1,0,0,0,2024-05-15 20:00:00
2024-05-15 20:02:00,19.088686,72.867919,11,VABB,310.0,1.5,2000.0,2500.0,31.0,28.0,,0,1,0,0,0,2024-05-15 20:00:00
2024-05-15 20:30:00,19.088686,72.867919,11,VABB,340.0,1.5,2000.0,2500.0,31.0,28.0,,0,1,0,0,0,2024-05-15 20:00:00
2024-05-15 21:00:00,19.088686,72.867919,11,VABB,,0.0,22000.0,2000.0,30.4,26.8,1008.0,0,0,0,0,0,2024-05-15 21:00:00
2024-05-15 21:00:00,19.088686,72.867919,11,VABB,210.0,3.1,2000.0,2500.0,31.0,28.0,,1,0,0,0,0,2024-05-15 21:00:00
2024-05-15 21:30:00,19.088686,72.867919,11,VABB,270.0,1.0,2000.0,2500.0,30.0,28.0,,1,0,0,0,0,2024-05-15 21:00:00
2024-05-15 22:00:00,19.088686,72.867919,11,VABB,230.0,2.1,2000.0,2500.0,30.0,28.0,,1,0,0,0,0,2024-05-15 22:00:00
2024-05-15 22:30:00,19.088686,72.867919,11,VABB,260.0,3.1,2000.0,2500.0,30.0,28.0,,1,0,0,0,0,2024-05-15 22:00:00
2024-05-15 23:00:00,19.088686,72.867919,11,VABB,250.0,2.1,22000.0,2500.0,30.0,29.0,,1,0,0,0,0,2024-05-15 23:00:00
2024-05-15 23:30:00,19.088686,72.867919,11,VABB,50.0,1.5,22000.0,2500.0,30.0,28.0,,1,0,0,0,0,2024-05-15 23:00:00
2024-05-16 00:00:00,19.088686,72.867919,11,VABB,,0.0,22000.0,2000.0,29.8,26.7,1009.0,0,0,0,0,0,2024-05-16 00:00:00
2024-05-16 00:00:00,19.088686,72.867919,11,VABB,110.0,1.5,22000.0,2500.0,30.0,28.0,,1,0,0,0,0,2024-05-16 00:00:00
2024-05-16 00:30:00,19.088686,72.867919,11,VABB,100.0,2.1,2000.0,2500.0,30.0,28.0,,1,0,0,0,0,2024-05-16 00:00:00
2024-05-16 01:00:00,19.088686,72.867919,11,VABB,170.0,1.5,3048.0,2500.0,30.0,28.0,,1,0,0,0,0,2024-05-16 01:00:00
2024-05-16 01:30:00,19.088686,72.867919,11,VABB,0.0,0.0,10000.0,2500.0,31.0,27.0,,0,1,0,0,0,2024-05-16 01:00:00
2024-05-16 02:00:00,19.088686,72.867919,11,VABB,330.0,2.6,10000.0,2500.0,31.0,27.0,,0,1,0,0,0,2024-05-16 02:00:00
2024-05-16 02:30:00,19.088686,72.867919,11,VABB,330.0,2.1,10000.0,2200.0,32.0,28.0,,1,0,0,0,0,2024-05-16 02:00:00
2024-05-16 03:00:00,19.088686,72.867919,11,VABB,,0.0,22000.0,2000.0,31.6,26.6,1009.6,0,0,0,0,0,2024-05-16 03:00:00
2024-05-16 03:00:00,19.088686,72.867919,11,VABB,360.0,2.1,10000.0,2200.0,33.0,27.0,,0,1,0,0,0,2024-05-16 03:00:00
2024-05-16 03:30:00,19.088686,72.867919,11,VABB,20.0,2.6,10000.0,2200.0,33.0,27.0,,0,1,0,0,0,2024-05-16 03:00:00
2024-05-16 04:00:00,19.088686,72.867919,11,VABB,270.0,2.1,10000.0,2200.0,35.0,26.0,,0,1,0,0,0,2024-05-16 04:00:00
2024-05-16 04:30:00,19.088686,72.867919,11,VABB,260.0,4.6,10000.0,2500.0,34.0,27.0,,0,1,0,0,0,2024-05-16 04:00:00
2024-05-16 05:00:00,19.088686,72.867919,11,VABB,260.0,3.6,10000.0,2500.0,34.0,27.0,,0,1,0,0,0,2024-05-16 05:00:00
2024-05-16 05:30:00,19.088686,72.867919,11,VABB,260.0,5.7,10000.0,2500.0,34.0,28.0,,0,1,0,0,0,2024-05-16 05:00:00
2024-05-16 06:00:00,19.088686,72.867919,11,VABB,290.0,3.1,,2000.0,35.0,26.7,1009.2,0,0,0,0,0,2024-05-16 06:00:00
2024-05-16 06:00:00,19.088686,72.867919,11,VABB,270.0,6.7,2000.0,2500.0,34.0,28.0,,0,1,0,0,0,2024-05-16 06:00:00
2024-05-16 06:30:00,19.088686,72.867919,11,VABB,290.0,4.6,22000.0,3000.0,34.0,29.0,,0,1,0,0,0,2024-05-16 06:00:00
2024-05-16 07:00:00,19.088686,72.867919,11,VABB,260.0,7.2,22000.0,3000.0,34.0,29.0,,0,1,0,0,0,2024-05-16 07:00:00
2024-05-16 07:30:00,19.088686,72.867919,11,VABB,260.0,6.7,22000.0,3000.0,34.0,28.0,,0,1,0,0,0,2024-05-16 07:00:00
2024-05-16 08:00:00,19.088686,72.867919,11,VABB,300.0,5.7,2500.0,3500.0,34.0,27.0,,0,1,0,0,0,2024-05-16 08:00:00
2024-05-16 08:30:00,19.088686,72.867919,11,VABB,250.0,5.1,2500.0,3500.0,34.0,24.0,,0,0,0,0,0,2024-05-16 08:00:00
2024-05-16 09:00:00,19.088686,72.867919,11,VABB,290.0,1.5,22000.0,2000.0,35.4,24.4,1006.1,0,0,0,0,0,2024-05-16 09:00:00
2024-05-16 09:00:00,19.088686,72.867919,11,VABB,230.0,5.7,2500.0,3500.0,34.0,25.0,,0,0,0,0,0,2024-05-16 09:00:00
2024-05-16 09:30:00,19.088686,72.867919,11,VABB,290.0,6.2,2500.0,4000.0,34.0,25.0,,0,0,0,0,0,2024-05-16 09:00:00
2024-05-16 10:00:00,19.088686,72.867919,11,VABB,280.0,6.2,762.0,4000.0,34.0,24.0,,0,0,0,0,0,2024-05-16 10:00:00
2024-05-16 10:30:00,19.088686,72.867919,11,VABB,300.0,4.1,762.0,4000.0,34.0,25.0,,0,0,0,0,0,2024-05-16 10:00:00
2024-05-16 11:00:00,19.088686,72.867919,11,VABB,280.0,5.1,2000.0,3500.0,34.0,26.0,,0,1,0,0,0,2024-05-16 11:00:00
2024-05-16 11:30:00,19.088686,72.867919,11,VABB,310.0,2.1,3048.0,3500.0,35.0,23.0,,0,0,0,0,0,2024-05-16 11:00:00
2024-05-16 12:00:00,19.088686,72.867919,11,VABB,,0.0,750.0,2000.0,35.2,23.8,1006.1,0,0,0,0,0,2024-05-16 12:00:00
2024-05-16 12:00:00,19.088686,72.867919,11,VABB,190.0,1.5,3048.0,3500.0,33.0,24.0,,0,0,0,0,0,2024-05-16 12:00:00
2024-05-16 12:30:00,19.088686,72.867919,11,VABB,150.0,4.6,3048.0,3000.0,34.0,19.0,,0,0,0,0,1,2024-05-16 12:00:00
2024-05-16 13:00:00,19.088686,72.867919,11,VABB,160.0,2.6,2000.0,3000.0,32.0,18.0,,0,0,0,0,0,2024-05-16 13:00:00
2024-05-16 13:30:00,19.088686,72.867919,11,VABB,90.0,6.2,2000.0,3000.0,31.0,19.0,,0,0,0,0,0,2024-05-16 13:00:00
2024-05-16 14:00:00,19.088686,72.867919,11,VABB,130.0,1.5,2000.0,3000.0,31.0,19.0,,0,0,0,0,0,2024-05-16 14:00:00
2024-05-16 14:30:00,19.088686,72.867919,11,VABB,80.0,5.7,2000.0,3000.0,30.0,20.0,,0,0,0,0,0,2024-05-16 14:00:00
2024-05-16 15:00:00,19.088686,72.867919,11,VABB,,0.0,,2000.0,31.4,20.6,1007.6,0,0,0,0,0,2024-05-16 15:00:00
2024-05-16 15:00:00,19.088686,72.867919,11,VABB,120.0,1.5,2000.0,3000.0,30.0,20.0,,0,0,0,0,0,2024-05-16 15:00:00
2024-05-16 15:30:00,19.088686,72.867919,11,VABB,0.0,0.0,3048.0,3000.0,30.0,19.0,,0,0,0,0,0,2024-05-16 15:00:00
2024-05-16 16:00:00,19.088686,72.867919,11,VABB,280.0,3.6,3048.0,3000.0,31.0,19.0,,0,0,0,0,0,2024-05-16 16:00:00
2024-05-16 16:30:00,19.088686,72.867919,11,VABB,100.0,2.1,3048.0,3000.0,31.0,20.0,,0,0,0,0,0,2024-05-16 16:00:00
2024-05-16 17:00:00,19.088686,72.867919,11,VABB,120.0,4.1,3048.0,3000.0,31.0,22.0,,0,0,0,0,0,2024-05-16 17:00:00
2024-05-16 17:30:00,19.088686,72.867919,11,VABB,130.0,1.5,3048.0,3000.0,31.0,22.0,,0,0,0,0,0,2024-05-16 17:00:00
2024-05-16 18:00:00,19.088686,72.867919,11,VABB,,0.0,,2000.0,30.4,21.5,1007.6,0,0,0,0,0,2024-05-16 18:00:00
2024-05-16 18:00:00,19.088686,72.867919,11,VABB,110.0,3.6,3048.0,3000.0,31.0,21.0,,0,0,0,0,0,2024-05-16 18:00:00
2024-05-16 18:30:00,19.088686,72.867919,11,VABB,170.0,2.6,2000.0,3000.0,30.0,21.0,,0,0,0,0,0,2024-05-16 18:00:00
2024-05-16 19:00:00,19.088686,72.867919,11,VABB,120.0,3.6,762.0,2500.0,30.0,21.0,,0,0,0,0,0,2024-05-16 19:00:00
2024-05-16 19:30:00,19.088686,72.867919,11,VABB,200.0,2.6,2000.0,2500.0,31.0,22.0,,0,0,0,0,0,2024-05-16 19:00:00
2024-05-16 20:00:00,19.088686,72.867919,11,VABB,190.0,3.1,2000.0,2500.0,31.0,21.0,,0,0,0,0,0,2024-05-16 20:00:00
2024-05-16 20:30:00,19.088686,72.867919,11,VABB,240.0,4.1,2000.0,2500.0,30.0,21.0,,0,0,0,0,0,2024-05-16 20:00:00
2024-05-16 21:00:00,19.088686,72.867919,11,VABB,,0.0,,2000.0,30.4,22.2,1006.6,0,0,0,0,0,2024-05-16 21:00:00
2024-05-16 21:00:00,19.088686,72.867919,11,VABB,250.0,2.1,2000.0,2500.0,30.0,22.0,,0,0,0,0,0,2024-05-16 21:00:00
2024-05-16 21:30:00,19.088686,72.867919,11,VABB,230.0,2.6,2000.0,2500.0,30.0,23.0,,0,1,0,0,0,2024-05-16 21:00:00
2024-05-16 22:00:00,19.088686,72.867919,11,VABB,260.0,2.6,2000.0,2500.0,30.0,24.0,,0,1,0,0,0,2024-05-16 22:00:00
2024-05-16 22:30:00,19.088686,72.867919,11,VABB,240.0,2.1,2000.0,2500.0,30.0,23.0,,0,1,0,0,0,2024-05-16 22:00:00
2024-05-16 23:00:00,19.088686,72.867919,11,VABB,200.0,2.1,2000.0,2500.0,31.0,22.0,,0,1,0,0,0,2024-05-16 23:00:00
2024-05-16 23:30:00,19.088686,72.867919,11,VABB,200.0,1.5,2000.0,2500.0,30.0,23.0,,0,1,0,0,0,2024-05-16 23:00:00
2024-05-17 00:00:00,19.088686,72.867919,11,VABB,,0.0,22000.0,2000.0,29.2,23.7,1008.2,0,0,0,0,0,2024-05-17 00:00:00
2024-05-17 00:00:00,19.088686,72.867919,11,VABB,150.0,2.1,2000.0,2500.0,30.0,23.0,,0,1,0,0,0,2024-05-17 00:00:00
2024-05-17 00:30:00,19.088686,72.867919,11,VABB,120.0,2.1,2000.0,2500.0,30.0,23.0,,0,1,0,0,0,2024-05-17 00:00:00
2024-05-17 01:00:00,19.088686,72.867919,11,VABB,140.0,1.5,2000.0,2500.0,30.0,23.0,,0,1,0,0,0,2024-05-17 01:00:00
2024-05-17 01:30:00,19.088686,72.867919,11,VABB,120.0,2.6,2000.0,2500.0,30.0,23.0,,0,1,0,0,0,2024-05-17 01:00:00
2024-05-17 02:00:00,19.088686,72.867919,11,VABB,110.0,2.1,2000.0,2500.0,30.0,23.0,,0,1,0,0,0,2024-05-17 02:00:00
2024-05-17 02:30:00,19.088686,72.867919,11,VABB,120.0,2.6,2000.0,2500.0,31.0,23.0,,0,1,0,0,0,2024-05-17 02:00:00
2024-05-17 03:00:00,19.088686,72.867919,11,VABB,,0.0,750.0,2000.0,31.6,23.5,1009.3,0,0,0,0,0,2024-05-17 03:00:00
2024-05-17 03:00:00,19.088686,72.867919,11,VABB,100.0,2.6,2000.0,2500.0,31.0,23.0,,0,1,0,0,0,2024-05-17 03:00:00
2024-05-17 03:30:00,19.088686,72.867919,11,VABB,0.0,0.0,2000.0,2500.0,32.0,23.0,,0,1,0,0,0,2024-05-17 03:00:00
2024-05-17 04:00:00,19.088686,72.867919,11,VABB,160.0,1.5,2000.0,2500.0,32.0,24.0,,0,1,0,0,0,2024-05-17 04:00:00
2024-05-17 04:30:00,19.088686,72.867919,11,VABB,170.0,2.1,2000.0,2500.0,33.0,24.0,,0,1,0,0,0,2024-05-17 04:00:00
2024-05-17 05:00:00,19.088686,72.867919,11,VABB,230.0,1.5,10000.0,2500.0,34.0,23.0,,0,0,0,0,0,2024-05-17 05:00:00
2024-05-17 05:30:00,19.088686,72.867919,11,VABB,240.0,2.1,10000.0,2500.0,35.0,23.0,,0,0,0,0,0,2024-05-17 05:00:00
2024-05-17 06:00:00,19.088686,72.867919,11,VABB,320.0,2.1,22000.0,2000.0,35.0,23.6,1008.6,0,0,0,0,0,2024-05-17 06:00:00
2024-05-17 06:00:00,19.088686,72.867919,11,VABB,260.0,4.6,10000.0,2500.0,34.0,24.0,,0,0,0,0,0,2024-05-17 06:00:00
2024-05-17 06:30:00,19.088686,72.867919,11,VABB,220.0,4.6,10000.0,2500.0,34.0,24.0,,0,0,0,0,0,2024-05-17 06:00:00
2024-05-17 07:00:00,19.088686,72.867919,11,VABB,260.0,4.6,10000.0,3000.0,35.0,24.0,,0,0,0,0,0,2024-05-17 07:00:00
2024-05-17 07:30:00,19.088686,72.867919,11,VABB,230.0,5.1,10000.0,3000.0,35.0,23.0,,0,0,0,0,0,2024-05-17 07:00:00
2024-05-17 08:00:00,19.088686,72.867919,11,VABB,240.0,5.7,10000.0,3000.0,35.0,24.0,,0,0,0,0,0,2024-05-17 08:00:00
2024-05-17 08:30:00,19.088686,72.867919,11,VABB,240.0,5.7,10000.0,3500.0,35.0,22.0,,0,0,0,0,0,2024-05-17 08:00:00
2024-05-17 09:00:00,19.088686,72.867919,11,VABB,250.0,3.1,,2000.0,35.4,22.4,1006.0,0,0,0,0,0,2024-05-17 09:00:00
2024-05-17 09:00:00,19.088686,72.867919,11,VABB,250.0,5.1,10000.0,3500.0,35.0,21.0,,0,0,0,0,0,2024-05-17 09:00:00
2024-05-17 09:30:00,19.088686,72.867919,11,VABB,250.0,5.1,22000.0,3500.0,35.0,22.0,,0,0,0,0,0,2024-05-17 09:00:00
2024-05-17 10:00:00,19.088686,72.867919,11,VABB,260.0,5.1,22000.0,3500.0,34.0,22.0,,0,0,0,0,0,2024-05-17 10:00:00
2024-05-17 10:30:00,19.088686,72.867919,11,VABB,260.0,5.1,22000.0,3500.0,34.0,22.0,,0,0,0,0,0,2024-05-17 10:00:00
2024-05-17 11:00:00,19.088686,72.867919,11,VABB,250.0,6.7,22000.0,3500.0,33.0,24.0,,0,0,0,0,0,2024-05-17 11:00:00
2024-05-17 11:30:00,19.088686,72.867919,11,VABB,260.0,6.7,22000.0,3500.0,33.0,25.0,,0,0,0,0,0,2024-05-17 11:00:00
2024-05-17 12:00:00,19.088686,72.867919,11,VABB,320.0,3.1,,2000.0,34.0,25.0,1004.4,0,0,0,0,0,2024-05-17 12:00:00
2024-05-17 12:00:00,19.088686,72.867919,11,VABB,260.0,4.6,22000.0,3500.0,33.0,26.0,,0,1,0,0,0,2024-05-17 12:00:00
2024-05-17 12:30:00,19.088686,72.867919,11,VABB,280.0,6.7,2000.0,3500.0,32.0,27.0,,0,1,0,0,0,2024-05-17 12:00:00
2024-05-17 13:00:00,19.088686,72.867919,11,VABB,270.0,5.1,2000.0,3500.0,31.0,28.0,,1,0,0,0,0,2024-05-17 13:00:00
2024-05-17 13:30:00,19.088686,72.867919,11,VABB,290.0,4.1,762.0,3000.0,31.0,28.0,,1,0,0,0,0,2024-05-17 13:00:00
2024-05-17 14:00:00,19.088686,72.867919,11,VABB,280.0,4.1,610.0,3000.0,31.0,28.0,,1,0,0,0,0,2024-05-17 14:00:00
2024-05-17 14:30:00,19.088686,72.867919,11,VABB,280.0,3.1,610.0,3000.0,31.0,28.0,,1,0,0,0,0,2024-05-17 14:00:00
2024-05-17 15:00:00,19.088686,72.867919,11,VABB,270.0,1.5,,2000.0,31.2,27.1,1006.4,0,0,0,0,0,2024-05-17 15:00:00
2024-05-17 15:00:00,19.088686,72.867919,11,VABB,230.0,2.6,610.0,3000.0,31.0,28.0,,1,0,0,0,0,2024-05-17 15:00:00
2024-05-17 15:30:00,19.088686,72.867919,11,VABB,220.0,2.6,610.0,3000.0,31.0,28.0,,1,0,0,0,0,2024-05-17 15:00:00
2024-05-17 16:00:00,19.088686,72.867919,11,VABB,230.0,2.6,3048.0,3000.0,31.0,28.0,,1,0,0,0,0,2024-05-17 16:00:00
2024-05-17 16:30:00,19.088686,72.867919,11,VABB,230.0,3.6,3048.0,3000.0,31.0,28.0,,1,0,0,0,0,2024-05-17 16:00:00
2024-05-17 17:00:00,19.088686,72.867919,11,VABB,260.0,4.6,3048.0,3000.0,31.0,28.0,,1,0,0,0,0,2024-05-17 17:00:00
2024-05-17 17:30:00,19.088686,72.867919,11,VABB,250.0,4.6,762.0,3000.0,31.0,28.0,,1,0,0,0,0,2024-05-17 17:00:00
2024-05-17 18:00:00,19.088686,72.867919,11,VABB,,0.0,,2000.0,30.8,27.2,1007.6,0,0,0,0,0,2024-05-17 18:00:00
2024-05-17 18:00:00,19.088686,72.867919,11,VABB,260.0,2.1,762.0,3000.0,31.0,28.0,,1,0,0,0,0,2024-05-17 18:00:00
2024-05-17 18:30:00,19.088686,72.867919,11,VABB,300.0,1.5,762.0,3000.0,31.0,28.0,,1,0,0,0,0,2024-05-17 18:00:00
2024-05-17 19:00:00,19.088686,72.867919,11,VABB,0.0,0.0,762.0,3000.0,31.0,28.0,,1,0,0,0,0,2024-05-17 19:00:00
2024-05-17 19:30:00,19.088686,72.867919,11,VABB,170.0,1.5,762.0,3000.0,31.0,28.0,,1,0,0,0,0,2024-05-17 19:00:00
2024-05-17 20:00:00,19.088686,72.867919,11,VABB,0.0,0.0,762.0,3000.0,30.0,25.0,,1,0,0,0,0,2024-05-17 20:00:00
2024-05-17 20:30:00,19.088686,72.867919,11,VABB,0.0,0.0,762.0,3000.0,31.0,27.0,,1,0,0,0,0,2024-05-17 20:00:00
2024-05-17 21:00:00,19.088686,72.867919,11,VABB,,0.0,22000.0,2000.0,30.2,26.6,1005.8,0,0,0,0,0,2024-05-17 21:00:00
2024-05-17 21:00:00,19.088686,72.867919,11,VABB,180.0,3.1,762.0,3000.0,31.0,27.0,,1,0,0,0,0,2024-05-17 21:00:00
2024-05-17 21:30:00,19.088686,72.867919,11,VABB,210.0,2.6,2000.0,3000.0,31.0,27.0,,1,0,0,0,0,2024-05-17 21:00:00
2024-05-17 22:00:00,19.088686,72.867919,11,VABB,210.0,2.1,2000.0,3000.0,31.0,28.0,,1,0,0,0,0,2024-05-17 22:00:00
2024-05-17 22:30:00,19.088686,72.867919,11,VABB,180.0,2.1,2000.0,3000.0,31.0,27.0,,1,0,0,0,0,2024-05-17 22:00:00
2024-05-17 23:00:00,19.088686,72.867919,11,VABB,220.0,1.5,2000.0,3000.0,31.0,27.0,,1,0,0,0,0,2024-05-17 23:00:00
2024-05-17 23:30:00,19.088686,72.867919,11,VABB,250.0,3.1,2000.0,3000.0,30.0,28.0,,1,0,0,0,0,2024-05-17 23:00:00
2024-05-18 00:00:00,19.088686,72.867919,11,VABB,,0.0,22000.0,2000.0,30.0,27.2,1005.4,0,0,0,0,0,2024-05-18 00:00:00
2024-05-18 00:00:00,19.088686,72.867919,11,VABB,260.0,3.1,2000.0,3000.0,30.0,28.0,,1,0,0,0,0,2024-05-18 00:00:00
2024-05-18 00:30:00,19.088686,72.867919,11,VABB,250.0,3.1,2000.0,3000.0,30.0,28.0,,1,0,0,0,0,2024-05-18 00:00:00
2024-05-18 01:00:00,19.088686,72.867919,11,VABB,230.0,3.1,2000.0,3000.0,30.0,28.0,,1,0,0,0,0,2024-05-18 01:00:00
2024-05-18 01:30:00,19.088686,72.867919,11,VABB,270.0,1.5,762.0,3000.0,30.0,28.0,,1,0,0,0,0,2024-05-18 01:00:00
2024-05-18 02:00:00,19.088686,72.867919,11,VABB,360.0,2.1,762.0,3000.0,30.0,28.0,,1,0,0,0,0,2024-05-18 02:00:00
2024-05-18 02:30:00,19.088686,72.867919,11,VABB,310.0,1.5,762.0,3000.0,31.0,28.0,,1,0,0,0,0,2024-05-18 02:00:00
2024-05-18 03:00:00,19.088686,72.867919,11,VABB,,0.0,750.0,2000.0,31.4,26.7,1007.0,0,0,0,0,0,2024-05-18 03:00:00
2024-05-18 03:00:00,19.088686,72.867919,11,VABB,270.0,1.5,762.0,3000.0,31.0,28.0,,1,0,0,0,0,2024-05-18 03:00:00
2024-05-18 03:30:00,19.088686,72.867919,11,VABB,210.0,2.6,762.0,3000.0,31.0,28.0,,1,0,0,0,0,2024-05-18 03:00:00
2024-05-18 04:00:00,19.088686,72.867919,11,VABB,0.0,0.0,762.0,3000.0,32.0,28.0,,1,0,0,0,0,2024-05-18 04:00:00
2024-05-18 04:30:00,19.088686,72.867919,11,VABB,250.0,3.6,2000.0,3000.0,32.0,28.0,,1,0,0,0,0,2024-05-18 04:00:00
2024-05-18 05:00:00,19.088686,72.867919,11,VABB,280.0,2.6,2000.0,3000.0,33.0,28.0,,1,0,0,0,0,2024-05-18 05:00:00
2024-05-18 05:30:00,19.088686,72.867919,11,VABB,240.0,3.1,2000.0,3000.0,34.0,28.0,,0,1,0,0,0,2024-05-18 05:00:00
2024-05-18 06:00:00,19.088686,72.867919,11,VABB,320.0,2.6,22000.0,2000.0,34.4,27.0,1006.3,0,0,0,0,0,2024-05-18 06:00:00
2024-05-18 06:00:00,19.088686,72.867919,11,VABB,250.0,3.6,2000.0,3000.0,34.0,28.0,,0,1,0,0,0,2024-05-18 06:00:00
2024-05-18 06:30:00,19.088686,72.867919,11,VABB,250.0,4.1,2000.0,3000.0,34.0,28.0,,0,1,0,0,0,2024-05-18 06:00:00
2024-05-18 07:00:00,19.088686,72.867919,11,VABB,250.0,6.2,2000.0,3000.0,34.0,28.0,,0,1,0,0,0,2024-05-18 07:00:00
2024-05-18 07:30:00,19.088686,72.867919,11,VABB,270.0,5.1,2000.0,3000.0,33.0,28.0,,0,1,0,0,0,2024-05-18 07:00:00
2024-05-18 08:00:00,19.088686,72.867919,11,VABB,280.0,4.6,22000.0,3000.0,33.0,28.0,,0,1,0,0,0,2024-05-18 08:00:00
2024-05-18 08:30:00,19.088686,72.867919,11,VABB,270.0,4.6,22000.0,4000.0,33.0,28.0,,0,1,0,0,0,2024-05-18 08:00:00
2024-05-18 09:00:00,19.088686,72.867919,11,VABB,320.0,2.1,,2000.0,34.2,26.4,1003.6,0,0,0,0,0,2024-05-18 09:00:00
2024-05-18 09:00:00,19.088686,72.867919,11,VABB,260.0,3.6,22000.0,4000.0,24.0,27.0,,0,1,0,0,1,2024-05-18 09:00:00
2024-05-18 09:30:00,19.088686,72.867919,11,VABB,260.0,5.7,22000.0,4000.0,33.0,27.0,,0,1,0,0,0,2024-05-18 09:00:00
2024-05-18 10:00:00,19.088686,72.867919,11,VABB,270.0,5.7,22000.0,4000.0,33.0,27.0,,0,1,0,0,0,2024-05-18 10:00:00
2024-05-18 10:30:00,19.088686,72.867919,11,VABB,270.0,6.2,2000.0,4000.0,33.0,27.0,,0,1,0,0,0,2024-05-18 10:00:00
2024-05-18 11:00:00,19.088686,72.867919,11,VABB,240.0,6.2,22000.0,4000.0,33.0,27.0,,0,1,0,0,0,2024-05-18 11:00:00
2024-05-18 11:30:00,19.088686,72.867919,11,VABB,280.0,5.7,22000.0,4000.0,33.0,28.0,,1,0,0,0,0,2024-05-18 11:00:00
2024-05-18 12:00:00,19.088686,72.867919,11,VABB,320.0,2.1,,2000.0,33.6,27.0,1001.7,0,0,0,0,0,2024-05-18 12:00:00
2024-05-18 12:30:00,19.088686,72.867919,11,VABB,260.0,5.1,2000.0,3500.0,32.0,28.0,,1,0,0,0,0,2024-05-18 12:00:00
2024-05-18 13:00:00,19.088686,72.867919,11,VABB,280.0,5.1,762.0,3500.0,32.0,28.0,,1,0,0,0,0,2024-05-18 13:00:00
2024-05-18 13:30:00,19.088686,72.867919,11,VABB,260.0,4.6,762.0,3000.0,31.0,29.0,,1,0,0,0,0,2024-05-18 13:00:00
2024-05-18 14:00:00,19.088686,72.867919,11,VABB,270.0,4.1,762.0,3000.0,31.0,29.0,,1,0,0,0,0,2024-05-18 14:00:00
2024-05-18 14:30:00,19.088686,72.867919,11,VABB,270.0,4.1,762.0,3000.0,31.0,29.0,,1,0,0,0,0,2024-05-18 14:00:00
2024-05-18 15:00:00,19.088686,72.867919,11,VABB,320.0,1.5,,2000.0,31.4,27.3,1003.3,0,0,0,0,0,2024-05-18 15:00:00
2024-05-18 15:00:00,19.088686,72.867919,11,VABB,270.0,3.6,762.0,3000.0,31.0,29.0,,1,0,0,0,0,2024-05-18 15:00:00
2024-05-18 15:30:00,19.088686,72.867919,11,VABB,240.0,3.6,762.0,3000.0,31.0,29.0,,1,0,0,0,0,2024-05-18 15:00:00
2024-05-18 16:00:00,19.088686,72.867919,11,VABB,240.0,4.1,762.0,3000.0,31.0,29.0,,1,0,0,0,0,2024-05-18 16:00:00
2024-05-18 16:30:00,19.088686,72.867919,11,VABB,240.0,3.6,762.0,3000.0,31.0,29.0,,1,0,0,0,0,2024-05-18 16:00:00
2024-05-18 17:00:00,19.088686,72.867919,11,VABB,250.0,3.6,762.0,3000.0,31.0,29.0,,1,0,0,0,0,2024-05-18 17:00:00
2024-05-18 17:30:00,19.088686,72.867919,11,VABB,260.0,4.1,762.0,3000.0,31.0,28.0,,1,0,0,0,0,2024-05-18 17:00:00
2024-05-18 18:00:00,19.088686,72.867919,11,VABB,,0.0,22000.0,2000.0,31.0,26.6,1005.3,0,0,0,0,0,2024-05-18 18:00:00
2024-05-18 18:00:00,19.088686,72.867919,11,VABB,250.0,2.6,762.0,3000.0,31.0,28.0,,1,0,0,0,0,2024-05-18 18:00:00
2024-05-18 18:30:00,19.088686,72.867919,11,VABB,220.0,2.6,762.0,3000.0,31.0,27.0,,1,0,0,0,0,2024-05-18 18:00:00
2024-05-18 19:00:00,19.088686,72.867919,11,VABB,230.0,3.1,2000.0,3000.0,31.0,27.0,,1,0,0,0,0,2024-05-18 19:00:00
2024-05-18 19:30:00,19.088686,72.867919,11,VABB,210.0,2.6,2000.0,3000.0,31.0,27.0,,1,0,0,0,0,2024-05-18 19:00:00
2024-05-18 20:00:00,19.088686,72.867919,11,VABB,190.0,2.1,2000.0,3000.0,31.0,27.0,,1,0,0,0,0,2024-05-18 20:00:00
2024-05-18 20:30:00,19.088686,72.867919,11,VABB,230.0,3.6,2000.0,3000.0,31.0,27.0,,1,0,0,0,0,2024-05-18 20:00:00
2024-05-18 21:00:00,19.088686,72.867919,11,VABB,,0.0,,2000.0,30.4,26.2,1003.6,0,0,0,0,0,2024-05-18 21:00:00
2024-05-18 21:00:00,19.088686,72.867919,11,VABB,160.0,2.1,2000.0,3000.0,31.0,27.0,,1,0,0,0,0,2024-05-18 21:00:00
2024-05-18 21:30:00,19.088686,72.867919,11,VABB,130.0,1.5,2000.0,3000.0,31.0,26.0,,1,0,0,0,0,2024-05-18 21:00:00
2024-05-18 22:00:00,19.088686,72.867919,11,VABB,180.0,2.1,2000.0,3000.0,30.0,27.0,,1,0,0,0,0,2024-05-18 22:00:00
2024-05-18 22:30:00,19.088686,72.867919,11,VABB,190.0,2.1,2000.0,3000.0,30.0,28.0,,1,0,0,0,0,2024-05-18 22:00:00
2024-05-18 23:00:00,19.088686,72.867919,11,VABB,250.0,2.1,2000.0,3000.0,30.0,27.0,,1,0,0,0,0,2024-05-18 23:00:00
2024-05-18 23:30:00,19.088686,72.867919,11,VABB,240.0,2.6,2000.0,3000.0,30.0,28.0,,1,0,0,0,0,2024-05-18 23:00:00
2024-05-19 00:00:00,19.088686,72.867919,11,VABB,,0.0,22000.0,2000.0,30.2,26.3,1003.7,0,0,0,0,0,2024-05-19 00:00:00
2024-05-19 00:00:00,19.088686,72.867919,11,VABB,220.0,2.6,2000.0,3000.0,30.0,28.0,,1,0,0,0,0,2024-05-19 00:00:00
2024-05-19 00:30:00,19.088686,72.867919,11,VABB,220.0,2.1,762.0,3000.0,30.0,28.0,,1,0,0,0,0,2024-05-19 00:00:00
2024-05-19 01:00:00,19.088686,72.867919,11,VABB,200.0,2.1,762.0,3000.0,30.0,27.0,,1,0,0,0,0,2024-05-19 01:00:00
2024-05-19 01:30:00,19.088686,72.867919,11,VABB,160.0,2.6,762.0,3000.0,30.0,27.0,,1,0,0,0,0,2024-05-19 01:00:00
2024-05-19 02:00:00,19.088686,72.867919,11,VABB,200.0,2.1,762.0,3000.0,31.0,27.0,,1,0,0,0,0,2024-05-19 02:00:00
2024-05-19 02:30:00,19.088686,72.867919,11,VABB,150.0,2.1,762.0,3000.0,31.0,27.0,,1,0,0,0,0,2024-05-19 02:00:00
2024-05-19 03:00:00,19.088686,72.867919,11,VABB,180.0,1.5,22000.0,2000.0,31.8,25.9,1005.0,0,0,0,0,0,2024-05-19 03:00:00
2024-05-19 03:00:00,19.088686,72.867919,11,VABB,210.0,4.1,762.0,3000.0,32.0,27.0,,1,0,0,0,0,2024-05-19 03:00:00
2024-05-19 03:30:00,19.088686,72.867919,11,VABB,230.0,2.6,762.0,3500.0,32.0,26.0,,0,1,0,0,0,2024-05-19 03:00:00
2024-05-19 04:00:00,19.088686,72.867919,11,VABB,150.0,2.6,762.0,3500.0,33.0,26.0,,0,1,0,0,0,2024-05-19 04:00:00
2024-05-19 04:30:00,19.088686,72.867919,11,VABB,200.0,3.6,2000.0,3500.0,34.0,27.0,,0,1,0,0,0,2024-05-19 04:00:00
2024-05-19 05:00:00,19.088686,72.867919,11,VABB,270.0,5.1,762.0,3500.0,33.0,27.0,,0,1,0,0,0,2024-05-19 05:00:00
2024-05-19 05:30:00,19.088686,72.867919,11,VABB,260.0,4.6,2000.0,3500.0,33.0,27.0,,0,1,0,0,0,2024-05-19 05:00:00
2024-05-19 06:00:00,19.088686,72.867919,11,VABB,230.0,2.1,22000.0,2000.0,34.4,25.8,1005.0,0,0,0,0,0,2024-05-19 06:00:00
2024-05-19 06:00:00,19.088686,72.867919,11,VABB,250.0,3.6,2000.0,4000.0,34.0,27.0,,0,1,0,0,1,2024-05-19 06:00:00
2024-05-19 06:30:00,19.088686,72.867919,11,VABB,250.0,4.6,2000.0,4000.0,34.0,27.0,,0,1,0,0,0,2024-05-19 06:00:00
2024-05-19 07:00:00,19.088686,72.867919,11,VABB,250.0,6.2,2000.0,4000.0,33.0,26.0,,0,1,0,0,0,2024-05-19 07:00:00
2024-05-19 07:30:00,19.088686,72.867919,11,VABB,260.0,5.7,2000.0,4000.0,33.0,27.0,,0,1,0,0,0,2024-05-19 07:00:00
2024-05-19 08:00:00,19.088686,72.867919,11,VABB,260.0,5.1,2000.0,4000.0,33.0,27.0,,0,1,0,0,0,2024-05-19 08:00:00
2024-05-19 08:30:00,19.088686,72.867919,11,VABB,270.0,5.1,2000.0,4000.0,33.0,27.0,,0,1,0,0,0,2024-05-19 08:00:00
2024-05-19 09:00:00,19.088686,72.867919,11,VABB,320.0,1.5,,2000.0,34.2,26.1,1002.6,0,0,0,0,0,2024-05-19 09:00:00
2024-05-19 09:00:00,19.088686,72.867919,11,VABB,260.0,4.6,22000.0,4000.0,33.0,27.0,,0,1,0,0,0,2024-05-19 09:00:00
2024-05-19 09:30:00,19.088686,72.867919,11,VABB,270.0,5.7,22000.0,4000.0,34.0,28.0,,0,1,0,0,0,2024-05-19 09:00:00
2024-05-19 10:00:00,19.088686,72.867919,11,VABB,280.0,6.2,22000.0,4000.0,33.0,28.0,,0,1,0,0,0,2024-05-19 10:00:00
2024-05-19 10:01:00,19.088686,72.867919,11,VABB,280.0,6.2,22000.0,4000.0,33.0,28.0,,0,1,0,0,0,2024-05-19 10:00:00
2024-05-19 10:30:00,19.088686,72.867919,11,VABB,250.0,6.2,2000.0,4000.0,33.0,28.0,,0,1,0,0,0,2024-05-19 10:00:00
2024-05-19 11:00:00,19.088686,72.867919,11,VABB,290.0,4.6,2000.0,4000.0,33.0,28.0,,0,1,0,0,0,2024-05-19 11:00:00
2024-05-19 11:30:00,19.088686,72.867919,11,VABB,280.0,5.7,2000.0,4000.0,33.0,28.0,,0,1,0,0,0,2024-05-19 11:00:00
2024-05-19 12:00:00,19.088686,72.867919,11,VABB,320.0,1.5,,2000.0,33.6,26.7,999.9,0,0,0,0,0,2024-05-19 12:00:00
2024-05-19 12:00:00,19.088686,72.867919,11,VABB,280.0,4.6,2000.0,4000.0,33.0,28.0,,0,1,0,0,0,2024-05-19 12:00:00
2024-05-19 12:30:00,19.088686,72.867919,11,VABB,280.0,5.1,2000.0,4000.0,32.0,28.0,,0,1,0,0,0,2024-05-19 12:00:00
2024-05-19 13:00:00,19.088686,72.867919,11,VABB,260.0,4.6,2000.0,3500.0,32.0,27.0,,0,1,0,0,0,2024-05-19 13:00:00
2024-05-19 13:30:00,19.088686,72.867919,11,VABB,260.0,4.6,2000.0,3500.0,32.0,28.0,,0,1,0,0,0,2024-05-19 13:00:00
2024-05-19 14:00:00,19.088686,72.867919,11,VABB,270.0,3.6,2000.0,3500.0,31.0,27.0,,0,1,0,0,0,2024-05-19 14:00:00
2024-05-19 15:00:00,19.088686,72.867919,11,VABB,,0.0,22000.0,2000.0,31.4,26.1,1002.4,0,0,0,0,0,2024-05-19 15:00:00
2024-05-19 15:00:00,19.088686,72.867919,11,VABB,240.0,4.6,2000.0,3000.0,31.0,28.0,,0,1,0,0,0,2024-05-19 15:00:00
2024-05-19 15:30:00,19.088686,72.867919,11,VABB,230.0,3.6,762.0,3000.0,31.0,27.0,,1,0,0,0,0,2024-05-19 15:00:00
2024-05-19 16:00:00,19.088686,72.867919,11,VABB,250.0,4.1,762.0,3000.0,31.0,27.0,,1,0,0,0,0,2024-05-19 16:00:00
2024-05-19 16:30:00,19.088686,72.867919,11,VABB,220.0,3.6,762.0,3000.0,31.0,27.0,,1,0,0,0,0,2024-05-19 16:00:00
2024-05-19 17:00:00,19.088686,72.867919,11,VABB,230.0,3.6,762.0,3000.0,31.0,27.0,,1,0,0,0,0,2024-05-19 17:00:00
2024-05-19 17:30:00,19.088686,72.867919,11,VABB,230.0,3.1,762.0,3000.0,31.0,27.0,,1,0,0,0,0,2024-05-19 17:00:00
2024-05-19 18:00:00,19.088686,72.867919,11,VABB,,0.0,22000.0,2000.0,31.0,26.0,1003.3,0,0,0,0,0,2024-05-19 18:00:00
2024-05-19 18:00:00,19.088686,72.867919,11,VABB,240.0,4.1,2000.0,3000.0,31.0,27.0,,1,0,0,0,0,2024-05-19 18:00:00
2024-05-19 18:30:00,19.088686,72.867919,11,VABB,230.0,3.6,2000.0,3000.0,31.0,28.0,,1,0,0,0,0,2024-05-19 18:00:00
2024-05-19 19:00:00,19.088686,72.867919,11,VABB,220.0,2.6,2000.0,3000.0,31.0,27.0,,1,0,0,0,0,2024-05-19 19:00:00
2024-05-19 19:30:00,19.088686,72.867919,11,VABB,210.0,2.6,2000.0,3000.0,31.0,27.0,,1,0,0,0,0,2024-05-19 19:00:00
2024-05-19 20:00:00,19.088686,72.867919,11,VABB,240.0,3.1,2000.0,3000.0,31.0,27.0,,1,0,0,0,0,2024-05-19 20:00:00
2024-05-19 20:30:00,19.088686,72.867919,11,VABB,190.0,3.1,2000.0,3000.0,31.0,27.0,,1,0,0,0,0,2024-05-19 20:00:00
2024-05-19 21:00:00,19.088686,72.867919,11,VABB,,0.0,22000.0,2000.0,30.6,25.5,1002.6,0,0,0,0,0,2024-05-19 21:00:00
2024-05-19 21:00:00,19.088686,72.867919,11,VABB,180.0,3.1,2000.0,3000.0,31.0,26.0,,1,0,0,0,0,2024-05-19 21:00:00
2024-05-19 21:30:00,19.088686,72.867919,11,VABB,180.0,3.6,2000.0,3000.0,31.0,27.0,,1,0,0,0,0,2024-05-19 21:00:00
2024-05-19 22:00:00,19.088686,72.867919,11,VABB,190.0,2.6,762.0,3000.0,30.0,27.0,,1,0,0,0,0,2024-05-19 22:00:00
2024-05-19 22:30:00,19.088686,72.867919,11,VABB,190.0,2.1,762.0,3000.0,30.0,27.0,,1,0,0,0,0,2024-05-19 22:00:00
2024-05-19 23:00:00,19.088686,72.867919,11,VABB,200.0,2.6,762.0,3000.0,31.0,27.0,,1,0,0,0,0,2024-05-19 23:00:00
2024-05-19 23:30:00,19.088686,72.867919,11,VABB,220.0,1.5,762.0,3000.0,31.0,26.0,,1,0,0,0,0,2024-05-19 23:00:00
2024-05-20 00:00:00,19.088686,72.867919,11,VABB,,0.0,22000.0,2000.0,29.8,25.6,1003.2,0,0,0,0,0,2024-05-20 00:00:00
2024-05-20 00:00:00,19.088686,72.867919,11,VABB,260.0,1.5,762.0,3000.0,30.0,27.0,,1,0,0,0,0,2024-05-20 00:00:00
2024-05-20 00:30:00,19.088686,72.867919,11,VABB,230.0,2.6,762.0,3000.0,30.0,27.0,,1,0,0,0,0,2024-05-20 00:00:00
2024-05-20 01:00:00,19.088686,72.867919,11,VABB,240.0,3.1,762.0,3000.0,31.0,27.0,,1,0,0,0,0,2024-05-20 01:00:00
2024-05-20 01:30:00,19.088686,72.867919,11,VABB,220.0,2.1,762.0,3000.0,31.0,26.0,,1,0,0,0,0,2024-05-20 01:00:00
2024-05-20 02:00:00,19.088686,72.867919,11,VABB,240.0,3.1,762.0,3000.0,31.0,27.0,,1,0,0,0,0,2024-05-20 02:00:00
2024-05-20 02:30:00,19.088686,72.867919,11,VABB,220.0,3.1,762.0,3000.0,31.0,27.0,,0,1,0,0,0,2024-05-20 02:00:00
2024-05-20 03:00:00,19.088686,72.867919,11,VABB,,0.0,750.0,2000.0,31.8,26.5,1004.9,0,0,0,0,0,2024-05-20 03:00:00
2024-05-20 03:00:00,19.088686,72.867919,11,VABB,230.0,2.6,762.0,3000.0,32.0,27.0,,0,1,0,0,0,2024-05-20 03:00:00
2024-05-20 03:30:00,19.088686,72.867919,11,VABB,280.0,2.6,762.0,3000.0,32.0,27.0,,0,1,0,0,0,2024-05-20 03:00:00
2024-05-20 04:00:00,19.088686,72.867919,11,VABB,210.0,3.1,762.0,4000.0,33.0,27.0,,0,1,0,0,0,2024-05-20 04:00:00
2024-05-20 04:30:00,19.088686,72.867919,11,VABB,270.0,1.5,762.0,4000.0,33.0,27.0,,0,1,0,0,0,2024-05-20 04:00:00
2024-05-20 05:00:00,19.088686,72.867919,11,VABB,190.0,3.1,762.0,4000.0,33.0,27.0,,0,1,0,0,0,2024-05-20 05:00:00
2024-05-20 05:30:00,19.088686,72.867919,11,VABB,270.0,3.1,762.0,4000.0,33.0,28.0,,0,1,0,0,0,2024-05-20 05:00:00
2024-05-20 06:00:00,19.088686,72.867919,11,VABB,230.0,2.1,,2000.0,34.2,26.4,1005.1,0,0,0,0,0,2024-05-20 06:00:00
2024-05-20 06:00:00,19.088686,72.867919,11,VABB,240.0,5.7,2000.0,4000.0,34.0,28.0,,0,1,0,0,0,2024-05-20 06:00:00
2024-05-20 06:30:00,19.088686,72.867919,11,VABB,250.0,5.1,2000.0,4000.0,34.0,28.0,,0,1,0,0,0,2024-05-20 06:00:00
2024-05-20 07:00:00,19.088686,72.867919,11,VABB,250.0,4.6,2000.0,4000.0,33.0,28.0,,0,1,0,0,1,2024-05-20 07:00:00
2024-05-20 07:30:00,19.088686,72.867919,11,VABB,260.0,6.7,2000.0,4000.0,33.0,28.0,,0,1,0,0,0,2024-05-20 07:00:00
2024-05-20 08:00:00,19.088686,72.867919,11,VABB,250.0,4.6,2000.0,4000.0,33.0,28.0,,0,1,0,0,1,2024-05-20 08:00:00
2024-05-20 08:30:00,19.088686,72.867919,11,VABB,200.0,4.6,2000.0,4000.0,32.0,25.0,,0,1,0,0,0,2024-05-20 08:00:00
2024-05-20 09:00:00,19.088686,72.867919,11,VABB,320.0,3.1,22000.0,2000.0,34.4,26.7,1003.6,0,0,0,0,0,2024-05-20 09:00:00
2024-05-20 09:00:00,19.088686,72.867919,11,VABB,240.0,5.1,2000.0,4000.0,33.0,26.0,,0,1,0,0,0,2024-05-20 09:00:00
2024-05-20 09:30:00,19.088686,72.867919,11,VABB,250.0,4.6,2000.0,4000.0,32.0,26.0,,0,1,0,0,0,2024-05-20 09:00:00
2024-05-20 10:00:00,19.088686,72.867919,11,VABB,240.0,5.1,2000.0,4000.0,32.0,26.0,,0,1,0,0,0,2024-05-20 10:00:00
2024-05-20 10:30:00,19.088686,72.867919,11,VABB,270.0,7.2,762.0,4000.0,32.0,27.0,,0,1,0,0,0,2024-05-20 10:00:00
2024-05-20 11:00:00,19.088686,72.867919,11,VABB,270.0,3.6,762.0,4000.0,33.0,28.0,,0,1,0,0,1,2024-05-20 11:00:00
2024-05-20 11:30:00,19.088686,72.867919,11,VABB,260.0,6.7,2000.0,4000.0,33.0,27.0,,0,1,0,0,0,2024-05-20 11:00:00
2024-05-20 12:00:00,19.088686,72.867919,11,VABB,290.0,2.1,22000.0,2000.0,33.4,26.2,1001.3,0,0,0,0,0,2024-05-20 12:00:00
2024-05-20 12:00:00,19.088686,72.867919,11,VABB,260.0,6.7,762.0,4000.0,32.0,28.0,,1,0,0,0,0,2024-05-20 12:00:00
2024-05-20 12:30:00,19.088686,72.867919,11,VABB,270.0,6.2,762.0,4000.0,32.0,28.0,,1,0,0,0,0,2024-05-20 12:00:00
2024-05-20 13:00:00,19.088686,72.867919,11,VABB,270.0,5.7,762.0,4000.0,32.0,28.0,,1,0,0,0,0,2024-05-20 13:00:00
2024-05-20 13:30:00,19.088686,72.867919,11,VABB,280.0,4.1,762.0,3500.0,31.0,28.0,,1,0,0,0,0,2024-05-20 13:00:00
2024-05-20 14:00:00,19.088686,72.867919,11,VABB,280.0,3.6,762.0,3500.0,31.0,28.0,,1,0,0,0,0,2024-05-20 14:00:00
2024-05-20 14:30:00,19.088686,72.867919,11,VABB,260.0,4.1,762.0,3000.0,31.0,27.0,,1,0,0,0,0,2024-05-20 14:00:00
2024-05-20 15:00:00,19.088686,72.867919,11,VABB,320.0,3.1,,2000.0,31.4,26.7,1004.2,0,0,0,0,0,2024-05-20 15:00:00
2024-05-20 15:00:00,19.088686,72.867919,11,VABB,250.0,5.1,762.0,3000.0,31.0,28.0,,1,0,0,0,0,2024-05-20 15:00:00
2024-05-20 15:30:00,19.088686,72.867919,11,VABB,240.0,3.6,762.0,3000.0,31.0,28.0,,1,0,0,0,0,2024-05-20 15:00:00
2024-05-20 16:00:00,19.088686,72.867919,11,VABB,230.0,3.1,762.0,3000.0,31.0,28.0,,1,0,0,0,0,2024-05-20 16:00:00
2024-05-20 16:30:00,19.088686,72.867919,11,VABB,230.0,4.1,762.0,3000.0,31.0,27.0,,1,0,0,0,0,2024-05-20 16:00:00
2024-05-20 17:00:00,19.088686,72.867919,11,VABB,220.0,3.1,762.0,3000.0,31.0,27.0,,1,0,0,0,0,2024-05-20 17:00:00
2024-05-20 17:30:00,19.088686,72.867919,11,VABB,230.0,3.6,762.0,3000.0,31.0,27.0,,1,0,0,0,0,2024-05-20 17:00:00
2024-05-20 18:00:00,19.088686,72.867919,11,VABB,220.0,3.6,762.0,3000.0,31.0,27.0,,1,0,0,0,0,2024-05-20 18:00:00
2024-05-20 18:30:00,19.088686,72.867919,11,VABB,230.0,2.1,762.0,3000.0,31.0,27.0,,1,0,0,0,0,2024-05-20 18:00:00
2024-05-20 19:00:00,19.088686,72.867919,11,VABB,220.0,2.1,762.0,3000.0,31.0,27.0,,1,0,0,0,0,2024-05-20 19:00:00
2024-05-20 19:30:00,19.088686,72.867919,11,VABB,230.0,1.5,762.0,3000.0,31.0,26.0,,1,0,0,0,0,2024-05-20 19:00:00
2024-05-20 20:00:00,19.088686,72.867919,11,VABB,170.0,2.1,2000.0,3000.0,31.0,27.0,,1,0,0,0,0,2024-05-20 20:00:00
2024-05-20 20:30:00,19.088686,72.867919,11,VABB,220.0,2.1,2000.0,3000.0,31.0,27.0,,1,0,0,0,0,2024-05-20 20:00:00
2024-05-20 21:00:00,19.088686,72.867919,11,VABB,,0.0,,2000.0,30.0,25.8,1003.6,0,0,0,0,0,2024-05-20 21:00:00
2024-05-20 21:00:00,19.088686,72.867919,11,VABB,200.0,2.6,2000.0,3000.0,31.0,27.0,,1,0,0,0,0,2024-05-20 21:00:00
2024-05-20 21:30:00,19.088686,72.867919,11,VABB,180.0,2.1,3048.0,3000.0,31.0,27.0,,1,0,0,0,0,2024-05-20 21:00:00
2024-05-20 22:00:00,19.088686,72.867919,11,VABB,0.0,0.0,3048.0,3000.0,31.0,27.0,,1,0,0,0,0,2024-05-20 22:00:00
2024-05-20 22:30:00,19.088686,72.867919,11,VABB,0.0,0.0,3048.0,3000.0,30.0,27.0,,1,0,0,0,0,2024-05-20 22:00:00
2024-05-20 23:00:00,19.088686,72.867919,11,VABB,240.0,2.6,3048.0,3000.0,31.0,26.0,,1,0,0,0,0,2024-05-20 23:00:00
2024-05-20 23:30:00,19.088686,72.867919,11,VABB,230.0,2.1,2000.0,3000.0,30.0,27.0,,1,0,0,0,0,2024-05-20 23:00:00
2024-05-21 00:00:00,19.088686,72.867919,11,VABB,,0.0,22000.0,2000.0,30.0,25.8,1003.6,0,0,0,0,0,2024-05-21 00:00:00
2024-05-21 00:00:00,19.088686,72.867919,11,VABB,210.0,2.6,2000.0,3000.0,30.0,27.0,,1,0,0,0,0,2024-05-21 00:00:00
2024-05-21 00:30:00,19.088686,72.867919,11,VABB,220.0,2.1,2000.0,3000.0,30.0,27.0,,1,0,0,0,0,2024-05-21 00:00:00
2024-05-21 01:00:00,19.088686,72.867919,11,VABB,240.0,2.1,2000.0,3000.0,30.0,27.0,,1,0,0,0,0,2024-05-21 01:00:00
2024-05-21 01:30:00,19.088686,72.867919,11,VABB,0.0,0.0,2000.0,3000.0,31.0,27.0,,1,0,0,0,0,2024-05-21 01:00:00
2024-05-21 02:00:00,19.088686,72.867919,11,VABB,230.0,2.6,2000.0,3000.0,31.0,27.0,,1,0,0,0,0,2024-05-21 02:00:00
2024-05-21 02:30:00,19.088686,72.867919,11,VABB,220.0,3.1,2000.0,3000.0,31.0,27.0,,0,1,0,0,0,2024-05-21 02:00:00
2024-05-21 03:00:00,19.088686,72.867919,11,VABB,,0.0,22000.0,2000.0,31.4,26.1,1004.7,0,0,0,0,0,2024-05-21 03:00:00
2024-05-21 03:00:00,19.088686,72.867919,11,VABB,150.0,2.6,2000.0,3000.0,32.0,27.0,,0,1,0,0,0,2024-05-21 03:00:00
2024-05-21 03:30:00,19.088686,72.867919,11,VABB,230.0,2.1,2000.0,3000.0,32.0,27.0,,0,1,0,0,0,2024-05-21 03:00:00
2024-05-21 04:00:00,19.088686,72.867919,11,VABB,220.0,1.5,2000.0,3000.0,33.0,27.0,,0,1,0,0,0,2024-05-21 04:00:00
2024-05-21 04:30:00,19.088686,72.867919,11,VABB,240.0,3.1,2000.0,3000.0,33.0,27.0,,0,1,0,0,0,2024-05-21 04:00:00
2024-05-21 05:00:00,19.088686,72.867919,11,VABB,240.0,3.6,2000.0,3500.0,33.0,27.0,,0,1,0,0,0,2024-05-21 05:00:00
2024-05-21 05:30:00,19.088686,72.867919,11,VABB,270.0,4.1,2000.0,3500.0,34.0,28.0,,0,1,0,0,0,2024-05-21 05:00:00
2024-05-21 06:00:00,19.088686,72.867919,11,VABB,320.0,2.1,,2000.0,34.2,26.8,1004.4,0,0,0,0,0,2024-05-21 06:00:00
2024-05-21 06:00:00,19.088686,72.867919,11,VABB,300.0,4.1,2000.0,4000.0,34.0,28.0,,0,1,0,0,0,2024-05-21 06:00:00
2024-05-21 06:30:00,19.088686,72.867919,11,VABB,280.0,5.7,2000.0,4000.0,33.0,28.0,,0,1,0,0,0,2024-05-21 06:00:00
2024-05-21 07:00:00,19.088686,72.867919,11,VABB,270.0,4.1,762.0,4000.0,33.0,28.0,,0,1,0,0,1,2024-05-21 07:00:00
2024-05-21 07:30:00,19.088686,72.867919,11,VABB,280.0,4.1,762.0,4000.0,33.0,28.0,,0,1,0,0,1,2024-05-21 07:00:00
2024-05-21 08:00:00,19.088686,72.867919,11,VABB,270.0,6.7,762.0,4000.0,34.0,28.0,,0,1,0,0,0,2024-05-21 08:00:00
2024-05-21 08:30:00,19.088686,72.867919,11,VABB,280.0,5.7,762.0,4000.0,33.0,28.0,,0,1,0,0,0,2024-05-21 08:00:00
2024-05-21 09:00:00,19.088686,72.867919,11,VABB,270.0,2.6,22000.0,2000.0,34.8,28.3,1002.0,0,0,0,0,0,2024-05-21 09:00:00
2024-05-21 09:00:00,19.088686,72.867919,11,VABB,270.0,4.1,762.0,4000.0,34.0,29.0,,0,1,0,0,1,2024-05-21 09:00:00
2024-05-21 09:30:00,19.088686,72.867919,11,VABB,260.0,4.1,762.0,4000.0,33.0,29.0,,0,1,0,0,1,2024-05-21 09:00:00
2024-05-21 10:00:00,19.088686,72.867919,11,VABB,270.0,5.1,2000.0,4000.0,34.0,29.0,,0,1,0,0,1,2024-05-21 10:00:00
2024-05-21 10:30:00,19.088686,72.867919,11,VABB,290.0,5.1,2000.0,4000.0,34.0,29.0,,0,1,0,0,0,2024-05-21 10:00:00
2024-05-21 11:00:00,19.088686,72.867919,11,VABB,290.0,5.7,2000.0,5000.0,34.0,28.0,,0,1,0,0,0,2024-05-21 11:00:00
2024-05-21 11:30:00,19.088686,72.867919,11,VABB,280.0,3.6,2000.0,5000.0,34.0,28.0,,0,1,0,0,1,2024-05-21 11:00:00
2024-05-21 12:00:00,19.088686,72.867919,11,VABB,270.0,2.6,,2000.0,34.4,27.0,1000.4,0,0,0,0,0,2024-05-21 12:00:00
2024-05-21 12:00:00,19.088686,72.867919,11,VABB,290.0,4.6,2000.0,5000.0,34.0,27.0,,0,1,0,0,0,2024-05-21 12:00:00
2024-05-21 12:30:00,19.088686,72.867919,11,VABB,300.0,5.1,2000.0,5000.0,33.0,27.0,,0,1,0,0,0,2024-05-21 12:00:00
2024-05-21 13:00:00,19.088686,72.867919,11,VABB,280.0,4.6,22000.0,4000.0,33.0,27.0,,0,1,0,0,0,2024-05-21 13:00:00
2024-05-21 13:30:00,19.088686,72.867919,11,VABB,280.0,3.6,22000.0,4000.0,33.0,27.0,,0,1,0,0,0,2024-05-21 13:00:00
2024-05-21 14:00:00,19.088686,72.867919,11,VABB,300.0,2.6,22000.0,4000.0,32.0,27.0,,0,1,0,0,0,2024-05-21 14:00:00
2024-05-21 14:30:00,19.088686,72.867919,11,VABB,290.0,4.1,22000.0,3500.0,32.0,27.0,,0,1,0,0,0,2024-05-21 14:00:00
2024-05-21 15:00:00,19.088686,72.867919,11,VABB,320.0,1.5,22000.0,2000.0,31.6,26.3,1002.8,0,0,0,0,0,2024-05-21 15:00:00
2024-05-21 15:00:00,19.088686,72.867919,11,VABB,280.0,5.1,2000.0,3500.0,31.0,28.0,,0,1,0,0,0,2024-05-21 15:00:00
2024-05-21 15:30:00,19.088686,72.867919,11,VABB,290.0,3.6,2000.0,3000.0,32.0,28.0,,1,0,0,0,0,2024-05-21 15:00:00
2024-05-21 16:00:00,19.088686,72.867919,11,VABB,320.0,3.1,2000.0,3000.0,32.0,27.0,,1,0,0,0,0,2024-05-21 16:00:00
2024-05-21 16:30:00,19.088686,72.867919,11,VABB,280.0,3.1,2000.0,3000.0,32.0,28.0,,1,0,0,0,0,2024-05-21 16:00:00
2024-05-21 17:00:00,19.088686,72.867919,11,VABB,290.0,2.6,2000.0,3000.0,31.0,28.0,,1,0,0,0,0,2024-05-21 17:00:00
2024-05-21 17:30:00,19.088686,72.867919,11,VABB,250.0,4.1,2000.0,3000.0,31.0,27.0,,1,0,0,0,0,2024-05-21 17:00:00
2024-05-21 18:00:00,19.088686,72.867919,11,VABB,,0.0,,2000.0,31.0,26.3,1004.3,0,0,0,0,0,2024-05-21 18:00:00
2024-05-21 18:00:00,19.088686,72.867919,11,VABB,250.0,3.1,2000.0,3000.0,31.0,27.0,,1,0,0,0,0,2024-05-21 18:00:00
2024-05-21 18:30:00,19.088686,72.867919,11,VABB,240.0,4.1,2000.0,3000.0,31.0,27.0,,1,0,0,0,0,2024-05-21 18:00:00
2024-05-21 19:00:00,19.088686,72.867919,11,VABB,220.0,2.6,22000.0,3000.0,31.0,27.0,,1,0,0,0,0,2024-05-21 19:00:00
2024-05-21 19:30:00,19.088686,72.867919,11,VABB,210.0,2.1,22000.0,3000.0,31.0,27.0,,1,0,0,0,0,2024-05-21 19:00:00
2024-05-21 20:00:00,19.088686,72.867919,11,VABB,230.0,2.6,22000.0,3000.0,31.0,27.0,,1,0,0,0,0,2024-05-21 20:00:00
2024-05-21 20:30:00,19.088686,72.867919,11,VABB,220.0,2.6,2000.0,3000.0,31.0,27.0,,1,0,0,0,0,2024-05-21 20:00:00
2024-05-21 21:00:00,19.088686,72.867919,11,VABB,,0.0,22000.0,2000.0,30.6,26.1,1003.2,0,0,0,0,0,2024-05-21 21:00:00
2024-05-21 21:00:00,19.088686,72.867919,11,VABB,240.0,2.1,2000.0,3000.0,31.0,27.0,,1,0,0,0,0,2024-05-21 21:00:00
2024-05-21 21:30:00,19.088686,72.867919,11,VABB,240.0,2.6,2000.0,3000.0,31.0,27.0,,1,0,0,0,0,2024-05-21 21:00:00
2024-05-21 22:00:00,19.088686,72.867919,11,VABB,220.0,1.5,2000.0,3000.0,31.0,27.0,,1,0,0,0,0,2024-05-21 22:00:00
2024-05-21 22:30:00,19.088686,72.867919,11,VABB,230.0,2.6,2000.0,3000.0,30.0,28.0,,1,0,0,0,0,2024-05-21 22:00:00
2024-05-21 23:00:00,19.088686,72.867919,11,VABB,230.0,5.1,3048.0,3000.0,31.0,28.0,,1,0,0,0,0,2024-05-21 23:00:00
2024-05-21 23:30:00,19.088686,72.867919,11,VABB,210.0,2.6,3048.0,3000.0,31.0,28.0,,1,0,0,0,0,2024-05-21 23:00:00
2024-05-22 00:00:00,19.088686,72.867919,11,VABB,,0.0,22000.0,2000.0,30.8,26.3,1003.6,0,0,0,0,0,2024-05-22 00:00:00
2024-05-22 00:00:00,19.088686,72.867919,11,VABB,190.0,3.1,3048.0,3000.0,31.0,27.0,,1,0,0,0,0,2024-05-22 00:00:00
2024-05-22 00:30:00,19.088686,72.867919,11,VABB,230.0,2.1,2000.0,3000.0,31.0,27.0,,1,0,0,0,0,2024-05-22 00:00:00
2024-05-22 01:00:00,19.088686,72.867919,11,VABB,190.0,2.1,762.0,3000.0,31.0,28.0,,1,0,0,0,0,2024-05-22 01:00:00
2024-05-22 01:30:00,19.088686,72.867919,11,VABB,210.0,2.6,2000.0,3000.0,31.0,27.0,,1,0,0,0,0,2024-05-22 01:00:00
2024-05-22 02:00:00,19.088686,72.867919,11,VABB,210.0,3.1,762.0,3000.0,31.0,28.0,,1,0,0,0,0,2024-05-22 02:00:00
2024-05-22 02:30:00,19.088686,72.867919,11,VABB,250.0,3.6,762.0,3000.0,31.0,28.0,,1,0,0,0,0,2024-05-22 02:00:00
2024-05-22 03:00:00,19.088686,72.867919,11,VABB,,0.0,750.0,2000.0,32.4,27.8,1004.8,0,0,0,0,0,2024-05-22 03:00:00
2024-05-22 03:00:00,19.088686,72.867919,11,VABB,260.0,3.1,762.0,3000.0,32.0,28.0,,1,0,0,0,0,2024-05-22 03:00:00
2024-05-22 03:30:00,19.088686,72.867919,11,VABB,250.0,1.5,762.0,3000.0,32.0,28.0,,1,0,0,0,0,2024-05-22 03:00:00
2024-05-22 04:00:00,19.088686,72.867919,11,VABB,260.0,3.1,762.0,3000.0,32.0,28.0,,1,0,0,0,0,2024-05-22 04:00:00
2024-05-22 04:30:00,19.088686,72.867919,11,VABB,240.0,2.1,762.0,3500.0,33.0,28.0,,0,1,0,0,0,2024-05-22 04:00:00
2024-05-22 05:00:00,19.088686,72.867919,11,VABB,280.0,2.6,762.0,3500.0,33.0,28.0,,0,1,0,0,0,2024-05-22 05:00:00
2024-05-22 05:30:00,19.088686,72.867919,11,VABB,260.0,4.1,762.0,3500.0,34.0,28.0,,0,1,0,0,0,2024-05-22 05:00:00
2024-05-22 06:00:00,19.088686,72.867919,11,VABB,270.0,1.5,22000.0,2000.0,34.2,27.9,1003.9,0,0,0,0,0,2024-05-22 06:00:00
2024-05-22 06:00:00,19.088686,72.867919,11,VABB,270.0,4.6,2000.0,3500.0,33.0,28.0,,0,1,0,0,0,2024-05-22 06:00:00
2024-05-22 06:30:00,19.088686,72.867919,11,VABB,280.0,4.6,2000.0,4000.0,33.0,28.0,,0,1,0,0,0,2024-05-22 06:00:00
2024-05-22 07:00:00,19.088686,72.867919,11,VABB,270.0,4.1,2000.0,4000.0,34.0,28.0,,0,1,0,0,0,2024-05-22 07:00:00
2024-05-22 07:30:00,19.088686,72.867919,11,VABB,260.0,6.2,2000.0,4000.0,34.0,28.0,,0,1,0,0,0,2024-05-22 07:00:00
2024-05-22 08:00:00,19.088686,72.867919,11,VABB,290.0,5.7,762.0,4000.0,33.0,28.0,,0,1,0,0,0,2024-05-22 08:00:00
2024-05-22 08:30:00,19.088686,72.867919,11,VABB,270.0,5.7,762.0,4000.0,33.0,28.0,,0,1,0,0,0,2024-05-22 08:00:00
2024-05-22 09:00:00,19.088686,72.867919,11,VABB,320.0,2.1,22000.0,2000.0,34.2,27.1,1002.1,0,0,0,0,0,2024-05-22 09:00:00
2024-05-22 09:00:00,19.088686,72.867919,11,VABB,280.0,6.2,762.0,4000.0,33.0,28.0,,0,1,0,0,0,2024-05-22 09:00:00
2024-05-22 09:30:00,19.088686,72.867919,11,VABB,260.0,3.6,762.0,4000.0,33.0,28.0,,0,1,0,0,1,2024-05-22 09:00:00
2024-05-22 10:00:00,19.088686,72.867919,11,VABB,290.0,5.1,762.0,4000.0,33.0,28.0,,0,1,0,0,0,2024-05-22 10:00:00
2024-05-22 10:30:00,19.088686,72.867919,11,VABB,290.0,6.2,762.0,4000.0,33.0,28.0,,0,1,0,0,0,2024-05-22 10:00:00
2024-05-22 11:00:00,19.088686,72.867919,11,VABB,290.0,3.6,762.0,4000.0,33.0,28.0,,0,1,0,0,1,2024-05-22 11:00:00
2024-05-22 11:30:00,19.088686,72.867919,11,VABB,290.0,5.1,3048.0,3500.0,33.0,28.0,,0,1,0,0,0,2024-05-22 11:00:00
2024-05-22 12:00:00,19.088686,72.867919,11,VABB,320.0,2.1,,2000.0,33.6,26.7,1000.5,0,0,0,0,0,2024-05-22 12:00:00
2024-05-22 12:00:00,19.088686,72.867919,11,VABB,280.0,5.7,3048.0,3500.0,33.0,28.0,,0,1,0,0,0,2024-05-22 12:00:00
2024-05-22 12:30:00,19.088686,72.867919,11,VABB,280.0,4.6,3048.0,3500.0,33.0,28.0,,0,1,0,0,0,2024-05-22 12:00:00
2024-05-22 13:00:00,19.088686,72.867919,11,VABB,270.0,4.1,3048.0,3500.0,33.0,27.0,,0,1,0,0,0,2024-05-22 13:00:00
2024-05-22 13:30:00,19.088686,72.867919,11,VABB,240.0,3.1,3048.0,3000.0,33.0,26.0,,0,1,0,0,0,2024-05-22 13:00:00
2024-05-22 14:00:00,19.088686,72.867919,11,VABB,250.0,5.1,3048.0,3000.0,32.0,27.0,,0,1,0,0,0,2024-05-22 14:00:00
2024-05-22 14:30:00,19.088686,72.867919,11,VABB,240.0,5.1,3048.0,3000.0,32.0,28.0,,0,1,0,0,0,2024-05-22 14:00:00
2024-05-22 15:00:00,19.088686,72.867919,11,VABB,320.0,3.1,750.0,2000.0,32.0,26.7,1002.3,0,0,0,0,0,2024-05-22 15:00:00
2024-05-22 15:00:00,19.088686,72.867919,11,VABB,270.0,3.1,3048.0,3000.0,31.0,28.0,,0,1,0,0,0,2024-05-22 15:00:00
2024-05-22 15:30:00,19.088686,72.867919,11,VABB,270.0,3.6,2000.0,3000.0,31.0,28.0,,1,0,0,0,0,2024-05-22 15:00:00
2024-05-22 16:00:00,19.088686,72.867919,11,VABB,250.0,4.6,2000.0,3000.0,31.0,28.0,,1,0,0,0,0,2024-05-22 16:00:00
2024-05-22 16:30:00,19.088686,72.867919,11,VABB,250.0,5.1,762.0,3000.0,31.0,29.0,,1,0,0,0,0,2024-05-22 16:00:00
2024-05-22 17:00:00,19.088686,72.867919,11,VABB,260.0,3.6,762.0,3000.0,31.0,28.0,,1,0,0,0,0,2024-05-22 17:00:00
2024-05-22 17:30:00,19.088686,72.867919,11,VABB,270.0,3.6,762.0,3000.0,31.0,29.0,,1,0,0,0,0,2024-05-22 17:00:00
2024-05-22 18:00:00,19.088686,72.867919,11,VABB,,0.0,22000.0,2000.0,31.0,27.4,1003.0,0,0,0,0,0,2024-05-22 18:00:00
2024-05-22 18:00:00,19.088686,72.867919,11,VABB,270.0,3.6,2000.0,3000.0,31.0,28.0,,1,0,0,0,0,2024-05-22 18:00:00
2024-05-22 18:30:00,19.088686,72.867919,11,VABB,270.0,2.6,2000.0,3000.0,31.0,28.0,,1,0,0,0,0,2024-05-22 18:00:00
2024-05-22 19:00:00,19.088686,72.867919,11,VABB,240.0,3.6,2000.0,3000.0,31.0,28.0,,1,0,0,0,0,2024-05-22 19:00:00
2024-05-22 19:30:00,19.088686,72.867919,11,VABB,250.0,2.1,2000.0,3000.0,31.0,28.0,,1,0,0,0,0,2024-05-22 19:00:00
2024-05-22 20:00:00,19.088686,72.867919,11,VABB,280.0,2.1,10000.0,3000.0,31.0,28.0,,1,0,0,0,0,2024-05-22 20:00:00
2024-05-22 20:30:00,19.088686,72.867919,11,VABB,190.0,2.1,10000.0,3000.0,31.0,28.0,,1,0,0,0,0,2024-05-22 20:00:00
2024-05-22 21:00:00,19.088686,72.867919,11,VABB,,0.0,,2000.0,30.2,27.4,1001.1,0,0,0,0,0,2024-05-22 21:00:00
2024-05-22 21:00:00,19.088686,72.867919,11,VABB,220.0,3.1,10000.0,3000.0,31.0,28.0,,1,0,0,0,0,2024-05-22 21:00:00
2024-05-22 21:30:00,19.088686,72.867919,11,VABB,240.0,2.6,22000.0,3000.0,31.0,28.0,,1,0,0,0,0,2024-05-22 21:00:00
2024-05-22 22:00:00,19.088686,72.867919,11,VABB,190.0,1.5,22000.0,3000.0,31.0,28.0,,1,0,0,0,0,2024-05-22 22:00:00
2024-05-22 22:30:00,19.088686,72.867919,11,VABB,220.0,1.5,22000.0,3000.0,30.0,28.0,,1,0,0,0,0,2024-05-22 22:00:00
2024-05-22 23:00:00,19.088686,72.867919,11,VABB,220.0,2.6,22000.0,3000.0,30.0,28.0,,1,0,0,0,0,2024-05-22 23:00:00
2024-05-22 23:30:00,19.088686,72.867919,11,VABB,240.0,2.6,22000.0,3000.0,30.0,28.0,,1,0,0,0,0,2024-05-22 23:00:00
2024-05-23 00:00:00,19.088686,72.867919,11,VABB,,0.0,22000.0,2000.0,29.6,27.4,1001.6,0,0,0,0,0,2024-05-23 00:00:00
2024-05-23 00:00:00,19.088686,72.867919,11,VABB,230.0,3.1,22000.0,3000.0,30.0,28.0,,1,0,0,0,0,2024-05-23 00:00:00
2024-05-23 00:30:00,19.088686,72.867919,11,VABB,200.0,3.1,2000.0,2500.0,30.0,28.0,,1,0,0,0,0,2024-05-23 00:00:00
2024-05-23 01:00:00,19.088686,72.867919,11,VABB,220.0,3.1,2000.0,2500.0,31.0,28.0,,1,0,0,0,0,2024-05-23 01:00:00
2024-05-23 01:30:00,19.088686,72.867919,11,VABB,190.0,3.1,2000.0,2500.0,31.0,28.0,,1,0,0,0,0,2024-05-23 01:00:00
2024-05-23 02:00:00,19.088686,72.867919,11,VABB,210.0,3.1,2000.0,2500.0,31.0,28.0,,1,0,0,0,0,2024-05-23 02:00:00
2024-05-23 02:30:00,19.088686,72.867919,11,VABB,190.0,3.6,2000.0,3000.0,31.0,28.0,,1,0,0,0,0,2024-05-23 02:00:00
2024-05-23 03:00:00,19.088686,72.867919,11,VABB,,0.0,,2000.0,32.2,27.0,1003.6,0,0,0,0,0,2024-05-23 03:00:00
2024-05-23 03:00:00,19.088686,72.867919,11,VABB,210.0,3.1,2000.0,3500.0,31.0,28.0,,1,0,0,0,0,2024-05-23 03:00:00
2024-05-23 03:30:00,19.088686,72.867919,11,VABB,200.0,3.6,2000.0,4000.0,32.0,28.0,,1,0,0,0,0,2024-05-23 03:00:00
2024-05-23 04:00:00,19.088686,72.867919,11,VABB,240.0,4.1,2000.0,4000.0,32.0,27.0,,1,0,0,0,0,2024-05-23 04:00:00
2024-05-23 04:30:00,19.088686,72.867919,11,VABB,210.0,3.6,2000.0,4000.0,33.0,27.0,,1,0,0,0,0,2024-05-23 04:00:00
2024-05-23 05:00:00,19.088686,72.867919,11,VABB,210.0,5.1,2000.0,4000.0,33.0,27.0,,1,0,0,0,0,2024-05-23 05:00:00
2024-05-23 05:30:00,19.088686,72.867919,11,VABB,260.0,4.6,2000.0,4000.0,33.0,28.0,,0,1,0,0,0,2024-05-23 05:00:00
2024-05-23 06:00:00,19.088686,72.867919,11,VABB,270.0,2.6,,2000.0,34.2,27.4,1003.6,0,0,0,0,0,2024-05-23 06:00:00
2024-05-23 06:00:00,19.088686,72.867919,11,VABB,260.0,5.7,2000.0,4000.0,34.0,28.0,,0,1,0,0,0,2024-05-23 06:00:00
2024-05-23 06:30:00,19.088686,72.867919,11,VABB,240.0,6.2,2000.0,4000.0,33.0,28.0,,0,1,0,0,0,2024-05-23 06:00:00
2024-05-23 07:00:00,19.088686,72.867919,11,VABB,260.0,4.6,2000.0,4000.0,33.0,28.0,,0,1,0,0,0,2024-05-23 07:00:00
2024-05-23 07:30:00,19.088686,72.867919,11,VABB,260.0,5.7,2000.0,4000.0,34.0,28.0,,0,1,0,0,0,2024-05-23 07:00:00
2024-05-23 08:00:00,19.088686,72.867919,11,VABB,260.0,6.2,2000.0,4000.0,34.0,28.0,,0,1,0,0,0,2024-05-23 08:00:00
2024-05-23 08:30:00,19.088686,72.867919,11,VABB,260.0,6.2,762.0,4000.0,34.0,28.0,,0,1,0,0,0,2024-05-23 08:00:00
2024-05-23 09:00:00,19.088686,72.867919,11,VABB,320.0,2.1,750.0,2000.0,34.2,26.4,1001.8,0,0,0,0,0,2024-05-23 09:00:00
2024-05-23 09:00:00,19.088686,72.867919,11,VABB,250.0,5.1,762.0,5000.0,32.0,26.0,,0,1,0,0,0,2024-05-23 09:00:00
2024-05-23 09:30:00,19.088686,72.867919,11,VABB,270.0,4.6,762.0,5000.0,33.0,26.0,,0,1,0,0,0,2024-05-23 09:00:00
2024-05-23 10:00:00,19.088686,72.867919,11,VABB,260.0,6.2,762.0,5000.0,32.0,28.0,,0,1,0,0,0,2024-05-23 10:00:00
2024-05-23 10:30:00,19.088686,72.867919,11,VABB,270.0,6.2,762.0,5000.0,32.0,28.0,,0,1,0,0,0,2024-05-23 10:00:00
2024-05-23 11:00:00,19.088686,72.867919,11,VABB,270.0,5.7,762.0,5000.0,32.0,28.0,,0,1,0,0,0,2024-05-23 11:00:00
2024-05-23 11:30:00,19.088686,72.867919,11,VABB,270.0,5.1,762.0,5000.0,32.0,28.0,,0,1,0,0,0,2024-05-23 11:00:00
2024-05-23 12:00:00,19.088686,72.867919,11,VABB,270.0,1.5,750.0,2000.0,33.2,26.9,1000.2,0,0,0,0,0,2024-05-23 12:00:00
2024-05-23 12:00:00,19.088686,72.867919,11,VABB,300.0,5.1,762.0,4000.0,32.0,28.0,,1,0,0,0,0,2024-05-23 12:00:00
2024-05-23 12:30:00,19.088686,72.867919,11,VABB,280.0,4.1,762.0,4000.0,32.0,28.0,,0,1,0,0,0,2024-05-23 12:00:00
2024-05-23 13:00:00,19.088686,72.867919,11,VABB,260.0,5.1,762.0,4000.0,31.0,28.0,,0,1,0,0,0,2024-05-23 13:00:00
2024-05-23 13:30:00,19.088686,72.867919,11,VABB,290.0,3.1,762.0,4000.0,31.0,28.0,,0,1,0,0,0,2024-05-23 13:00:00
2024-05-23 14:00:00,19.088686,72.867919,11,VABB,280.0,4.6,762.0,4000.0,31.0,28.0,,0,1,0,0,0,2024-05-23 14:00:00
2024-05-23 14:30:00,19.088686,72.867919,11,VABB,290.0,4.6,762.0,4000.0,31.0,28.0,,0,1,0,0,0,2024-05-23 14:00:00
2024-05-23 15:00:00,19.088686,72.867919,11,VABB,320.0,2.6,22000.0,2000.0,30.8,26.9,1001.3,0,0,0,0,0,2024-05-23 15:00:00
2024-05-23 15:00:00,19.088686,72.867919,11,VABB,290.0,3.6,762.0,4000.0,31.0,28.0,,0,1,0,0,0,2024-05-23 15:00:00
2024-05-23 15:30:00,19.088686,72.867919,11,VABB,280.0,4.6,762.0,3500.0,31.0,28.0,,0,1,0,0,0,2024-05-23 15:00:00
2024-05-23 16:00:00,19.088686,72.867919,11,VABB,300.0,4.1,762.0,3000.0,31.0,28.0,,0,1,0,0,0,2024-05-23 16:00:00
2024-05-23 16:30:00,19.088686,72.867919,11,VABB,310.0,2.6,762.0,3000.0,31.0,28.0,,1,0,0,0,0,2024-05-23 16:00:00
2024-05-23 17:00:00,19.088686,72.867919,11,VABB,270.0,2.1,762.0,3000.0,31.0,28.0,,1,0,0,0,0,2024-05-23 17:00:00
2024-05-23 17:30:00,19.088686,72.867919,11,VABB,300.0,2.1,2000.0,3000.0,31.0,28.0,,1,0,0,0,0,2024-05-23 17:00:00
2024-05-23 18:00:00,19.088686,72.867919,11,VABB,340.0,1.5,,2000.0,30.6,26.7,1002.5,0,0,0,0,0,2024-05-23 18:00:00
2024-05-23 18:00:00,19.088686,72.867919,11,VABB,300.0,2.6,2000.0,3000.0,31.0,28.0,,1,0,0,0,0,2024-05-23 18:00:00
2024-05-23 18:30:00,19.088686,72.867919,11,VABB,280.0,2.6,2000.0,3000.0,31.0,28.0,,1,0,0,0,0,2024-05-23 18:00:00
2024-05-23 19:00:00,19.088686,72.867919,11,VABB,240.0,3.6,2000.0,3000.0,31.0,28.0,,1,0,0,0,0,2024-05-23 19:00:00
2024-05-23 19:30:00,19.088686,72.867919,11,VABB,240.0,2.6,2000.0,3000.0,31.0,28.0,,1,0,0,0,0,2024-05-23 19:00:00
2024-05-23 20:00:00,19.088686,72.867919,11,VABB,250.0,1.5,2000.0,3000.0,31.0,28.0,,1,0,0,0,0,2024-05-23 20:00:00
2024-05-23 20:30:00,19.088686,72.867919,11,VABB,210.0,2.6,2000.0,3000.0,31.0,28.0,,1,0,0,0,0,2024-05-23 20:00:00
2024-05-23 21:00:00,19.088686,72.867919,11,VABB,,0.0,22000.0,2000.0,30.4,26.5,1001.1,0,0,0,0,0,2024-05-23 21:00:00
2024-05-23 21:00:00,19.088686,72.867919,11,VABB,230.0,3.6,2000.0,3000.0,31.0,28.0,,1,0,0,0,0,2024-05-23 21:00:00
2024-05-23 21:30:00,19.088686,72.867919,11,VABB,220.0,2.6,2000.0,3000.0,31.0,27.0,,1,0,0,0,0,2024-05-23 21:00:00
2024-05-23 22:00:00,19.088686,72.867919,11,VABB,230.0,2.6,2000.0,3000.0,31.0,28.0,,1,0,0,0,0,2024-05-23 22:00:00
2024-05-23 22:30:00,19.088686,72.867919,11,VABB,210.0,1.5,2000.0,3000.0,30.0,27.0,,1,0,0,0,0,2024-05-23 22:00:00
2024-05-23 23:00:00,19.088686,72.867919,11,VABB,210.0,2.6,762.0,3000.0,30.0,27.0,,1,0,0,0,0,2024-05-23 23:00:00
2024-05-23 23:30:00,19.088686,72.867919,11,VABB,220.0,2.6,762.0,3000.0,30.0,28.0,,1,0,0,0,0,2024-05-23 23:00:00
2024-05-24 00:00:00,19.088686,72.867919,11,VABB,,0.0,22000.0,2000.0,30.2,26.3,1001.1,0,0,0,0,0,2024-05-24 00:00:00
2024-05-24 00:00:00,19.088686,72.867919,11,VABB,230.0,2.6,2000.0,3000.0,30.0,27.0,,1,0,0,0,0,2024-05-24 00:00:00
2024-05-24 00:30:00,19.088686,72.867919,11,VABB,240.0,3.1,2000.0,3000.0,30.0,28.0,,1,0,0,0,0,2024-05-24 00:00:00
2024-05-24 01:00:00,19.088686,72.867919,11,VABB,210.0,2.1,2000.0,3000.0,30.0,27.0,,1,0,0,0,0,2024-05-24 01:00:00
2024-05-24 01:30:00,19.088686,72.867919,11,VABB,230.0,3.1,2000.0,3000.0,31.0,27.0,,1,0,0,0,0,2024-05-24 01:00:00
2024-05-24 02:00:00,19.088686,72.867919,11,VABB,230.0,3.1,2000.0,3000.0,31.0,27.0,,1,0,0,0,0,2024-05-24 02:00:00
2024-05-24 02:30:00,19.088686,72.867919,11,VABB,240.0,3.1,2000.0,3000.0,31.0,27.0,,1,0,0,0,0,2024-05-24 02:00:00
2024-05-24 03:00:00,19.088686,72.867919,11,VABB,,0.0,750.0,2000.0,32.0,26.4,1003.1,0,0,0,0,0,2024-05-24 03:00:00
2024-05-24 03:00:00,19.088686,72.867919,11,VABB,220.0,4.1,2000.0,3000.0,32.0,27.0,,0,1,0,0,0,2024-05-24 03:00:00
2024-05-24 03:30:00,19.088686,72.867919,11,VABB,190.0,3.1,2000.0,3000.0,32.0,27.0,,0,1,0,0,0,2024-05-24 03:00:00
2024-05-24 04:00:00,19.088686,72.867919,11,VABB,260.0,2.6,2000.0,3000.0,33.0,27.0,,0,1,0,0,0,2024-05-24 04:00:00
2024-05-24 04:30:00,19.088686,72.867919,11,VABB,290.0,2.6,2000.0,3000.0,33.0,27.0,,0,1,0,0,0,2024-05-24 04:00:00
2024-05-24 05:00:00,19.088686,72.867919,11,VABB,270.0,4.1,2000.0,4000.0,33.0,27.0,,0,1,0,0,0,2024-05-24 05:00:00
2024-05-24 05:30:00,19.088686,72.867919,11,VABB,240.0,4.6,2000.0,4000.0,33.0,26.0,,0,1,0,0,0,2024-05-24 05:00:00
2024-05-24 06:00:00,19.088686,72.867919,11,VABB,270.0,1.5,22000.0,2000.0,33.8,25.1,1003.2,0,0,0,0,0,2024-05-24 06:00:00
2024-05-24 06:00:00,19.088686,72.867919,11,VABB,270.0,4.1,2000.0,4000.0,33.0,26.0,,0,1,0,0,0,2024-05-24 06:00:00
2024-05-24 06:30:00,19.088686,72.867919,11,VABB,260.0,5.1,2000.0,4000.0,34.0,25.0,,0,1,0,0,0,2024-05-24 06:00:00
2024-05-24 07:00:00,19.088686,72.867919,11,VABB,260.0,3.6,2000.0,4000.0,33.0,27.0,,0,1,0,0,1,2024-05-24 07:00:00
2024-05-24 07:30:00,19.088686,72.867919,11,VABB,250.0,6.2,2000.0,4000.0,33.0,26.0,,0,1,0,0,0,2024-05-24 07:00:00
2024-05-24 08:00:00,19.088686,72.867919,11,VABB,250.0,3.6,2000.0,4000.0,33.0,27.0,,0,1,0,0,1,2024-05-24 08:00:00
2024-05-24 08:30:00,19.088686,72.867919,11,VABB,260.0,5.1,762.0,4000.0,33.0,26.0,,0,1,0,0,0,2024-05-24 08:00:00
2024-05-24 09:00:00,19.088686,72.867919,11,VABB,320.0,1.5,,2000.0,34.4,24.8,1002.0,0,0,0,0,0,2024-05-24 09:00:00
2024-05-24 09:00:00,19.088686,72.867919,11,VABB,250.0,4.6,762.0,4000.0,33.0,26.0,,0,1,0,0,0,2024-05-24 09:00:00
2024-05-24 09:30:00,19.088686,72.867919,11,VABB,260.0,5.1,762.0,4000.0,34.0,27.0,,0,1,0,0,0,2024-05-24 09:00:00
2024-05-24 10:00:00,19.088686,72.867919,11,VABB,290.0,4.1,762.0,4000.0,33.0,26.0,,0,1,0,0,1,2024-05-24 10:00:00
2024-05-24 10:30:00,19.088686,72.867919,11,VABB,260.0,4.1,762.0,4000.0,33.0,26.0,,0,1,0,0,1,2024-05-24 10:00:00
2024-05-24 11:00:00,19.088686,72.867919,11,VABB,280.0,4.1,762.0,4000.0,32.0,26.0,,0,1,0,0,1,2024-05-24 11:00:00
2024-05-24 11:30:00,19.088686,72.867919,11,VABB,260.0,5.7,762.0,4000.0,32.0,26.0,,0,1,0,0,0,2024-05-24 11:00:00
2024-05-24 12:00:00,19.088686,72.867919,11,VABB,290.0,1.5,750.0,2000.0,32.8,25.2,1001.1,0,0,0,0,0,2024-05-24 12:00:00
2024-05-24 12:00:00,19.088686,72.867919,11,VABB,260.0,5.7,762.0,4000.0,32.0,27.0,,0,1,0,0,0,2024-05-24 12:00:00
2024-05-24 12:30:00,19.088686,72.867919,11,VABB,250.0,6.2,762.0,4000.0,31.0,27.0,,0,1,0,0,0,2024-05-24 12:00:00
2024-05-24 13:00:00,19.088686,72.867919,11,VABB,250.0,5.1,762.0,4000.0,31.0,27.0,,1,0,0,0,0,2024-05-24 13:00:00
2024-05-24 13:30:00,19.088686,72.867919,11,VABB,270.0,5.1,762.0,4000.0,31.0,27.0,,1,0,0,0,0,2024-05-24 13:00:00
2024-05-24 14:00:00,19.088686,72.867919,11,VABB,280.0,4.1,762.0,3500.0,31.0,27.0,,1,0,0,0,0,2024-05-24 14:00:00
2024-05-24 14:30:00,19.088686,72.867919,11,VABB,280.0,3.6,762.0,3000.0,31.0,27.0,,1,0,0,0,0,2024-05-24 14:00:00
2024-05-24 15:00:00,19.088686,72.867919,11,VABB,,0.0,22000.0,2000.0,31.0,25.7,1002.3,0,0,0,0,0,2024-05-24 15:00:00
2024-05-24 15:00:00,19.088686,72.867919,11,VABB,250.0,4.6,762.0,3000.0,31.0,27.0,,1,0,0,0,0,2024-05-24 15:00:00
2024-05-24 15:30:00,19.088686,72.867919,11,VABB,250.0,5.7,2000.0,3000.0,31.0,27.0,,1,0,0,0,0,2024-05-24 15:00:00
2024-05-24 16:00:00,19.088686,72.867919,11,VABB,260.0,4.1,2000.0,3000.0,31.0,27.0,,1,0,0,0,0,2024-05-24 16:00:00
2024-05-24 16:30:00,19.088686,72.867919,11,VABB,260.0,4.6,2000.0,3000.0,31.0,27.0,,1,0,0,0,0,2024-05-24 16:00:00
2024-05-24 17:00:00,19.088686,72.867919,11,VABB,260.0,4.1,2000.0,3000.0,31.0,27.0,,1,0,0,0,0,2024-05-24 17:00:00
2024-05-24 17:30:00,19.088686,72.867919,11,VABB,250.0,4.1,2000.0,3000.0,31.0,27.0,,1,0,0,0,0,2024-05-24 17:00:00
2024-05-24 18:00:00,19.088686,72.867919,11,VABB,,0.0,22000.0,2000.0,30.6,26.1,1003.4,0,0,0,0,0,2024-05-24 18:00:00
2024-05-24 18:00:00,19.088686,72.867919,11,VABB,260.0,4.1,2000.0,3000.0,31.0,27.0,,1,0,0,0,0,2024-05-24 18:00:00
2024-05-24 18:30:00,19.088686,72.867919,11,VABB,250.0,4.1,2000.0,3000.0,31.0,27.0,,1,0,0,0,0,2024-05-24 18:00:00
2024-05-24 19:00:00,19.088686,72.867919,11,VABB,250.0,4.1,2000.0,3000.0,30.0,27.0,,1,0,0,0,0,2024-05-24 19:00:00
2024-05-24 19:30:00,19.088686,72.867919,11,VABB,250.0,4.1,2000.0,3000.0,30.0,27.0,,1,0,0,0,0,2024-05-24 19:00:00
2024-05-24 20:00:00,19.088686,72.867919,11,VABB,240.0,4.1,2000.0,3000.0,30.0,27.0,,1,0,0,0,0,2024-05-24 20:00:00
2024-05-24 20:30:00,19.088686,72.867919,11,VABB,250.0,4.1,2000.0,3000.0,30.0,27.0,,1,0,0,0,0,2024-05-24 20:00:00
2024-05-24 21:00:00,19.088686,72.867919,11,VABB,,0.0,22000.0,2000.0,30.2,25.7,1001.9,0,0,0,0,0,2024-05-24 21:00:00
2024-05-24 21:00:00,19.088686,72.867919,11,VABB,250.0,3.6,2000.0,3000.0,30.0,27.0,,1,0,0,0,0,2024-05-24 21:00:00
2024-05-24 21:30:00,19.088686,72.867919,11,VABB,270.0,3.1,2000.0,3000.0,30.0,27.0,,1,0,0,0,0,2024-05-24 21:00:00
2024-05-24 22:00:00,19.088686,72.867919,11,VABB,270.0,3.6,2000.0,3000.0,30.0,27.0,,1,0,0,0,0,2024-05-24 22:00:00
2024-05-24 22:30:00,19.088686,72.867919,11,VABB,290.0,3.6,2000.0,3000.0,30.0,27.0,,1,0,0,0,0,2024-05-24 22:00:00
2024-05-24 23:00:00,19.088686,72.867919,11,VABB,290.0,4.1,2000.0,3000.0,30.0,27.0,,1,0,0,0,0,2024-05-24 23:00:00
2024-05-24 23:30:00,19.088686,72.867919,11,VABB,270.0,2.6,2000.0,3000.0,30.0,27.0,,1,0,0,0,0,2024-05-24 23:00:00
2024-05-25 00:00:00,19.088686,72.867919,11,VABB,,0.0,22000.0,2000.0,30.0,25.5,1001.9,0,0,0,0,0,2024-05-25 00:00:00
2024-05-25 00:00:00,19.088686,72.867919,11,VABB,310.0,2.1,2000.0,3000.0,30.0,27.0,,1,0,0,0,0,2024-05-25 00:00:00
2024-05-25 00:30:00,19.088686,72.867919,11,VABB,300.0,2.1,2000.0,3000.0,30.0,27.0,,1,0,0,0,0,2024-05-25 00:00:00
2024-05-25 01:00:00,19.088686,72.867919,11,VABB,290.0,2.6,762.0,3000.0,30.0,27.0,,1,0,0,0,0,2024-05-25 01:00:00
2024-05-25 01:30:00,19.088686,72.867919,11,VABB,300.0,2.6,762.0,3000.0,31.0,27.0,,1,0,0,0,0,2024-05-25 01:00:00
2024-05-25 02:00:00,19.088686,72.867919,11,VABB,300.0,2.6,762.0,3000.0,31.0,27.0,,1,0,0,0,0,2024-05-25 02:00:00
2024-05-25 02:30:00,19.088686,72.867919,11,VABB,310.0,4.1,762.0,3000.0,31.0,26.0,,1,0,0,0,0,2024-05-25 02:00:00
2024-05-25 03:00:00,19.088686,72.867919,11,VABB,320.0,1.5,22000.0,2000.0,30.8,25.4,1003.9,0,0,0,0,0,2024-05-25 03:00:00
2024-05-25 03:00:00,19.088686,72.867919,11,VABB,280.0,4.6,762.0,3000.0,31.0,26.0,,1,0,0,0,0,2024-05-25 03:00:00
2024-05-25 03:30:00,19.088686,72.867919,11,VABB,270.0,4.1,762.0,3000.0,32.0,26.0,,1,0,0,0,0,2024-05-25 03:00:00
2024-05-25 04:00:00,19.088686,72.867919,11,VABB,290.0,3.1,762.0,3000.0,33.0,26.0,,0,1,0,0,0,2024-05-25 04:00:00
2024-05-25 04:30:00,19.088686,72.867919,11,VABB,270.0,5.1,762.0,3500.0,33.0,26.0,,0,1,0,0,0,2024-05-25 04:00:00
2024-05-25 05:00:00,19.088686,72.867919,11,VABB,280.0,4.6,762.0,3500.0,32.0,26.0,,0,1,0,0,0,2024-05-25 05:00:00
2024-05-25 05:30:00,19.088686,72.867919,11,VABB,270.0,6.2,762.0,3500.0,33.0,24.0,,0,1,0,0,0,2024-05-25 05:00:00
2024-05-25 06:00:00,19.088686,72.867919,11,VABB,320.0,1.5,22000.0,2000.0,33.6,25.2,1004.6,0,0,0,0,0,2024-05-25 06:00:00
2024-05-25 06:00:00,19.088686,72.867919,11,VABB,270.0,5.1,762.0,4000.0,33.0,25.0,,0,1,0,0,0,2024-05-25 06:00:00
2024-05-25 06:30:00,19.088686,72.867919,11,VABB,250.0,5.7,762.0,4000.0,33.0,25.0,,0,1,0,0,0,2024-05-25 06:00:00
2024-05-25 07:00:00,19.088686,72.867919,11,VABB,270.0,6.2,762.0,4000.0,33.0,25.0,,0,1,0,0,0,2024-05-25 07:00:00
2024-05-25 07:30:00,19.088686,72.867919,11,VABB,270.0,3.6,762.0,4000.0,33.0,26.0,,0,1,0,0,1,2024-05-25 07:00:00
2024-05-25 08:00:00,19.088686,72.867919,11,VABB,260.0,4.6,762.0,4000.0,33.0,25.0,,0,1,0,0,0,2024-05-25 08:00:00
2024-05-25 08:30:00,19.088686,72.867919,11,VABB,270.0,5.7,762.0,4000.0,33.0,25.0,,0,1,0,0,0,2024-05-25 08:00:00
2024-05-25 09:00:00,19.088686,72.867919,11,VABB,320.0,1.5,750.0,2000.0,33.0,25.1,1003.0,0,0,0,0,0,2024-05-25 09:00:00
2024-05-25 09:00:00,19.088686,72.867919,11,VABB,270.0,5.1,762.0,4000.0,32.0,27.0,,0,1,0,0,0,2024-05-25 09:00:00
2024-05-25 09:30:00,19.088686,72.867919,11,VABB,250.0,5.7,762.0,4000.0,33.0,27.0,,0,1,0,0,0,2024-05-25 09:00:00
2024-05-25 10:00:00,19.088686,72.867919,11,VABB,270.0,5.7,762.0,4000.0,32.0,26.0,,0,1,0,0,0,2024-05-25 10:00:00
2024-05-25 10:30:00,19.088686,72.867919,11,VABB,260.0,4.6,762.0,4000.0,32.0,26.0,,0,1,0,0,0,2024-05-25 10:00:00
2024-05-25 11:00:00,19.088686,72.867919,11,VABB,270.0,6.7,762.0,4000.0,33.0,26.0,,0,1,0,0,0,2024-05-25 11:00:00
2024-05-25 11:30:00,19.088686,72.867919,11,VABB,260.0,5.7,762.0,4000.0,32.0,27.0,,0,1,0,0,0,2024-05-25 11:00:00
2024-05-25 12:00:00,19.088686,72.867919,11,VABB,,0.0,750.0,2000.0,32.8,24.9,1001.8,0,0,0,0,0,2024-05-25 12:00:00
2024-05-25 12:00:00,19.088686,72.867919,11,VABB,260.0,5.1,762.0,4000.0,32.0,26.0,,0,1,0,0,0,2024-05-25 12:00:00
2024-05-25 12:30:00,19.088686,72.867919,11,VABB,280.0,4.6,762.0,4000.0,32.0,26.0,,0,1,0,0,0,2024-05-25 12:00:00
2024-05-25 13:00:00,19.088686,72.867919,11,VABB,250.0,4.1,762.0,4000.0,31.0,26.0,,0,1,0,0,0,2024-05-25 13:00:00
2024-05-25 13:30:00,19.088686,72.867919,11,VABB,260.0,4.6,762.0,3500.0,31.0,27.0,,0,1,0,0,0,2024-05-25 13:00:00
2024-05-25 14:00:00,19.088686,72.867919,11,VABB,240.0,6.2,762.0,3500.0,31.0,26.0,,0,1,0,0,0,2024-05-25 14:00:00
2024-05-25 14:30:00,19.088686,72.867919,11,VABB,250.0,5.1,3048.0,3500.0,31.0,27.0,,1,0,0,0,0,2024-05-25 14:00:00
2024-05-25 15:00:00,19.088686,72.867919,11,VABB,270.0,1.5,22000.0,2000.0,31.2,25.6,1004.0,0,0,0,0,0,2024-05-25 15:00:00
2024-05-25 15:00:00,19.088686,72.867919,11,VABB,250.0,6.2,3048.0,3000.0,31.0,26.0,,1,0,0,0,0,2024-05-25 15:00:00
2024-05-25 15:30:00,19.088686,72.867919,11,VABB,240.0,5.7,2000.0,3000.0,31.0,27.0,,1,0,0,0,0,2024-05-25 15:00:00
2024-05-25 16:00:00,19.088686,72.867919,11,VABB,250.0,5.1,2000.0,3000.0,31.0,26.0,,1,0,0,0,0,2024-05-25 16:00:00
2024-05-25 16:30:00,19.088686,72.867919,11,VABB,240.0,4.6,2000.0,3000.0,31.0,27.0,,1,0,0,0,0,2024-05-25 16:00:00
2024-05-25 17:00:00,19.088686,72.867919,11,VABB,230.0,4.1,2000.0,3000.0,31.0,27.0,,1,0,0,0,0,2024-05-25 17:00:00
2024-05-25 17:30:00,19.088686,72.867919,11,VABB,240.0,4.6,2000.0,3000.0,31.0,27.0,,1,0,0,0,0,2024-05-25 17:00:00
2024-05-25 18:00:00,19.088686,72.867919,11,VABB,270.0,1.5,22000.0,2000.0,31.0,25.4,1005.1,0,0,0,0,0,2024-05-25 18:00:00
2024-05-25 18:00:00,19.088686,72.867919,11,VABB,230.0,4.6,2000.0,3000.0,31.0,27.0,,1,0,0,0,0,2024-05-25 18:00:00
2024-05-25 18:30:00,19.088686,72.867919,11,VABB,250.0,5.7,2000.0,3000.0,31.0,26.0,,1,0,0,0,0,2024-05-25 18:00:00
2024-05-25 19:00:00,19.088686,72.867919,11,VABB,250.0,4.6,2000.0,3000.0,31.0,26.0,,1,0,0,0,0,2024-05-25 19:00:00
2024-05-25 19:30:00,19.088686,72.867919,11,VABB,240.0,3.6,2000.0,3000.0,30.0,25.0,,1,0,0,0,0,2024-05-25 19:00:00
2024-05-25 20:00:00,19.088686,72.867919,11,VABB,260.0,4.6,2000.0,3000.0,30.0,25.0,,1,0,0,0,0,2024-05-25 20:00:00
2024-05-25 20:30:00,19.088686,72.867919,11,VABB,250.0,4.1,762.0,3000.0,30.0,25.0,,1,0,0,0,0,2024-05-25 20:00:00
2024-05-25 21:00:00,19.088686,72.867919,11,VABB,270.0,1.5,22000.0,2000.0,30.4,25.6,1003.5,0,0,0,0,0,2024-05-25 21:00:00
2024-05-25 21:00:00,19.088686,72.867919,11,VABB,260.0,4.6,762.0,3000.0,30.0,25.0,,1,0,0,0,0,2024-05-25 21:00:00
2024-05-25 21:30:00,19.088686,72.867919,11,VABB,260.0,4.6,762.0,3000.0,31.0,27.0,,1,0,0,0,0,2024-05-25 21:00:00
2024-05-25 22:00:00,19.088686,72.867919,11,VABB,250.0,5.1,762.0,3000.0,31.0,27.0,,1,0,0,0,0,2024-05-25 22:00:00
2024-05-25 22:30:00,19.088686,72.867919,11,VABB,260.0,4.6,762.0,3000.0,30.0,27.0,,1,0,0,0,0,2024-05-25 22:00:00
2024-05-25 23:00:00,19.088686,72.867919,11,VABB,270.0,4.6,762.0,3000.0,31.0,27.0,,1,0,0,0,0,2024-05-25 23:00:00
2024-05-25 23:30:00,19.088686,72.867919,11,VABB,270.0,4.1,762.0,3000.0,30.0,27.0,,1,0,0,0,0,2024-05-25 23:00:00
2024-05-26 00:00:00,19.088686,72.867919,11,VABB,,0.0,22000.0,2000.0,30.4,25.9,1004.0,0,0,0,0,0,2024-05-26 00:00:00
2024-05-26 00:00:00,19.088686,72.867919,11,VABB,260.0,4.1,762.0,3000.0,31.0,27.0,,1,0,0,0,0,2024-05-26 00:00:00
2024-05-26 00:30:00,19.088686,72.867919,11,VABB,270.0,2.6,2000.0,3000.0,30.0,27.0,,1,0,0,0,0,2024-05-26 00:00:00
2024-05-26 01:00:00,19.088686,72.867919,11,VABB,290.0,3.1,2000.0,3000.0,31.0,27.0,,1,0,0,0,0,2024-05-26 01:00:00
2024-05-26 01:30:00,19.088686,72.867919,11,VABB,290.0,3.1,2000.0,3500.0,31.0,27.0,,1,0,0,0,0,2024-05-26 01:00:00
2024-05-26 02:00:00,19.088686,72.867919,11,VABB,280.0,3.6,2000.0,3500.0,31.0,27.0,,1,0,0,0,0,2024-05-26 02:00:00
2024-05-26 02:30:00,19.088686,72.867919,11,VABB,300.0,4.6,2000.0,3500.0,31.0,27.0,,1,0,0,0,0,2024-05-26 02:00:00
2024-05-26 03:00:00,19.088686,72.867919,11,VABB,270.0,2.1,,2000.0,31.4,26.1,1005.2,0,0,0,0,0,2024-05-26 03:00:00
2024-05-26 03:00:00,19.088686,72.867919,11,VABB,270.0,4.6,2000.0,3500.0,31.0,27.0,,1,0,0,0,0,2024-05-26 03:00:00
2024-05-26 03:30:00,19.088686,72.867919,11,VABB,290.0,4.1,762.0,3500.0,32.0,27.0,,1,0,0,0,0,2024-05-26 03:00:00
2024-05-26 04:00:00,19.088686,72.867919,11,VABB,270.0,5.7,762.0,3500.0,32.0,27.0,,0,1,0,0,0,2024-05-26 04:00:00
2024-05-26 04:30:00,19.088686,72.867919,11,VABB,300.0,4.1,762.0,3500.0,33.0,26.0,,0,1,0,0,0,2024-05-26 04:00:00
2024-05-26 05:00:00,19.088686,72.867919,11,VABB,280.0,4.6,762.0,3500.0,33.0,27.0,,0,1,0,0,0,2024-05-26 05:00:00
2024-05-26 05:30:00,19.088686,72.867919,11,VABB,260.0,5.7,762.0,4000.0,33.0,27.0,,0,1,0,0,0,2024-05-26 05:00:00
2024-05-26 06:00:00,19.088686,72.867919,11,VABB,320.0,2.1,750.0,2000.0,33.4,25.9,1005.9,0,0,0,0,0,2024-05-26 06:00:00
2024-05-26 06:00:00,19.088686,72.867919,11,VABB,280.0,5.7,762.0,4000.0,33.0,27.0,,0,1,0,0,0,2024-05-26 06:00:00
2024-05-26 06:30:00,19.088686,72.867919,11,VABB,280.0,5.7,762.0,4000.0,33.0,27.0,,0,1,0,0,0,2024-05-26 06:00:00
2024-05-26 07:00:00,19.088686,72.867919,11,VABB,290.0,5.7,762.0,4000.0,33.0,26.0,,0,1,0,0,0,2024-05-26 07:00:00
2024-05-26 07:30:00,19.088686,72.867919,11,VABB,250.0,4.6,762.0,4000.0,33.0,27.0,,0,1,0,0,1,2024-05-26 07:00:00
2024-05-26 08:00:00,19.088686,72.867919,11,VABB,270.0,5.7,762.0,4000.0,32.0,27.0,,0,1,0,0,0,2024-05-26 08:00:00
2024-05-26 08:30:00,19.088686,72.867919,11,VABB,270.0,6.2,762.0,4000.0,33.0,27.0,,0,1,0,0,0,2024-05-26 08:00:00
2024-05-26 09:00:00,19.088686,72.867919,11,VABB,320.0,2.6,750.0,2000.0,34.0,26.5,1004.1,0,0,0,0,0,2024-05-26 09:00:00
2024-05-26 09:00:00,19.088686,72.867919,11,VABB,290.0,5.7,762.0,4000.0,33.0,27.0,,0,1,0,0,0,2024-05-26 09:00:00
2024-05-26 09:30:00,19.088686,72.867919,11,VABB,270.0,5.7,762.0,4000.0,33.0,26.0,,0,1,0,0,0,2024-05-26 09:00:00
2024-05-26 10:00:00,19.088686,72.867919,11,VABB,250.0,5.7,762.0,4000.0,33.0,27.0,,0,1,0,0,0,2024-05-26 10:00:00
2024-05-26 10:30:00,19.088686,72.867919,11,VABB,300.0,4.6,762.0,4000.0,33.0,27.0,,0,1,0,0,0,2024-05-26 10:00:00
2024-05-26 11:00:00,19.088686,72.867919,11,VABB,270.0,5.7,762.0,4000.0,32.0,27.0,,0,1,0,0,0,2024-05-26 11:00:00
2024-05-26 11:30:00,19.088686,72.867919,11,VABB,280.0,6.2,762.0,4000.0,32.0,27.0,,0,1,0,0,0,2024-05-26 11:00:00
2024-05-26 12:00:00,19.088686,72.867919,11,VABB,320.0,4.1,,2000.0,33.2,25.3,1002.5,0,0,0,0,0,2024-05-26 12:00:00
2024-05-26 12:00:00,19.088686,72.867919,11,VABB,260.0,5.7,762.0,4000.0,32.0,27.0,,0,1,0,0,0,2024-05-26 12:00:00
2024-05-26 12:30:00,19.088686,72.867919,11,VABB,270.0,4.6,762.0,4000.0,32.0,27.0,,0,1,0,0,0,2024-05-26 12:00:00
2024-05-26 13:00:00,19.088686,72.867919,11,VABB,270.0,4.6,762.0,4000.0,32.0,26.0,,0,1,0,0,0,2024-05-26 13:00:00
2024-05-26 13:30:00,19.088686,72.867919,11,VABB,280.0,5.7,762.0,4000.0,31.0,27.0,,0,1,0,0,0,2024-05-26 13:00:00
2024-05-26 14:00:00,19.088686,72.867919,11,VABB,260.0,5.1,762.0,4000.0,31.0,27.0,,1,0,0,0,0,2024-05-26 14:00:00
2024-05-26 14:30:00,19.088686,72.867919,11,VABB,270.0,5.7,762.0,4000.0,31.0,27.0,,1,0,0,0,0,2024-05-26 14:00:00
2024-05-26 15:00:00,19.088686,72.867919,11,VABB,320.0,1.5,22000.0,2000.0,31.2,25.9,1004.1,0,0,0,0,0,2024-05-26 15:00:00
2024-05-26 15:00:00,19.088686,72.867919,11,VABB,250.0,5.1,762.0,3000.0,31.0,27.0,,1,0,0,0,0,2024-05-26 15:00:00
2024-05-26 15:30:00,19.088686,72.867919,11,VABB,250.0,6.2,762.0,3000.0,31.0,27.0,,1,0,0,0,0,2024-05-26 15:00:00
2024-05-26 16:00:00,19.088686,72.867919,11,VABB,260.0,4.1,762.0,3000.0,31.0,27.0,,1,0,0,0,0,2024-05-26 16:00:00
2024-05-26 16:30:00,19.088686,72.867919,11,VABB,260.0,5.1,762.0,3000.0,31.0,27.0,,1,0,0,0,0,2024-05-26 16:00:00
2024-05-26 17:00:00,19.088686,72.867919,11,VABB,250.0,5.7,762.0,3000.0,31.0,27.0,,1,0,0,0,0,2024-05-26 17:00:00
2024-05-26 17:30:00,19.088686,72.867919,11,VABB,250.0,4.6,762.0,3000.0,31.0,27.0,,1,0,0,0,0,2024-05-26 17:00:00
2024-05-26 18:00:00,19.088686,72.867919,11,VABB,,0.0,22000.0,2000.0,31.0,26.0,1004.9,0,0,0,0,0,2024-05-26 18:00:00
2024-05-26 18:00:00,19.088686,72.867919,11,VABB,250.0,5.1,762.0,3000.0,31.0,27.0,,1,0,0,0,0,2024-05-26 18:00:00
2024-05-26 18:30:00,19.088686,72.867919,11,VABB,250.0,5.1,762.0,3000.0,31.0,27.0,,1,0,0,0,0,2024-05-26 18:00:00
2024-05-26 19:00:00,19.088686,72.867919,11,VABB,260.0,5.1,762.0,3000.0,31.0,27.0,,1,0,0,0,0,2024-05-26 19:00:00
2024-05-26 19:30:00,19.088686,72.867919,11,VABB,270.0,4.6,762.0,3000.0,31.0,27.0,,1,0,0,0,0,2024-05-26 19:00:00
2024-05-26 20:00:00,19.088686,72.867919,11,VABB,250.0,5.7,762.0,3000.0,31.0,27.0,,1,0,0,0,0,2024-05-26 20:00:00
2024-05-26 20:30:00,19.088686,72.867919,11,VABB,250.0,5.7,762.0,3000.0,31.0,27.0,,1,0,0,0,0,2024-05-26 20:00:00
2024-05-26 21:00:00,19.088686,72.867919,11,VABB,270.0,1.5,750.0,2000.0,30.6,26.1,1003.6,0,0,0,0,0,2024-05-26 21:00:00
2024-05-26 21:00:00,19.088686,72.867919,11,VABB,230.0,5.7,762.0,3000.0,31.0,27.0,,1,0,0,0,0,2024-05-26 21:00:00
2024-05-26 21:30:00,19.088686,72.867919,11,VABB,260.0,4.1,762.0,3000.0,31.0,27.0,,1,0,0,0,0,2024-05-26 21:00:00
2024-05-26 22:00:00,19.088686,72.867919,11,VABB,260.0,4.1,762.0,3000.0,31.0,27.0,,1,0,0,0,0,2024-05-26 22:00:00
2024-05-26 22:30:00,19.088686,72.867919,11,VABB,250.0,5.1,762.0,3000.0,30.0,27.0,,1,0,0,0,0,2024-05-26 22:00:00
2024-05-26 23:00:00,19.088686,72.867919,11,VABB,240.0,4.6,762.0,3000.0,31.0,27.0,,1,0,0,0,0,2024-05-26 23:00:00
2024-05-26 23:30:00,19.088686,72.867919,11,VABB,250.0,5.1,762.0,3000.0,31.0,27.0,,1,0,0,0,0,2024-05-26 23:00:00
2024-05-27 00:00:00,19.088686,72.867919,11,VABB,270.0,1.5,,2000.0,30.4,25.6,1003.1,0,0,0,0,0,2024-05-27 00:00:00
2024-05-27 00:00:00,19.088686,72.867919,11,VABB,250.0,5.1,762.0,3000.0,31.0,27.0,,1,0,0,0,0,2024-05-27 00:00:00
2024-05-27 00:30:00,19.088686,72.867919,11,VABB,250.0,4.1,762.0,3000.0,31.0,27.0,,1,0,0,0,0,2024-05-27 00:00:00
2024-05-27 01:00:00,19.088686,72.867919,11,VABB,260.0,5.1,762.0,3000.0,31.0,27.0,,1,0,0,0,0,2024-05-27 01:00:00
2024-05-27 01:30:00,19.088686,72.867919,11,VABB,250.0,5.7,762.0,3000.0,31.0,27.0,,1,0,0,0,0,2024-05-27 01:00:00
2024-05-27 02:00:00,19.088686,72.867919,11,VABB,260.0,5.1,762.0,3000.0,31.0,27.0,,1,0,0,0,0,2024-05-27 02:00:00
2024-05-27 02:30:00,19.088686,72.867919,11,VABB,270.0,5.1,762.0,3000.0,31.0,27.0,,1,0,0,0,0,2024-05-27 02:00:00
2024-05-27 03:00:00,19.088686,72.867919,11,VABB,320.0,1.5,720.0,2000.0,31.0,26.3,1004.7,0,0,0,0,0,2024-05-27 03:00:00
2024-05-27 03:00:00,19.088686,72.867919,11,VABB,240.0,5.7,2000.0,3000.0,31.0,27.0,,1,0,0,0,0,2024-05-27 03:00:00
2024-05-27 03:30:00,19.088686,72.867919,11,VABB,240.0,5.7,3048.0,3000.0,31.0,27.0,,1,0,0,0,0,2024-05-27 03:00:00
2024-05-27 04:00:00,19.088686,72.867919,11,VABB,270.0,4.6,2000.0,3000.0,31.0,27.0,,1,0,0,0,0,2024-05-27 04:00:00
2024-05-27 04:30:00,19.088686,72.867919,11,VABB,270.0,5.7,2000.0,3000.0,32.0,27.0,,1,0,0,0,0,2024-05-27 04:00:00
2024-05-27 05:00:00,19.088686,72.867919,11,VABB,250.0,6.2,3048.0,3000.0,32.0,27.0,,1,0,0,0,0,2024-05-27 05:00:00
2024-05-27 05:30:00,19.088686,72.867919,11,VABB,260.0,5.7,3048.0,3000.0,32.0,27.0,,1,0,0,0,0,2024-05-27 05:00:00
2024-05-27 06:00:00,19.088686,72.867919,11,VABB,270.0,2.6,720.0,2000.0,32.8,26.1,1005.2,0,0,0,0,0,2024-05-27 06:00:00
2024-05-27 06:00:00,19.088686,72.867919,11,VABB,250.0,5.7,3048.0,3000.0,33.0,27.0,,1,0,0,0,0,2024-05-27 06:00:00
2024-05-27 06:30:00,19.088686,72.867919,11,VABB,260.0,4.6,762.0,3500.0,33.0,26.0,,1,0,0,0,0,2024-05-27 06:00:00
2024-05-27 07:00:00,19.088686,72.867919,11,VABB,250.0,4.6,762.0,4000.0,33.0,27.0,,0,1,0,0,0,2024-05-27 07:00:00
2024-05-27 07:30:00,19.088686,72.867919,11,VABB,260.0,5.7,762.0,4000.0,32.0,27.0,,0,1,0,0,0,2024-05-27 07:00:00
2024-05-27 08:00:00,19.088686,72.867919,11,VABB,250.0,5.1,762.0,4000.0,32.0,27.0,,0,1,0,0,0,2024-05-27 08:00:00
2024-05-27 08:03:00,19.088686,72.867919,11,VABB,250.0,5.1,762.0,4000.0,32.0,27.0,,0,1,0,0,0,2024-05-27 08:00:00
2024-05-27 08:30:00,19.088686,72.867919,11,VABB,220.0,3.1,762.0,4000.0,32.0,25.0,,0,1,0,0,0,2024-05-27 08:00:00
2024-05-27 09:00:00,19.088686,72.867919,11,VABB,320.0,2.1,750.0,2000.0,34.0,26.2,1003.8,0,0,0,0,0,2024-05-27 09:00:00
2024-05-27 09:00:00,19.088686,72.867919,11,VABB,250.0,4.1,762.0,4000.0,32.0,26.0,,0,1,0,0,0,2024-05-27 09:00:00
2024-05-27 09:30:00,19.088686,72.867919,11,VABB,240.0,4.6,762.0,3500.0,32.0,26.0,,0,1,0,0,0,2024-05-27 09:00:00
2024-05-27 10:00:00,19.088686,72.867919,11,VABB,250.0,4.6,762.0,3500.0,31.0,26.0,,0,1,0,0,0,2024-05-27 10:00:00
2024-05-27 10:30:00,19.088686,72.867919,11,VABB,250.0,4.6,762.0,3500.0,31.0,27.0,,1,0,0,0,1,2024-05-27 10:00:00
2024-05-27 11:00:00,19.088686,72.867919,11,VABB,260.0,6.2,762.0,3500.0,31.0,27.0,,1,0,0,0,0,2024-05-27 11:00:00
2024-05-27 11:30:00,19.088686,72.867919,11,VABB,250.0,6.7,762.0,3500.0,31.0,27.0,,1,0,0,0,0,2024-05-27 11:00:00
2024-05-27 12:00:00,19.088686,72.867919,11,VABB,320.0,2.1,720.0,2000.0,32.0,26.1,1002.9,0,0,0,0,0,2024-05-27 12:00:00
2024-05-27 12:30:00,19.088686,72.867919,11,VABB,260.0,5.1,762.0,3500.0,31.0,27.0,,1,0,0,0,0,2024-05-27 12:00:00
2024-05-27 13:00:00,19.088686,72.867919,11,VABB,260.0,5.7,762.0,3500.0,31.0,27.0,,1,0,0,0,0,2024-05-27 13:00:00
2024-05-27 13:30:00,19.088686,72.867919,11,VABB,240.0,6.2,762.0,3500.0,31.0,27.0,,1,0,0,0,0,2024-05-27 13:00:00
2024-05-27 14:00:00,19.088686,72.867919,11,VABB,240.0,3.6,762.0,3500.0,31.0,27.0,,1,0,0,0,1,2024-05-27 14:00:00
2024-05-27 14:30:00,19.088686,72.867919,11,VABB,230.0,5.1,762.0,3000.0,31.0,27.0,,1,0,0,0,0,2024-05-27 14:00:00
2024-05-27 15:00:00,19.088686,72.867919,11,VABB,320.0,3.1,720.0,2000.0,31.4,25.8,1004.4,0,0,0,0,0,2024-05-27 15:00:00
2024-05-27 15:00:00,19.088686,72.867919,11,VABB,240.0,4.6,762.0,3000.0,31.0,27.0,,1,0,0,0,0,2024-05-27 15:00:00
2024-05-27 15:30:00,19.088686,72.867919,11,VABB,240.0,6.2,762.0,3000.0,31.0,27.0,,1,0,0,0,0,2024-05-27 15:00:00
2024-05-27 16:00:00,19.088686,72.867919,11,VABB,240.0,5.1,762.0,3000.0,31.0,27.0,,1,0,0,0,0,2024-05-27 16:00:00
2024-05-27 16:30:00,19.088686,72.867919,11,VABB,250.0,5.7,762.0,3000.0,31.0,27.0,,1,0,0,0,0,2024-05-27 16:00:00
2024-05-27 17:00:00,19.088686,72.867919,11,VABB,250.0,4.1,762.0,3000.0,31.0,28.0,,1,0,0,0,0,2024-05-27 17:00:00
2024-05-27 17:30:00,19.088686,72.867919,11,VABB,240.0,3.6,762.0,3000.0,31.0,27.0,,1,0,0,0,1,2024-05-27 17:00:00
2024-05-27 18:00:00,19.088686,72.867919,11,VABB,,0.0,720.0,2000.0,30.8,26.3,1004.8,0,0,0,0,0,2024-05-27 18:00:00
2024-05-27 18:00:00,19.088686,72.867919,11,VABB,240.0,5.1,762.0,3000.0,31.0,27.0,,1,0,0,0,0,2024-05-27 18:00:00
2024-05-27 18:30:00,19.088686,72.867919,11,VABB,230.0,3.6,762.0,3000.0,31.0,27.0,,1,0,0,0,0,2024-05-27 18:00:00
2024-05-27 19:00:00,19.088686,72.867919,11,VABB,220.0,5.1,762.0,3000.0,31.0,27.0,,1,0,0,0,0,2024-05-27 19:00:00
2024-05-27 19:30:00,19.088686,72.867919,11,VABB,240.0,5.1,762.0,3000.0,31.0,27.0,,1,0,0,0,0,2024-05-27 19:00:00
2024-05-27 20:00:00,19.088686,72.867919,11,VABB,240.0,5.1,762.0,3000.0,31.0,27.0,,1,0,0,0,0,2024-05-27 20:00:00
2024-05-27 20:30:00,19.088686,72.867919,11,VABB,250.0,4.6,762.0,3000.0,31.0,27.0,,1,0,0,0,0,2024-05-27 20:00:00
2024-05-27 21:00:00,19.088686,72.867919,11,VABB,270.0,2.1,,2000.0,30.4,25.6,1003.7,0,0,0,0,0,2024-05-27 21:00:00
2024-05-27 21:00:00,19.088686,72.867919,11,VABB,240.0,6.2,762.0,3000.0,30.0,27.0,,1,0,0,0,0,2024-05-27 21:00:00
2024-05-27 21:30:00,19.088686,72.867919,11,VABB,240.0,4.6,762.0,3000.0,31.0,27.0,,1,0,0,0,0,2024-05-27 21:00:00
2024-05-27 22:00:00,19.088686,72.867919,11,VABB,250.0,5.1,762.0,3000.0,30.0,27.0,,1,0,0,0,0,2024-05-27 22:00:00
2024-05-27 22:30:00,19.088686,72.867919,11,VABB,250.0,5.1,762.0,3000.0,30.0,27.0,,1,0,0,0,0,2024-05-27 22:00:00
2024-05-27 23:00:00,19.088686,72.867919,11,VABB,250.0,5.1,762.0,3000.0,30.0,27.0,,1,0,0,0,0,2024-05-27 23:00:00
2024-05-27 23:30:00,19.088686,72.867919,11,VABB,260.0,4.1,762.0,3000.0,30.0,27.0,,1,0,0,0,0,2024-05-27 23:00:00
2024-05-28 00:00:00,19.088686,72.867919,11,VABB,270.0,2.6,720.0,2000.0,30.2,26.0,1003.9,0,0,0,0,0,2024-05-28 00:00:00
2024-05-28 00:00:00,19.088686,72.867919,11,VABB,260.0,6.7,762.0,3000.0,30.0,27.0,,1,0,0,0,0,2024-05-28 00:00:00
2024-05-28 00:30:00,19.088686,72.867919,11,VABB,250.0,4.6,762.0,3000.0,30.0,26.0,,1,0,0,0,0,2024-05-28 00:00:00
2024-05-28 01:00:00,19.088686,72.867919,11,VABB,240.0,5.1,762.0,3000.0,30.0,27.0,,1,0,0,0,0,2024-05-28 01:00:00
2024-05-28 01:30:00,19.088686,72.867919,11,VABB,260.0,5.7,762.0,3000.0,30.0,27.0,,1,0,0,0,0,2024-05-28 01:00:00
2024-05-28 02:00:00,19.088686,72.867919,11,VABB,250.0,5.1,762.0,3000.0,31.0,27.0,,1,0,0,0,0,2024-05-28 02:00:00
2024-05-28 02:30:00,19.088686,72.867919,11,VABB,250.0,5.1,762.0,3000.0,31.0,26.0,,1,0,0,0,0,2024-05-28 02:00:00
2024-05-28 03:00:00,19.088686,72.867919,11,VABB,340.0,1.5,750.0,2000.0,31.6,25.4,1006.0,0,0,0,0,0,2024-05-28 03:00:00
2024-05-28 03:00:00,19.088686,72.867919,11,VABB,240.0,5.7,762.0,3000.0,31.0,27.0,,1,0,0,0,0,2024-05-28 03:00:00
2024-05-28 03:30:00,19.088686,72.867919,11,VABB,260.0,5.7,762.0,3000.0,32.0,27.0,,0,1,0,0,0,2024-05-28 03:00:00
2024-05-28 04:00:00,19.088686,72.867919,11,VABB,270.0,4.6,762.0,3000.0,32.0,27.0,,0,1,0,0,0,2024-05-28 04:00:00
2024-05-28 04:30:00,19.088686,72.867919,11,VABB,240.0,5.7,762.0,3000.0,32.0,27.0,,0,1,0,0,0,2024-05-28 04:00:00
2024-05-28 05:00:00,19.088686,72.867919,11,VABB,260.0,3.6,762.0,3500.0,32.0,26.0,,0,1,0,0,1,2024-05-28 05:00:00
2024-05-28 05:30:00,19.088686,72.867919,11,VABB,290.0,6.2,762.0,3500.0,32.0,26.0,,0,1,0,0,0,2024-05-28 05:00:00
2024-05-28 06:00:00,19.088686,72.867919,11,VABB,320.0,1.5,750.0,2000.0,33.8,25.7,1005.7,0,0,0,0,0,2024-05-28 06:00:00
2024-05-28 06:00:00,19.088686,72.867919,11,VABB,240.0,6.7,762.0,3500.0,33.0,26.0,,0,1,0,0,0,2024-05-28 06:00:00
2024-05-28 06:30:00,19.088686,72.867919,11,VABB,260.0,5.7,762.0,3500.0,33.0,26.0,,0,1,0,0,0,2024-05-28 06:00:00
2024-05-28 07:00:00,19.088686,72.867919,11,VABB,270.0,4.1,762.0,3500.0,33.0,26.0,,0,1,0,0,1,2024-05-28 07:00:00
2024-05-28 07:30:00,19.088686,72.867919,11,VABB,260.0,4.1,762.0,4000.0,33.0,26.0,,0,1,0,0,1,2024-05-28 07:00:00
2024-05-28 08:00:00,19.088686,72.867919,11,VABB,240.0,5.7,762.0,4000.0,32.0,27.0,,0,1,0,0,0,2024-05-28 08:00:00
2024-05-28 08:30:00,19.088686,72.867919,11,VABB,220.0,4.1,762.0,4000.0,33.0,26.0,,0,1,0,0,0,2024-05-28 08:00:00
2024-05-28 09:00:00,19.088686,72.867919,11,VABB,320.0,1.5,,2000.0,34.4,25.8,1003.5,0,0,0,0,0,2024-05-28 09:00:00
2024-05-28 09:00:00,19.088686,72.867919,11,VABB,260.0,5.1,762.0,4000.0,33.0,25.0,,0,1,0,0,0,2024-05-28 09:00:00
2024-05-28 09:30:00,19.088686,72.867919,11,VABB,270.0,5.7,762.0,4000.0,33.0,25.0,,0,1,0,0,0,2024-05-28 09:00:00
2024-05-28 10:00:00,19.088686,72.867919,11,VABB,260.0,3.6,762.0,4000.0,33.0,25.0,,0,1,0,0,1,2024-05-28 10:00:00
2024-05-28 10:30:00,19.088686,72.867919,11,VABB,220.0,6.2,762.0,4000.0,33.0,26.0,,0,1,0,0,0,2024-05-28 10:00:00
2024-05-28 11:00:00,19.088686,72.867919,11,VABB,250.0,3.6,762.0,4000.0,33.0,26.0,,0,1,0,0,1,2024-05-28 11:00:00
2024-05-28 11:30:00,19.088686,72.867919,11,VABB,230.0,6.2,762.0,4000.0,32.0,26.0,,0,1,0,0,0,2024-05-28 11:00:00
2024-05-28 12:00:00,19.088686,72.867919,11,VABB,320.0,2.1,750.0,2000.0,33.4,25.2,1002.9,0,0,0,0,0,2024-05-28 12:00:00
2024-05-28 12:00:00,19.088686,72.867919,11,VABB,240.0,5.7,762.0,4000.0,32.0,26.0,,0,1,0,0,0,2024-05-28 12:00:00
2024-05-28 12:30:00,19.088686,72.867919,11,VABB,260.0,5.1,762.0,4000.0,32.0,26.0,,0,1,0,0,0,2024-05-28 12:00:00
2024-05-28 13:00:00,19.088686,72.867919,11,VABB,240.0,5.1,762.0,4000.0,31.0,26.0,,0,1,0,0,0,2024-05-28 13:00:00
2024-05-28 13:30:00,19.088686,72.867919,11,VABB,240.0,4.6,762.0,4000.0,31.0,26.0,,0,1,0,0,0,2024-05-28 13:00:00
2024-05-28 14:00:00,19.088686,72.867919,11,VABB,250.0,5.1,762.0,4000.0,31.0,26.0,,0,1,0,0,0,2024-05-28 14:00:00
2024-05-28 14:30:00,19.088686,72.867919,11,VABB,230.0,5.1,762.0,3000.0,31.0,26.0,,0,1,0,0,0,2024-05-28 14:00:00
2024-05-28 15:00:00,19.088686,72.867919,11,VABB,,0.0,750.0,2000.0,31.4,25.2,1003.8,0,0,0,0,0,2024-05-28 15:00:00
2024-05-28 15:00:00,19.088686,72.867919,11,VABB,230.0,4.6,762.0,3000.0,31.0,26.0,,0,1,0,0,0,2024-05-28 15:00:00
2024-05-28 15:30:00,19.088686,72.867919,11,VABB,230.0,4.6,762.0,3000.0,31.0,26.0,,0,1,0,0,0,2024-05-28 15:00:00
2024-05-28 16:00:00,19.088686,72.867919,11,VABB,220.0,4.6,762.0,3000.0,31.0,26.0,,0,1,0,0,0,2024-05-28 16:00:00
2024-05-28 16:30:00,19.088686,72.867919,11,VABB,220.0,3.1,762.0,3000.0,31.0,26.0,,0,1,0,0,0,2024-05-28 16:00:00
2024-05-28 17:00:00,19.088686,72.867919,11,VABB,230.0,4.6,762.0,3000.0,31.0,26.0,,0,1,0,0,0,2024-05-28 17:00:00
2024-05-28 17:30:00,19.088686,72.867919,11,VABB,220.0,4.6,762.0,3000.0,31.0,26.0,,0,1,0,0,0,2024-05-28 17:00:00
2024-05-28 18:00:00,19.088686,72.867919,11,VABB,230.0,1.5,750.0,2000.0,30.8,24.8,1004.4,0,0,0,0,0,2024-05-28 18:00:00
2024-05-28 18:00:00,19.088686,72.867919,11,VABB,220.0,4.6,762.0,3000.0,31.0,26.0,,0,1,0,0,0,2024-05-28 18:00:00
2024-05-28 18:30:00,19.088686,72.867919,11,VABB,230.0,3.1,762.0,3000.0,31.0,26.0,,0,1,0,0,0,2024-05-28 18:00:00
2024-05-28 19:00:00,19.088686,72.867919,11,VABB,230.0,4.1,762.0,3000.0,31.0,26.0,,0,1,0,0,0,2024-05-28 19:00:00
2024-05-28 19:30:00,19.088686,72.867919,11,VABB,230.0,4.6,762.0,3000.0,30.0,26.0,,0,1,0,0,0,2024-05-28 19:00:00
2024-05-28 20:00:00,19.088686,72.867919,11,VABB,230.0,5.1,762.0,3000.0,30.0,26.0,,0,1,0,0,0,2024-05-28 20:00:00
2024-05-28 20:30:00,19.088686,72.867919,11,VABB,230.0,4.1,762.0,3000.0,30.0,26.0,,0,1,0,0,0,2024-05-28 20:00:00
2024-05-28 21:00:00,19.088686,72.867919,11,VABB,230.0,2.1,22000.0,2000.0,30.4,24.7,1003.2,0,0,0,0,0,2024-05-28 21:00:00
2024-05-28 21:00:00,19.088686,72.867919,11,VABB,240.0,5.1,762.0,3000.0,31.0,26.0,,0,1,0,0,0,2024-05-28 21:00:00
2024-05-28 21:30:00,19.088686,72.867919,11,VABB,230.0,4.6,762.0,3000.0,30.0,26.0,,0,1,0,0,0,2024-05-28 21:00:00
2024-05-28 22:00:00,19.088686,72.867919,11,VABB,240.0,4.1,762.0,3000.0,30.0,26.0,,0,1,0,0,0,2024-05-28 22:00:00
2024-05-28 22:30:00,19.088686,72.867919,11,VABB,230.0,3.6,762.0,3000.0,30.0,26.0,,0,1,0,0,0,2024-05-28 22:00:00
2024-05-28 23:00:00,19.088686,72.867919,11,VABB,230.0,5.1,762.0,3000.0,30.0,26.0,,0,1,0,0,0,2024-05-28 23:00:00
2024-05-28 23:30:00,19.088686,72.867919,11,VABB,220.0,4.6,762.0,3000.0,30.0,26.0,,0,1,0,0,0,2024-05-28 23:00:00
2024-05-29 00:00:00,19.088686,72.867919,11,VABB,270.0,1.5,22000.0,2000.0,30.2,24.8,1003.6,0,0,0,0,0,2024-05-29 00:00:00
2024-05-29 00:00:00,19.088686,72.867919,11,VABB,230.0,3.1,762.0,3000.0,30.0,26.0,,0,1,0,0,0,2024-05-29 00:00:00
2024-05-29 00:30:00,19.088686,72.867919,11,VABB,230.0,4.6,762.0,3000.0,30.0,26.0,,0,1,0,0,0,2024-05-29 00:00:00
2024-05-29 01:00:00,19.088686,72.867919,11,VABB,250.0,5.1,762.0,3000.0,30.0,26.0,,0,1,0,0,0,2024-05-29 01:00:00
2024-05-29 01:30:00,19.088686,72.867919,11,VABB,250.0,4.6,762.0,3000.0,31.0,26.0,,0,1,0,0,0,2024-05-29 01:00:00
2024-05-29 02:00:00,19.088686,72.867919,11,VABB,240.0,5.1,2000.0,3000.0,31.0,26.0,,0,1,0,0,0,2024-05-29 02:00:00
2024-05-29 02:30:00,19.088686,72.867919,11,VABB,250.0,5.1,762.0,3000.0,31.0,26.0,,0,1,0,0,0,2024-05-29 02:00:00
2024-05-29 03:00:00,19.088686,72.867919,11,VABB,270.0,2.1,,2000.0,31.4,25.2,1005.4,0,0,0,0,0,2024-05-29 03:00:00
2024-05-29 03:00:00,19.088686,72.867919,11,VABB,220.0,5.7,762.0,3000.0,31.0,26.0,,0,1,0,0,0,2024-05-29 03:00:00
2024-05-29 03:30:00,19.088686,72.867919,11,VABB,250.0,6.7,762.0,3000.0,32.0,26.0,,0,1,0,0,0,2024-05-29 03:00:00
2024-05-29 04:00:00,19.088686,72.867919,11,VABB,240.0,5.1,762.0,3000.0,32.0,25.0,,0,1,0,0,0,2024-05-29 04:00:00
2024-05-29 04:30:00,19.088686,72.867919,11,VABB,240.0,5.7,762.0,3000.0,32.0,26.0,,0,1,0,0,0,2024-05-29 04:00:00
2024-05-29 05:00:00,19.088686,72.867919,11,VABB,250.0,6.7,762.0,3500.0,32.0,25.0,,0,1,0,0,0,2024-05-29 05:00:00
2024-05-29 05:30:00,19.088686,72.867919,11,VABB,220.0,4.6,762.0,3500.0,33.0,26.0,,0,1,0,0,1,2024-05-29 05:00:00
2024-05-29 06:00:00,19.088686,72.867919,11,VABB,270.0,3.1,,2000.0,33.8,25.4,1005.5,0,0,0,0,0,2024-05-29 06:00:00
2024-05-29 06:00:00,19.088686,72.867919,11,VABB,240.0,4.6,762.0,3500.0,33.0,26.0,,0,1,0,0,1,2024-05-29 06:00:00
2024-05-29 06:30:00,19.088686,72.867919,11,VABB,250.0,3.6,762.0,4000.0,33.0,26.0,,0,1,0,0,1,2024-05-29 06:00:00
2024-05-29 07:00:00,19.088686,72.867919,11,VABB,260.0,3.6,762.0,4000.0,33.0,26.0,,0,1,0,0,1,2024-05-29 07:00:00
2024-05-29 07:30:00,19.088686,72.867919,11,VABB,240.0,3.6,762.0,4000.0,33.0,25.0,,0,1,0,0,1,2024-05-29 07:00:00
2024-05-29 08:00:00,19.088686,72.867919,11,VABB,260.0,3.6,762.0,4000.0,32.0,26.0,,0,1,0,0,1,2024-05-29 08:00:00
2024-05-29 08:30:00,19.088686,72.867919,11,VABB,230.0,4.1,762.0,4000.0,34.0,26.0,,0,1,0,0,1,2024-05-29 08:00:00
2024-05-29 09:00:00,19.088686,72.867919,11,VABB,230.0,1.5,750.0,2000.0,34.4,25.4,1004.0,0,0,0,0,0,2024-05-29 09:00:00
2024-05-29 09:00:00,19.088686,72.867919,11,VABB,260.0,3.6,762.0,4000.0,33.0,25.0,,0,1,0,0,1,2024-05-29 09:00:00
2024-05-29 09:30:00,19.088686,72.867919,11,VABB,240.0,6.2,762.0,4000.0,32.0,25.0,,0,1,0,0,0,2024-05-29 09:00:00
2024-05-29 10:00:00,19.088686,72.867919,11,VABB,230.0,4.6,762.0,4000.0,33.0,26.0,,0,1,0,0,1,2024-05-29 10:00:00
2024-05-29 10:30:00,19.088686,72.867919,11,VABB,230.0,5.1,762.0,4000.0,32.0,27.0,,0,1,0,0,0,2024-05-29 10:00:00
2024-05-29 11:00:00,19.088686,72.867919,11,VABB,230.0,6.2,762.0,4000.0,32.0,26.0,,0,1,0,0,0,2024-05-29 11:00:00
2024-05-29 11:30:00,19.088686,72.867919,11,VABB,240.0,3.6,762.0,4000.0,32.0,26.0,,0,1,0,0,1,2024-05-29 11:00:00
2024-05-29 12:00:00,19.088686,72.867919,11,VABB,340.0,2.1,750.0,2000.0,33.0,25.4,1003.1,0,0,0,0,0,2024-05-29 12:00:00
2024-05-29 12:00:00,19.088686,72.867919,11,VABB,230.0,4.1,762.0,4000.0,32.0,26.0,,0,1,0,0,0,2024-05-29 12:00:00
2024-05-29 12:30:00,19.088686,72.867919,11,VABB,230.0,3.6,762.0,4000.0,32.0,26.0,,0,1,0,0,1,2024-05-29 12:00:00
2024-05-29 13:00:00,19.088686,72.867919,11,VABB,230.0,5.7,762.0,4000.0,32.0,26.0,,0,1,0,0,0,2024-05-29 13:00:00
2024-05-29 13:30:00,19.088686,72.867919,11,VABB,240.0,5.1,762.0,3500.0,31.0,26.0,,0,1,0,0,0,2024-05-29 13:00:00
2024-05-29 14:00:00,19.088686,72.867919,11,VABB,240.0,6.2,762.0,3500.0,31.0,26.0,,0,1,0,0,0,2024-05-29 14:00:00
2024-05-29 14:30:00,19.088686,72.867919,11,VABB,230.0,4.1,762.0,3500.0,31.0,26.0,,0,1,0,0,0,2024-05-29 14:00:00
2024-05-29 15:00:00,19.088686,72.867919,11,VABB,230.0,1.5,750.0,2000.0,31.2,25.3,1004.6,0,0,0,0,0,2024-05-29 15:00:00
2024-05-29 15:00:00,19.088686,72.867919,11,VABB,210.0,5.1,762.0,3500.0,31.0,27.0,,0,1,0,0,0,2024-05-29 15:00:00
2024-05-29 15:30:00,19.088686,72.867919,11,VABB,230.0,4.6,762.0,3500.0,31.0,26.0,,0,1,0,0,0,2024-05-29 15:00:00
2024-05-29 16:00:00,19.088686,72.867919,11,VABB,240.0,3.6,2000.0,3000.0,31.0,26.0,,0,1,0,0,0,2024-05-29 16:00:00
2024-05-29 16:30:00,19.088686,72.867919,11,VABB,220.0,4.1,2000.0,3000.0,31.0,26.0,,0,1,0,0,0,2024-05-29 16:00:00
2024-05-29 17:00:00,19.088686,72.867919,11,VABB,250.0,4.1,2000.0,3000.0,31.0,25.0,,0,1,0,0,0,2024-05-29 17:00:00
2024-05-29 17:30:00,19.088686,72.867919,11,VABB,240.0,4.1,2000.0,3000.0,31.0,26.0,,0,1,0,0,0,2024-05-29 17:00:00
2024-05-29 18:00:00,19.088686,72.867919,11,VABB,270.0,1.5,,2000.0,31.0,25.4,1005.8,0,0,0,0,0,2024-05-29 18:00:00
2024-05-29 18:00:00,19.088686,72.867919,11,VABB,230.0,4.1,2000.0,3000.0,31.0,26.0,,0,1,0,0,0,2024-05-29 18:00:00
2024-05-29 18:30:00,19.088686,72.867919,11,VABB,240.0,3.6,2000.0,3000.0,31.0,26.0,,0,1,0,0,0,2024-05-29 18:00:00
2024-05-29 19:00:00,19.088686,72.867919,11,VABB,250.0,4.1,2000.0,3000.0,31.0,26.0,,0,1,0,0,0,2024-05-29 19:00:00
2024-05-29 19:30:00,19.088686,72.867919,11,VABB,240.0,4.6,2000.0,3000.0,30.0,26.0,,0,1,0,0,0,2024-05-29 19:00:00
2024-05-29 20:00:00,19.088686,72.867919,11,VABB,240.0,5.1,2000.0,3000.0,30.0,26.0,,0,1,0,0,0,2024-05-29 20:00:00
2024-05-29 20:30:00,19.088686,72.867919,11,VABB,240.0,4.1,2000.0,3000.0,30.0,26.0,,0,1,0,0,0,2024-05-29 20:00:00
2024-05-29 21:00:00,19.088686,72.867919,11,VABB,,0.0,22000.0,2000.0,30.4,25.3,1004.3,0,0,0,0,0,2024-05-29 21:00:00
2024-05-29 21:00:00,19.088686,72.867919,11,VABB,260.0,4.1,2000.0,3000.0,30.0,26.0,,0,1,0,0,0,2024-05-29 21:00:00
2024-05-29 21:30:00,19.088686,72.867919,11,VABB,250.0,5.1,2000.0,3000.0,30.0,26.0,,0,1,0,0,0,2024-05-29 21:00:00
2024-05-29 22:00:00,19.088686,72.867919,11,VABB,240.0,3.1,2000.0,3000.0,30.0,26.0,,0,1,0,0,0,2024-05-29 22:00:00
2024-05-29 22:30:00,19.088686,72.867919,11,VABB,260.0,2.6,2000.0,3000.0,30.0,26.0,,0,1,0,0,0,2024-05-29 22:00:00
2024-05-29 23:00:00,19.088686,72.867919,11,VABB,240.0,4.6,2000.0,3000.0,30.0,26.0,,0,1,0,0,0,2024-05-29 23:00:00
2024-05-29 23:30:00,19.088686,72.867919,11,VABB,260.0,3.6,2000.0,3000.0,30.0,26.0,,0,1,0,0,0,2024-05-29 23:00:00
2024-05-30 00:00:00,19.088686,72.867919,11,VABB,,0.0,750.0,2000.0,30.2,25.7,1004.1,0,0,0,0,0,2024-05-30 00:00:00
2024-05-30 00:00:00,19.088686,72.867919,11,VABB,250.0,3.6,2000.0,3000.0,30.0,26.0,,0,1,0,0,0,2024-05-30 00:00:00
2024-05-30 00:30:00,19.088686,72.867919,11,VABB,250.0,3.1,2000.0,3000.0,30.0,26.0,,0,1,0,0,0,2024-05-30 00:00:00
2024-05-30 01:00:00,19.088686,72.867919,11,VABB,240.0,3.1,762.0,3000.0,30.0,26.0,,0,1,0,0,0,2024-05-30 01:00:00
2024-05-30 01:30:00,19.088686,72.867919,11,VABB,260.0,3.6,762.0,3000.0,30.0,26.0,,0,1,0,0,0,2024-05-30 01:00:00
2024-05-30 02:00:00,19.088686,72.867919,11,VABB,240.0,4.1,762.0,3000.0,31.0,26.0,,0,1,0,0,0,2024-05-30 02:00:00
2024-05-30 02:30:00,19.088686,72.867919,11,VABB,240.0,3.6,762.0,3000.0,31.0,26.0,,0,1,0,0,0,2024-05-30 02:00:00
2024-05-30 03:00:00,19.088686,72.867919,11,VABB,,0.0,750.0,2000.0,31.4,25.5,1006.0,0,0,0,0,0,2024-05-30 03:00:00
2024-05-30 03:00:00,19.088686,72.867919,11,VABB,270.0,3.1,762.0,3000.0,31.0,26.0,,0,1,0,0,0,2024-05-30 03:00:00
2024-05-30 03:30:00,19.088686,72.867919,11,VABB,270.0,3.1,762.0,3500.0,32.0,26.0,,0,1,0,0,0,2024-05-30 03:00:00
2024-05-30 04:00:00,19.088686,72.867919,11,VABB,240.0,2.6,762.0,3500.0,32.0,26.0,,0,1,0,0,0,2024-05-30 04:00:00
2024-05-30 04:30:00,19.088686,72.867919,11,VABB,250.0,5.7,762.0,3500.0,32.0,27.0,,0,1,0,0,0,2024-05-30 04:00:00
2024-05-30 05:00:00,19.088686,72.867919,11,VABB,250.0,4.6,762.0,3500.0,33.0,26.0,,0,1,0,0,0,2024-05-30 05:00:00
2024-05-30 05:30:00,19.088686,72.867919,11,VABB,260.0,4.6,762.0,3500.0,33.0,25.0,,0,1,0,0,0,2024-05-30 05:00:00
2024-05-30 06:00:00,19.088686,72.867919,11,VABB,320.0,2.1,,2000.0,34.0,24.7,1006.6,0,0,0,0,0,2024-05-30 06:00:00
2024-05-30 06:00:00,19.088686,72.867919,11,VABB,260.0,4.1,762.0,3500.0,33.0,26.0,,0,1,0,0,0,2024-05-30 06:00:00
2024-05-30 06:30:00,19.088686,72.867919,11,VABB,260.0,4.1,762.0,3500.0,34.0,26.0,,0,1,0,0,0,2024-05-30 06:00:00
2024-05-30 07:00:00,19.088686,72.867919,11,VABB,250.0,4.6,762.0,3500.0,33.0,26.0,,0,1,0,0,0,2024-05-30 07:00:00
2024-05-30 07:30:00,19.088686,72.867919,11,VABB,270.0,4.6,762.0,3500.0,34.0,25.0,,0,1,0,0,0,2024-05-30 07:00:00
2024-05-30 08:00:00,19.088686,72.867919,11,VABB,270.0,3.6,762.0,3500.0,33.0,25.0,,0,1,0,0,0,2024-05-30 08:00:00
2024-05-30 08:30:00,19.088686,72.867919,11,VABB,220.0,4.6,762.0,3500.0,33.0,24.0,,0,1,0,0,0,2024-05-30 08:00:00
2024-05-30 09:00:00,19.088686,72.867919,11,VABB,270.0,2.6,,2000.0,34.6,26.9,1005.4,0,0,0,0,0,2024-05-30 09:00:00
2024-05-30 09:00:00,19.088686,72.867919,11,VABB,210.0,4.6,762.0,3500.0,33.0,25.0,,0,1,0,0,0,2024-05-30 09:00:00
2024-05-30 09:30:00,19.088686,72.867919,11,VABB,200.0,4.1,762.0,3500.0,33.0,24.0,,0,1,0,0,0,2024-05-30 09:00:00
2024-05-30 10:00:00,19.088686,72.867919,11,VABB,210.0,3.6,762.0,3500.0,32.0,25.0,,0,1,0,0,0,2024-05-30 10:00:00
2024-05-30 10:30:00,19.088686,72.867919,11,VABB,260.0,5.7,762.0,4000.0,33.0,26.0,,0,1,0,0,0,2024-05-30 10:00:00
2024-05-30 11:00:00,19.088686,72.867919,11,VABB,220.0,4.6,762.0,4000.0,33.0,26.0,,0,1,0,0,0,2024-05-30 11:00:00
2024-05-30 11:30:00,19.088686,72.867919,11,VABB,250.0,5.7,762.0,4000.0,33.0,26.0,,0,1,0,0,0,2024-05-30 11:00:00
2024-05-30 12:00:00,19.088686,72.867919,11,VABB,270.0,1.5,,2000.0,34.0,25.6,1004.5,0,0,0,0,0,2024-05-30 12:00:00
2024-05-30 12:00:00,19.088686,72.867919,11,VABB,250.0,5.7,762.0,4000.0,33.0,26.0,,0,1,0,0,0,2024-05-30 12:00:00
2024-05-30 12:30:00,19.088686,72.867919,11,VABB,250.0,4.1,762.0,4000.0,32.0,27.0,,0,1,0,0,0,2024-05-30 12:00:00
2024-05-30 13:00:00,19.088686,72.867919,11,VABB,270.0,4.6,762.0,4000.0,32.0,27.0,,0,1,0,0,0,2024-05-30 13:00:00
2024-05-30 13:30:00,19.088686,72.867919,11,VABB,240.0,4.1,762.0,4000.0,32.0,27.0,,0,1,0,0,0,2024-05-30 13:00:00
2024-05-30 14:00:00,19.088686,72.867919,11,VABB,230.0,4.6,762.0,3500.0,31.0,27.0,,0,1,0,0,0,2024-05-30 14:00:00
2024-05-30 14:30:00,19.088686,72.867919,11,VABB,210.0,4.1,762.0,3500.0,31.0,27.0,,0,1,0,0,0,2024-05-30 14:00:00
2024-05-30 15:00:00,19.088686,72.867919,11,VABB,270.0,1.5,,2000.0,31.6,26.6,1006.5,0,0,0,0,0,2024-05-30 15:00:00
2024-05-30 15:00:00,19.088686,72.867919,11,VABB,240.0,5.1,762.0,3500.0,31.0,27.0,,0,1,0,0,0,2024-05-30 15:00:00
2024-05-30 15:30:00,19.088686,72.867919,11,VABB,230.0,4.6,762.0,3000.0,31.0,27.0,,0,1,0,0,0,2024-05-30 15:00:00
2024-05-30 16:00:00,19.088686,72.867919,11,VABB,230.0,3.6,762.0,3000.0,31.0,27.0,,0,1,0,0,0,2024-05-30 16:00:00
2024-05-30 16:30:00,19.088686,72.867919,11,VABB,220.0,4.6,762.0,3000.0,31.0,27.0,,0,1,0,0,0,2024-05-30 16:00:00
2024-05-30 17:00:00,19.088686,72.867919,11,VABB,230.0,4.6,762.0,3000.0,31.0,27.0,,0,1,0,0,0,2024-05-30 17:00:00
2024-05-30 17:30:00,19.088686,72.867919,11,VABB,230.0,4.6,762.0,3000.0,31.0,27.0,,0,1,0,0,0,2024-05-30 17:00:00
2024-05-30 18:00:00,19.088686,72.867919,11,VABB,270.0,1.5,,2000.0,31.4,26.7,1007.4,0,0,0,0,0,2024-05-30 18:00:00
2024-05-30 18:00:00,19.088686,72.867919,11,VABB,250.0,4.1,762.0,3000.0,31.0,27.0,,0,1,0,0,0,2024-05-30 18:00:00
2024-05-30 18:30:00,19.088686,72.867919,11,VABB,240.0,3.6,762.0,3000.0,31.0,27.0,,0,1,0,0,0,2024-05-30 18:00:00
2024-05-30 19:00:00,19.088686,72.867919,11,VABB,230.0,3.1,762.0,3000.0,31.0,27.0,,1,0,0,0,0,2024-05-30 19:00:00
2024-05-30 19:30:00,19.088686,72.867919,11,VABB,240.0,4.1,762.0,3000.0,31.0,27.0,,1,0,0,0,0,2024-05-30 19:00:00
2024-05-30 20:00:00,19.088686,72.867919,11,VABB,250.0,3.6,762.0,3000.0,31.0,27.0,,1,0,0,0,0,2024-05-30 20:00:00
2024-05-30 20:30:00,19.088686,72.867919,11,VABB,260.0,3.6,762.0,3000.0,31.0,27.0,,1,0,0,0,0,2024-05-30 20:00:00
2024-05-30 21:00:00,19.088686,72.867919,11,VABB,,0.0,22000.0,2000.0,30.6,26.4,1005.3,0,0,0,0,0,2024-05-30 21:00:00
2024-05-30 21:00:00,19.088686,72.867919,11,VABB,240.0,3.6,2000.0,3000.0,31.0,27.0,,1,0,0,0,0,2024-05-30 21:00:00
2024-05-30 21:30:00,19.088686,72.867919,11,VABB,250.0,2.6,2000.0,3000.0,31.0,27.0,,1,0,0,0,0,2024-05-30 21:00:00
2024-05-30 22:00:00,19.088686,72.867919,11,VABB,240.0,2.6,2000.0,3000.0,31.0,27.0,,1,0,0,0,0,2024-05-30 22:00:00
2024-05-30 22:30:00,19.088686,72.867919,11,VABB,230.0,1.5,2000.0,3000.0,30.0,27.0,,1,0,0,0,0,2024-05-30 22:00:00
2024-05-30 23:00:00,19.088686,72.867919,11,VABB,230.0,3.1,2000.0,3000.0,31.0,27.0,,1,0,0,0,0,2024-05-30 23:00:00
2024-05-30 23:30:00,19.088686,72.867919,11,VABB,230.0,3.1,2000.0,3000.0,31.0,27.0,,1,0,0,0,0,2024-05-30 23:00:00
2024-05-31 00:00:00,19.088686,72.867919,11,VABB,,0.0,22000.0,2000.0,30.4,26.2,1005.9,0,0,0,0,0,2024-05-31 00:00:00
2024-05-31 00:00:00,19.088686,72.867919,11,VABB,250.0,3.1,2000.0,3000.0,30.0,27.0,,1,0,0,0,0,2024-05-31 00:00:00
2024-05-31 00:30:00,19.088686,72.867919,11,VABB,260.0,3.1,2000.0,3000.0,30.0,27.0,,1,0,0,0,0,2024-05-31 00:00:00
2024-05-31 01:00:00,19.088686,72.867919,11,VABB,290.0,1.5,2000.0,3000.0,31.0,27.0,,1,0,0,0,0,2024-05-31 01:00:00
2024-05-31 01:30:00,19.088686,72.867919,11,VABB,230.0,3.1,2500.0,3000.0,31.0,27.0,,1,0,0,0,0,2024-05-31 01:00:00
2024-05-31 02:00:00,19.088686,72.867919,11,VABB,260.0,2.1,2500.0,3000.0,31.0,27.0,,1,0,0,0,0,2024-05-31 02:00:00
2024-05-31 02:30:00,19.088686,72.867919,11,VABB,320.0,2.1,2500.0,3000.0,32.0,27.0,,0,1,0,0,0,2024-05-31 02:00:00
2024-05-31 03:00:00,19.088686,72.867919,11,VABB,,0.0,,2000.0,32.2,26.1,1007.6,0,0,0,0,0,2024-05-31 03:00:00
2024-05-31 03:00:00,19.088686,72.867919,11,VABB,230.0,3.1,762.0,3000.0,32.0,27.0,,0,1,0,0,0,2024-05-31 03:00:00
2024-05-31 03:30:00,19.088686,72.867919,11,VABB,280.0,2.1,762.0,3500.0,33.0,26.0,,0,1,0,0,0,2024-05-31 03:00:00
2024-05-31 04:00:00,19.088686,72.867919,11,VABB,250.0,4.1,762.0,4000.0,33.0,26.0,,0,1,0,0,0,2024-05-31 04:00:00
2024-05-31 04:30:00,19.088686,72.867919,11,VABB,310.0,1.5,762.0,4000.0,33.0,26.0,,0,1,0,0,0,2024-05-31 04:00:00
2024-05-31 05:00:00,19.088686,72.867919,11,VABB,280.0,2.6,762.0,4000.0,34.0,26.0,,0,1,0,0,0,2024-05-31 05:00:00
2024-05-31 05:30:00,19.088686,72.867919,11,VABB,280.0,4.1,762.0,4000.0,34.0,25.0,,0,1,0,0,0,2024-05-31 05:00:00
2024-05-31 06:00:00,19.088686,72.867919,11,VABB,270.0,1.5,,2000.0,34.8,24.0,1007.6,0,0,0,0,0,2024-05-31 06:00:00
2024-05-31 06:00:00,19.088686,72.867919,11,VABB,270.0,3.6,762.0,4000.0,34.0,25.0,,0,0,0,0,0,2024-05-31 06:00:00
2024-05-31 06:30:00,19.088686,72.867919,11,VABB,270.0,5.7,762.0,4000.0,34.0,26.0,,0,0,0,0,0,2024-05-31 06:00:00
2024-05-31 07:00:00,19.088686,72.867919,11,VABB,270.0,4.1,762.0,4000.0,34.0,26.0,,0,0,0,0,0,2024-05-31 07:00:00
2024-05-31 07:30:00,19.088686,72.867919,11,VABB,270.0,5.1,762.0,4000.0,34.0,25.0,,0,0,0,0,0,2024-05-31 07:00:00
2024-05-31 08:00:00,19.088686,72.867919,11,VABB,270.0,6.7,2000.0,4000.0,34.0,26.0,,0,0,0,0,0,2024-05-31 08:00:00
2024-05-31 08:30:00,19.088686,72.867919,11,VABB,280.0,5.1,2000.0,4000.0,34.0,26.0,,0,0,0,0,0,2024-05-31 08:00:00
2024-05-31 09:00:00,19.088686,72.867919,11,VABB,230.0,2.1,,2000.0,35.4,26.0,1005.7,0,0,0,0,0,2024-05-31 09:00:00
2024-05-31 09:00:00,19.088686,72.867919,11,VABB,280.0,4.6,762.0,4000.0,34.0,27.0,,0,1,0,0,0,2024-05-31 09:00:00
2024-05-31 09:30:00,19.088686,72.867919,11,VABB,240.0,7.2,762.0,4000.0,34.0,27.0,,0,1,0,0,0,2024-05-31 09:00:00
2024-05-31 10:00:00,19.088686,72.867919,11,VABB,240.0,5.7,762.0,4000.0,34.0,27.0,,0,1,0,0,0,2024-05-31 10:00:00
2024-05-31 10:30:00,19.088686,72.867919,11,VABB,260.0,3.6,762.0,4000.0,33.0,27.0,,0,1,0,0,1,2024-05-31 10:00:00
2024-05-31 11:00:00,19.088686,72.867919,11,VABB,260.0,3.6,762.0,4000.0,33.0,26.0,,0,1,0,0,1,2024-05-31 11:00:00
2024-05-31 11:30:00,19.088686,72.867919,11,VABB,250.0,6.2,762.0,4000.0,33.0,27.0,,0,1,0,0,0,2024-05-31 11:00:00
2024-05-31 12:00:00,19.088686,72.867919,11,VABB,270.0,1.5,,2000.0,34.0,25.3,1004.9,0,0,0,0,0,2024-05-31 12:00:00
2024-05-31 12:00:00,19.088686,72.867919,11,VABB,270.0,4.6,762.0,4000.0,33.0,26.0,,0,1,0,0,0,2024-05-31 12:00:00
2024-05-31 12:30:00,19.088686,72.867919,11,VABB,270.0,4.1,762.0,4000.0,32.0,26.0,,0,1,0,0,0,2024-05-31 12:00:00
2024-05-31 13:00:00,19.088686,72.867919,11,VABB,260.0,3.1,762.0,4000.0,32.0,27.0,,0,1,0,0,0,2024-05-31 13:00:00
2024-05-31 13:30:00,19.088686,72.867919,11,VABB,290.0,3.6,762.0,4000.0,32.0,27.0,,0,1,0,0,0,2024-05-31 13:00:00
2024-05-31 14:00:00,19.088686,72.867919,11,VABB,260.0,3.1,762.0,3500.0,32.0,27.0,,0,1,0,0,0,2024-05-31 14:00:00
2024-05-31 14:30:00,19.088686,72.867919,11,VABB,270.0,3.1,762.0,3000.0,32.0,27.0,,0,1,0,0,0,2024-05-31 14:00:00
2024-05-31 15:00:00,19.088686,72.867919,11,VABB,,0.0,,2000.0,31.8,26.2,1006.0,0,0,0,0,0,2024-05-31 15:00:00
2024-05-31 15:00:00,19.088686,72.867919,11,VABB,280.0,3.1,762.0,3000.0,31.0,27.0,,0,1,0,0,0,2024-05-31 15:00:00
2024-05-31 15:30:00,19.088686,72.867919,11,VABB,290.0,3.1,2000.0,3000.0,31.0,27.0,,0,1,0,0,0,2024-05-31 15:00:00
2024-05-31 16:00:00,19.088686,72.867919,11,VABB,240.0,4.6,2000.0,3000.0,31.0,27.0,,0,1,0,0,0,2024-05-31 16:00:00
2024-05-31 16:30:00,19.088686,72.867919,11,VABB,240.0,4.1,2000.0,3000.0,31.0,27.0,,0,1,0,0,0,2024-05-31 16:00:00
2024-05-31 17:00:00,19.088686,72.867919,11,VABB,230.0,3.1,762.0,3000.0,31.0,27.0,,0,1,0,0,0,2024-05-31 17:00:00
2024-05-31 17:30:00,19.088686,72.867919,11,VABB,240.0,4.1,762.0,3000.0,31.0,27.0,,0,1,0,0,0,2024-05-31 17:00:00
2024-05-31 18:00:00,19.088686,72.867919,11,VABB,,0.0,,2000.0,31.4,26.1,1006.4,0,0,0,0,0,2024-05-31 18:00:00
2024-05-31 18:00:00,19.088686,72.867919,11,VABB,240.0,4.6,762.0,3000.0,31.0,27.0,,0,1,0,0,0,2024-05-31 18:00:00
2024-05-31 18:30:00,19.088686,72.867919,11,VABB,240.0,3.6,762.0,3000.0,31.0,27.0,,0,1,0,0,0,2024-05-31 18:00:00
2024-05-31 19:00:00,19.088686,72.867919,11,VABB,260.0,4.1,762.0,3000.0,31.0,27.0,,1,0,0,0,0,2024-05-31 19:00:00
2024-05-31 19:30:00,19.088686,72.867919,11,VABB,250.0,3.6,762.0,3000.0,31.0,27.0,,1,0,0,0,0,2024-05-31 19:00:00
2024-05-31 20:00:00,19.088686,72.867919,11,VABB,240.0,4.6,762.0,3000.0,31.0,27.0,,1,0,0,0,0,2024-05-31 20:00:00
2024-05-31 20:30:00,19.088686,72.867919,11,VABB,270.0,3.6,762.0,3000.0,31.0,27.0,,1,0,0,0,0,2024-05-31 20:00:00
2024-05-31 21:00:00,19.088686,72.867919,11,VABB,,0.0,,2000.0,30.6,26.1,1004.4,0,0,0,0,0,2024-05-31 21:00:00
2024-05-31 21:00:00,19.088686,72.867919,11,VABB,270.0,2.6,762.0,3000.0,31.0,27.0,,1,0,0,0,0,2024-05-31 21:00:00
2024-05-31 21:30:00,19.088686,72.867919,11,VABB,230.0,4.6,762.0,3000.0,31.0,27.0,,1,0,0,0,0,2024-05-31 21:00:00
2024-05-31 22:00:00,19.088686,72.867919,11,VABB,240.0,4.1,762.0,3000.0,31.0,27.0,,1,0,0,0,0,2024-05-31 22:00:00
2024-05-31 22:30:00,19.088686,72.867919,11,VABB,240.0,4.1,762.0,3000.0,30.0,27.0,,1,0,0,0,0,2024-05-31 22:00:00
2024-05-31 23:00:00,19.088686,72.867919,11,VABB,250.0,3.6,2000.0,3000.0,30.0,27.0,,1,0,0,0,0,2024-05-31 23:00:00
2024-05-31 23:30:00,19.088686,72.867919,11,VABB,280.0,4.1,2000.0,3000.0,31.0,26.0,,1,0,0,0,0,2024-05-31 23:00:00
2024-06-01 00:00:00,19.088686,72.867919,11,VABB,,0.0,,2000.0,30.4,25.6,1005.6,0,0,0,0,0,2024-06-01 00:00:00
2024-06-01 00:00:00,19.088686,72.867919,11,VABB,260.0,3.1,2000.0,3000.0,30.0,27.0,,1,0,0,0,0,2024-06-01 00:00:00
2024-06-01 00:30:00,19.088686,72.867919,11,VABB,260.0,2.6,762.0,3000.0,30.0,27.0,,1,0,0,0,0,2024-06-01 00:00:00
2024-06-01 01:00:00,19.088686,72.867919,11,VABB,260.0,3.6,762.0,3000.0,30.0,27.0,,1,0,0,0,0,2024-06-01 01:00:00
2024-06-01 01:30:00,19.088686,72.867919,11,VABB,240.0,3.6,762.0,3500.0,31.0,27.0,,1,0,0,0,0,2024-06-01 01:00:00
2024-06-01 02:00:00,19.088686,72.867919,11,VABB,270.0,2.6,762.0,3500.0,31.0,27.0,,1,0,0,0,0,2024-06-01 02:00:00
2024-06-01 02:30:00,19.088686,72.867919,11,VABB,250.0,3.6,762.0,3500.0,31.0,26.0,,1,0,0,0,0,2024-06-01 02:00:00
2024-06-01 03:00:00,19.088686,72.867919,11,VABB,,0.0,,2000.0,31.8,25.9,1007.1,0,0,0,0,0,2024-06-01 03:00:00
2024-06-01 03:00:00,19.088686,72.867919,11,VABB,250.0,4.6,762.0,4000.0,32.0,26.0,,1,0,0,0,0,2024-06-01 03:00:00
2024-06-01 03:30:00,19.088686,72.867919,11,VABB,230.0,3.1,762.0,4000.0,32.0,27.0,,1,0,0,0,0,2024-06-01 03:00:00
2024-06-01 04:00:00,19.088686,72.867919,11,VABB,280.0,3.6,762.0,4000.0,32.0,26.0,,0,1,0,0,0,2024-06-01 04:00:00
2024-06-01 04:30:00,19.088686,72.867919,11,VABB,270.0,4.1,762.0,4000.0,32.0,26.0,,0,1,0,0,0,2024-06-01 04:00:00
2024-06-01 05:00:00,19.088686,72.867919,11,VABB,270.0,4.6,762.0,4000.0,33.0,26.0,,0,1,0,0,0,2024-06-01 05:00:00
2024-06-01 05:30:00,19.088686,72.867919,11,VABB,250.0,5.1,762.0,4000.0,33.0,25.0,,0,1,0,0,0,2024-06-01 05:00:00
2024-06-01 06:00:00,19.088686,72.867919,11,VABB,,0.0,22000.0,2000.0,34.4,25.1,1007.0,0,0,0,0,0,2024-06-01 06:00:00
2024-06-01 06:00:00,19.088686,72.867919,11,VABB,270.0,5.1,762.0,5000.0,33.0,26.0,,0,1,0,0,0,2024-06-01 06:00:00
2024-06-01 06:30:00,19.088686,72.867919,11,VABB,260.0,4.6,762.0,5000.0,34.0,26.0,,0,1,0,0,0,2024-06-01 06:00:00
2024-06-01 07:00:00,19.088686,72.867919,11,VABB,250.0,6.7,762.0,5000.0,34.0,26.0,,0,1,0,0,0,2024-06-01 07:00:00
2024-06-01 07:30:00,19.088686,72.867919,11,VABB,260.0,5.7,762.0,5000.0,34.0,26.0,,0,1,0,0,0,2024-06-01 07:00:00
2024-06-01 08:00:00,19.088686,72.867919,11,VABB,270.0,4.1,762.0,5000.0,34.0,26.0,,0,1,0,0,0,2024-06-01 08:00:00
2024-06-01 08:30:00,19.088686,72.867919,11,VABB,250.0,3.6,762.0,5000.0,34.0,27.0,,0,1,0,0,1,2024-06-01 08:00:00
2024-06-01 09:00:00,19.088686,72.867919,11,VABB,230.0,2.6,,2000.0,35.4,26.6,1005.4,0,0,0,0,0,2024-06-01 09:00:00
2024-06-01 09:00:00,19.088686,72.867919,11,VABB,260.0,6.2,762.0,5000.0,34.0,26.0,,0,1,0,0,0,2024-06-01 09:00:00
2024-06-01 09:30:00,19.088686,72.867919,11,VABB,270.0,5.7,762.0,5000.0,34.0,26.0,,0,1,0,0,0,2024-06-01 09:00:00
2024-06-01 10:00:00,19.088686,72.867919,11,VABB,270.0,4.1,762.0,5000.0,34.0,26.0,,0,1,0,0,0,2024-06-01 10:00:00
2024-06-01 10:30:00,19.088686,72.867919,11,VABB,250.0,6.2,2500.0,5000.0,34.0,26.0,,0,1,0,0,0,2024-06-01 10:00:00
2024-06-01 11:00:00,19.088686,72.867919,11,VABB,270.0,5.7,2000.0,5000.0,34.0,25.0,,0,1,0,0,0,2024-06-01 11:00:00
2024-06-01 11:30:00,19.088686,72.867919,11,VABB,270.0,5.7,762.0,5000.0,33.0,26.0,,0,1,0,0,0,2024-06-01 11:00:00
2024-06-01 12:00:00,19.088686,72.867919,11,VABB,270.0,2.6,22000.0,2000.0,35.0,26.7,1004.9,0,0,0,0,0,2024-06-01 12:00:00
2024-06-01 12:00:00,19.088686,72.867919,11,VABB,260.0,4.6,762.0,4000.0,33.0,26.0,,0,1,0,0,0,2024-06-01 12:00:00
2024-06-01 12:30:00,19.088686,72.867919,11,VABB,220.0,4.6,762.0,4000.0,33.0,27.0,,0,1,0,0,0,2024-06-01 12:00:00
2024-06-01 13:00:00,19.088686,72.867919,11,VABB,260.0,5.7,762.0,4000.0,32.0,27.0,,0,1,0,0,0,2024-06-01 13:00:00
2024-06-01 13:30:00,19.088686,72.867919,11,VABB,250.0,4.1,762.0,3500.0,32.0,26.0,,0,1,0,0,0,2024-06-01 13:00:00
2024-06-01 14:00:00,19.088686,72.867919,11,VABB,240.0,4.1,2000.0,3500.0,32.0,26.0,,0,1,0,0,0,2024-06-01 14:00:00
2024-06-01 14:30:00,19.088686,72.867919,11,VABB,230.0,4.1,2000.0,3500.0,32.0,27.0,,0,1,0,0,0,2024-06-01 14:00:00
2024-06-01 15:00:00,19.088686,72.867919,11,VABB,,0.0,22000.0,2000.0,31.8,26.5,1005.7,0,0,0,0,0,2024-06-01 15:00:00
2024-06-01 15:00:00,19.088686,72.867919,11,VABB,240.0,4.6,762.0,3500.0,31.0,27.0,,1,0,0,0,0,2024-06-01 15:00:00
2024-06-01 15:30:00,19.088686,72.867919,11,VABB,230.0,4.6,762.0,3500.0,31.0,27.0,,1,0,0,0,0,2024-06-01 15:00:00
2024-06-01 16:00:00,19.088686,72.867919,11,VABB,220.0,3.6,762.0,3500.0,31.0,27.0,,1,0,0,0,0,2024-06-01 16:00:00
2024-06-01 16:30:00,19.088686,72.867919,11,VABB,220.0,4.1,762.0,3000.0,31.0,26.0,,0,1,0,0,0,2024-06-01 16:00:00
2024-06-01 17:00:00,19.088686,72.867919,11,VABB,230.0,4.1,762.0,3000.0,31.0,27.0,,1,0,0,0,0,2024-06-01 17:00:00
2024-06-01 17:30:00,19.088686,72.867919,11,VABB,240.0,4.6,762.0,3000.0,31.0,26.0,,1,0,0,0,0,2024-06-01 17:00:00
2024-06-01 18:00:00,19.088686,72.867919,11,VABB,270.0,1.5,22000.0,2000.0,31.2,25.3,1006.6,0,0,0,0,0,2024-06-01 18:00:00
2024-06-01 18:00:00,19.088686,72.867919,11,VABB,240.0,4.1,762.0,3000.0,31.0,26.0,,1,0,0,0,0,2024-06-01 18:00:00
2024-06-01 18:30:00,19.088686,72.867919,11,VABB,250.0,5.7,762.0,3000.0,31.0,26.0,,1,0,0,0,0,2024-06-01 18:00:00
2024-06-01 19:00:00,19.088686,72.867919,11,VABB,230.0,3.1,762.0,3000.0,31.0,27.0,,1,0,0,0,0,2024-06-01 19:00:00
2024-06-01 19:30:00,19.088686,72.867919,11,VABB,240.0,3.6,762.0,3000.0,31.0,27.0,,1,0,0,0,0,2024-06-01 19:00:00
2024-06-01 20:00:00,19.088686,72.867919,11,VABB,250.0,5.1,762.0,3000.0,32.0,27.0,,1,0,0,0,0,2024-06-01 20:00:00
2024-06-01 20:30:00,19.088686,72.867919,11,VABB,220.0,3.1,762.0,3000.0,31.0,26.0,,1,0,0,0,0,2024-06-01 20:00:00
2024-06-01 21:00:00,19.088686,72.867919,11,VABB,,0.0,22000.0,2000.0,31.0,25.4,1005.5,0,0,0,0,0,2024-06-01 21:00:00
2024-06-01 21:00:00,19.088686,72.867919,11,VABB,230.0,3.1,762.0,3000.0,31.0,26.0,,1,0,0,0,0,2024-06-01 21:00:00
2024-06-01 21:30:00,19.088686,72.867919,11,VABB,240.0,4.1,762.0,3000.0,31.0,26.0,,1,0,0,0,0,2024-06-01 21:00:00
2024-06-01 22:00:00,19.088686,72.867919,11,VABB,240.0,2.6,762.0,3000.0,31.0,26.0,,1,0,0,0,0,2024-06-01 22:00:00
2024-06-01 22:30:00,19.088686,72.867919,11,VABB,220.0,2.6,762.0,3000.0,31.0,26.0,,1,0,0,0,0,2024-06-01 22:00:00
2024-06-01 23:00:00,19.088686,72.867919,11,VABB,240.0,3.1,762.0,3000.0,31.0,26.0,,1,0,0,0,0,2024-06-01 23:00:00
2024-06-01 23:30:00,19.088686,72.867919,11,VABB,230.0,3.1,762.0,3000.0,31.0,26.0,,1,0,0,0,0,2024-06-01 23:00:00
2024-06-02 00:00:00,19.088686,72.867919,11,VABB,,0.0,22000.0,2000.0,30.6,24.9,1006.1,0,0,0,0,0,2024-06-02 00:00:00
2024-06-02 00:00:00,19.088686,72.867919,11,VABB,230.0,2.6,762.0,3000.0,31.0,26.0,,1,0,0,0,0,2024-06-02 00:00:00
2024-06-02 00:30:00,19.088686,72.867919,11,VABB,220.0,2.6,762.0,3000.0,31.0,26.0,,1,0,0,0,0,2024-06-02 00:00:00
2024-06-02 01:00:00,19.088686,72.867919,11,VABB,230.0,2.6,2000.0,3000.0,31.0,26.0,,1,0,0,0,0,2024-06-02 01:00:00
2024-06-02 01:30:00,19.088686,72.867919,11,VABB,250.0,3.6,2000.0,3000.0,31.0,26.0,,1,0,0,0,0,2024-06-02 01:00:00
2024-06-02 02:00:00,19.088686,72.867919,11,VABB,230.0,3.1,762.0,3000.0,31.0,26.0,,0,1,0,0,0,2024-06-02 02:00:00
2024-06-02 02:30:00,19.088686,72.867919,11,VABB,250.0,3.1,762.0,3000.0,32.0,26.0,,0,1,0,0,0,2024-06-02 02:00:00
2024-06-02 03:00:00,19.088686,72.867919,11,VABB,,0.0,750.0,2000.0,32.6,26.2,1007.4,0,0,0,0,0,2024-06-02 03:00:00
2024-06-02 03:00:00,19.088686,72.867919,11,VABB,240.0,4.6,762.0,3000.0,32.0,27.0,,0,1,0,0,0,2024-06-02 03:00:00
2024-06-02 03:30:00,19.088686,72.867919,11,VABB,210.0,2.1,762.0,3000.0,32.0,26.0,,0,1,0,0,0,2024-06-02 03:00:00
2024-06-02 04:00:00,19.088686,72.867919,11,VABB,250.0,4.6,762.0,3000.0,33.0,26.0,,0,1,0,0,0,2024-06-02 04:00:00
2024-06-02 04:30:00,19.088686,72.867919,11,VABB,280.0,3.1,762.0,3000.0,33.0,25.0,,0,1,0,0,0,2024-06-02 04:00:00
2024-06-02 05:00:00,19.088686,72.867919,11,VABB,240.0,4.1,762.0,3500.0,33.0,25.0,,0,1,0,0,0,2024-06-02 05:00:00
2024-06-02 05:30:00,19.088686,72.867919,11,VABB,240.0,4.1,762.0,3500.0,33.0,24.0,,0,1,0,0,0,2024-06-02 05:00:00
2024-06-02 05:33:00,19.088686,72.867919,11,VABB,240.0,4.1,762.0,4000.0,33.0,24.0,,0,1,0,0,0,2024-06-02 05:00:00
2024-06-02 06:00:00,19.088686,72.867919,11,VABB,270.0,2.6,,2000.0,34.6,24.7,1007.2,0,0,0,0,0,2024-06-02 06:00:00
2024-06-02 06:00:00,19.088686,72.867919,11,VABB,260.0,4.6,762.0,4000.0,34.0,25.0,,0,1,0,0,0,2024-06-02 06:00:00
2024-06-02 06:30:00,19.088686,72.867919,11,VABB,250.0,5.7,762.0,4000.0,34.0,26.0,,0,1,0,0,0,2024-06-02 06:00:00
2024-06-02 07:00:00,19.088686,72.867919,11,VABB,260.0,4.6,762.0,4000.0,34.0,25.0,,0,1,0,0,0,2024-06-02 07:00:00
2024-06-02 07:30:00,19.088686,72.867919,11,VABB,260.0,3.6,2000.0,4000.0,34.0,25.0,,0,1,0,0,1,2024-06-02 07:00:00
2024-06-02 08:00:00,19.088686,72.867919,11,VABB,260.0,5.7,2000.0,4000.0,34.0,26.0,,0,1,0,0,0,2024-06-02 08:00:00
2024-06-02 08:30:00,19.088686,72.867919,11,VABB,270.0,5.1,2000.0,4000.0,34.0,25.0,,0,1,0,0,0,2024-06-02 08:00:00
2024-06-02 09:00:00,19.088686,72.867919,11,VABB,230.0,2.1,22000.0,2000.0,35.2,24.1,1005.7,0,0,0,0,0,2024-06-02 09:00:00
2024-06-02 09:00:00,19.088686,72.867919,11,VABB,260.0,3.6,2000.0,5000.0,34.0,25.0,,0,1,0,0,1,2024-06-02 09:00:00
2024-06-02 09:30:00,19.088686,72.867919,11,VABB,280.0,7.2,2000.0,5000.0,34.0,25.0,,0,1,0,0,0,2024-06-02 09:00:00
2024-06-02 10:00:00,19.088686,72.867919,11,VABB,260.0,4.1,2000.0,5000.0,34.0,25.0,,0,1,0,0,1,2024-06-02 10:00:00
2024-06-02 10:30:00,19.088686,72.867919,11,VABB,270.0,3.6,2000.0,5000.0,33.0,25.0,,0,1,0,0,1,2024-06-02 10:00:00
2024-06-02 11:00:00,19.088686,72.867919,11,VABB,270.0,5.1,2000.0,5000.0,33.0,26.0,,0,1,0,0,0,2024-06-02 11:00:00
2024-06-02 11:30:00,19.088686,72.867919,11,VABB,300.0,4.1,2000.0,5000.0,33.0,26.0,,0,1,0,0,0,2024-06-02 11:00:00
2024-06-02 12:00:00,19.088686,72.867919,11,VABB,270.0,1.5,22000.0,2000.0,33.8,24.4,1004.6,0,0,0,0,0,2024-06-02 12:00:00
2024-06-02 12:00:00,19.088686,72.867919,11,VABB,290.0,5.7,2000.0,5000.0,33.0,25.0,,0,1,0,0,0,2024-06-02 12:00:00
2024-06-02 12:30:00,19.088686,72.867919,11,VABB,270.0,5.7,2000.0,5000.0,33.0,26.0,,0,1,0,0,0,2024-06-02 12:00:00
2024-06-02 13:00:00,19.088686,72.867919,11,VABB,270.0,5.1,2000.0,5000.0,32.0,26.0,,0,1,0,0,0,2024-06-02 13:00:00
2024-06-02 13:30:00,19.088686,72.867919,11,VABB,280.0,5.7,2000.0,5000.0,32.0,26.0,,0,1,0,0,0,2024-06-02 13:00:00
2024-06-02 14:00:00,19.088686,72.867919,11,VABB,270.0,5.1,2000.0,4000.0,32.0,26.0,,0,1,0,0,0,2024-06-02 14:00:00
2024-06-02 14:30:00,19.088686,72.867919,11,VABB,270.0,4.1,2000.0,4000.0,31.0,26.0,,0,1,0,0,0,2024-06-02 14:00:00
2024-06-02 15:00:00,19.088686,72.867919,11,VABB,,0.0,,2000.0,31.6,25.1,1005.9,0,0,0,0,0,2024-06-02 15:00:00
2024-06-02 15:00:00,19.088686,72.867919,11,VABB,260.0,4.1,2000.0,3500.0,31.0,26.0,,0,1,0,0,0,2024-06-02 15:00:00
2024-06-02 15:30:00,19.088686,72.867919,11,VABB,230.0,3.6,2000.0,3500.0,31.0,26.0,,0,1,0,0,0,2024-06-02 15:00:00
2024-06-02 16:00:00,19.088686,72.867919,11,VABB,240.0,3.6,2000.0,3500.0,31.0,26.0,,0,1,0,0,0,2024-06-02 16:00:00
2024-06-02 16:30:00,19.088686,72.867919,11,VABB,230.0,3.1,2000.0,3000.0,31.0,26.0,,0,1,0,0,0,2024-06-02 16:00:00
2024-06-02 17:00:00,19.088686,72.867919,11,VABB,240.0,3.6,2000.0,3000.0,31.0,26.0,,0,1,0,0,0,2024-06-02 17:00:00
2024-06-02 17:30:00,19.088686,72.867919,11,VABB,220.0,3.1,2000.0,3000.0,31.0,26.0,,0,1,0,0,0,2024-06-02 17:00:00
2024-06-02 18:00:00,19.088686,72.867919,11,VABB,,0.0,22000.0,2000.0,31.4,25.5,1006.7,0,0,0,0,0,2024-06-02 18:00:00
2024-06-02 18:00:00,19.088686,72.867919,11,VABB,230.0,3.1,2000.0,3000.0,31.0,27.0,,0,1,0,0,0,2024-06-02 18:00:00
2024-06-02 18:30:00,19.088686,72.867919,11,VABB,220.0,3.1,2000.0,3000.0,31.0,27.0,,0,1,0,0,0,2024-06-02 18:00:00
2024-06-02 19:00:00,19.088686,72.867919,11,VABB,240.0,3.1,2000.0,3000.0,31.0,27.0,,0,1,0,0,0,2024-06-02 19:00:00
2024-06-02 19:30:00,19.088686,72.867919,11,VABB,240.0,3.6,2000.0,3000.0,31.0,27.0,,0,1,0,0,0,2024-06-02 19:00:00
2024-06-02 20:00:00,19.088686,72.867919,11,VABB,230.0,3.1,2000.0,3000.0,31.0,26.0,,0,1,0,0,0,2024-06-02 20:00:00
2024-06-02 20:30:00,19.088686,72.867919,11,VABB,220.0,2.6,2000.0,3000.0,31.0,26.0,,0,1,0,0,0,2024-06-02 20:00:00
2024-06-02 21:00:00,19.088686,72.867919,11,VABB,,0.0,22000.0,2000.0,31.0,25.7,1004.9,0,0,0,0,0,2024-06-02 21:00:00
2024-06-02 21:00:00,19.088686,72.867919,11,VABB,230.0,3.6,2000.0,3000.0,31.0,27.0,,0,1,0,0,0,2024-06-02 21:00:00
2024-06-02 21:30:00,19.088686,72.867919,11,VABB,250.0,3.1,2000.0,3000.0,31.0,26.0,,0,1,0,0,0,2024-06-02 21:00:00
2024-06-02 22:00:00,19.088686,72.867919,11,VABB,220.0,2.6,2000.0,3000.0,31.0,27.0,,0,1,0,0,0,2024-06-02 22:00:00
2024-06-02 22:30:00,19.088686,72.867919,11,VABB,220.0,2.1,2000.0,3000.0,31.0,27.0,,0,1,0,0,0,2024-06-02 22:00:00
2024-06-02 23:00:00,19.088686,72.867919,11,VABB,240.0,3.6,2000.0,3000.0,31.0,26.0,,0,1,0,0,0,2024-06-02 23:00:00
2024-06-02 23:30:00,19.088686,72.867919,11,VABB,240.0,4.1,2000.0,3000.0,31.0,26.0,,0,1,0,0,0,2024-06-02 23:00:00
2024-06-03 00:00:00,19.088686,72.867919,11,VABB,,0.0,22000.0,2000.0,31.0,25.4,1005.6,0,0,0,0,0,2024-06-03 00:00:00
2024-06-03 00:00:00,19.088686,72.867919,11,VABB,270.0,3.1,2000.0,3000.0,31.0,26.0,,0,1,0,0,0,2024-06-03 00:00:00
2024-06-03 00:30:00,19.088686,72.867919,11,VABB,310.0,3.1,762.0,3000.0,31.0,26.0,,0,1,0,0,0,2024-06-03 00:00:00
2024-06-03 01:00:00,19.088686,72.867919,11,VABB,290.0,3.1,762.0,3000.0,31.0,26.0,,0,1,0,0,0,2024-06-03 01:00:00
2024-06-03 01:30:00,19.088686,72.867919,11,VABB,270.0,3.1,3048.0,3000.0,31.0,26.0,,0,1,0,0,0,2024-06-03 01:00:00
2024-06-03 02:00:00,19.088686,72.867919,11,VABB,340.0,2.6,3048.0,3000.0,32.0,27.0,,0,1,0,0,0,2024-06-03 02:00:00
2024-06-03 02:30:00,19.088686,72.867919,11,VABB,20.0,1.5,762.0,3000.0,32.0,27.0,,0,1,0,0,0,2024-06-03 02:00:00
2024-06-03 03:00:00,19.088686,72.867919,11,VABB,,0.0,750.0,2000.0,32.2,25.5,1007.0,0,0,0,0,0,2024-06-03 03:00:00
2024-06-03 03:00:00,19.088686,72.867919,11,VABB,300.0,2.1,762.0,3000.0,32.0,26.0,,0,1,0,0,0,2024-06-03 03:00:00
2024-06-03 03:30:00,19.088686,72.867919,11,VABB,260.0,4.1,762.0,3000.0,32.0,26.0,,0,1,0,0,0,2024-06-03 03:00:00
2024-06-03 04:00:00,19.088686,72.867919,11,VABB,240.0,3.6,762.0,3000.0,32.0,26.0,,0,1,0,0,0,2024-06-03 04:00:00
2024-06-03 04:30:00,19.088686,72.867919,11,VABB,250.0,4.6,762.0,3500.0,33.0,27.0,,0,1,0,0,0,2024-06-03 04:00:00
2024-06-03 05:00:00,19.088686,72.867919,11,VABB,240.0,4.1,762.0,3500.0,32.0,27.0,,0,1,0,0,0,2024-06-03 05:00:00
2024-06-03 05:30:00,19.088686,72.867919,11,VABB,290.0,4.1,762.0,3500.0,33.0,26.0,,0,1,0,0,0,2024-06-03 05:00:00
2024-06-03 06:00:00,19.088686,72.867919,11,VABB,270.0,1.5,750.0,2000.0,34.2,24.9,1007.8,0,0,0,0,0,2024-06-03 06:00:00
2024-06-03 06:00:00,19.088686,72.867919,11,VABB,240.0,3.1,762.0,3500.0,32.0,26.0,,0,1,0,0,0,2024-06-03 06:00:00
2024-06-03 06:30:00,19.088686,72.867919,11,VABB,270.0,4.6,762.0,3000.0,33.0,26.0,,0,1,0,0,0,2024-06-03 06:00:00
2024-06-03 07:00:00,19.088686,72.867919,11,VABB,260.0,4.6,762.0,3000.0,33.0,26.0,,0,1,0,0,0,2024-06-03 07:00:00
2024-06-03 07:30:00,19.088686,72.867919,11,VABB,270.0,5.1,762.0,3500.0,33.0,26.0,,0,1,0,0,0,2024-06-03 07:00:00
2024-06-03 08:00:00,19.088686,72.867919,11,VABB,280.0,5.7,762.0,3500.0,34.0,26.0,,0,1,0,0,0,2024-06-03 08:00:00
2024-06-03 08:30:00,19.088686,72.867919,11,VABB,220.0,4.1,3048.0,3500.0,33.0,24.0,,0,1,0,0,0,2024-06-03 08:00:00
2024-06-03 09:00:00,19.088686,72.867919,11,VABB,270.0,2.6,,2000.0,35.0,25.2,1006.2,0,0,0,0,0,2024-06-03 09:00:00
2024-06-03 09:00:00,19.088686,72.867919,11,VABB,230.0,5.1,3048.0,4000.0,33.0,24.0,,0,0,0,0,0,2024-06-03 09:00:00
2024-06-03 09:30:00,19.088686,72.867919,11,VABB,230.0,4.6,2000.0,4000.0,33.0,24.0,,0,0,0,0,0,2024-06-03 09:00:00
2024-06-03 10:00:00,19.088686,72.867919,11,VABB,240.0,4.6,2000.0,4000.0,33.0,24.0,,0,0,0,0,0,2024-06-03 10:00:00
2024-06-03 10:30:00,19.088686,72.867919,11,VABB,250.0,5.7,762.0,4000.0,34.0,23.0,,0,0,0,0,0,2024-06-03 10:00:00
2024-06-03 11:00:00,19.088686,72.867919,11,VABB,260.0,4.6,762.0,4000.0,33.0,25.0,,0,0,0,0,0,2024-06-03 11:00:00
2024-06-03 11:30:00,19.088686,72.867919,11,VABB,250.0,5.7,762.0,4000.0,33.0,25.0,,0,1,0,0,0,2024-06-03 11:00:00
2024-06-03 12:00:00,19.088686,72.867919,11,VABB,270.0,2.6,750.0,2000.0,34.0,25.0,1004.9,0,0,0,0,0,2024-06-03 12:00:00
2024-06-03 12:00:00,19.088686,72.867919,11,VABB,270.0,5.1,762.0,4000.0,33.0,26.0,,0,1,0,0,0,2024-06-03 12:00:00
2024-06-03 12:30:00,19.088686,72.867919,11,VABB,250.0,5.7,762.0,4000.0,33.0,26.0,,0,1,0,0,0,2024-06-03 12:00:00
2024-06-03 13:00:00,19.088686,72.867919,11,VABB,270.0,4.6,3048.0,4000.0,32.0,25.0,,0,1,0,0,0,2024-06-03 13:00:00
2024-06-03 13:30:00,19.088686,72.867919,11,VABB,260.0,4.6,3048.0,4000.0,32.0,27.0,,0,1,0,0,0,2024-06-03 13:00:00
2024-06-03 14:00:00,19.088686,72.867919,11,VABB,250.0,4.6,3048.0,4000.0,32.0,26.0,,0,1,0,0,0,2024-06-03 14:00:00
2024-06-03 14:30:00,19.088686,72.867919,11,VABB,270.0,3.6,3048.0,4000.0,32.0,26.0,,0,1,0,0,0,2024-06-03 14:00:00
2024-06-03 15:00:00,19.088686,72.867919,11,VABB,,0.0,22000.0,2000.0,31.8,25.6,1006.0,0,0,0,0,0,2024-06-03 15:00:00
2024-06-03 15:00:00,19.088686,72.867919,11,VABB,280.0,3.6,3048.0,4000.0,32.0,26.0,,0,1,0,0,0,2024-06-03 15:00:00
2024-06-03 15:30:00,19.088686,72.867919,11,VABB,260.0,3.6,3048.0,3500.0,31.0,27.0,,0,1,0,0,0,2024-06-03 15:00:00
2024-06-03 16:00:00,19.088686,72.867919,11,VABB,290.0,3.6,3048.0,3500.0,32.0,26.0,,0,1,0,0,0,2024-06-03 16:00:00
2024-06-03 16:30:00,19.088686,72.867919,11,VABB,300.0,2.1,762.0,3500.0,32.0,26.0,,0,1,0,0,0,2024-06-03 16:00:00
2024-06-03 17:00:00,19.088686,72.867919,11,VABB,270.0,3.6,762.0,3500.0,31.0,26.0,,0,1,0,0,0,2024-06-03 17:00:00
2024-06-03 17:30:00,19.088686,72.867919,11,VABB,280.0,2.6,762.0,3500.0,31.0,26.0,,0,1,0,0,0,2024-06-03 17:00:00
2024-06-03 18:00:00,19.088686,72.867919,11,VABB,320.0,1.5,,2000.0,31.4,27.4,1007.8,0,0,0,0,0,2024-06-03 18:00:00
2024-06-03 18:00:00,19.088686,72.867919,11,VABB,240.0,3.6,762.0,3500.0,31.0,26.0,,0,1,0,0,0,2024-06-03 18:00:00
2024-06-03 18:30:00,19.088686,72.867919,11,VABB,260.0,4.1,762.0,3500.0,31.0,27.0,,0,1,0,0,0,2024-06-03 18:00:00
2024-06-03 19:00:00,19.088686,72.867919,11,VABB,260.0,3.6,762.0,3000.0,31.0,26.0,,1,0,0,0,0,2024-06-03 19:00:00
2024-06-03 19:30:00,19.088686,72.867919,11,VABB,270.0,3.6,762.0,3000.0,31.0,27.0,,1,0,0,0,0,2024-06-03 19:00:00
2024-06-03 20:00:00,19.088686,72.867919,11,VABB,280.0,3.1,762.0,3000.0,31.0,27.0,,1,0,0,0,0,2024-06-03 20:00:00
2024-06-03 20:30:00,19.088686,72.867919,11,VABB,290.0,2.6,762.0,3000.0,31.0,27.0,,1,0,0,0,0,2024-06-03 20:00:00
2024-06-03 22:00:00,19.088686,72.867919,11,VABB,280.0,2.6,762.0,3000.0,31.0,26.0,,1,0,0,0,0,2024-06-03 22:00:00
2024-06-03 22:30:00,19.088686,72.867919,11,VABB,260.0,2.6,762.0,3000.0,31.0,26.0,,1,0,0,0,0,2024-06-03 22:00:00
2024-06-03 23:00:00,19.088686,72.867919,11,VABB,200.0,2.6,762.0,3000.0,31.0,25.0,,0,1,0,0,0,2024-06-03 23:00:00
2024-06-03 23:30:00,19.088686,72.867919,11,VABB,350.0,2.1,762.0,3000.0,31.0,26.0,,0,1,0,0,0,2024-06-03 23:00:00
2024-06-04 00:00:00,19.088686,72.867919,11,VABB,,0.0,22000.0,2000.0,30.0,24.9,1006.5,0,0,0,0,0,2024-06-04 00:00:00
2024-06-04 00:00:00,19.088686,72.867919,11,VABB,60.0,2.1,762.0,3000.0,31.0,26.0,,0,1,0,0,0,2024-06-04 00:00:00
2024-06-04 00:30:00,19.088686,72.867919,11,VABB,70.0,2.6,2000.0,3500.0,32.0,26.0,,0,1,0,0,0,2024-06-04 00:00:00
2024-06-04 01:00:00,19.088686,72.867919,11,VABB,80.0,2.6,2000.0,3500.0,31.0,26.0,,0,1,0,0,0,2024-06-04 01:00:00
2024-06-04 01:30:00,19.088686,72.867919,11,VABB,60.0,2.6,2000.0,3500.0,31.0,26.0,,0,1,0,0,0,2024-06-04 01:00:00
2024-06-04 02:00:00,19.088686,72.867919,11,VABB,30.0,2.6,762.0,3500.0,32.0,26.0,,0,1,0,0,0,2024-06-04 02:00:00
2024-06-04 02:30:00,19.088686,72.867919,11,VABB,60.0,1.5,762.0,3000.0,32.0,26.0,,0,1,0,0,0,2024-06-04 02:00:00
2024-06-04 03:00:00,19.088686,72.867919,11,VABB,,0.0,,2000.0,32.2,25.5,1007.4,0,0,0,0,0,2024-06-04 03:00:00
2024-06-04 03:00:00,19.088686,72.867919,11,VABB,350.0,1.5,762.0,3000.0,32.0,25.0,,0,1,0,0,0,2024-06-04 03:00:00
2024-06-04 03:30:00,19.088686,72.867919,11,VABB,140.0,1.5,762.0,3000.0,32.0,24.0,,0,1,0,0,0,2024-06-04 03:00:00
2024-06-04 04:00:00,19.088686,72.867919,11,VABB,210.0,2.1,762.0,3000.0,33.0,25.0,,0,1,0,0,0,2024-06-04 04:00:00
2024-06-04 04:30:00,19.088686,72.867919,11,VABB,20.0,2.1,762.0,3000.0,34.0,24.0,,0,0,0,0,0,2024-06-04 04:00:00
2024-06-04 05:00:00,19.088686,72.867919,11,VABB,280.0,3.1,762.0,3000.0,34.0,24.0,,0,0,0,0,0,2024-06-04 05:00:00
2024-06-04 05:30:00,19.088686,72.867919,11,VABB,260.0,3.6,762.0,3500.0,34.0,24.0,,0,0,0,0,0,2024-06-04 05:00:00
2024-06-04 06:00:00,19.088686,72.867919,11,VABB,,0.0,,2000.0,35.2,23.5,1008.1,0,0,0,0,0,2024-06-04 06:00:00
2024-06-04 06:00:00,19.088686,72.867919,11,VABB,260.0,5.1,762.0,3500.0,35.0,23.0,,0,0,0,0,0,2024-06-04 06:00:00
2024-06-04 06:30:00,19.088686,72.867919,11,VABB,240.0,5.7,762.0,4000.0,34.0,23.0,,0,0,0,0,0,2024-06-04 06:00:00
2024-06-04 07:00:00,19.088686,72.867919,11,VABB,260.0,3.6,2000.0,4000.0,34.0,24.0,,0,0,0,0,1,2024-06-04 07:00:00
2024-06-04 07:30:00,19.088686,72.867919,11,VABB,260.0,6.2,2000.0,4000.0,34.0,25.0,,0,0,0,0,0,2024-06-04 07:00:00
2024-06-04 08:00:00,19.088686,72.867919,11,VABB,260.0,6.7,2000.0,4000.0,35.0,24.0,,0,0,0,0,0,2024-06-04 08:00:00
2024-06-04 08:30:00,19.088686,72.867919,11,VABB,240.0,7.2,2000.0,4000.0,35.0,26.0,,0,0,0,0,0,2024-06-04 08:00:00
2024-06-04 09:00:00,19.088686,72.867919,11,VABB,320.0,2.6,,2000.0,35.0,25.2,1006.7,0,0,0,0,0,2024-06-04 09:00:00
2024-06-04 09:00:00,19.088686,72.867919,11,VABB,260.0,3.6,3048.0,4000.0,34.0,26.0,,0,0,0,0,1,2024-06-04 09:00:00
2024-06-04 09:30:00,19.088686,72.867919,11,VABB,250.0,4.6,3048.0,4000.0,34.0,26.0,,0,0,0,0,1,2024-06-04 09:00:00
2024-06-04 10:00:00,19.088686,72.867919,11,VABB,270.0,4.1,3048.0,4000.0,33.0,26.0,,0,0,0,0,1,2024-06-04 10:00:00
2024-06-04 10:30:00,19.088686,72.867919,11,VABB,270.0,5.1,762.0,4000.0,33.0,27.0,,0,1,0,0,1,2024-06-04 10:00:00
2024-06-04 11:00:00,19.088686,72.867919,11,VABB,260.0,4.1,762.0,4000.0,33.0,26.0,,0,1,0,0,1,2024-06-04 11:00:00
2024-06-04 11:30:00,19.088686,72.867919,11,VABB,260.0,5.7,762.0,4000.0,33.0,26.0,,0,1,0,0,0,2024-06-04 11:00:00
2024-06-04 12:00:00,19.088686,72.867919,11,VABB,320.0,2.6,750.0,2000.0,34.4,25.4,1005.2,0,0,0,0,0,2024-06-04 12:00:00
2024-06-04 12:00:00,19.088686,72.867919,11,VABB,280.0,3.6,762.0,4000.0,33.0,27.0,,0,1,0,0,1,2024-06-04 12:00:00
2024-06-04 12:30:00,19.088686,72.867919,11,VABB,270.0,6.7,762.0,4000.0,33.0,27.0,,0,1,0,0,0,2024-06-04 12:00:00
2024-06-04 13:00:00,19.088686,72.867919,11,VABB,270.0,6.2,762.0,4000.0,32.0,27.0,,0,1,0,0,0,2024-06-04 13:00:00
2024-06-04 13:30:00,19.088686,72.867919,11,VABB,270.0,4.1,762.0,3500.0,32.0,26.0,,0,1,0,0,0,2024-06-04 13:00:00
2024-06-04 14:00:00,19.088686,72.867919,11,VABB,260.0,4.6,3048.0,3500.0,32.0,26.0,,0,1,0,0,0,2024-06-04 14:00:00
2024-06-04 14:30:00,19.088686,72.867919,11,VABB,250.0,4.1,3048.0,3000.0,32.0,25.0,,0,1,0,0,0,2024-06-04 14:00:00
2024-06-04 15:00:00,19.088686,72.867919,11,VABB,,0.0,22000.0,2000.0,32.0,25.2,1007.0,0,0,0,0,0,2024-06-04 15:00:00
2024-06-04 15:00:00,19.088686,72.867919,11,VABB,260.0,4.1,762.0,3000.0,32.0,26.0,,0,1,0,0,0,2024-06-04 15:00:00
2024-06-04 15:30:00,19.088686,72.867919,11,VABB,250.0,3.6,762.0,3000.0,32.0,26.0,,0,1,0,0,0,2024-06-04 15:00:00
2024-06-04 16:00:00,19.088686,72.867919,11,VABB,240.0,3.1,762.0,3000.0,32.0,26.0,,0,1,0,0,0,2024-06-04 16:00:00
2024-06-04 16:30:00,19.088686,72.867919,11,VABB,230.0,3.1,762.0,3000.0,32.0,26.0,,0,1,0,0,0,2024-06-04 16:00:00
2024-06-04 17:00:00,19.088686,72.867919,11,VABB,240.0,3.1,762.0,3000.0,32.0,26.0,,0,1,0,0,0,2024-06-04 17:00:00
2024-06-04 17:30:00,19.088686,72.867919,11,VABB,230.0,3.1,762.0,3000.0,32.0,26.0,,0,1,0,0,0,2024-06-04 17:00:00
2024-06-04 18:00:00,19.088686,72.867919,11,VABB,,0.0,22000.0,2000.0,31.6,25.4,1008.0,0,0,0,0,0,2024-06-04 18:00:00
2024-06-04 18:00:00,19.088686,72.867919,11,VABB,240.0,3.6,762.0,3000.0,32.0,26.0,,0,1,0,0,0,2024-06-04 18:00:00
2024-06-04 18:30:00,19.088686,72.867919,11,VABB,240.0,4.1,762.0,3000.0,32.0,26.0,,0,1,0,0,0,2024-06-04 18:00:00
2024-06-04 19:00:00,19.088686,72.867919,11,VABB,230.0,3.6,762.0,3000.0,31.0,26.0,,0,1,0,0,0,2024-06-04 19:00:00
2024-06-04 19:30:00,19.088686,72.867919,11,VABB,230.0,1.5,762.0,3000.0,31.0,27.0,,0,1,0,0,0,2024-06-04 19:00:00
2024-06-04 20:00:00,19.088686,72.867919,11,VABB,250.0,3.6,762.0,3000.0,31.0,27.0,,0,1,0,0,0,2024-06-04 20:00:00
2024-06-04 20:30:00,19.088686,72.867919,11,VABB,240.0,3.1,762.0,3000.0,31.0,27.0,,0,1,0,0,0,2024-06-04 20:00:00
2024-06-04 21:00:00,19.088686,72.867919,11,VABB,,0.0,750.0,2000.0,31.2,25.6,1006.7,0,0,0,0,0,2024-06-04 21:00:00
2024-06-04 21:00:00,19.088686,72.867919,11,VABB,250.0,3.6,762.0,3000.0,31.0,27.0,,0,1,0,0,0,2024-06-04 21:00:00
2024-06-04 21:30:00,19.088686,72.867919,11,VABB,260.0,2.6,762.0,3000.0,31.0,27.0,,0,1,0,0,0,2024-06-04 21:00:00
2024-06-04 22:00:00,19.088686,72.867919,11,VABB,230.0,2.6,762.0,3000.0,31.0,27.0,,0,1,0,0,0,2024-06-04 22:00:00
2024-06-04 22:30:00,19.088686,72.867919,11,VABB,200.0,1.5,762.0,3000.0,31.0,27.0,,1,0,0,0,0,2024-06-04 22:00:00
2024-06-04 23:00:00,19.088686,72.867919,11,VABB,210.0,2.6,762.0,3000.0,31.0,27.0,,1,0,0,0,0,2024-06-04 23:00:00
2024-06-04 23:30:00,19.088686,72.867919,11,VABB,230.0,2.6,762.0,3000.0,31.0,27.0,,1,0,0,0,0,2024-06-04 23:00:00
2024-06-05 00:00:00,19.088686,72.867919,11,VABB,,0.0,,2000.0,30.4,26.2,1006.5,0,0,0,0,0,2024-06-05 00:00:00
2024-06-05 00:00:00,19.088686,72.867919,11,VABB,310.0,2.1,762.0,3000.0,31.0,27.0,,1,0,0,0,0,2024-06-05 00:00:00
2024-06-05 00:30:00,19.088686,72.867919,11,VABB,30.0,1.5,3048.0,3000.0,31.0,27.0,,1,0,0,0,0,2024-06-05 00:00:00
2024-06-05 01:00:00,19.088686,72.867919,11,VABB,240.0,2.1,3048.0,2000.0,31.0,27.0,,0,0,1,0,0,2024-06-05 01:00:00
2024-06-05 01:30:00,19.088686,72.867919,11,VABB,20.0,3.1,2743.0,2000.0,31.0,27.0,,0,0,1,0,0,2024-06-05 01:00:00
2024-06-05 02:00:00,19.088686,72.867919,11,VABB,120.0,3.6,2743.0,2000.0,29.0,28.0,,0,0,1,0,0,2024-06-05 02:00:00
2024-06-05 02:30:00,19.088686,72.867919,11,VABB,0.0,0.0,2743.0,2200.0,30.0,27.0,,1,0,1,0,0,2024-06-05 02:00:00
2024-06-05 03:00:00,19.088686,72.867919,11,VABB,,0.0,750.0,2000.0,30.6,27.3,1008.4,0,0,0,0,0,2024-06-05 03:00:00
2024-06-05 03:00:00,19.088686,72.867919,11,VABB,170.0,3.1,2743.0,2200.0,30.0,28.0,,1,0,1,0,0,2024-06-05 03:00:00
2024-06-05 03:30:00,19.088686,72.867919,11,VABB,,1.0,2743.0,2500.0,30.0,28.0,,1,0,0,1,0,2024-06-05 03:00:00
2024-06-05 04:00:00,19.088686,72.867919,11,VABB,270.0,3.6,2743.0,2500.0,32.0,27.0,,1,0,0,0,0,2024-06-05 04:00:00
2024-06-05 04:30:00,19.088686,72.867919,11,VABB,280.0,3.1,762.0,3000.0,32.0,27.0,,0,1,0,0,0,2024-06-05 04:00:00
2024-06-05 05:00:00,19.088686,72.867919,11,VABB,280.0,4.1,762.0,3000.0,33.0,26.0,,0,1,0,0,0,2024-06-05 05:00:00
2024-06-05 05:30:00,19.088686,72.867919,11,VABB,280.0,4.1,762.0,3000.0,33.0,26.0,,0,1,0,0,0,2024-06-05 05:00:00
2024-06-05 06:00:00,19.088686,72.867919,11,VABB,270.0,2.6,,2000.0,34.6,24.4,1008.6,0,0,0,0,0,2024-06-05 06:00:00
2024-06-05 06:00:00,19.088686,72.867919,11,VABB,290.0,4.6,762.0,3500.0,34.0,25.0,,0,1,0,0,0,2024-06-05 06:00:00
2024-06-05 06:30:00,19.088686,72.867919,11,VABB,270.0,5.1,762.0,3500.0,34.0,24.0,,0,1,0,0,0,2024-06-05 06:00:00
2024-06-05 07:00:00,19.088686,72.867919,11,VABB,260.0,5.1,762.0,3500.0,34.0,26.0,,0,1,0,0,0,2024-06-05 07:00:00
2024-06-05 07:30:00,19.088686,72.867919,11,VABB,280.0,5.7,762.0,4000.0,34.0,25.0,,0,1,0,0,0,2024-06-05 07:00:00
2024-06-05 08:00:00,19.088686,72.867919,11,VABB,270.0,6.7,762.0,4000.0,34.0,26.0,,0,1,0,0,0,2024-06-05 08:00:00
2024-06-05 08:30:00,19.088686,72.867919,11,VABB,290.0,4.6,762.0,4000.0,34.0,24.0,,0,0,0,0,0,2024-06-05 08:00:00
2024-06-05 09:00:00,19.088686,72.867919,11,VABB,270.0,2.1,22000.0,2000.0,35.0,25.2,1006.5,0,0,0,0,0,2024-06-05 09:00:00
2024-06-05 09:00:00,19.088686,72.867919,11,VABB,280.0,4.1,762.0,4000.0,34.0,26.0,,0,0,0,0,1,2024-06-05 09:00:00
2024-06-05 09:30:00,19.088686,72.867919,11,VABB,280.0,6.2,762.0,4000.0,33.0,26.0,,0,1,0,0,0,2024-06-05 09:00:00
2024-06-05 10:00:00,19.088686,72.867919,11,VABB,280.0,4.1,762.0,4000.0,33.0,26.0,,0,1,0,0,1,2024-06-05 10:00:00
2024-06-05 10:30:00,19.088686,72.867919,11,VABB,290.0,4.1,762.0,4000.0,33.0,27.0,,0,1,0,0,1,2024-06-05 10:00:00
2024-06-05 11:00:00,19.088686,72.867919,11,VABB,260.0,6.7,762.0,4000.0,33.0,27.0,,0,1,0,0,0,2024-06-05 11:00:00
2024-06-05 11:30:00,19.088686,72.867919,11,VABB,260.0,6.7,762.0,4000.0,33.0,27.0,,0,1,0,0,0,2024-06-05 11:00:00
2024-06-05 12:00:00,19.088686,72.867919,11,VABB,320.0,2.6,750.0,2000.0,34.8,26.2,1005.0,0,0,0,0,0,2024-06-05 12:00:00
2024-06-05 12:00:00,19.088686,72.867919,11,VABB,260.0,6.2,762.0,4000.0,33.0,27.0,,0,1,0,0,0,2024-06-05 12:00:00
2024-06-05 12:30:00,19.088686,72.867919,11,VABB,290.0,3.6,762.0,4000.0,32.0,27.0,,0,1,0,0,0,2024-06-05 12:00:00
2024-06-05 13:00:00,19.088686,72.867919,11,VABB,260.0,5.1,762.0,4000.0,32.0,27.0,,0,1,0,0,0,2024-06-05 13:00:00
2024-06-05 13:30:00,19.088686,72.867919,11,VABB,260.0,4.6,762.0,3500.0,32.0,27.0,,0,1,0,0,0,2024-06-05 13:00:00
2024-06-05 14:00:00,19.088686,72.867919,11,VABB,280.0,4.6,762.0,3000.0,32.0,27.0,,0,1,0,0,0,2024-06-05 14:00:00
2024-06-05 14:30:00,19.088686,72.867919,11,VABB,250.0,4.1,762.0,3000.0,32.0,27.0,,0,1,0,0,0,2024-06-05 14:00:00
2024-06-05 15:00:00,19.088686,72.867919,11,VABB,,0.0,,2000.0,32.0,25.8,1006.7,0,0,0,0,0,2024-06-05 15:00:00
2024-06-05 15:00:00,19.088686,72.867919,11,VABB,250.0,5.1,762.0,3000.0,32.0,27.0,,0,1,0,0,0,2024-06-05 15:00:00
2024-06-05 15:30:00,19.088686,72.867919,11,VABB,260.0,5.1,762.0,3000.0,32.0,27.0,,0,1,0,0,0,2024-06-05 15:00:00
2024-06-05 16:00:00,19.088686,72.867919,11,VABB,250.0,4.6,762.0,3000.0,32.0,27.0,,0,1,0,0,0,2024-06-05 16:00:00
2024-06-05 16:30:00,19.088686,72.867919,11,VABB,250.0,4.1,762.0,3000.0,32.0,26.0,,1,0,0,0,0,2024-06-05 16:00:00
2024-06-05 17:00:00,19.088686,72.867919,11,VABB,240.0,3.6,762.0,3000.0,32.0,27.0,,1,0,0,0,0,2024-06-05 17:00:00
2024-06-05 17:30:00,19.088686,72.867919,11,VABB,230.0,2.6,762.0,3000.0,32.0,27.0,,1,0,0,0,0,2024-06-05 17:00:00
2024-06-05 18:00:00,19.088686,72.867919,11,VABB,,0.0,22000.0,2000.0,31.6,26.0,1007.9,0,0,0,0,0,2024-06-05 18:00:00
2024-06-05 18:00:00,19.088686,72.867919,11,VABB,240.0,4.1,762.0,3000.0,31.0,27.0,,1,0,0,0,0,2024-06-05 18:00:00
2024-06-05 18:30:00,19.088686,72.867919,11,VABB,240.0,3.1,762.0,3000.0,31.0,27.0,,1,0,0,0,0,2024-06-05 18:00:00
2024-06-05 19:00:00,19.088686,72.867919,11,VABB,250.0,3.1,762.0,3000.0,31.0,27.0,,1,0,0,0,0,2024-06-05 19:00:00
2024-06-05 19:30:00,19.088686,72.867919,11,VABB,230.0,2.6,762.0,3000.0,31.0,27.0,,1,0,0,0,0,2024-06-05 19:00:00
2024-06-05 20:00:00,19.088686,72.867919,11,VABB,270.0,1.5,762.0,3000.0,31.0,27.0,,1,0,0,0,0,2024-06-05 20:00:00
2024-06-05 20:30:00,19.088686,72.867919,11,VABB,270.0,3.6,762.0,3000.0,30.0,28.0,,1,0,0,0,0,2024-06-05 20:00:00
2024-06-05 21:00:00,19.088686,72.867919,11,VABB,,0.0,22000.0,2000.0,31.2,25.9,1007.2,0,0,0,0,0,2024-06-05 21:00:00
2024-06-05 21:00:00,19.088686,72.867919,11,VABB,250.0,4.1,762.0,2200.0,31.0,28.0,,1,0,0,0,0,2024-06-05 21:00:00
2024-06-05 21:02:00,19.088686,72.867919,11,VABB,250.0,4.1,762.0,2200.0,31.0,28.0,,1,0,0,0,0,2024-06-05 21:00:00
2024-06-05 21:30:00,19.088686,72.867919,11,VABB,250.0,4.1,762.0,2200.0,31.0,27.0,,1,0,0,0,0,2024-06-05 21:00:00
2024-06-05 21:31:00,19.088686,72.867919,11,VABB,260.0,3.6,762.0,2200.0,31.0,27.0,,1,0,0,0,0,2024-06-05 21:00:00
2024-06-05 22:00:00,19.088686,72.867919,11,VABB,270.0,3.1,762.0,2200.0,31.0,27.0,,1,0,0,0,0,2024-06-05 22:00:00
2024-06-05 22:30:00,19.088686,72.867919,11,VABB,280.0,3.6,762.0,2200.0,31.0,28.0,,1,0,0,0,0,2024-06-05 22:00:00
2024-06-05 23:00:00,19.088686,72.867919,11,VABB,280.0,2.6,762.0,2200.0,31.0,28.0,,1,0,0,0,0,2024-06-05 23:00:00
2024-06-05 23:30:00,19.088686,72.867919,11,VABB,280.0,2.1,762.0,2500.0,31.0,28.0,,1,0,0,0,0,2024-06-05 23:00:00
2024-06-06 00:00:00,19.088686,72.867919,11,VABB,,0.0,750.0,2000.0,31.0,26.0,1007.1,0,0,0,0,0,2024-06-06 00:00:00
2024-06-06 00:00:00,19.088686,72.867919,11,VABB,290.0,1.5,762.0,2500.0,31.0,27.0,,1,0,0,0,0,2024-06-06 00:00:00
2024-06-06 00:30:00,19.088686,72.867919,11,VABB,110.0,2.6,762.0,2500.0,30.0,28.0,,1,0,0,0,0,2024-06-06 00:00:00
2024-06-06 01:00:00,19.088686,72.867919,11,VABB,120.0,2.1,762.0,3000.0,30.0,28.0,,1,0,0,0,0,2024-06-06 01:00:00
2024-06-06 01:30:00,19.088686,72.867919,11,VABB,160.0,2.1,762.0,3000.0,30.0,28.0,,1,0,0,0,0,2024-06-06 01:00:00
2024-06-06 02:00:00,19.088686,72.867919,11,VABB,210.0,2.1,762.0,3000.0,31.0,28.0,,1,0,0,0,0,2024-06-06 02:00:00
2024-06-06 02:30:00,19.088686,72.867919,11,VABB,10.0,2.1,762.0,3000.0,32.0,27.0,,0,1,0,0,0,2024-06-06 02:00:00
2024-06-06 03:00:00,19.088686,72.867919,11,VABB,,0.0,750.0,2000.0,32.6,25.9,1009.0,0,0,0,0,0,2024-06-06 03:00:00
2024-06-06 03:00:00,19.088686,72.867919,11,VABB,260.0,1.5,762.0,3000.0,32.0,27.0,,0,1,0,0,0,2024-06-06 03:00:00
2024-06-06 03:30:00,19.088686,72.867919,11,VABB,270.0,3.6,2000.0,3000.0,32.0,27.0,,0,1,0,0,0,2024-06-06 03:00:00
2024-06-06 04:00:00,19.088686,72.867919,11,VABB,280.0,2.6,2000.0,3000.0,32.0,27.0,,0,1,1,0,0,2024-06-06 04:00:00
2024-06-06 04:30:00,19.088686,72.867919,11,VABB,250.0,4.1,2000.0,3000.0,32.0,27.0,,0,1,0,0,0,2024-06-06 04:00:00
2024-06-06 05:00:00,19.088686,72.867919,11,VABB,270.0,4.6,2000.0,3000.0,33.0,27.0,,0,1,0,0,0,2024-06-06 05:00:00
2024-06-06 05:30:00,19.088686,72.867919,11,VABB,260.0,6.2,762.0,3000.0,33.0,26.0,,0,1,0,0,0,2024-06-06 05:00:00
2024-06-06 06:00:00,19.088686,72.867919,11,VABB,320.0,3.1,,2000.0,34.6,25.4,1008.8,0,0,0,0,0,2024-06-06 06:00:00
2024-06-06 06:00:00,19.088686,72.867919,11,VABB,260.0,5.7,762.0,3000.0,34.0,26.0,,0,1,0,0,0,2024-06-06 06:00:00
2024-06-06 06:30:00,19.088686,72.867919,11,VABB,280.0,5.7,762.0,3500.0,34.0,26.0,,0,1,0,0,0,2024-06-06 06:00:00
2024-06-06 07:00:00,19.088686,72.867919,11,VABB,270.0,6.2,762.0,3500.0,34.0,26.0,,0,1,0,0,0,2024-06-06 07:00:00
2024-06-06 07:30:00,19.088686,72.867919,11,VABB,270.0,3.6,762.0,4000.0,33.0,27.0,,0,1,0,0,1,2024-06-06 07:00:00
2024-06-06 08:00:00,19.088686,72.867919,11,VABB,240.0,5.7,762.0,4000.0,33.0,25.0,,0,1,0,0,0,2024-06-06 08:00:00
2024-06-06 08:30:00,19.088686,72.867919,11,VABB,260.0,5.7,762.0,4000.0,33.0,25.0,,0,1,0,0,0,2024-06-06 08:00:00
2024-06-06 09:00:00,19.088686,72.867919,11,VABB,320.0,2.1,750.0,2000.0,35.2,25.7,1007.0,0,0,0,0,0,2024-06-06 09:00:00
2024-06-06 09:00:00,19.088686,72.867919,11,VABB,240.0,6.7,762.0,4000.0,32.0,25.0,,0,1,0,0,0,2024-06-06 09:00:00
2024-06-06 09:30:00,19.088686,72.867919,11,VABB,260.0,4.1,762.0,4000.0,33.0,25.0,,0,1,0,0,1,2024-06-06 09:00:00
2024-06-06 10:00:00,19.088686,72.867919,11,VABB,300.0,5.7,2000.0,4000.0,33.0,26.0,,0,1,0,0,0,2024-06-06 10:00:00
2024-06-06 10:30:00,19.088686,72.867919,11,VABB,290.0,4.1,2000.0,4000.0,33.0,27.0,,0,1,0,0,1,2024-06-06 10:00:00
2024-06-06 11:00:00,19.088686,72.867919,11,VABB,290.0,3.6,2000.0,4000.0,33.0,27.0,,0,1,0,0,1,2024-06-06 11:00:00
2024-06-06 11:12:00,19.088686,72.867919,11,VABB,280.0,6.7,762.0,4000.0,34.0,27.0,,0,1,0,0,0,2024-06-06 11:00:00
2024-06-06 11:30:00,19.088686,72.867919,11,VABB,290.0,6.7,2000.0,4000.0,33.0,27.0,,0,1,0,0,0,2024-06-06 11:00:00
2024-06-06 12:00:00,19.088686,72.867919,11,VABB,320.0,2.6,750.0,2000.0,33.8,25.7,1005.3,0,0,0,0,0,2024-06-06 12:00:00
2024-06-06 12:00:00,19.088686,72.867919,11,VABB,280.0,6.7,762.0,4000.0,34.0,27.0,,0,1,0,0,0,2024-06-06 12:00:00
2024-06-06 12:30:00,19.088686,72.867919,11,VABB,280.0,6.7,762.0,4000.0,33.0,27.0,,0,1,0,0,0,2024-06-06 12:00:00
2024-06-06 13:00:00,19.088686,72.867919,11,VABB,290.0,5.1,762.0,4000.0,32.0,27.0,,0,1,0,0,0,2024-06-06 13:00:00
2024-06-06 13:30:00,19.088686,72.867919,11,VABB,280.0,6.2,762.0,3500.0,32.0,27.0,,0,1,0,0,0,2024-06-06 13:00:00
2024-06-06 14:00:00,19.088686,72.867919,11,VABB,310.0,3.6,762.0,3500.0,32.0,27.0,,0,1,0,0,0,2024-06-06 14:00:00
2024-06-06 14:30:00,19.088686,72.867919,11,VABB,290.0,4.1,762.0,3500.0,32.0,27.0,,0,1,0,0,0,2024-06-06 14:00:00
2024-06-06 15:00:00,19.088686,72.867919,11,VABB,,0.0,,2000.0,31.6,25.7,1007.5,0,0,0,0,0,2024-06-06 15:00:00
2024-06-06 15:00:00,19.088686,72.867919,11,VABB,290.0,2.6,762.0,3000.0,32.0,26.0,,0,1,0,0,0,2024-06-06 15:00:00
2024-06-06 15:30:00,19.088686,72.867919,11,VABB,300.0,2.6,762.0,3000.0,32.0,26.0,,0,1,0,0,0,2024-06-06 15:00:00
2024-06-06 16:00:00,19.088686,72.867919,11,VABB,280.0,4.1,762.0,3000.0,32.0,27.0,,0,1,0,0,0,2024-06-06 16:00:00
2024-06-06 16:30:00,19.088686,72.867919,11,VABB,280.0,3.1,762.0,3000.0,31.0,27.0,,0,1,0,0,0,2024-06-06 16:00:00
2024-06-06 17:00:00,19.088686,72.867919,11,VABB,270.0,3.1,762.0,3000.0,31.0,27.0,,0,1,0,0,0,2024-06-06 17:00:00
2024-06-06 17:30:00,19.088686,72.867919,11,VABB,270.0,2.6,762.0,3000.0,31.0,27.0,,0,1,0,0,0,2024-06-06 17:00:00
2024-06-06 18:00:00,19.088686,72.867919,11,VABB,,0.0,22000.0,2000.0,31.4,25.8,1007.9,0,0,0,0,0,2024-06-06 18:00:00
2024-06-06 18:00:00,19.088686,72.867919,11,VABB,270.0,3.6,762.0,3000.0,31.0,26.0,,0,1,0,0,0,2024-06-06 18:00:00
2024-06-06 18:29:00,19.088686,72.867919,11,VABB,270.0,3.6,762.0,3000.0,31.0,26.0,,0,1,0,0,0,2024-06-06 18:00:00
2024-06-06 18:30:00,19.088686,72.867919,11,VABB,270.0,3.6,762.0,3000.0,31.0,26.0,,0,1,0,0,0,2024-06-06 18:00:00
2024-06-06 19:00:00,19.088686,72.867919,11,VABB,270.0,4.1,762.0,3000.0,31.0,27.0,,0,1,0,0,0,2024-06-06 19:00:00
2024-06-06 19:30:00,19.088686,72.867919,11,VABB,280.0,4.1,762.0,3000.0,31.0,26.0,,0,1,0,0,0,2024-06-06 19:00:00
2024-06-06 20:00:00,19.088686,72.867919,11,VABB,280.0,3.6,762.0,3000.0,31.0,26.0,,0,1,0,0,0,2024-06-06 20:00:00
2024-06-06 20:30:00,19.088686,72.867919,11,VABB,300.0,3.1,762.0,3000.0,31.0,26.0,,0,1,0,0,0,2024-06-06 20:00:00
2024-06-06 21:00:00,19.088686,72.867919,11,VABB,320.0,1.5,2400.0,2000.0,31.0,25.7,1007.2,0,0,0,0,0,2024-06-06 21:00:00
2024-06-06 21:00:00,19.088686,72.867919,11,VABB,290.0,3.1,762.0,3000.0,31.0,26.0,,0,1,0,0,0,2024-06-06 21:00:00
2024-06-06 21:30:00,19.088686,72.867919,11,VABB,320.0,2.6,762.0,3000.0,31.0,26.0,,0,1,0,0,0,2024-06-06 21:00:00
2024-06-06 22:00:00,19.088686,72.867919,11,VABB,280.0,4.1,762.0,3000.0,31.0,26.0,,0,1,0,0,0,2024-06-06 22:00:00
2024-06-06 22:30:00,19.088686,72.867919,11,VABB,290.0,4.1,3048.0,3000.0,31.0,26.0,,0,1,0,0,0,2024-06-06 22:00:00
2024-06-06 23:00:00,19.088686,72.867919,11,VABB,,,,,,,,0,0,0,0,0,2024-06-06 23:00:00
