valid,LATITUDE,LONGITUDE,ELEVATION,airport,wind_dir,wind_speed,cloud_base,visibility,temperature,dew_point,pressure,fog,haze,tempo,vrb,gusty,valid_hour
2024-01-01 00:00:00,28.584511,77.205783,215,VIDP,,0.0,,500,10.8,10.0,1018.9,0,0,0,0,0,2024-01-01 00:00:00
2024-01-01 06:00:00,28.584511,77.205783,215,VIDP,200.0,2.1,,500,13.4,10.3,1020.6,0,0,0,0,0,2024-01-01 06:00:00
2024-01-01 09:00:00,28.584511,77.205783,215,VIDP,200.0,2.6,,500,16.6,8.9,1017.1,0,0,0,0,0,2024-01-01 09:00:00
2024-01-01 12:00:00,28.584511,77.205783,215,VIDP,200.0,1.0,,500,12.6,8.6,1017.4,0,0,0,0,0,2024-01-01 12:00:00
2024-01-01 15:00:00,28.584511,77.205783,215,VIDP,,0.0,,500,11.2,8.8,1018.6,0,0,0,0,0,2024-01-01 15:00:00
2024-01-01 18:00:00,28.584511,77.205783,215,VIDP,,0.0,,500,10.4,8.8,1019.4,0,0,0,0,0,2024-01-01 18:00:00
2024-01-01 21:00:00,28.584511,77.205783,215,VIDP,,0.0,,500,9.6,8.8,1019.0,0,0,0,0,0,2024-01-01 21:00:00
2024-01-02 00:00:00,28.584511,77.205783,215,VIDP,180.0,1.0,,500,9.6,8.4,1017.9,0,0,0,0,0,2024-01-02 00:00:00
2024-01-02 03:00:00,28.584511,77.205783,215,VIDP,290.0,1.0,,500,10.0,7.5,1019.5,0,0,0,0,0,2024-01-02 03:00:00
2024-01-02 06:00:00,28.584511,77.205783,215,VIDP,200.0,1.0,,500,12.6,6.8,1020.2,0,0,0,0,0,2024-01-02 06:00:00
2024-01-02 09:00:00,28.584511,77.205783,215,VIDP,200.0,1.0,,1000,16.8,7.7,1016.5,0,0,0,0,0,2024-01-02 09:00:00
2024-01-02 12:00:00,28.584511,77.205783,215,VIDP,,0.0,,1000,14.9,7.1,1016.0,0,0,0,0,0,2024-01-02 12:00:00
2024-01-02 15:00:00,28.584511,77.205783,215,VIDP,200.0,1.0,,1000,9.0,7.7,1018.0,0,0,0,0,0,2024-01-02 15:00:00
2024-01-02 18:00:00,28.584511,77.205783,215,VIDP,,0.0,,500,9.0,8.2,1018.4,0,0,0,0,0,2024-01-02 18:00:00
2024-01-02 21:00:00,28.584511,77.205783,215,VIDP,200.0,1.0,,500,8.6,7.8,1018.1,0,0,0,0,0,2024-01-02 21:00:00
2024-01-03 00:00:00,28.584511,77.205783,215,VIDP,,0.0,,500,9.2,7.1,1018.1,0,0,0,0,0,2024-01-03 00:00:00
2024-01-03 03:00:00,28.584511,77.205783,215,VIDP,320.0,1.5,60.0,200,9.6,7.9,1019.6,0,0,0,0,0,2024-01-03 03:00:00
2024-01-03 06:00:00,28.584511,77.205783,215,VIDP,340.0,1.5,,500,11.2,9.2,1020.2,0,0,0,0,0,2024-01-03 06:00:00
2024-01-03 09:00:00,28.584511,77.205783,215,VIDP,,0.0,,500,15.2,8.1,1017.0,0,0,0,0,0,2024-01-03 09:00:00
2024-01-03 12:00:00,28.584511,77.205783,215,VIDP,290.0,1.0,,500,13.8,9.5,1016.7,0,0,0,0,0,2024-01-03 12:00:00
2024-01-03 15:00:00,28.584511,77.205783,215,VIDP,,0.0,,500,9.6,8.4,1017.6,0,0,0,0,0,2024-01-03 15:00:00
2024-01-03 18:00:00,28.584511,77.205783,215,VIDP,340.0,1.0,,500,9.4,8.6,1018.0,0,0,0,0,0,2024-01-03 18:00:00
2024-01-03 21:00:00,28.584511,77.205783,215,VIDP,340.0,2.1,,500,9.6,8.8,1017.8,0,0,0,0,0,2024-01-03 21:00:00
2024-01-04 00:00:00,28.584511,77.205783,215,VIDP,340.0,1.0,,500,9.4,8.6,1018.3,0,0,0,0,0,2024-01-04 00:00:00
2024-01-04 03:00:00,28.584511,77.205783,215,VIDP,340.0,2.6,,500,10.0,8.4,1020.5,0,0,0,0,0,2024-01-04 03:00:00
2024-01-04 06:00:00,28.584511,77.205783,215,VIDP,340.0,2.1,,500,12.0,9.2,1020.5,0,0,0,0,0,2024-01-04 06:00:00
2024-01-04 15:00:00,28.584511,77.205783,215,VIDP,320.0,2.1,120.0,500,10.8,9.2,1018.2,0,0,0,0,0,2024-01-04 15:00:00
2024-01-04 18:00:00,28.584511,77.205783,215,VIDP,340.0,1.5,120.0,500,10.2,9.0,1017.8,0,0,0,0,0,2024-01-04 18:00:00
2024-01-04 21:00:00,28.584511,77.205783,215,VIDP,340.0,1.5,120.0,500,9.8,8.6,1017.5,0,0,0,0,0,2024-01-04 21:00:00
2024-01-05 00:00:00,28.584511,77.205783,215,VIDP,,0.0,120.0,500,9.8,8.6,1017.7,0,0,0,0,0,2024-01-05 00:00:00
2024-01-05 03:00:00,28.584511,77.205783,215,VIDP,,0.0,60.0,200,11.6,10.4,1019.4,0,0,0,0,0,2024-01-05 03:00:00
2024-01-05 06:00:00,28.584511,77.205783,215,VIDP,340.0,1.0,120.0,500,13.4,11.1,1019.8,0,0,0,0,0,2024-01-05 06:00:00
2024-01-05 09:00:00,28.584511,77.205783,215,VIDP,,0.0,120.0,500,14.0,11.8,1017.3,0,0,0,0,0,2024-01-05 09:00:00
2024-01-05 12:00:00,28.584511,77.205783,215,VIDP,,0.0,120.0,500,13.0,11.9,1017.4,0,0,0,0,0,2024-01-05 12:00:00
2024-01-05 15:00:00,28.584511,77.205783,215,VIDP,,0.0,,500,12.6,11.5,1019.3,0,0,0,0,0,2024-01-05 15:00:00
2024-01-05 18:00:00,28.584511,77.205783,215,VIDP,,0.0,,500,11.6,11.2,1019.6,0,0,0,0,0,2024-01-05 18:00:00
2024-01-05 21:00:00,28.584511,77.205783,215,VIDP,,0.0,,500,10.4,10.4,1019.2,0,0,0,0,0,2024-01-05 21:00:00
2024-01-06 00:00:00,28.584511,77.205783,215,VIDP,,0.0,,500,9.6,9.6,1018.8,0,0,0,0,0,2024-01-06 00:00:00
2024-01-06 03:00:00,28.584511,77.205783,215,VIDP,,0.0,,500,10.4,10.4,1020.7,0,0,0,0,0,2024-01-06 03:00:00
2024-01-06 06:00:00,28.584511,77.205783,215,VIDP,,0.0,,500,12.8,9.3,1021.6,0,0,0,0,0,2024-01-06 06:00:00
2024-01-06 09:00:00,28.584511,77.205783,215,VIDP,340.0,1.5,22000.0,1000,14.7,9.4,1019.0,0,0,0,0,0,2024-01-06 09:00:00
2024-01-06 12:00:00,28.584511,77.205783,215,VIDP,,0.0,22000.0,500,13.5,9.5,1019.2,0,0,0,0,0,2024-01-06 12:00:00
2024-01-06 15:00:00,28.584511,77.205783,215,VIDP,,0.0,22000.0,500,11.7,9.0,1020.7,0,0,0,0,0,2024-01-06 15:00:00
2024-01-06 18:00:00,28.584511,77.205783,215,VIDP,,0.0,,500,8.4,7.6,1020.9,0,0,0,0,0,2024-01-06 18:00:00
2024-01-06 21:00:00,28.584511,77.205783,215,VIDP,,0.0,,500,8.0,7.1,1020.5,0,0,0,0,0,2024-01-06 21:00:00
2024-01-07 00:00:00,28.584511,77.205783,215,VIDP,,0.0,,500,9.8,7.7,1020.5,0,0,0,0,0,2024-01-07 00:00:00
2024-01-07 03:00:00,28.584511,77.205783,215,VIDP,360.0,1.5,,500,10.4,7.0,1020.5,0,0,0,0,0,2024-01-07 03:00:00
2024-01-07 03:00:00,28.584511,77.205783,215,VIDP,360.0,1.5,,600,10.0,7.0,,0,0,0,0,0,2024-01-07 03:00:00
2024-01-07 03:30:00,28.584511,77.205783,215,VIDP,350.0,1.5,10000.0,700,11.0,7.0,,0,0,0,0,0,2024-01-07 03:00:00
2024-01-07 06:00:00,28.584511,77.205783,215,VIDP,,0.0,22000.0,1000,13.8,8.2,1023.2,0,0,0,0,0,2024-01-07 06:00:00
2024-01-07 09:00:00,28.584511,77.205783,215,VIDP,,0.0,,1000,17.8,8.0,1019.5,0,0,0,0,0,2024-01-07 09:00:00
2024-01-07 12:00:00,28.584511,77.205783,215,VIDP,,0.0,,1000,16.2,11.0,1018.3,0,0,0,0,0,2024-01-07 12:00:00
2024-01-07 15:00:00,28.584511,77.205783,215,VIDP,,0.0,,500,12.4,10.9,1020.1,0,0,0,0,0,2024-01-07 15:00:00
2024-01-07 18:00:00,28.584511,77.205783,215,VIDP,,0.0,,500,11.0,9.8,1020.2,0,0,0,0,0,2024-01-07 18:00:00
2024-01-07 21:00:00,28.584511,77.205783,215,VIDP,,0.0,,500,7.6,7.2,1020.0,0,0,0,0,0,2024-01-07 21:00:00
2024-01-08 00:00:00,28.584511,77.205783,215,VIDP,,0.0,,500,7.2,7.2,1020.5,0,0,0,0,0,2024-01-08 00:00:00
2024-01-08 03:00:00,28.584511,77.205783,215,VIDP,,0.0,,500,10.0,9.2,1022.5,0,0,0,0,0,2024-01-08 03:00:00
2024-01-08 06:00:00,28.584511,77.205783,215,VIDP,,0.0,,500,11.8,9.4,1022.6,0,0,0,0,0,2024-01-08 06:00:00
2024-01-08 09:00:00,28.584511,77.205783,215,VIDP,360.0,1.5,22000.0,500,15.0,9.6,1020.1,0,0,0,0,0,2024-01-08 09:00:00
2024-01-08 12:00:00,28.584511,77.205783,215,VIDP,,0.0,,500,14.4,11.8,1018.7,0,0,0,0,0,2024-01-08 12:00:00
2024-01-08 15:00:00,28.584511,77.205783,215,VIDP,,0.0,,500,11.0,10.2,1019.8,0,0,0,0,0,2024-01-08 15:00:00
2024-01-08 18:00:00,28.584511,77.205783,215,VIDP,180.0,1.5,60.0,200,10.4,10.0,1020.1,0,0,0,0,0,2024-01-08 18:00:00
2024-01-08 21:00:00,28.584511,77.205783,215,VIDP,,0.0,60.0,200,9.6,9.2,1020.2,0,0,0,0,0,2024-01-08 21:00:00
2024-01-09 00:00:00,28.584511,77.205783,215,VIDP,,0.0,60.0,200,9.4,9.0,1019.9,0,0,0,0,0,2024-01-09 00:00:00
2024-01-09 03:00:00,28.584511,77.205783,215,VIDP,,0.0,120.0,500,11.2,9.6,1021.1,0,0,0,0,0,2024-01-09 03:00:00
2024-01-09 06:00:00,28.584511,77.205783,215,VIDP,160.0,2.6,120.0,500,11.8,9.8,1022.1,0,0,0,0,0,2024-01-09 06:00:00
2024-01-09 09:00:00,28.584511,77.205783,215,VIDP,180.0,2.6,120.0,500,12.8,9.7,1020.4,0,0,0,0,0,2024-01-09 09:00:00
2024-01-09 12:00:00,28.584511,77.205783,215,VIDP,180.0,2.6,3000.0,500,12.6,9.9,1019.5,0,0,0,0,0,2024-01-09 12:00:00
2024-01-09 15:00:00,28.584511,77.205783,215,VIDP,180.0,3.1,,1000,11.2,8.8,1020.7,0,0,0,0,0,2024-01-09 15:00:00
2024-01-09 18:00:00,28.584511,77.205783,215,VIDP,110.0,1.5,,500,10.4,8.8,1021.1,0,0,0,0,0,2024-01-09 18:00:00
2024-01-09 21:00:00,28.584511,77.205783,215,VIDP,200.0,2.1,,500,10.0,7.9,1020.8,0,0,0,0,0,2024-01-09 21:00:00
2024-01-10 00:00:00,28.584511,77.205783,215,VIDP,200.0,1.5,,500,8.6,7.3,1019.5,0,0,0,0,0,2024-01-10 00:00:00
2024-01-10 03:00:00,28.584511,77.205783,215,VIDP,230.0,1.5,,500,8.6,7.8,1020.6,0,0,0,0,0,2024-01-10 03:00:00
2024-01-10 06:00:00,28.584511,77.205783,215,VIDP,180.0,3.1,,500,10.4,6.6,1021.2,0,0,0,0,0,2024-01-10 06:00:00
2024-01-10 09:00:00,28.584511,77.205783,215,VIDP,180.0,2.6,,1000,13.6,7.5,1017.3,0,0,0,0,0,2024-01-10 09:00:00
2024-01-10 12:00:00,28.584511,77.205783,215,VIDP,160.0,3.1,,1000,12.8,7.9,1016.6,0,0,0,0,0,2024-01-10 12:00:00
2024-01-10 15:00:00,28.584511,77.205783,215,VIDP,160.0,1.0,,500,9.8,8.9,1018.0,0,0,0,0,0,2024-01-10 15:00:00
2024-01-10 18:00:00,28.584511,77.205783,215,VIDP,,0.5,,500,8.2,7.8,1018.0,0,0,0,0,0,2024-01-10 18:00:00
2024-01-10 21:00:00,28.584511,77.205783,215,VIDP,160.0,2.1,,500,9.0,8.6,1019.2,0,0,0,0,0,2024-01-10 21:00:00
2024-01-11 00:00:00,28.584511,77.205783,215,VIDP,160.0,2.1,,500,8.8,8.0,1019.6,0,0,0,0,0,2024-01-11 00:00:00
2024-01-11 03:00:00,28.584511,77.205783,215,VIDP,160.0,2.1,,500,8.2,7.6,1021.6,0,0,0,0,0,2024-01-11 03:00:00
2024-01-11 06:00:00,28.584511,77.205783,215,VIDP,,0.0,,1000,13.0,6.8,1021.7,0,0,0,0,0,2024-01-11 06:00:00
2024-01-11 09:00:00,28.584511,77.205783,215,VIDP,160.0,2.6,,1000,17.4,7.0,1018.7,0,0,0,0,0,2024-01-11 09:00:00
2024-01-11 12:00:00,28.584511,77.205783,215,VIDP,290.0,3.1,,1000,15.2,8.1,1017.8,0,0,0,0,0,2024-01-11 12:00:00
2024-01-11 15:00:00,28.584511,77.205783,215,VIDP,,0.0,,500,9.6,7.9,1018.7,0,0,0,0,0,2024-01-11 15:00:00
2024-01-11 18:00:00,28.584511,77.205783,215,VIDP,,0.0,,500,7.4,6.5,1018.9,0,0,0,0,0,2024-01-11 18:00:00
2024-01-11 21:00:00,28.584511,77.205783,215,VIDP,,0.0,,500,6.4,6.4,1018.6,0,0,0,0,0,2024-01-11 21:00:00
2024-01-12 00:00:00,28.584511,77.205783,215,VIDP,,0.0,,500,5.4,5.4,1017.8,0,0,0,0,0,2024-01-12 00:00:00
2024-01-12 03:00:00,28.584511,77.205783,215,VIDP,160.0,1.5,60.0,200,7.0,7.0,1020.1,0,0,0,0,0,2024-01-12 03:00:00
2024-01-12 06:00:00,28.584511,77.205783,215,VIDP,180.0,1.0,,500,11.4,8.1,1020.6,0,0,0,0,0,2024-01-12 06:00:00
2024-01-12 09:00:00,28.584511,77.205783,215,VIDP,160.0,2.1,,1000,18.4,6.3,1017.2,0,0,0,0,0,2024-01-12 09:00:00
2024-01-12 12:00:00,28.584511,77.205783,215,VIDP,140.0,1.0,,1000,15.6,7.1,1015.5,0,0,0,0,0,2024-01-12 12:00:00
2024-01-12 15:00:00,28.584511,77.205783,215,VIDP,,0.0,,1000,10.2,7.7,1018.5,0,0,0,0,0,2024-01-12 15:00:00
2024-01-12 18:00:00,28.584511,77.205783,215,VIDP,,0.0,,500,7.2,6.3,1018.9,0,0,0,0,0,2024-01-12 18:00:00
2024-01-12 21:00:00,28.584511,77.205783,215,VIDP,,0.0,,500,6.0,5.1,1018.0,0,0,0,0,0,2024-01-12 21:00:00
2024-01-13 00:00:00,28.584511,77.205783,215,VIDP,,0.0,60.0,200,5.0,4.5,1017.4,0,0,0,0,0,2024-01-13 00:00:00
2024-01-13 03:00:00,28.584511,77.205783,215,VIDP,,0.0,120.0,500,6.0,4.6,1019.5,0,0,0,0,0,2024-01-13 03:00:00
2024-01-13 06:00:00,28.584511,77.205783,215,VIDP,140.0,1.0,22000.0,500,13.2,9.3,1019.8,0,0,0,0,0,2024-01-13 06:00:00
2024-01-13 09:00:00,28.584511,77.205783,215,VIDP,160.0,1.5,22000.0,500,16.0,10.3,1016.9,0,0,0,0,0,2024-01-13 09:00:00
2024-01-13 12:00:00,28.584511,77.205783,215,VIDP,160.0,1.5,22000.0,500,15.2,11.5,1015.7,0,0,0,0,0,2024-01-13 12:00:00
2024-01-13 15:00:00,28.584511,77.205783,215,VIDP,,0.0,60.0,200,9.4,9.0,1017.4,0,0,0,0,0,2024-01-13 15:00:00
2024-01-13 18:00:00,28.584511,77.205783,215,VIDP,,0.0,30.0,50,8.0,8.0,1018.4,0,0,0,0,0,2024-01-13 18:00:00
2024-01-13 21:00:00,28.584511,77.205783,215,VIDP,,0.0,30.0,50,6.4,6.4,1017.8,0,0,0,0,0,2024-01-13 21:00:00
2024-01-14 00:00:00,28.584511,77.205783,215,VIDP,,0.0,30.0,50,6.2,6.2,1017.1,0,0,0,0,0,2024-01-14 00:00:00
2024-01-14 03:00:00,28.584511,77.205783,215,VIDP,,0.0,30.0,49,7.6,7.6,1018.2,0,0,0,0,0,2024-01-14 03:00:00
2024-01-14 06:00:00,28.584511,77.205783,215,VIDP,,0.0,,500,11.0,8.6,1019.6,0,0,0,0,0,2024-01-14 06:00:00
2024-01-14 09:00:00,28.584511,77.205783,215,VIDP,140.0,1.0,,500,18.0,7.3,1016.4,0,0,0,0,0,2024-01-14 09:00:00
2024-01-14 12:00:00,28.584511,77.205783,215,VIDP,,0.0,,1000,17.0,8.0,1016.0,0,0,0,0,0,2024-01-14 12:00:00
2024-01-14 15:00:00,28.584511,77.205783,215,VIDP,,0.0,,500,18.0,6.3,1018.5,0,0,0,0,0,2024-01-14 15:00:00
2024-01-14 18:00:00,28.584511,77.205783,215,VIDP,,0.0,,200,7.6,4.4,1018.5,0,0,0,0,0,2024-01-14 18:00:00
2024-01-14 21:00:00,28.584511,77.205783,215,VIDP,,0.0,,200,4.8,4.3,1017.0,0,0,0,0,0,2024-01-14 21:00:00
2024-01-15 00:00:00,28.584511,77.205783,215,VIDP,160.0,1.5,30.0,49,7.2,7.2,1017.7,0,0,0,0,0,2024-01-15 00:00:00
2024-01-15 03:00:00,28.584511,77.205783,215,VIDP,320.0,2.6,,500,6.6,6.2,1018.9,0,0,0,0,0,2024-01-15 03:00:00
2024-01-15 06:00:00,28.584511,77.205783,215,VIDP,290.0,2.1,,500,14.0,6.6,1018.8,0,0,0,0,0,2024-01-15 06:00:00
2024-01-15 09:00:00,28.584511,77.205783,215,VIDP,250.0,2.1,,1000,18.4,5.8,1015.1,0,0,0,0,0,2024-01-15 09:00:00
2024-01-15 12:00:00,28.584511,77.205783,215,VIDP,200.0,2.1,,2000,16.2,6.9,1015.1,0,0,0,0,0,2024-01-15 12:00:00
2024-01-15 15:00:00,28.584511,77.205783,215,VIDP,,0.0,,2000,9.6,7.1,1016.9,0,0,0,0,0,2024-01-15 15:00:00
2024-01-15 18:00:00,28.584511,77.205783,215,VIDP,,0.0,,1000,6.8,5.9,1017.2,0,0,0,0,0,2024-01-15 18:00:00
2024-01-15 21:00:00,28.584511,77.205783,215,VIDP,,0.0,,1000,5.8,5.3,1016.2,0,0,0,0,0,2024-01-15 21:00:00
2024-01-16 00:00:00,28.584511,77.205783,215,VIDP,230.0,1.0,,500,4.8,4.3,1015.6,0,0,0,0,0,2024-01-16 00:00:00
2024-01-16 03:00:00,28.584511,77.205783,215,VIDP,270.0,1.5,30.0,49,8.2,8.2,1016.6,0,0,0,0,0,2024-01-16 03:00:00
2024-01-16 06:00:00,28.584511,77.205783,215,VIDP,340.0,2.1,,500,11.6,8.4,1017.1,0,0,0,0,0,2024-01-16 06:00:00
2024-01-16 09:00:00,28.584511,77.205783,215,VIDP,340.0,2.6,,500,16.0,10.3,1014.1,0,0,0,0,0,2024-01-16 09:00:00
2024-01-16 12:00:00,28.584511,77.205783,215,VIDP,50.0,1.5,,500,11.8,9.0,1014.2,0,0,0,0,0,2024-01-16 12:00:00
2024-01-16 15:00:00,28.584511,77.205783,215,VIDP,320.0,2.6,,500,9.6,8.8,1015.4,0,0,0,0,0,2024-01-16 15:00:00
2024-01-16 18:00:00,28.584511,77.205783,215,VIDP,320.0,1.5,120.0,500,8.8,8.0,1016.1,0,0,0,0,0,2024-01-16 18:00:00
2024-01-16 21:00:00,28.584511,77.205783,215,VIDP,,0.0,60.0,200,7.2,6.8,1014.9,0,0,0,0,0,2024-01-16 21:00:00
2024-01-17 00:00:00,28.584511,77.205783,215,VIDP,,0.0,120.0,500,7.0,6.6,1015.0,0,0,0,0,0,2024-01-17 00:00:00
2024-01-17 03:00:00,28.584511,77.205783,215,VIDP,,0.0,,500,8.0,6.7,1016.3,0,0,0,0,0,2024-01-17 03:00:00
2024-01-17 06:00:00,28.584511,77.205783,215,VIDP,340.0,2.1,,500,13.2,6.6,1016.4,0,0,0,0,0,2024-01-17 06:00:00
2024-01-17 09:00:00,28.584511,77.205783,215,VIDP,340.0,3.1,,1000,16.8,8.2,1013.9,0,0,0,0,0,2024-01-17 09:00:00
2024-01-17 12:00:00,28.584511,77.205783,215,VIDP,,0.0,,1000,15.4,9.6,1013.9,0,0,0,0,0,2024-01-17 12:00:00
2024-01-17 15:00:00,28.584511,77.205783,215,VIDP,230.0,1.0,,1000,10.2,9.8,1016.7,0,0,0,0,0,2024-01-17 15:00:00
2024-01-17 18:00:00,28.584511,77.205783,215,VIDP,250.0,1.0,,1000,9.0,9.0,1017.1,0,0,0,0,0,2024-01-17 18:00:00
2024-01-17 21:00:00,28.584511,77.205783,215,VIDP,200.0,1.0,,200,8.0,8.0,1016.8,0,0,0,0,0,2024-01-17 21:00:00
2024-01-18 00:00:00,28.584511,77.205783,215,VIDP,,0.0,,50,8.0,8.0,1016.9,0,0,0,0,0,2024-01-18 00:00:00
2024-01-18 03:00:00,28.584511,77.205783,215,VIDP,140.0,1.0,,200,8.4,7.6,1018.6,0,0,0,0,0,2024-01-18 03:00:00
2024-01-18 06:00:00,28.584511,77.205783,215,VIDP,,0.0,,500,11.0,7.7,1019.3,0,0,0,0,0,2024-01-18 06:00:00
2024-01-18 06:30:00,28.584511,77.205783,215,VIDP,0.0,0.0,22000.0,900,12.0,8.0,,0,0,0,0,0,2024-01-18 06:00:00
2024-01-18 07:00:00,28.584511,77.205783,215,VIDP,0.0,0.0,22000.0,1000,14.0,8.0,,0,0,0,0,0,2024-01-18 07:00:00
2024-01-18 07:30:00,28.584511,77.205783,215,VIDP,230.0,1.5,22000.0,1000,15.0,8.0,,0,0,0,0,0,2024-01-18 07:00:00
2024-01-18 08:30:00,28.584511,77.205783,215,VIDP,0.0,0.0,22000.0,1000,17.0,8.0,,0,0,0,0,0,2024-01-18 08:00:00
2024-01-18 09:00:00,28.584511,77.205783,215,VIDP,,0.0,,1000,17.6,8.7,1015.9,0,0,0,0,0,2024-01-18 09:00:00
2024-01-18 09:00:00,28.584511,77.205783,215,VIDP,0.0,0.0,22000.0,1000,18.0,9.0,,0,0,0,0,0,2024-01-18 09:00:00
2024-01-18 12:00:00,28.584511,77.205783,215,VIDP,,0.0,,1000,15.4,10.1,1015.9,0,0,0,0,0,2024-01-18 12:00:00
2024-01-18 15:00:00,28.584511,77.205783,215,VIDP,,0.0,,1000,10.4,9.2,1018.1,0,0,0,0,0,2024-01-18 15:00:00
2024-01-18 18:00:00,28.584511,77.205783,215,VIDP,,0.0,,200,9.8,9.4,1019.0,0,0,0,0,0,2024-01-18 18:00:00
2024-01-18 21:00:00,28.584511,77.205783,215,VIDP,200.0,1.5,,50,9.2,8.8,1018.8,0,0,0,0,0,2024-01-18 21:00:00
2024-01-19 00:00:00,28.584511,77.205783,215,VIDP,,0.0,,50,9.0,8.6,1018.3,0,0,0,0,0,2024-01-19 00:00:00
2024-01-19 03:00:00,28.584511,77.205783,215,VIDP,,0.0,,500,8.6,7.8,1020.2,0,0,0,0,0,2024-01-19 03:00:00
2024-01-19 06:00:00,28.584511,77.205783,215,VIDP,200.0,1.5,,500,11.2,8.8,1020.8,0,0,0,0,0,2024-01-19 06:00:00
2024-01-19 09:00:00,28.584511,77.205783,215,VIDP,140.0,2.1,,1000,13.2,8.9,1018.6,0,0,0,0,0,2024-01-19 09:00:00
2024-01-19 12:00:00,28.584511,77.205783,215,VIDP,70.0,1.0,,1000,12.2,7.7,1018.1,0,0,0,0,0,2024-01-19 12:00:00
2024-01-19 15:00:00,28.584511,77.205783,215,VIDP,90.0,1.0,,500,11.0,9.4,1019.5,0,0,0,0,0,2024-01-19 15:00:00
2024-01-19 18:00:00,28.584511,77.205783,215,VIDP,140.0,1.0,,500,9.6,8.8,1020.1,0,0,0,0,0,2024-01-19 18:00:00
2024-01-19 21:00:00,28.584511,77.205783,215,VIDP,340.0,1.0,,500,9.4,8.6,1019.6,0,0,0,0,0,2024-01-19 21:00:00
2024-01-20 00:00:00,28.584511,77.205783,215,VIDP,,0.0,,500,10.0,8.8,1018.7,0,0,0,0,0,2024-01-20 00:00:00
2024-01-20 03:00:00,28.584511,77.205783,215,VIDP,,0.0,,500,9.8,7.7,1020.7,0,0,0,0,0,2024-01-20 03:00:00
2024-01-20 06:00:00,28.584511,77.205783,215,VIDP,,0.0,,1000,11.6,7.9,1021.6,0,0,0,0,0,2024-01-20 06:00:00
2024-01-20 09:00:00,28.584511,77.205783,215,VIDP,200.0,2.6,,1000,16.4,8.1,1018.2,0,0,0,0,0,2024-01-20 09:00:00
2024-01-20 12:00:00,28.584511,77.205783,215,VIDP,200.0,1.5,,1000,16.6,9.3,1017.4,0,0,0,0,0,2024-01-20 12:00:00
2024-01-20 15:00:00,28.584511,77.205783,215,VIDP,320.0,2.6,,500,9.6,8.8,1015.4,0,0,0,0,0,2024-01-20 15:00:00
2024-01-20 18:00:00,28.584511,77.205783,215,VIDP,,0.0,,500,6.8,6.4,1020.5,0,0,0,0,0,2024-01-20 18:00:00
2024-01-20 21:00:00,28.584511,77.205783,215,VIDP,,0.0,,500,6.0,5.6,1020.0,0,0,0,0,0,2024-01-20 21:00:00
2024-01-21 00:00:00,28.584511,77.205783,215,VIDP,180.0,1.5,60.0,200,6.0,5.6,1018.5,0,0,0,0,0,2024-01-21 00:00:00
2024-01-21 03:00:00,28.584511,77.205783,215,VIDP,200.0,2.6,30.0,50,8.4,8.4,1019.7,0,0,0,0,0,2024-01-21 03:00:00
2024-01-21 06:00:00,28.584511,77.205783,215,VIDP,200.0,2.6,120.0,500,9.4,8.2,1020.1,0,0,0,0,0,2024-01-21 06:00:00
2024-01-21 09:00:00,28.584511,77.205783,215,VIDP,200.0,4.1,,500,14.8,8.5,1017.5,0,0,0,0,0,2024-01-21 09:00:00
2024-01-21 12:00:00,28.584511,77.205783,215,VIDP,200.0,2.1,,1000,13.6,8.4,1016.9,0,0,0,0,0,2024-01-21 12:00:00
2024-01-21 15:00:00,28.584511,77.205783,215,VIDP,200.0,1.0,,1000,9.6,8.8,1018.6,0,0,0,0,0,2024-01-21 15:00:00
2024-01-21 18:00:00,28.584511,77.205783,215,VIDP,230.0,1.0,,1000,8.6,7.3,1019.0,0,0,0,0,0,2024-01-21 18:00:00
2024-01-21 21:00:00,28.584511,77.205783,215,VIDP,250.0,1.0,,500,8.4,7.6,1019.8,0,0,0,0,0,2024-01-21 21:00:00
2024-01-22 00:00:00,28.584511,77.205783,215,VIDP,,0.0,,500,7.4,6.5,1019.0,0,0,0,0,0,2024-01-22 00:00:00
2024-01-22 03:00:00,28.584511,77.205783,215,VIDP,,0.0,,500,8.4,6.7,1020.7,0,0,0,0,0,2024-01-22 03:00:00
2024-01-22 06:00:00,28.584511,77.205783,215,VIDP,200.0,1.5,,1000,13.0,6.3,1021.9,0,0,0,0,0,2024-01-22 06:00:00
2024-01-22 08:30:00,28.584511,77.205783,215,VIDP,200.0,1.5,10000.0,1000,16.0,7.0,,0,0,0,0,0,2024-01-22 08:00:00
2024-01-22 09:00:00,28.584511,77.205783,215,VIDP,200.0,1.5,22000.0,1000,16.6,7.4,1018.5,0,0,0,0,0,2024-01-22 09:00:00
2024-01-22 12:00:00,28.584511,77.205783,215,VIDP,,0.0,,1000,14.4,9.4,1018.5,0,0,0,0,0,2024-01-22 12:00:00
2024-01-22 15:00:00,28.584511,77.205783,215,VIDP,,0.0,,500,9.8,9.2,1020.5,0,0,0,0,0,2024-01-22 15:00:00
2024-01-22 18:00:00,28.584511,77.205783,215,VIDP,230.0,1.5,60.0,200,9.0,8.6,1021.1,0,0,0,0,0,2024-01-22 18:00:00
2024-01-22 21:00:00,28.584511,77.205783,215,VIDP,230.0,1.5,60.0,200,9.6,8.8,1020.3,0,0,0,0,0,2024-01-22 21:00:00
2024-01-23 00:00:00,28.584511,77.205783,215,VIDP,230.0,1.5,60.0,200,9.0,8.6,1019.3,0,0,0,0,0,2024-01-23 00:00:00
2024-01-23 03:00:00,28.584511,77.205783,215,VIDP,,0.0,60.0,200,9.0,8.6,1020.2,0,0,0,0,0,2024-01-23 03:00:00
2024-01-23 06:00:00,28.584511,77.205783,215,VIDP,230.0,1.0,,500,12.0,8.4,1020.3,0,0,0,0,0,2024-01-23 06:00:00
2024-01-23 09:00:00,28.584511,77.205783,215,VIDP,230.0,1.5,22000.0,1000,18.0,9.7,1016.4,0,0,0,0,0,2024-01-23 09:00:00
2024-01-23 12:00:00,28.584511,77.205783,215,VIDP,340.0,1.0,22000.0,1000,16.6,11.0,1016.1,0,0,0,0,0,2024-01-23 12:00:00
2024-01-23 15:00:00,28.584511,77.205783,215,VIDP,,0.0,,500,12.8,10.5,1017.7,0,0,0,0,0,2024-01-23 15:00:00
2024-01-23 18:00:00,28.584511,77.205783,215,VIDP,340.0,1.0,,500,10.8,9.2,1017.7,0,0,0,0,0,2024-01-23 18:00:00
2024-01-23 21:00:00,28.584511,77.205783,215,VIDP,,0.0,3000.0,500,10.6,9.8,1017.8,0,0,0,0,0,2024-01-23 21:00:00
2024-01-24 00:00:00,28.584511,77.205783,215,VIDP,,0.0,120.0,500,10.0,9.2,1017.8,0,0,0,0,0,2024-01-24 00:00:00
2024-01-24 03:00:00,28.584511,77.205783,215,VIDP,,0.0,30.0,50,9.6,9.2,1020.0,0,0,0,0,0,2024-01-24 03:00:00
2024-01-24 06:00:00,28.584511,77.205783,215,VIDP,290.0,2.1,,200,10.4,8.4,1020.6,0,0,0,0,0,2024-01-24 06:00:00
2024-01-24 09:00:00,28.584511,77.205783,215,VIDP,,0.0,,500,16.2,8.4,1017.4,0,0,0,0,0,2024-01-24 09:00:00
2024-01-24 12:00:00,28.584511,77.205783,215,VIDP,,0.0,,500,15.4,8.8,1017.2,0,0,0,0,0,2024-01-24 12:00:00
2024-01-24 15:00:00,28.584511,77.205783,215,VIDP,,0.0,,500,10.4,8.4,1019.6,0,0,0,0,0,2024-01-24 15:00:00
2024-01-24 18:00:00,28.584511,77.205783,215,VIDP,,0.0,,500,8.0,7.1,1020.6,0,0,0,0,0,2024-01-24 18:00:00
2024-01-24 21:00:00,28.584511,77.205783,215,VIDP,,0.0,,500,7.2,6.3,1020.2,0,0,0,0,0,2024-01-24 21:00:00
2024-01-25 00:00:00,28.584511,77.205783,215,VIDP,250.0,1.5,30.0,50,7.2,6.8,1020.6,0,0,0,0,0,2024-01-25 00:00:00
2024-01-25 03:00:00,28.584511,77.205783,215,VIDP,250.0,1.5,60.0,200,7.2,6.8,1022.8,0,0,0,0,0,2024-01-25 03:00:00
2024-01-25 06:00:00,28.584511,77.205783,215,VIDP,270.0,1.5,,1000,14.2,7.3,1023.1,0,0,0,0,0,2024-01-25 06:00:00
2024-01-25 09:00:00,28.584511,77.205783,215,VIDP,,0.0,22000.0,1000,19.0,9.6,1019.0,0,0,0,0,0,2024-01-25 09:00:00
2024-01-25 12:00:00,28.584511,77.205783,215,VIDP,,0.0,22000.0,500,16.4,10.8,1019.6,0,0,0,0,0,2024-01-25 12:00:00
2024-01-25 15:00:00,28.584511,77.205783,215,VIDP,,0.0,,500,11.4,9.4,1021.6,0,0,0,0,0,2024-01-25 15:00:00
2024-01-25 18:00:00,28.584511,77.205783,215,VIDP,,0.0,,500,8.4,7.1,1021.9,0,0,0,0,0,2024-01-25 18:00:00
2024-01-25 21:00:00,28.584511,77.205783,215,VIDP,,0.0,,500,6.8,6.4,1020.6,0,0,0,0,0,2024-01-25 21:00:00
2024-01-26 00:00:00,28.584511,77.205783,215,VIDP,,0.0,60.0,200,6.0,6.0,1020.5,0,0,0,0,0,2024-01-26 00:00:00
2024-01-26 03:00:00,28.584511,77.205783,215,VIDP,,0.0,22000.0,200,6.4,6.4,1023.0,0,0,0,0,0,2024-01-26 03:00:00
2024-01-26 06:00:00,28.584511,77.205783,215,VIDP,,0.0,,500,16.2,10.2,1023.5,0,0,0,0,0,2024-01-26 06:00:00
2024-01-26 09:00:00,28.584511,77.205783,215,VIDP,340.0,1.0,,500,20.0,12.6,1020.2,0,0,0,0,0,2024-01-26 09:00:00
2024-01-26 12:00:00,28.584511,77.205783,215,VIDP,,0.0,,500,18.2,12.9,1019.5,0,0,0,0,0,2024-01-26 12:00:00
2024-01-26 15:00:00,28.584511,77.205783,215,VIDP,,0.0,,500,10.6,9.4,1021.8,0,0,0,0,0,2024-01-26 15:00:00
2024-01-26 18:00:00,28.584511,77.205783,215,VIDP,,0.0,,500,8.2,7.8,1022.9,0,0,0,0,0,2024-01-26 18:00:00
2024-01-26 21:00:00,28.584511,77.205783,215,VIDP,,0.0,,500,6.4,6.0,1021.7,0,0,0,0,0,2024-01-26 21:00:00
2024-01-27 00:00:00,28.584511,77.205783,215,VIDP,,0.0,,500,5.8,5.8,1020.3,0,0,0,0,0,2024-01-27 00:00:00
2024-01-27 03:00:00,28.584511,77.205783,215,VIDP,160.0,2.6,,500,8.2,7.8,1021.0,0,0,0,0,0,2024-01-27 03:00:00
2024-01-27 06:00:00,28.584511,77.205783,215,VIDP,140.0,4.1,,1000,18.2,5.0,1020.1,0,0,0,0,0,2024-01-27 06:00:00
2024-01-27 09:00:00,28.584511,77.205783,215,VIDP,140.0,4.1,,2000,23.6,4.2,1016.9,0,0,0,0,0,2024-01-27 09:00:00
2024-01-27 12:00:00,28.584511,77.205783,215,VIDP,110.0,1.0,,2000,21.2,8.3,1016.3,0,0,0,0,0,2024-01-27 12:00:00
2024-01-27 15:00:00,28.584511,77.205783,215,VIDP,,0.0,,2000,13.0,9.1,1018.8,0,0,0,0,0,2024-01-27 15:00:00
2024-01-27 18:00:00,28.584511,77.205783,215,VIDP,,0.0,,1000,9.4,7.7,1019.5,0,0,0,0,0,2024-01-27 18:00:00
2024-01-27 21:00:00,28.584511,77.205783,215,VIDP,,0.0,,1000,8.2,7.4,1018.9,0,0,0,0,0,2024-01-27 21:00:00
2024-01-28 00:00:00,28.584511,77.205783,215,VIDP,,0.0,,500,7.4,7.0,1018.3,0,0,0,0,0,2024-01-28 00:00:00
2024-01-28 03:00:00,28.584511,77.205783,215,VIDP,,0.0,3000.0,500,8.6,8.2,1019.7,0,0,0,0,0,2024-01-28 03:00:00
2024-01-28 06:00:00,28.584511,77.205783,215,VIDP,180.0,2.1,3000.0,500,17.0,11.1,1018.9,0,0,0,0,0,2024-01-28 06:00:00
2024-01-28 09:00:00,28.584511,77.205783,215,VIDP,90.0,2.1,3000.0,500,17.4,11.1,1016.7,0,0,0,0,0,2024-01-28 09:00:00
2024-01-28 12:00:00,28.584511,77.205783,215,VIDP,20.0,2.6,3000.0,500,15.2,12.3,1016.8,0,0,0,0,0,2024-01-28 12:00:00
2024-01-28 15:00:00,28.584511,77.205783,215,VIDP,340.0,2.1,3000.0,500,13.0,11.5,1018.3,0,0,0,0,0,2024-01-28 15:00:00
2024-01-28 18:00:00,28.584511,77.205783,215,VIDP,340.0,2.6,,500,11.4,10.6,1019.3,0,0,0,0,0,2024-01-28 18:00:00
2024-01-28 21:00:00,28.584511,77.205783,215,VIDP,340.0,1.5,,500,10.2,9.4,1019.2,0,0,0,0,0,2024-01-28 21:00:00
2024-01-29 00:00:00,28.584511,77.205783,215,VIDP,,0.0,,500,9.8,9.8,1017.9,0,0,0,0,0,2024-01-29 00:00:00
2024-01-29 03:00:00,28.584511,77.205783,215,VIDP,,0.0,,500,9.8,9.6,1020.3,0,0,0,0,0,2024-01-29 03:00:00
2024-01-29 06:00:00,28.584511,77.205783,215,VIDP,340.0,1.0,,1000,17.6,10.5,1019.1,0,0,0,0,0,2024-01-29 06:00:00
2024-01-29 09:00:00,28.584511,77.205783,215,VIDP,270.0,1.5,,1000,20.4,12.6,1016.3,0,0,0,0,0,2024-01-29 09:00:00
2024-01-29 12:00:00,28.584511,77.205783,215,VIDP,,0.0,,1000,20.2,14.4,1015.5,0,0,0,0,0,2024-01-29 12:00:00
2024-01-29 15:00:00,28.584511,77.205783,215,VIDP,,0.0,,1000,13.4,10.7,1017.1,0,0,0,0,0,2024-01-29 15:00:00
2024-01-29 18:00:00,28.584511,77.205783,215,VIDP,,0.0,,500,12.2,11.4,1018.4,0,0,0,0,0,2024-01-29 18:00:00
2024-01-29 21:00:00,28.584511,77.205783,215,VIDP,,0.0,,500,10.4,10.4,1017.9,0,0,0,0,0,2024-01-29 21:00:00
2024-01-30 00:00:00,28.584511,77.205783,215,VIDP,340.0,1.0,30.0,50,11.4,11.4,1016.7,0,0,0,0,0,2024-01-30 00:00:00
2024-01-30 03:00:00,28.584511,77.205783,215,VIDP,290.0,1.0,30.0,50,11.2,11.2,1018.7,0,0,0,0,0,2024-01-30 03:00:00
2024-01-30 06:00:00,28.584511,77.205783,215,VIDP,,0.0,60.0,200,12.4,12.0,1019.2,0,0,0,0,0,2024-01-30 06:00:00
2024-01-30 09:00:00,28.584511,77.205783,215,VIDP,340.0,2.1,,500,20.0,13.0,1015.3,0,0,0,0,0,2024-01-30 09:00:00
2024-01-30 12:00:00,28.584511,77.205783,215,VIDP,,0.0,,500,17.2,13.7,1015.0,0,0,0,0,0,2024-01-30 12:00:00
2024-01-30 15:00:00,28.584511,77.205783,215,VIDP,,0.0,,500,12.2,11.4,1017.6,0,0,0,0,0,2024-01-30 15:00:00
2024-01-30 18:00:00,28.584511,77.205783,215,VIDP,,0.0,,500,10.0,10.0,1018.0,0,0,0,0,0,2024-01-30 18:00:00
2024-01-30 21:00:00,28.584511,77.205783,215,VIDP,,0.0,120.0,500,8.8,8.8,1016.1,0,0,0,0,0,2024-01-30 21:00:00
2024-01-31 00:00:00,28.584511,77.205783,215,VIDP,,0.0,30.0,50,8.8,8.4,1016.2,0,0,0,0,0,2024-01-31 00:00:00
2024-01-31 03:00:00,28.584511,77.205783,215,VIDP,,0.0,30.0,50,11.8,11.8,1017.6,0,0,0,0,0,2024-01-31 03:00:00
2024-01-31 06:00:00,28.584511,77.205783,215,VIDP,340.0,1.5,60.0,200,15.6,13.5,1017.7,0,0,0,0,0,2024-01-31 06:00:00
2024-01-31 09:00:00,28.584511,77.205783,215,VIDP,230.0,1.5,3000.0,200,15.2,13.8,1015.8,0,0,0,0,0,2024-01-31 09:00:00
2024-01-31 12:00:00,28.584511,77.205783,215,VIDP,230.0,1.0,750.0,500,14.0,14.0,1013.9,0,0,0,0,0,2024-01-31 12:00:00
2024-01-31 15:00:00,28.584511,77.205783,215,VIDP,,0.0,750.0,200,14.6,14.6,1015.7,0,0,0,0,0,2024-01-31 15:00:00
2024-01-31 18:00:00,28.584511,77.205783,215,VIDP,,0.0,1050.0,500,14.4,14.4,1015.4,0,0,0,0,0,2024-01-31 18:00:00
2024-01-31 21:00:00,28.584511,77.205783,215,VIDP,230.0,1.5,750.0,500,14.0,14.0,1013.8,0,0,0,0,0,2024-01-31 21:00:00
2024-02-01 00:00:00,28.584511,77.205783,215,VIDP,200.0,1.0,750.0,500,13.8,13.8,1013.6,0,0,0,0,0,2024-02-01 00:00:00
2024-02-01 03:00:00,28.584511,77.205783,215,VIDP,,0.0,750.0,500,13.8,13.8,1016.3,0,0,0,0,0,2024-02-01 03:00:00
2024-02-01 06:00:00,28.584511,77.205783,215,VIDP,180.0,3.6,1050.0,2000,15.8,14.8,1017.3,0,0,0,0,0,2024-02-01 06:00:00
2024-02-01 09:00:00,28.584511,77.205783,215,VIDP,180.0,3.1,3000.0,2000,18.0,14.6,1015.7,0,0,0,0,0,2024-02-01 09:00:00
2024-02-01 12:00:00,28.584511,77.205783,215,VIDP,200.0,2.1,,2000,17.4,15.0,1015.8,0,0,0,0,0,2024-02-01 12:00:00
2024-02-01 15:00:00,28.584511,77.205783,215,VIDP,180.0,1.5,,2000,15.0,14.3,1018.2,0,0,0,0,0,2024-02-01 15:00:00
2024-02-01 18:00:00,28.584511,77.205783,215,VIDP,,0.0,3000.0,500,13.0,12.6,1019.7,0,0,0,0,0,2024-02-01 18:00:00
2024-02-01 21:00:00,28.584511,77.205783,215,VIDP,,0.0,3000.0,500,12.2,11.8,1019.4,0,0,0,0,0,2024-02-01 21:00:00
2024-02-02 00:00:00,28.584511,77.205783,215,VIDP,,0.0,30.0,50,9.0,9.0,1019.4,0,0,0,0,0,2024-02-02 00:00:00
2024-02-02 03:00:00,28.584511,77.205783,215,VIDP,,0.0,30.0,50,10.4,10.4,1020.9,0,0,0,0,0,2024-02-02 03:00:00
2024-02-02 06:00:00,28.584511,77.205783,215,VIDP,200.0,2.6,,1000,16.0,13.1,1021.1,0,0,0,0,0,2024-02-02 06:00:00
2024-02-02 09:00:00,28.584511,77.205783,215,VIDP,200.0,2.1,,1000,17.4,13.1,1017.6,0,0,0,0,0,2024-02-02 09:00:00
2024-02-02 12:00:00,28.584511,77.205783,215,VIDP,180.0,2.1,,500,16.6,11.9,1017.8,0,0,0,0,0,2024-02-02 12:00:00
2024-02-02 15:00:00,28.584511,77.205783,215,VIDP,200.0,1.5,,1000,13.0,12.6,1018.9,0,0,0,0,0,2024-02-02 15:00:00
2024-02-02 18:00:00,28.584511,77.205783,215,VIDP,180.0,2.1,,1000,12.0,12.0,1019.6,0,0,0,0,0,2024-02-02 18:00:00
2024-02-02 21:00:00,28.584511,77.205783,215,VIDP,230.0,1.5,,500,11.2,11.2,1019.2,0,0,0,0,0,2024-02-02 21:00:00
2024-02-03 00:00:00,28.584511,77.205783,215,VIDP,,0.0,,1000,8.2,8.2,1017.7,0,0,0,0,0,2024-02-03 00:00:00
2024-02-03 03:00:00,28.584511,77.205783,215,VIDP,,0.0,22000.0,1000,8.6,7.8,1018.6,0,0,0,0,0,2024-02-03 03:00:00
2024-02-03 06:00:00,28.584511,77.205783,215,VIDP,230.0,2.6,3000.0,2000,16.0,7.2,1019.4,0,0,0,0,0,2024-02-03 06:00:00
2024-02-03 09:00:00,28.584511,77.205783,215,VIDP,340.0,2.1,22000.0,2000,22.0,6.3,1016.0,0,0,0,0,0,2024-02-03 09:00:00
2024-02-03 12:00:00,28.584511,77.205783,215,VIDP,340.0,1.5,3000.0,2000,19.2,8.9,1016.0,0,0,0,0,0,2024-02-03 12:00:00
2024-02-03 15:00:00,28.584511,77.205783,215,VIDP,,0.0,3000.0,2000,16.0,13.5,1017.9,0,0,0,0,0,2024-02-03 15:00:00
2024-02-03 18:00:00,28.584511,77.205783,215,VIDP,,0.0,3000.0,2000,14.6,13.2,1018.9,0,0,0,0,0,2024-02-03 18:00:00
2024-02-03 21:00:00,28.584511,77.205783,215,VIDP,,0.0,3000.0,2000,14.6,13.7,1016.1,0,0,0,0,0,2024-02-03 21:00:00
2024-02-04 00:00:00,28.584511,77.205783,215,VIDP,,0.0,2400.0,2000,14.0,13.6,1016.9,0,0,0,0,0,2024-02-04 00:00:00
2024-02-04 03:00:00,28.584511,77.205783,215,VIDP,,0.0,2400.0,500,14.0,13.6,1017.6,0,0,0,0,0,2024-02-04 03:00:00
2024-02-04 06:00:00,28.584511,77.205783,215,VIDP,340.0,2.1,3000.0,500,16.0,14.3,1018.0,0,0,0,0,0,2024-02-04 06:00:00
2024-02-04 09:00:00,28.584511,77.205783,215,VIDP,180.0,1.5,3000.0,1000,19.8,14.7,1015.9,0,0,0,0,0,2024-02-04 09:00:00
2024-02-04 12:00:00,28.584511,77.205783,215,VIDP,140.0,1.5,3000.0,1000,18.6,15.6,1014.8,0,0,0,0,0,2024-02-04 12:00:00
2024-02-04 15:00:00,28.584511,77.205783,215,VIDP,140.0,1.5,3000.0,1000,16.0,15.7,1017.7,0,0,0,0,0,2024-02-04 15:00:00
2024-02-04 18:00:00,28.584511,77.205783,215,VIDP,140.0,2.1,3000.0,500,16.2,15.2,1016.9,0,0,0,0,0,2024-02-04 18:00:00
2024-02-04 21:00:00,28.584511,77.205783,215,VIDP,,0.0,3000.0,500,16.2,15.5,1015.9,0,0,0,0,0,2024-02-04 21:00:00
2024-02-05 00:00:00,28.584511,77.205783,215,VIDP,230.0,2.6,3000.0,500,16.0,15.3,1016.0,0,0,0,0,0,2024-02-05 00:00:00
2024-02-05 03:00:00,28.584511,77.205783,215,VIDP,270.0,1.5,,500,15.0,14.3,1018.4,0,0,0,0,0,2024-02-05 03:00:00
2024-02-05 06:00:00,28.584511,77.205783,215,VIDP,320.0,2.6,3000.0,2000,18.2,12.9,1019.6,0,0,0,0,0,2024-02-05 06:00:00
2024-02-05 09:00:00,28.584511,77.205783,215,VIDP,340.0,2.1,3000.0,2000,20.0,12.2,1017.2,0,0,0,0,0,2024-02-05 09:00:00
2024-02-05 12:00:00,28.584511,77.205783,215,VIDP,340.0,2.1,22000.0,2000,18.8,12.0,1016.5,0,0,0,0,0,2024-02-05 12:00:00
2024-02-05 15:00:00,28.584511,77.205783,215,VIDP,,0.0,,2000,14.2,12.7,1018.6,0,0,0,0,0,2024-02-05 15:00:00
2024-02-05 18:00:00,28.584511,77.205783,215,VIDP,,0.0,,2000,12.0,11.6,1020.3,0,0,0,0,0,2024-02-05 18:00:00
2024-02-05 21:00:00,28.584511,77.205783,215,VIDP,,0.0,,2000,11.4,11.0,1019.3,0,0,0,0,0,2024-02-05 21:00:00
2024-02-06 00:00:00,28.584511,77.205783,215,VIDP,340.0,1.0,120.0,500,9.0,8.6,1018.9,0,0,0,0,0,2024-02-06 00:00:00
2024-02-06 03:00:00,28.584511,77.205783,215,VIDP,340.0,1.5,,500,10.2,9.4,1021.1,0,0,0,0,0,2024-02-06 03:00:00
2024-02-06 06:00:00,28.584511,77.205783,215,VIDP,340.0,2.1,,2000,17.0,8.4,1021.1,0,0,0,0,0,2024-02-06 06:00:00
2024-02-06 09:00:00,28.584511,77.205783,215,VIDP,320.0,2.6,,4000,19.8,5.7,1018.9,0,0,0,0,0,2024-02-06 09:00:00
2024-02-06 12:00:00,28.584511,77.205783,215,VIDP,320.0,2.1,,4000,18.8,7.4,1018.5,0,0,0,0,0,2024-02-06 12:00:00
2024-02-06 15:00:00,28.584511,77.205783,215,VIDP,250.0,1.0,,2000,13.2,8.0,1020.9,0,0,0,0,0,2024-02-06 15:00:00
2024-02-06 18:00:00,28.584511,77.205783,215,VIDP,,0.0,22000.0,2000,9.8,8.6,1021.6,0,0,0,0,0,2024-02-06 18:00:00
2024-02-06 21:00:00,28.584511,77.205783,215,VIDP,250.0,1.0,22000.0,2000,9.2,7.5,1020.8,0,0,0,0,0,2024-02-06 21:00:00
2024-02-07 00:00:00,28.584511,77.205783,215,VIDP,,0.0,22000.0,2000,9.4,7.7,1019.5,0,0,0,0,0,2024-02-07 00:00:00
2024-02-07 03:00:00,28.584511,77.205783,215,VIDP,230.0,1.5,22000.0,2000,10.0,6.6,1021.2,0,0,0,0,0,2024-02-07 03:00:00
2024-02-07 06:00:00,28.584511,77.205783,215,VIDP,290.0,3.1,22000.0,2000,18.4,5.3,1021.6,0,0,0,0,0,2024-02-07 06:00:00
2024-02-07 09:00:00,28.584511,77.205783,215,VIDP,230.0,4.6,22000.0,2000,20.6,3.4,1019.9,0,0,0,0,0,2024-02-07 09:00:00
2024-02-07 12:00:00,28.584511,77.205783,215,VIDP,200.0,4.6,22000.0,2000,16.8,6.7,1019.8,0,0,0,0,0,2024-02-07 12:00:00
2024-02-07 15:00:00,28.584511,77.205783,215,VIDP,200.0,2.1,,2000,13.4,9.1,1021.3,0,0,0,0,0,2024-02-07 15:00:00
2024-02-07 18:00:00,28.584511,77.205783,215,VIDP,,0.0,,2000,11.6,9.6,1021.9,0,0,0,0,0,2024-02-07 18:00:00
2024-02-07 21:00:00,28.584511,77.205783,215,VIDP,200.0,2.1,,2000,10.6,8.6,1020.1,0,0,0,0,0,2024-02-07 21:00:00
2024-02-08 00:00:00,28.584511,77.205783,215,VIDP,200.0,2.6,,2000,9.6,7.9,1019.4,0,0,0,0,0,2024-02-08 00:00:00
2024-02-08 03:00:00,28.584511,77.205783,215,VIDP,200.0,5.7,,4000,11.0,6.8,1020.9,0,0,0,0,0,2024-02-08 03:00:00
2024-02-08 06:00:00,28.584511,77.205783,215,VIDP,200.0,4.1,22000.0,2000,17.8,6.0,1020.1,0,0,0,0,0,2024-02-08 06:00:00
2024-02-08 09:00:00,28.584511,77.205783,215,VIDP,230.0,5.1,22000.0,2000,20.8,3.8,1017.2,0,0,0,0,0,2024-02-08 09:00:00
2024-02-08 12:00:00,28.584511,77.205783,215,VIDP,200.0,4.6,,4000,21.0,4.7,1016.0,0,0,0,0,0,2024-02-08 12:00:00
2024-02-08 15:00:00,28.584511,77.205783,215,VIDP,250.0,3.1,,4000,15.4,7.8,1016.8,0,0,0,0,0,2024-02-08 15:00:00
2024-02-08 18:00:00,28.584511,77.205783,215,VIDP,250.0,2.6,,2000,13.4,9.5,1017.5,0,0,0,0,0,2024-02-08 18:00:00
2024-02-08 21:00:00,28.584511,77.205783,215,VIDP,250.0,3.1,,2000,11.4,7.3,1016.9,0,0,0,0,0,2024-02-08 21:00:00
2024-02-09 00:00:00,28.584511,77.205783,215,VIDP,250.0,2.1,,2000,9.2,6.6,1017.5,0,0,0,0,0,2024-02-09 00:00:00
2024-02-09 03:00:00,28.584511,77.205783,215,VIDP,270.0,1.5,,4000,9.2,6.2,1019.4,0,0,0,0,0,2024-02-09 03:00:00
2024-02-09 06:00:00,28.584511,77.205783,215,VIDP,270.0,2.1,,4000,20.0,5.4,1020.6,0,0,0,0,0,2024-02-09 06:00:00
2024-02-09 09:00:00,28.584511,77.205783,215,VIDP,200.0,1.5,,4000,23.0,3.8,1018.6,0,0,0,0,0,2024-02-09 09:00:00
2024-02-09 12:00:00,28.584511,77.205783,215,VIDP,200.0,1.0,,4000,21.8,6.5,1018.2,0,0,0,0,0,2024-02-09 12:00:00
2024-02-09 15:00:00,28.584511,77.205783,215,VIDP,,0.0,,4000,13.4,8.6,1020.4,0,0,0,0,0,2024-02-09 15:00:00
2024-02-09 18:00:00,28.584511,77.205783,215,VIDP,,0.0,,2000,10.2,9.0,1021.6,0,0,0,0,0,2024-02-09 18:00:00
2024-02-09 21:00:00,28.584511,77.205783,215,VIDP,,0.0,,2000,9.2,8.4,1021.7,0,0,0,0,0,2024-02-09 21:00:00
2024-02-10 00:00:00,28.584511,77.205783,215,VIDP,,0.0,,2000,7.2,6.3,1021.3,0,0,0,0,0,2024-02-10 00:00:00
2024-02-10 03:00:00,28.584511,77.205783,215,VIDP,,0.0,,1000,7.4,7.0,1023.2,0,0,0,0,0,2024-02-10 03:00:00
2024-02-10 06:00:00,28.584511,77.205783,215,VIDP,,0.0,,1000,19.8,9.7,1022.8,0,0,0,0,0,2024-02-10 06:00:00
2024-02-10 09:00:00,28.584511,77.205783,215,VIDP,320.0,2.1,,1000,22.8,10.0,1019.7,0,0,0,0,0,2024-02-10 09:00:00
2024-02-10 12:00:00,28.584511,77.205783,215,VIDP,,0.0,,1000,21.0,10.4,1018.8,0,0,0,0,0,2024-02-10 12:00:00
2024-02-10 15:00:00,28.584511,77.205783,215,VIDP,,0.0,,1000,13.8,11.2,1021.1,0,0,0,0,0,2024-02-10 15:00:00
2024-02-10 18:00:00,28.584511,77.205783,215,VIDP,,0.0,,1000,11.4,10.2,1021.7,0,0,0,0,0,2024-02-10 18:00:00
2024-02-10 21:00:00,28.584511,77.205783,215,VIDP,,0.0,,1000,10.2,9.8,1020.7,0,0,0,0,0,2024-02-10 21:00:00
2024-02-11 00:00:00,28.584511,77.205783,215,VIDP,,0.0,,500,8.6,8.6,1020.2,0,0,0,0,0,2024-02-11 00:00:00
2024-02-11 03:00:00,28.584511,77.205783,215,VIDP,,0.0,,500,9.2,9.2,1022.0,0,0,0,0,0,2024-02-11 03:00:00
2024-02-11 06:00:00,28.584511,77.205783,215,VIDP,270.0,2.1,,1000,19.8,11.1,1022.5,0,0,0,0,0,2024-02-11 06:00:00
2024-02-11 09:00:00,28.584511,77.205783,215,VIDP,200.0,1.5,,2000,23.6,7.7,1019.2,0,0,0,0,0,2024-02-11 09:00:00
2024-02-11 12:00:00,28.584511,77.205783,215,VIDP,200.0,1.5,,2000,22.2,10.1,1018.5,0,0,0,0,0,2024-02-11 12:00:00
2024-02-11 15:00:00,28.584511,77.205783,215,VIDP,200.0,1.0,,2000,15.2,11.9,1020.6,0,0,0,0,0,2024-02-11 15:00:00
2024-02-11 18:00:00,28.584511,77.205783,215,VIDP,,0.0,,1000,12.0,10.5,1020.9,0,0,0,0,0,2024-02-11 18:00:00
2024-02-11 21:00:00,28.584511,77.205783,215,VIDP,,0.0,,1000,10.4,9.6,1020.5,0,0,0,0,0,2024-02-11 21:00:00
2024-02-12 00:00:00,28.584511,77.205783,215,VIDP,,0.0,,1000,9.0,9.0,1019.8,0,0,0,0,0,2024-02-12 00:00:00
2024-02-12 03:00:00,28.584511,77.205783,215,VIDP,,0.0,,500,9.6,9.2,1021.5,0,0,0,0,0,2024-02-12 03:00:00
2024-02-12 06:00:00,28.584511,77.205783,215,VIDP,,0.5,22000.0,1000,19.8,11.1,1020.8,0,0,0,0,0,2024-02-12 06:00:00
2024-02-12 09:00:00,28.584511,77.205783,215,VIDP,,0.0,22000.0,1000,22.6,11.6,1018.0,0,0,0,0,0,2024-02-12 09:00:00
2024-02-12 12:00:00,28.584511,77.205783,215,VIDP,,0.0,22000.0,1000,20.2,12.8,1017.1,0,0,0,0,0,2024-02-12 12:00:00
2024-02-12 15:00:00,28.584511,77.205783,215,VIDP,270.0,1.0,3000.0,1000,16.2,13.4,1019.1,0,0,0,0,0,2024-02-12 15:00:00
2024-02-12 18:00:00,28.584511,77.205783,215,VIDP,,0.0,22000.0,1000,13.2,12.1,1020.3,0,0,0,0,0,2024-02-12 18:00:00
2024-02-12 21:00:00,28.584511,77.205783,215,VIDP,,0.0,22000.0,500,11.2,10.4,1020.6,0,0,0,0,0,2024-02-12 21:00:00
2024-02-13 00:00:00,28.584511,77.205783,215,VIDP,,0.0,22000.0,500,10.0,10.0,1018.9,0,0,0,0,0,2024-02-13 00:00:00
2024-02-13 03:00:00,28.584511,77.205783,215,VIDP,,0.0,22000.0,500,11.0,10.6,1020.4,0,0,0,0,0,2024-02-13 03:00:00
2024-02-13 06:00:00,28.584511,77.205783,215,VIDP,,0.0,3000.0,500,19.2,11.2,1019.8,0,0,0,0,0,2024-02-13 06:00:00
2024-02-13 09:00:00,28.584511,77.205783,215,VIDP,200.0,3.6,3000.0,1000,22.2,9.7,1016.9,0,0,0,0,0,2024-02-13 09:00:00
2024-02-13 12:00:00,28.584511,77.205783,215,VIDP,,0.0,3000.0,1000,21.4,11.8,1016.7,0,0,0,0,0,2024-02-13 12:00:00
2024-02-13 15:00:00,28.584511,77.205783,215,VIDP,,0.0,3000.0,1000,16.4,13.6,1018.6,0,0,0,0,0,2024-02-13 15:00:00
2024-02-13 18:00:00,28.584511,77.205783,215,VIDP,,0.0,3000.0,1000,14.0,12.5,1019.3,0,0,0,0,0,2024-02-13 18:00:00
2024-02-13 21:00:00,28.584511,77.205783,215,VIDP,,0.0,3000.0,1000,12.8,12.1,1019.4,0,0,0,0,0,2024-02-13 21:00:00
2024-02-14 00:00:00,28.584511,77.205783,215,VIDP,,0.0,120.0,500,11.6,11.2,1018.4,0,0,0,0,0,2024-02-14 00:00:00
2024-02-14 03:00:00,28.584511,77.205783,215,VIDP,,0.0,60.0,200,11.2,10.8,1020.1,0,0,0,0,0,2024-02-14 03:00:00
2024-02-14 06:00:00,28.584511,77.205783,215,VIDP,200.0,2.1,,1000,21.2,12.0,1020.3,0,0,0,0,0,2024-02-14 06:00:00
2024-02-14 09:00:00,28.584511,77.205783,215,VIDP,230.0,2.1,,2000,23.2,10.6,1016.6,0,0,0,0,0,2024-02-14 09:00:00
2024-02-14 12:00:00,28.584511,77.205783,215,VIDP,230.0,2.1,,2000,22.4,11.8,1016.2,0,0,0,0,0,2024-02-14 12:00:00
2024-02-14 15:00:00,28.584511,77.205783,215,VIDP,,0.0,,2000,16.0,13.1,1017.9,0,0,0,0,0,2024-02-14 15:00:00
2024-02-14 18:00:00,28.584511,77.205783,215,VIDP,,0.0,,1000,15.0,13.2,1018.5,0,0,0,0,0,2024-02-14 18:00:00
2024-02-14 21:00:00,28.584511,77.205783,215,VIDP,,0.0,,1000,13.0,12.3,1019.3,0,0,0,0,0,2024-02-14 21:00:00
2024-02-15 00:00:00,28.584511,77.205783,215,VIDP,,0.0,,500,10.2,10.2,1019.2,0,0,0,0,0,2024-02-15 00:00:00
2024-02-15 03:00:00,28.584511,77.205783,215,VIDP,,0.0,,500,10.4,10.4,1020.7,0,0,0,0,0,2024-02-15 03:00:00
2024-02-15 03:30:00,28.584511,77.205783,215,VIDP,240.0,1.5,22000.0,1200,14.0,11.0,,1,0,0,0,0,2024-02-15 03:00:00
2024-02-15 04:00:00,28.584511,77.205783,215,VIDP,240.0,1.5,22000.0,1200,14.0,11.0,,1,0,0,0,0,2024-02-15 04:00:00
2024-02-15 04:30:00,28.584511,77.205783,215,VIDP,230.0,1.5,22000.0,1200,17.0,12.0,,0,0,0,0,0,2024-02-15 04:00:00
2024-02-15 05:00:00,28.584511,77.205783,215,VIDP,240.0,1.5,22000.0,1200,18.0,13.0,,0,0,0,0,0,2024-02-15 05:00:00
2024-02-15 06:00:00,28.584511,77.205783,215,VIDP,250.0,1.5,,1000,21.4,10.4,1020.7,0,0,0,0,0,2024-02-15 06:00:00
2024-02-15 09:00:00,28.584511,77.205783,215,VIDP,200.0,2.6,,2000,25.0,8.2,1018.3,0,0,0,0,0,2024-02-15 09:00:00
2024-02-15 12:00:00,28.584511,77.205783,215,VIDP,200.0,1.5,,2000,23.6,9.7,1017.6,0,0,0,0,0,2024-02-15 12:00:00
2024-02-15 15:00:00,28.584511,77.205783,215,VIDP,,0.0,,2000,15.2,11.9,1019.9,0,0,0,0,0,2024-02-15 15:00:00
2024-02-15 18:00:00,28.584511,77.205783,215,VIDP,,0.0,,2000,14.0,12.2,1019.8,0,0,0,0,0,2024-02-15 18:00:00
2024-02-15 21:00:00,28.584511,77.205783,215,VIDP,,0.0,,2000,10.6,9.8,1020.0,0,0,0,0,0,2024-02-15 21:00:00
2024-02-16 00:00:00,28.584511,77.205783,215,VIDP,,0.0,,1000,8.8,8.4,1020.8,0,0,0,0,0,2024-02-16 00:00:00
2024-02-16 03:00:00,28.584511,77.205783,215,VIDP,200.0,1.0,,1000,11.6,10.8,1022.0,0,0,0,0,0,2024-02-16 03:00:00
2024-02-16 06:00:00,28.584511,77.205783,215,VIDP,,0.0,,2000,22.0,11.1,1021.3,0,0,0,0,0,2024-02-16 06:00:00
2024-02-16 09:00:00,28.584511,77.205783,215,VIDP,200.0,1.5,,2000,26.0,5.3,1018.6,0,0,0,0,0,2024-02-16 09:00:00
2024-02-16 12:00:00,28.584511,77.205783,215,VIDP,230.0,1.5,,2000,24.8,7.4,1017.4,0,0,0,0,0,2024-02-16 12:00:00
2024-02-16 15:00:00,28.584511,77.205783,215,VIDP,,0.0,,2000,14.6,9.6,1018.9,0,0,0,0,0,2024-02-16 15:00:00
2024-02-16 18:00:00,28.584511,77.205783,215,VIDP,,0.0,,2000,11.2,9.6,1018.9,0,0,0,0,0,2024-02-16 18:00:00
2024-02-16 21:00:00,28.584511,77.205783,215,VIDP,,0.0,,2000,9.8,9.0,1017.5,0,0,0,0,0,2024-02-16 21:00:00
2024-02-17 00:00:00,28.584511,77.205783,215,VIDP,,0.0,,1000,9.0,9.0,1016.4,0,0,0,0,0,2024-02-17 00:00:00
2024-02-17 03:00:00,28.584511,77.205783,215,VIDP,,0.0,,1000,11.6,10.0,1017.8,0,0,0,0,0,2024-02-17 03:00:00
2024-02-17 06:00:00,28.584511,77.205783,215,VIDP,230.0,2.1,,2000,22.4,8.5,1016.9,0,0,0,0,0,2024-02-17 06:00:00
2024-02-17 09:00:00,28.584511,77.205783,215,VIDP,230.0,2.6,,4000,25.8,7.3,1012.9,0,0,0,0,0,2024-02-17 09:00:00
2024-02-17 12:00:00,28.584511,77.205783,215,VIDP,200.0,2.6,,2000,24.2,10.1,1012.2,0,0,0,0,0,2024-02-17 12:00:00
2024-02-17 15:00:00,28.584511,77.205783,215,VIDP,,0.0,,2000,16.0,12.0,1013.8,0,0,0,0,0,2024-02-17 15:00:00
2024-02-17 18:00:00,28.584511,77.205783,215,VIDP,,0.0,,2000,13.0,11.1,1013.8,0,0,0,0,0,2024-02-17 18:00:00
2024-02-17 21:00:00,28.584511,77.205783,215,VIDP,,0.0,,2000,11.8,10.6,1013.1,0,0,0,0,0,2024-02-17 21:00:00
2024-02-18 00:00:00,28.584511,77.205783,215,VIDP,,0.0,,2000,10.0,9.2,1012.6,0,0,0,0,0,2024-02-18 00:00:00
2024-02-18 03:00:00,28.584511,77.205783,215,VIDP,,0.0,22000.0,1000,10.8,9.6,1014.3,0,0,0,0,0,2024-02-18 03:00:00
2024-02-18 06:00:00,28.584511,77.205783,215,VIDP,230.0,2.6,22000.0,4000,25.0,9.3,1014.6,0,0,0,0,0,2024-02-18 06:00:00
2024-02-18 09:00:00,28.584511,77.205783,215,VIDP,180.0,2.6,22000.0,4000,28.8,1.1,1010.4,0,0,0,0,0,2024-02-18 09:00:00
2024-02-18 12:00:00,28.584511,77.205783,215,VIDP,160.0,2.1,22000.0,2000,25.0,15.0,1010.0,0,0,0,0,0,2024-02-18 12:00:00
2024-02-18 15:00:00,28.584511,77.205783,215,VIDP,,0.0,22000.0,2000,18.6,14.5,1011.6,0,0,0,0,0,2024-02-18 15:00:00
2024-02-18 18:00:00,28.584511,77.205783,215,VIDP,,0.0,22000.0,2000,16.2,13.0,1012.1,0,0,0,0,0,2024-02-18 18:00:00
2024-02-18 21:00:00,28.584511,77.205783,215,VIDP,90.0,2.1,3000.0,2000,16.4,12.4,1011.6,0,0,0,0,0,2024-02-18 21:00:00
2024-02-19 00:00:00,28.584511,77.205783,215,VIDP,90.0,1.5,22000.0,2000,15.4,12.5,1011.0,0,0,0,0,0,2024-02-19 00:00:00
2024-02-19 03:00:00,28.584511,77.205783,215,VIDP,90.0,2.6,,2000,16.6,11.9,1012.0,0,0,0,0,0,2024-02-19 03:00:00
2024-02-19 06:00:00,28.584511,77.205783,215,VIDP,110.0,4.1,3000.0,2000,23.6,12.9,1012.6,0,0,0,0,0,2024-02-19 06:00:00
2024-02-19 09:00:00,28.584511,77.205783,215,VIDP,200.0,4.1,22000.0,2000,27.8,14.6,1008.0,0,0,0,0,0,2024-02-19 09:00:00
2024-02-19 12:00:00,28.584511,77.205783,215,VIDP,200.0,4.1,,2000,25.0,15.0,1007.4,0,0,0,0,0,2024-02-19 12:00:00
2024-02-19 15:00:00,28.584511,77.205783,215,VIDP,200.0,2.1,,2000,21.2,15.5,1009.5,0,0,0,0,0,2024-02-19 15:00:00
2024-02-19 18:00:00,28.584511,77.205783,215,VIDP,200.0,1.0,3000.0,2000,19.6,15.2,1010.7,0,0,0,0,0,2024-02-19 18:00:00
2024-02-19 21:00:00,28.584511,77.205783,215,VIDP,200.0,4.1,3000.0,1000,18.4,16.0,1009.1,0,0,0,0,0,2024-02-19 21:00:00
2024-02-20 00:00:00,28.584511,77.205783,215,VIDP,,0.0,3000.0,1000,16.8,16.1,1009.6,0,0,0,0,0,2024-02-20 00:00:00
2024-02-20 03:00:00,28.584511,77.205783,215,VIDP,200.0,2.1,3000.0,1000,17.4,16.4,1011.9,0,0,0,0,0,2024-02-20 03:00:00
2024-02-20 06:00:00,28.584511,77.205783,215,VIDP,200.0,2.1,22000.0,1000,23.2,16.7,1012.3,0,0,0,0,0,2024-02-20 06:00:00
2024-02-20 09:00:00,28.584511,77.205783,215,VIDP,,0.0,3000.0,2000,27.0,17.1,1009.2,0,0,0,0,0,2024-02-20 09:00:00
2024-02-20 12:00:00,28.584511,77.205783,215,VIDP,230.0,1.0,3000.0,2000,25.4,16.7,1008.0,0,0,0,0,0,2024-02-20 12:00:00
2024-02-20 15:00:00,28.584511,77.205783,215,VIDP,,0.0,,2000,21.8,16.9,1008.8,0,0,0,0,0,2024-02-20 15:00:00
2024-02-20 18:00:00,28.584511,77.205783,215,VIDP,,0.0,,1000,18.4,16.7,1010.5,0,0,0,0,0,2024-02-20 18:00:00
2024-02-20 21:00:00,28.584511,77.205783,215,VIDP,,0.0,22000.0,2000,17.4,14.3,1010.1,0,0,0,0,0,2024-02-20 21:00:00
2024-02-21 00:00:00,28.584511,77.205783,215,VIDP,,0.0,,2000,14.4,13.3,1009.5,0,0,0,0,0,2024-02-21 00:00:00
2024-02-21 03:00:00,28.584511,77.205783,215,VIDP,230.0,3.1,,1000,14.2,13.5,1011.4,0,0,0,0,0,2024-02-21 03:00:00
2024-02-21 06:00:00,28.584511,77.205783,215,VIDP,230.0,2.6,,2000,21.0,14.1,1011.8,0,0,0,0,0,2024-02-21 06:00:00
2024-02-21 09:00:00,28.584511,77.205783,215,VIDP,230.0,4.6,,4000,25.6,9.7,1008.8,0,0,0,0,0,2024-02-21 09:00:00
2024-02-21 12:00:00,28.584511,77.205783,215,VIDP,200.0,1.5,,4000,24.4,8.9,1008.5,0,0,0,0,0,2024-02-21 12:00:00
2024-02-21 15:00:00,28.584511,77.205783,215,VIDP,,0.0,22000.0,2000,19.0,14.2,1010.6,0,0,0,0,0,2024-02-21 15:00:00
2024-02-21 18:00:00,28.584511,77.205783,215,VIDP,200.0,1.5,3000.0,2000,18.0,13.8,1011.9,0,0,0,0,0,2024-02-21 18:00:00
2024-02-21 21:00:00,28.584511,77.205783,215,VIDP,,0.0,3000.0,2000,17.0,13.5,1011.0,0,0,0,0,0,2024-02-21 21:00:00
2024-02-22 00:00:00,28.584511,77.205783,215,VIDP,,0.0,22000.0,2000,13.4,10.7,1011.7,0,0,0,0,0,2024-02-22 00:00:00
2024-02-22 03:00:00,28.584511,77.205783,215,VIDP,,0.0,22000.0,2000,13.8,10.8,1013.4,0,0,0,0,0,2024-02-22 03:00:00
2024-02-22 06:00:00,28.584511,77.205783,215,VIDP,200.0,2.1,,4000,23.0,9.3,1013.8,0,0,0,0,0,2024-02-22 06:00:00
2024-02-22 09:00:00,28.584511,77.205783,215,VIDP,290.0,1.5,,4000,25.4,6.7,1012.1,0,0,0,0,0,2024-02-22 09:00:00
2024-02-22 12:00:00,28.584511,77.205783,215,VIDP,290.0,2.1,,4000,22.8,7.5,1011.9,0,0,0,0,0,2024-02-22 12:00:00
2024-02-22 15:00:00,28.584511,77.205783,215,VIDP,,0.0,,2000,17.0,10.2,1014.3,0,0,0,0,0,2024-02-22 15:00:00
2024-02-22 18:00:00,28.584511,77.205783,215,VIDP,,0.0,,2000,15.0,10.9,1014.9,0,0,0,0,0,2024-02-22 18:00:00
2024-02-22 21:00:00,28.584511,77.205783,215,VIDP,,0.0,,2000,12.4,8.4,1015.6,0,0,0,0,0,2024-02-22 21:00:00
2024-02-23 00:00:00,28.584511,77.205783,215,VIDP,,0.0,,2000,9.6,7.1,1015.0,0,0,0,0,0,2024-02-23 00:00:00
2024-02-23 03:00:00,28.584511,77.205783,215,VIDP,270.0,1.5,,2000,12.2,7.7,1017.2,0,0,0,0,0,2024-02-23 03:00:00
2024-02-23 06:00:00,28.584511,77.205783,215,VIDP,290.0,2.1,,4000,21.2,5.6,1017.3,0,0,0,0,0,2024-02-23 06:00:00
2024-02-23 09:00:00,28.584511,77.205783,215,VIDP,200.0,2.6,,4000,23.6,7.1,1014.6,0,0,0,0,0,2024-02-23 09:00:00
2024-02-23 12:00:00,28.584511,77.205783,215,VIDP,230.0,1.5,,4000,21.8,7.1,1014.2,0,0,0,0,0,2024-02-23 12:00:00
2024-02-23 15:00:00,28.584511,77.205783,215,VIDP,,0.0,,2000,15.6,8.5,1017.0,0,0,0,0,0,2024-02-23 15:00:00
2024-02-23 18:00:00,28.584511,77.205783,215,VIDP,,0.0,,2000,11.6,8.4,1016.1,0,0,0,0,0,2024-02-23 18:00:00
2024-02-23 21:00:00,28.584511,77.205783,215,VIDP,,0.0,,2000,10.0,7.9,1016.0,0,0,0,0,0,2024-02-23 21:00:00
2024-02-24 00:00:00,28.584511,77.205783,215,VIDP,,0.0,22000.0,2000,10.4,8.8,1015.4,0,0,0,0,0,2024-02-24 00:00:00
2024-02-24 03:00:00,28.584511,77.205783,215,VIDP,,0.0,22000.0,2000,11.0,9.8,1017.4,0,0,0,0,0,2024-02-24 03:00:00
2024-02-24 06:00:00,28.584511,77.205783,215,VIDP,,0.0,,2000,22.2,6.0,1017.1,0,0,0,0,0,2024-02-24 06:00:00
2024-02-24 09:00:00,28.584511,77.205783,215,VIDP,230.0,1.0,3000.0,2000,24.2,5.8,1014.9,0,0,0,0,0,2024-02-24 09:00:00
2024-02-24 12:00:00,28.584511,77.205783,215,VIDP,250.0,1.5,3000.0,2000,22.2,7.1,1014.4,0,0,0,0,0,2024-02-24 12:00:00
2024-02-24 15:00:00,28.584511,77.205783,215,VIDP,,0.0,22000.0,2000,15.2,12.3,1016.8,0,0,0,0,0,2024-02-24 15:00:00
2024-02-24 18:00:00,28.584511,77.205783,215,VIDP,,0.0,22000.0,2000,13.2,10.1,1018.2,0,0,0,0,0,2024-02-24 18:00:00
2024-02-24 21:00:00,28.584511,77.205783,215,VIDP,,0.0,22000.0,2000,11.0,10.1,1018.2,0,0,0,0,0,2024-02-24 21:00:00
2024-02-25 00:00:00,28.584511,77.205783,215,VIDP,,0.0,,2000,10.0,8.8,1017.4,0,0,0,0,0,2024-02-25 00:00:00
2024-02-25 03:00:00,28.584511,77.205783,215,VIDP,,0.0,22000.0,2000,12.0,8.8,1019.8,0,0,0,0,0,2024-02-25 03:00:00
2024-02-25 06:00:00,28.584511,77.205783,215,VIDP,110.0,2.1,22000.0,4000,24.8,6.3,1019.6,0,0,0,0,0,2024-02-25 06:00:00
2024-02-25 09:00:00,28.584511,77.205783,215,VIDP,230.0,2.1,3000.0,4000,25.4,6.1,1016.5,0,0,0,0,0,2024-02-25 09:00:00
2024-02-25 12:00:00,28.584511,77.205783,215,VIDP,230.0,2.1,22000.0,4000,22.6,7.7,1016.3,0,0,0,0,0,2024-02-25 12:00:00
2024-02-25 15:00:00,28.584511,77.205783,215,VIDP,,0.0,,4000,16.4,10.0,1018.7,0,0,0,0,0,2024-02-25 15:00:00
2024-02-25 18:00:00,28.584511,77.205783,215,VIDP,,0.0,,2000,13.0,9.5,1019.7,0,0,0,0,0,2024-02-25 18:00:00
2024-02-25 21:00:00,28.584511,77.205783,215,VIDP,,0.0,22000.0,2000,12.0,9.6,1019.1,0,0,0,0,0,2024-02-25 21:00:00
2024-02-26 00:00:00,28.584511,77.205783,215,VIDP,,0.0,22000.0,2000,11.6,9.2,1017.7,0,0,0,0,0,2024-02-26 00:00:00
2024-02-26 03:00:00,28.584511,77.205783,215,VIDP,,0.0,22000.0,2000,14.0,10.2,1019.1,0,0,0,0,0,2024-02-26 03:00:00
2024-02-26 04:34:00,28.584511,77.205783,215,VIDP,70.0,3.1,3048.0,3500,19.0,-1.0,,0,1,0,0,0,2024-02-26 04:00:00
2024-02-26 05:30:00,28.584511,77.205783,215,VIDP,80.0,3.1,3048.0,3500,20.0,-1.0,,0,1,0,0,0,2024-02-26 05:00:00
2024-02-26 06:00:00,28.584511,77.205783,215,VIDP,320.0,1.0,22000.0,4000,23.6,5.4,1019.0,0,0,0,0,0,2024-02-26 06:00:00
2024-02-26 09:00:00,28.584511,77.205783,215,VIDP,,0.0,,4000,24.8,6.3,1017.0,0,0,0,0,0,2024-02-26 09:00:00
2024-02-26 12:00:00,28.584511,77.205783,215,VIDP,,0.0,22000.0,4000,23.6,5.4,1016.2,0,0,0,0,0,2024-02-26 12:00:00
2024-02-26 15:00:00,28.584511,77.205783,215,VIDP,,0.0,,2000,16.2,10.6,1017.8,0,0,0,0,0,2024-02-26 15:00:00
2024-02-26 18:00:00,28.584511,77.205783,215,VIDP,10.0,24.7,,0,,11.1,1018.9,0,0,0,0,0,2024-02-26 18:00:00
2024-02-26 21:00:00,28.584511,77.205783,215,VIDP,,0.0,,2000,13.4,11.1,1017.4,0,0,0,0,0,2024-02-26 21:00:00
2024-02-27 00:00:00,28.584511,77.205783,215,VIDP,230.0,2.1,3000.0,2000,15.0,11.3,1017.1,0,0,0,0,0,2024-02-27 00:00:00
2024-02-27 03:00:00,28.584511,77.205783,215,VIDP,,0.0,1050.0,2000,15.0,10.9,1020.3,0,0,0,0,0,2024-02-27 03:00:00
2024-02-27 06:00:00,28.584511,77.205783,215,VIDP,340.0,1.0,,4000,22.4,8.0,1019.7,0,0,0,0,0,2024-02-27 06:00:00
2024-02-27 09:00:00,28.584511,77.205783,215,VIDP,230.0,2.6,,4000,24.0,10.3,1016.8,0,0,0,0,0,2024-02-27 09:00:00
2024-02-27 12:00:00,28.584511,77.205783,215,VIDP,230.0,1.5,,4000,23.0,10.3,1015.6,0,0,0,0,0,2024-02-27 12:00:00
2024-02-27 15:00:00,28.584511,77.205783,215,VIDP,,0.0,,2000,17.4,12.8,1017.0,0,0,0,0,0,2024-02-27 15:00:00
2024-02-27 18:00:00,28.584511,77.205783,215,VIDP,,0.0,,2000,14.8,12.2,1017.7,0,0,0,0,0,2024-02-27 18:00:00
2024-02-27 21:00:00,28.584511,77.205783,215,VIDP,230.0,1.0,,2000,14.0,11.4,1016.9,0,0,0,0,0,2024-02-27 21:00:00
2024-02-28 00:00:00,28.584511,77.205783,215,VIDP,,0.0,,2000,12.2,11.1,1016.8,0,0,0,0,0,2024-02-28 00:00:00
2024-02-28 03:00:00,28.584511,77.205783,215,VIDP,230.0,2.1,,2000,13.6,11.0,1017.8,0,0,0,0,0,2024-02-28 03:00:00
2024-02-28 06:00:00,28.584511,77.205783,215,VIDP,230.0,3.1,,4000,22.0,9.9,1017.3,0,0,0,0,0,2024-02-28 06:00:00
2024-02-28 09:00:00,28.584511,77.205783,215,VIDP,290.0,2.6,,4000,24.8,10.9,1014.3,0,0,0,0,0,2024-02-28 09:00:00
2024-02-28 11:00:00,28.584511,77.205783,215,VIDP,290.0,3.6,22000.0,5000,24.0,12.0,,0,1,0,0,0,2024-02-28 11:00:00
2024-02-28 12:00:00,28.584511,77.205783,215,VIDP,250.0,4.1,,4000,23.0,12.9,1014.1,0,0,0,0,0,2024-02-28 12:00:00
2024-02-28 15:00:00,28.584511,77.205783,215,VIDP,290.0,1.5,,4000,18.2,12.5,1014.9,0,0,0,0,0,2024-02-28 15:00:00
2024-02-28 18:00:00,28.584511,77.205783,215,VIDP,,0.0,,2000,14.6,11.6,1015.2,0,0,0,0,0,2024-02-28 18:00:00
2024-02-29 00:00:00,28.584511,77.205783,215,VIDP,250.0,2.1,,2000,12.8,10.9,1014.4,0,0,0,0,0,2024-02-29 00:00:00
2024-02-29 03:00:00,28.584511,77.205783,215,VIDP,320.0,3.1,,2000,15.0,10.5,1015.4,0,0,0,0,0,2024-02-29 03:00:00
2024-02-29 05:30:00,28.584511,77.205783,215,VIDP,220.0,3.1,22000.0,4500,22.0,10.0,,0,1,0,0,0,2024-02-29 05:00:00
2024-02-29 06:00:00,28.584511,77.205783,215,VIDP,200.0,4.6,,4000,23.4,10.4,1015.0,0,0,0,0,0,2024-02-29 06:00:00
2024-02-29 06:30:00,28.584511,77.205783,215,VIDP,220.0,4.1,22000.0,4500,24.0,10.0,,0,1,0,0,0,2024-02-29 06:00:00
2024-02-29 09:00:00,28.584511,77.205783,215,VIDP,250.0,2.6,,4000,25.6,12.5,1013.8,0,0,0,0,0,2024-02-29 09:00:00
2024-02-29 12:00:00,28.584511,77.205783,215,VIDP,230.0,1.5,,4000,26.0,13.0,1013.4,0,0,0,0,0,2024-02-29 12:00:00
2024-02-29 15:00:00,28.584511,77.205783,215,VIDP,,0.0,,4000,18.2,12.9,1015.3,0,0,0,0,0,2024-02-29 15:00:00
2024-02-29 18:00:00,28.584511,77.205783,215,VIDP,,0.0,,2000,15.0,12.5,1015.6,0,0,0,0,0,2024-02-29 18:00:00
2024-02-29 21:00:00,28.584511,77.205783,215,VIDP,,0.0,,2000,13.8,11.9,1014.2,0,0,0,0,0,2024-02-29 21:00:00
2024-03-01 00:00:00,28.584511,77.205783,215,VIDP,,0.0,22000.0,2000,13.2,12.5,1013.9,0,0,0,0,0,2024-03-01 00:00:00
2024-03-01 03:00:00,28.584511,77.205783,215,VIDP,,0.0,22000.0,2000,15.0,13.2,1016.8,0,0,0,0,0,2024-03-01 03:00:00
2024-03-01 06:00:00,28.584511,77.205783,215,VIDP,230.0,1.5,,4000,25.6,12.9,1016.2,0,0,0,0,0,2024-03-01 06:00:00
2024-03-01 09:00:00,28.584511,77.205783,215,VIDP,90.0,2.6,22000.0,4000,28.6,12.2,1012.1,0,0,0,0,0,2024-03-01 09:00:00
2024-03-01 12:00:00,28.584511,77.205783,215,VIDP,110.0,2.6,3000.0,4000,28.0,14.8,1010.3,0,0,0,0,0,2024-03-01 12:00:00
2024-03-01 15:00:00,28.584511,77.205783,215,VIDP,200.0,2.1,,2000,23.0,15.0,1010.5,0,0,0,0,0,2024-03-01 15:00:00
2024-03-01 18:00:00,28.584511,77.205783,215,VIDP,200.0,2.1,3000.0,2000,21.2,15.5,1011.2,0,0,0,0,0,2024-03-01 18:00:00
2024-03-02 00:00:00,28.584511,77.205783,215,VIDP,200.0,2.1,1200.0,2000,20.2,15.5,1011.8,0,0,0,0,0,2024-03-02 00:00:00
2024-03-02 03:00:00,28.584511,77.205783,215,VIDP,160.0,2.6,1200.0,2000,20.0,15.6,1014.0,0,0,0,0,0,2024-03-02 03:00:00
2024-03-02 06:00:00,28.584511,77.205783,215,VIDP,160.0,7.7,22000.0,2000,24.6,16.9,1012.9,0,0,0,0,0,2024-03-02 06:00:00
2024-03-02 09:00:00,28.584511,77.205783,215,VIDP,160.0,6.2,3000.0,2000,23.2,17.1,1009.8,0,0,0,0,0,2024-03-02 09:00:00
2024-03-02 12:00:00,28.584511,77.205783,215,VIDP,160.0,4.1,,2000,22.8,17.0,1007.5,0,0,0,0,0,2024-03-02 12:00:00
2024-03-02 15:00:00,28.584511,77.205783,215,VIDP,160.0,5.1,3000.0,2000,19.4,16.8,1009.6,0,0,0,0,0,2024-03-02 15:00:00
2024-03-02 18:00:00,28.584511,77.205783,215,VIDP,160.0,2.6,3000.0,2000,25.2,16.3,1010.3,0,0,0,0,0,2024-03-02 18:00:00
2024-03-02 21:00:00,28.584511,77.205783,215,VIDP,160.0,2.1,3000.0,2000,17.2,16.5,1010.6,0,0,0,0,0,2024-03-02 21:00:00
2024-03-03 00:00:00,28.584511,77.205783,215,VIDP,,0.0,22000.0,2000,16.8,16.8,1011.4,0,0,0,0,0,2024-03-03 00:00:00
2024-03-03 03:00:00,28.584511,77.205783,215,VIDP,,0.0,22000.0,2000,15.4,10.5,1013.4,0,0,0,0,0,2024-03-03 03:00:00
2024-03-03 06:00:00,28.584511,77.205783,215,VIDP,160.0,1.5,3000.0,2000,21.4,10.0,1013.3,0,0,0,0,0,2024-03-03 06:00:00
2024-03-03 09:00:00,28.584511,77.205783,215,VIDP,160.0,1.5,3000.0,2000,25.0,16.2,1009.8,0,0,0,0,0,2024-03-03 09:00:00
2024-03-03 09:00:00,28.584511,77.205783,215,VIDP,160.0,1.5,3048.0,4000,25.0,16.0,,0,1,0,0,0,2024-03-03 09:00:00
2024-03-03 10:30:00,28.584511,77.205783,215,VIDP,250.0,2.1,3048.0,4000,25.0,16.0,,0,1,0,0,0,2024-03-03 10:00:00
2024-03-03 12:00:00,28.584511,77.205783,215,VIDP,290.0,2.1,1050.0,4000,23.8,23.1,1009.6,0,0,0,0,0,2024-03-03 12:00:00
2024-03-03 12:00:00,28.584511,77.205783,215,VIDP,290.0,2.1,3048.0,4000,24.0,13.0,,0,1,0,0,0,2024-03-03 12:00:00
2024-03-03 15:00:00,28.584511,77.205783,215,VIDP,290.0,2.1,1050.0,4000,23.8,23.1,1009.6,0,0,0,0,0,2024-03-03 15:00:00
2024-03-03 18:00:00,28.584511,77.205783,215,VIDP,,0.0,,2000,16.0,11.6,1013.1,0,0,0,0,0,2024-03-03 18:00:00
2024-03-03 21:00:00,28.584511,77.205783,215,VIDP,,0.0,,2000,14.6,11.2,1012.4,0,0,0,0,0,2024-03-03 21:00:00
2024-03-04 00:00:00,28.584511,77.205783,215,VIDP,,0.0,22000.0,2000,11.0,10.2,1014.0,0,0,0,0,0,2024-03-04 00:00:00
2024-03-04 03:00:00,28.584511,77.205783,215,VIDP,,0.0,22000.0,2000,12.2,10.3,1016.4,0,0,0,0,0,2024-03-04 03:00:00
2024-03-04 05:00:00,28.584511,77.205783,215,VIDP,150.0,1.5,10000.0,4000,21.0,6.0,,0,1,0,0,0,2024-03-04 05:00:00
2024-03-04 06:00:00,28.584511,77.205783,215,VIDP,290.0,1.5,,4000,22.0,0.5,1017.8,0,0,0,0,0,2024-03-04 06:00:00
2024-03-04 09:00:00,28.584511,77.205783,215,VIDP,160.0,2.1,,4000,24.0,3.6,1016.0,0,0,0,0,0,2024-03-04 09:00:00
2024-03-04 12:00:00,28.584511,77.205783,215,VIDP,270.0,1.5,,4000,21.8,3.2,1015.5,0,0,0,0,0,2024-03-04 12:00:00
2024-03-04 15:00:00,28.584511,77.205783,215,VIDP,,0.0,,2000,16.4,8.1,1017.2,0,0,0,0,0,2024-03-04 15:00:00
2024-03-04 18:00:00,28.584511,77.205783,215,VIDP,,0.0,,2000,14.6,6.8,1018.4,0,0,0,0,0,2024-03-04 18:00:00
2024-03-04 21:00:00,28.584511,77.205783,215,VIDP,,0.0,,2000,13.2,7.0,1017.5,0,0,0,0,0,2024-03-04 21:00:00
2024-03-05 00:00:00,28.584511,77.205783,215,VIDP,,0.0,,2000,11.2,6.1,1017.2,0,0,0,0,0,2024-03-05 00:00:00
2024-03-05 03:00:00,28.584511,77.205783,215,VIDP,140.0,2.1,,2000,12.8,6.6,1019.5,0,0,0,0,0,2024-03-05 03:00:00
2024-03-05 06:00:00,28.584511,77.205783,215,VIDP,270.0,5.1,,4000,20.0,4.9,1019.8,0,0,0,0,0,2024-03-05 06:00:00
2024-03-05 09:00:00,28.584511,77.205783,215,VIDP,320.0,2.6,22000.0,4000,22.8,4.1,1015.9,0,0,0,0,0,2024-03-05 09:00:00
2024-03-05 12:00:00,28.584511,77.205783,215,VIDP,270.0,2.6,22000.0,4000,20.4,6.6,1015.2,0,0,0,0,0,2024-03-05 12:00:00
2024-03-05 15:00:00,28.584511,77.205783,215,VIDP,250.0,2.6,3000.0,4000,17.4,9.9,1015.0,0,0,0,0,0,2024-03-05 15:00:00
2024-03-05 18:00:00,28.584511,77.205783,215,VIDP,270.0,2.1,3000.0,2000,15.8,10.5,1017.1,0,0,0,0,0,2024-03-05 18:00:00
2024-03-05 21:00:00,28.584511,77.205783,215,VIDP,230.0,1.5,3000.0,2000,15.0,9.2,1016.6,0,0,0,0,0,2024-03-05 21:00:00
2024-03-06 00:00:00,28.584511,77.205783,215,VIDP,250.0,2.1,22000.0,2000,11.0,6.8,1015.3,0,0,0,0,0,2024-03-06 00:00:00
2024-03-06 03:00:00,28.584511,77.205783,215,VIDP,290.0,3.1,3000.0,2000,12.2,7.3,1016.9,0,0,0,0,0,2024-03-06 03:00:00
2024-03-06 06:00:00,28.584511,77.205783,215,VIDP,270.0,2.6,3000.0,2000,19.0,6.1,1017.4,0,0,0,0,0,2024-03-06 06:00:00
2024-03-06 09:00:00,28.584511,77.205783,215,VIDP,270.0,3.1,,2000,22.6,6.7,1014.8,0,0,0,0,0,2024-03-06 09:00:00
2024-03-06 12:00:00,28.584511,77.205783,215,VIDP,270.0,4.1,22000.0,4000,22.4,5.8,1013.2,0,0,0,0,0,2024-03-06 12:00:00
2024-03-06 15:00:00,28.584511,77.205783,215,VIDP,,0.0,22000.0,2000,18.0,10.6,1014.6,0,0,0,0,0,2024-03-06 15:00:00
2024-03-06 18:00:00,28.584511,77.205783,215,VIDP,,0.0,22000.0,2000,14.0,11.0,1015.3,0,0,0,0,0,2024-03-06 18:00:00
2024-03-06 21:00:00,28.584511,77.205783,215,VIDP,,0.0,,2000,12.0,10.1,1014.1,0,0,0,0,0,2024-03-06 21:00:00
2024-03-07 00:00:00,28.584511,77.205783,215,VIDP,,0.0,,2000,11.0,9.0,1014.1,0,0,0,0,0,2024-03-07 00:00:00
2024-03-07 03:00:00,28.584511,77.205783,215,VIDP,,0.0,,2000,13.8,9.5,1015.8,0,0,0,0,0,2024-03-07 03:00:00
2024-03-07 06:00:00,28.584511,77.205783,215,VIDP,270.0,2.6,,2000,22.2,6.0,1016.6,0,0,0,0,0,2024-03-07 06:00:00
2024-03-07 09:00:00,28.584511,77.205783,215,VIDP,290.0,5.1,22000.0,4000,25.4,6.1,1014.0,0,0,0,0,0,2024-03-07 09:00:00
2024-03-07 12:00:00,28.584511,77.205783,215,VIDP,200.0,1.5,22000.0,4000,24.6,7.6,1013.1,0,0,0,0,0,2024-03-07 12:00:00
2024-03-07 15:00:00,28.584511,77.205783,215,VIDP,,0.0,22000.0,2000,18.2,11.2,1015.1,0,0,0,0,0,2024-03-07 15:00:00
2024-03-07 18:00:00,28.584511,77.205783,215,VIDP,,0.0,22000.0,2000,15.0,11.3,1015.8,0,0,0,0,0,2024-03-07 18:00:00
2024-03-08 00:00:00,28.584511,77.205783,215,VIDP,,0.0,22000.0,2000,11.4,9.8,1015.4,0,0,0,0,0,2024-03-08 00:00:00
2024-03-08 03:00:00,28.584511,77.205783,215,VIDP,180.0,2.1,,2000,15.2,10.7,1016.9,0,0,0,0,0,2024-03-08 03:00:00
2024-03-08 06:00:00,28.584511,77.205783,215,VIDP,180.0,3.1,,4000,24.8,8.2,1016.5,0,0,0,0,0,2024-03-08 06:00:00
2024-03-08 09:00:00,28.584511,77.205783,215,VIDP,320.0,3.1,,4000,27.2,5.0,1014.3,0,0,0,0,0,2024-03-08 09:00:00
2024-03-08 12:00:00,28.584511,77.205783,215,VIDP,320.0,2.1,,4000,24.4,12.2,1014.4,0,0,0,0,0,2024-03-08 12:00:00
2024-03-08 15:00:00,28.584511,77.205783,215,VIDP,200.0,1.5,,2000,19.2,12.4,1015.4,0,0,0,0,0,2024-03-08 15:00:00
2024-03-08 18:00:00,28.584511,77.205783,215,VIDP,,0.0,,2000,15.2,11.9,1016.6,0,0,0,0,0,2024-03-08 18:00:00
2024-03-08 21:00:00,28.584511,77.205783,215,VIDP,,0.0,,2000,13.8,11.6,1016.2,0,0,0,0,0,2024-03-08 21:00:00
2024-03-09 00:00:00,28.584511,77.205783,215,VIDP,,0.0,,2000,12.0,10.5,1014.8,0,0,0,0,0,2024-03-09 00:00:00
2024-03-09 03:00:00,28.584511,77.205783,215,VIDP,160.0,2.1,,2000,15.4,10.1,1016.9,0,0,0,0,0,2024-03-09 03:00:00
2024-03-09 06:00:00,28.584511,77.205783,215,VIDP,270.0,4.1,,4000,23.4,8.4,1016.7,0,0,0,0,0,2024-03-09 06:00:00
2024-03-09 09:00:00,28.584511,77.205783,215,VIDP,320.0,4.6,,4000,26.0,4.7,1014.6,0,0,0,0,0,2024-03-09 09:00:00
2024-03-09 12:00:00,28.584511,77.205783,215,VIDP,290.0,2.6,,4000,24.4,8.4,1013.8,0,0,0,0,0,2024-03-09 12:00:00
2024-03-09 15:00:00,28.584511,77.205783,215,VIDP,160.0,1.0,,2000,18.6,10.9,1015.5,0,0,0,0,0,2024-03-09 15:00:00
2024-03-09 18:00:00,28.584511,77.205783,215,VIDP,,0.0,,2000,14.4,11.0,1016.2,0,0,0,0,0,2024-03-09 18:00:00
2024-03-09 21:00:00,28.584511,77.205783,215,VIDP,,0.0,,2000,12.6,9.9,1014.4,0,0,0,0,0,2024-03-09 21:00:00
2024-03-10 00:00:00,28.584511,77.205783,215,VIDP,,0.0,,2000,12.4,9.7,1014.9,0,0,0,0,0,2024-03-10 00:00:00
2024-03-10 03:00:00,28.584511,77.205783,215,VIDP,160.0,2.1,22000.0,2000,16.0,9.5,1015.7,0,0,0,0,0,2024-03-10 03:00:00
2024-03-10 06:00:00,28.584511,77.205783,215,VIDP,290.0,1.5,22000.0,2000,24.8,7.9,1015.9,0,0,0,0,0,2024-03-10 06:00:00
2024-03-10 09:00:00,28.584511,77.205783,215,VIDP,320.0,1.5,22000.0,4000,27.6,8.1,1013.8,0,0,0,0,0,2024-03-10 09:00:00
2024-03-10 12:00:00,28.584511,77.205783,215,VIDP,270.0,2.6,,4000,25.4,8.3,1013.7,0,0,0,0,0,2024-03-10 12:00:00
2024-03-10 15:00:00,28.584511,77.205783,215,VIDP,,0.0,3000.0,2000,20.2,13.6,1015.4,0,0,0,0,0,2024-03-10 15:00:00
2024-03-10 18:00:00,28.584511,77.205783,215,VIDP,,0.0,,2000,18.2,15.1,1016.3,0,0,0,0,0,2024-03-10 18:00:00
2024-03-10 21:00:00,28.584511,77.205783,215,VIDP,,0.0,3000.0,2000,18.2,15.1,1016.5,0,0,0,0,0,2024-03-10 21:00:00
2024-03-11 00:00:00,28.584511,77.205783,215,VIDP,,0.0,,2000,15.4,14.0,1016.6,0,0,0,0,0,2024-03-11 00:00:00
2024-03-11 03:00:00,28.584511,77.205783,215,VIDP,,0.0,,2000,16.0,13.9,1018.4,0,0,0,0,0,2024-03-11 03:00:00
2024-03-11 06:00:00,28.584511,77.205783,215,VIDP,140.0,2.6,,4000,28.2,11.6,1017.2,0,0,0,0,0,2024-03-11 06:00:00
2024-03-11 09:00:00,28.584511,77.205783,215,VIDP,140.0,2.1,,4000,30.4,9.5,1014.1,0,0,0,0,0,2024-03-11 09:00:00
2024-03-11 12:00:00,28.584511,77.205783,215,VIDP,320.0,1.0,,4000,28.6,9.0,1012.7,0,0,0,0,0,2024-03-11 12:00:00
2024-03-11 15:00:00,28.584511,77.205783,215,VIDP,,0.0,,4000,22.2,13.6,1014.6,0,0,0,0,0,2024-03-11 15:00:00
2024-03-11 18:00:00,28.584511,77.205783,215,VIDP,,0.0,,4000,19.8,13.9,1015.6,0,0,0,0,0,2024-03-11 18:00:00
2024-03-11 21:00:00,28.584511,77.205783,215,VIDP,,0.0,22000.0,2000,17.2,13.7,1014.5,0,0,0,0,0,2024-03-11 21:00:00
2024-03-12 00:00:00,28.584511,77.205783,215,VIDP,,0.0,22000.0,2000,15.6,13.8,1014.1,0,0,0,0,0,2024-03-12 00:00:00
2024-03-12 03:00:00,28.584511,77.205783,215,VIDP,290.0,2.1,3000.0,2000,19.4,13.5,1015.6,0,0,0,0,0,2024-03-12 03:00:00
2024-03-12 06:00:00,28.584511,77.205783,215,VIDP,270.0,3.1,22000.0,2000,27.0,11.7,1015.3,0,0,0,0,0,2024-03-12 06:00:00
2024-03-12 09:00:00,28.584511,77.205783,215,VIDP,290.0,2.1,,4000,29.8,11.6,1012.6,0,0,0,0,0,2024-03-12 09:00:00
2024-03-12 12:00:00,28.584511,77.205783,215,VIDP,270.0,1.0,,4000,28.0,10.8,1011.7,0,0,0,0,0,2024-03-12 12:00:00
2024-03-12 15:00:00,28.584511,77.205783,215,VIDP,200.0,1.0,,2000,22.4,13.8,1012.8,0,0,0,0,0,2024-03-12 15:00:00
2024-03-12 18:00:00,28.584511,77.205783,215,VIDP,,0.0,,2000,20.2,15.1,1013.3,0,0,0,0,0,2024-03-12 18:00:00
2024-03-13 00:00:00,28.584511,77.205783,215,VIDP,200.0,1.0,,2000,14.4,12.9,1011.3,0,0,0,0,0,2024-03-13 00:00:00
2024-03-13 03:00:00,28.584511,77.205783,215,VIDP,140.0,2.1,22000.0,1000,17.8,14.3,1012.5,0,0,0,0,0,2024-03-13 03:00:00
2024-03-13 06:00:00,28.584511,77.205783,215,VIDP,160.0,2.1,,4000,28.4,11.9,1011.9,0,0,0,0,0,2024-03-13 06:00:00
2024-03-13 09:00:00,28.584511,77.205783,215,VIDP,230.0,1.5,3000.0,4000,30.2,8.6,1009.3,0,0,0,0,0,2024-03-13 09:00:00
2024-03-13 12:00:00,28.584511,77.205783,215,VIDP,180.0,1.5,1200.0,2000,25.8,15.6,1010.5,0,0,0,0,0,2024-03-13 12:00:00
2024-03-13 15:00:00,28.584511,77.205783,215,VIDP,320.0,1.0,,2000,22.0,16.0,1011.7,0,0,0,0,0,2024-03-13 15:00:00
2024-03-13 18:00:00,28.584511,77.205783,215,VIDP,230.0,2.1,,2000,20.0,16.0,1012.5,0,0,0,0,0,2024-03-13 18:00:00
2024-03-14 00:00:00,28.584511,77.205783,215,VIDP,250.0,1.0,22000.0,2000,15.6,14.2,1013.3,0,0,0,0,0,2024-03-14 00:00:00
2024-03-14 03:00:00,28.584511,77.205783,215,VIDP,,0.0,22000.0,2000,18.8,15.8,1015.7,0,0,0,0,0,2024-03-14 03:00:00
2024-03-14 06:00:00,28.584511,77.205783,215,VIDP,320.0,1.5,22000.0,4000,27.8,9.5,1015.7,0,0,0,0,0,2024-03-14 06:00:00
2024-03-14 09:00:00,28.584511,77.205783,215,VIDP,290.0,1.0,3000.0,4000,29.4,11.4,1013.3,0,0,0,0,0,2024-03-14 09:00:00
2024-03-14 12:00:00,28.584511,77.205783,215,VIDP,290.0,2.6,22000.0,4000,27.8,9.5,1012.3,0,0,0,0,0,2024-03-14 12:00:00
2024-03-14 15:00:00,28.584511,77.205783,215,VIDP,340.0,2.1,,2000,23.0,12.5,1014.3,0,0,0,0,0,2024-03-14 15:00:00
2024-03-14 18:00:00,28.584511,77.205783,215,VIDP,200.0,3.6,,2000,21.4,17.5,1014.4,0,0,0,0,0,2024-03-14 18:00:00
2024-03-14 21:00:00,28.584511,77.205783,215,VIDP,180.0,1.0,,2000,18.4,14.6,1013.3,0,0,0,0,0,2024-03-14 21:00:00
2024-03-15 00:00:00,28.584511,77.205783,215,VIDP,160.0,2.1,,2000,16.2,10.2,1013.1,0,0,0,0,0,2024-03-15 00:00:00
2024-03-15 03:00:00,28.584511,77.205783,215,VIDP,270.0,2.6,,2000,18.8,8.9,1014.6,0,0,0,0,0,2024-03-15 03:00:00
2024-03-15 06:00:00,28.584511,77.205783,215,VIDP,270.0,3.1,,4000,25.8,2.3,1014.8,0,0,0,0,0,2024-03-15 06:00:00
2024-03-15 09:00:00,28.584511,77.205783,215,VIDP,180.0,3.6,22000.0,4000,28.4,4.7,1012.8,0,0,0,0,0,2024-03-15 09:00:00
2024-03-15 12:00:00,28.584511,77.205783,215,VIDP,270.0,4.1,22000.0,4000,26.8,7.9,1011.7,0,0,0,0,0,2024-03-15 12:00:00
2024-03-15 15:00:00,28.584511,77.205783,215,VIDP,,0.0,,4000,19.6,11.2,1014.2,0,0,0,0,0,2024-03-15 15:00:00
2024-03-15 18:00:00,28.584511,77.205783,215,VIDP,,0.0,,4000,15.2,10.7,1015.5,0,0,0,0,0,2024-03-15 18:00:00
2024-03-15 21:00:00,28.584511,77.205783,215,VIDP,,0.0,,4000,13.4,10.3,1015.2,0,0,0,0,0,2024-03-15 21:00:00
2024-03-16 00:00:00,28.584511,77.205783,215,VIDP,,0.0,,4000,11.8,10.3,1015.7,0,0,0,0,0,2024-03-16 00:00:00
2024-03-16 03:00:00,28.584511,77.205783,215,VIDP,,0.0,22000.0,4000,17.2,11.7,1017.3,0,0,0,0,0,2024-03-16 03:00:00
2024-03-16 06:00:00,28.584511,77.205783,215,VIDP,290.0,1.5,22000.0,4000,27.4,9.4,1016.3,0,0,0,0,0,2024-03-16 06:00:00
2024-03-16 09:00:00,28.584511,77.205783,215,VIDP,230.0,2.6,22000.0,4000,28.6,8.1,1013.9,0,0,0,0,0,2024-03-16 09:00:00
2024-03-16 12:00:00,28.584511,77.205783,215,VIDP,270.0,4.1,22000.0,4000,27.4,9.4,1013.4,0,0,0,0,0,2024-03-16 12:00:00
2024-03-16 15:00:00,28.584511,77.205783,215,VIDP,,0.0,22000.0,4000,21.4,13.4,1015.1,0,0,0,0,0,2024-03-16 15:00:00
2024-03-16 18:00:00,28.584511,77.205783,215,VIDP,,0.0,,4000,17.0,13.1,1016.2,0,0,0,0,0,2024-03-16 18:00:00
2024-03-16 21:00:00,28.584511,77.205783,215,VIDP,,0.0,,2000,14.6,12.0,1014.7,0,0,0,0,0,2024-03-16 21:00:00
2024-03-17 00:00:00,28.584511,77.205783,215,VIDP,,0.0,3000.0,2000,13.6,11.4,1014.6,0,0,0,0,0,2024-03-17 00:00:00
2024-03-17 03:00:00,28.584511,77.205783,215,VIDP,,0.0,3000.0,2000,17.8,11.6,1016.5,0,0,0,0,0,2024-03-17 03:00:00
2024-03-17 06:00:00,28.584511,77.205783,215,VIDP,270.0,1.5,,4000,26.2,8.0,1016.2,0,0,0,0,0,2024-03-17 06:00:00
2024-03-17 09:00:00,28.584511,77.205783,215,VIDP,230.0,2.1,22000.0,4000,30.0,7.7,1013.4,0,0,0,0,0,2024-03-17 09:00:00
2024-03-17 12:00:00,28.584511,77.205783,215,VIDP,230.0,1.5,22000.0,4000,28.8,8.4,1012.3,0,0,0,0,0,2024-03-17 12:00:00
2024-03-17 15:00:00,28.584511,77.205783,215,VIDP,340.0,1.5,22000.0,4000,21.0,12.9,1014.3,0,0,0,0,0,2024-03-17 15:00:00
2024-03-17 18:00:00,28.584511,77.205783,215,VIDP,,0.0,,4000,17.6,15.2,1014.7,0,0,0,0,0,2024-03-17 18:00:00
2024-03-17 21:00:00,28.584511,77.205783,215,VIDP,,0.0,,2000,15.6,14.6,1014.6,0,0,0,0,0,2024-03-17 21:00:00
2024-03-18 00:00:00,28.584511,77.205783,215,VIDP,320.0,1.5,,2000,14.0,12.2,1013.6,0,0,0,0,0,2024-03-18 00:00:00
2024-03-18 03:00:00,28.584511,77.205783,215,VIDP,290.0,1.5,,1000,16.8,12.1,1014.9,0,0,0,0,0,2024-03-18 03:00:00
2024-03-18 06:00:00,28.584511,77.205783,215,VIDP,250.0,3.1,,2000,26.4,8.3,1014.7,0,0,0,0,0,2024-03-18 06:00:00
2024-03-18 09:00:00,28.584511,77.205783,215,VIDP,270.0,2.1,,4000,29.8,7.9,1011.9,0,0,0,0,0,2024-03-18 09:00:00
2024-03-18 12:00:00,28.584511,77.205783,215,VIDP,270.0,2.6,,4000,28.6,7.0,1010.3,0,0,0,0,0,2024-03-18 12:00:00
2024-03-18 15:00:00,28.584511,77.205783,215,VIDP,,0.0,22000.0,4000,21.4,13.4,1012.8,0,0,0,0,0,2024-03-18 15:00:00
2024-03-18 18:00:00,28.584511,77.205783,215,VIDP,,0.0,,2000,17.0,12.7,1013.4,0,0,0,0,0,2024-03-18 18:00:00
2024-03-18 21:00:00,28.584511,77.205783,215,VIDP,,0.0,,2000,15.0,12.5,1012.3,0,0,0,0,0,2024-03-18 21:00:00
2024-03-19 00:00:00,28.584511,77.205783,215,VIDP,,0.0,,2000,13.8,12.3,1012.4,0,0,0,0,0,2024-03-19 00:00:00
2024-03-19 03:00:00,28.584511,77.205783,215,VIDP,,0.0,,2000,18.0,12.3,1014.6,0,0,0,0,0,2024-03-19 03:00:00
2024-03-19 06:00:00,28.584511,77.205783,215,VIDP,200.0,1.0,,2000,28.2,11.1,1014.1,0,0,0,0,0,2024-03-19 06:00:00
2024-03-19 09:00:00,28.584511,77.205783,215,VIDP,160.0,5.1,,4000,30.4,9.5,1011.4,0,0,0,0,0,2024-03-19 09:00:00
2024-03-19 12:00:00,28.584511,77.205783,215,VIDP,320.0,3.1,,4000,29.6,8.7,1009.6,0,0,0,0,0,2024-03-19 12:00:00
2024-03-19 15:00:00,28.584511,77.205783,215,VIDP,,0.0,,4000,21.4,13.8,1013.0,0,0,0,0,0,2024-03-19 15:00:00
2024-03-19 18:00:00,28.584511,77.205783,215,VIDP,,0.0,,4000,18.8,13.9,1013.2,0,0,0,0,0,2024-03-19 18:00:00
2024-03-19 21:00:00,28.584511,77.205783,215,VIDP,,0.0,,2000,17.0,14.2,1013.2,0,0,0,0,0,2024-03-19 21:00:00
2024-03-20 00:00:00,28.584511,77.205783,215,VIDP,,0.0,,2000,15.4,13.6,1013.3,0,0,0,0,0,2024-03-20 00:00:00
2024-03-20 03:00:00,28.584511,77.205783,215,VIDP,340.0,1.5,,2000,19.6,14.3,1015.0,0,0,0,0,0,2024-03-20 03:00:00
2024-03-20 06:00:00,28.584511,77.205783,215,VIDP,250.0,2.1,,4000,29.0,13.2,1013.4,0,0,0,0,0,2024-03-20 06:00:00
2024-03-20 12:00:00,28.584511,77.205783,215,VIDP,270.0,1.0,,4000,31.0,12.4,1008.8,0,0,0,0,0,2024-03-20 12:00:00
2024-03-20 15:00:00,28.584511,77.205783,215,VIDP,,0.0,,2000,24.2,15.2,1011.7,0,0,0,0,0,2024-03-20 15:00:00
2024-03-20 18:00:00,28.584511,77.205783,215,VIDP,,0.0,,2000,20.0,15.3,1013.8,0,0,0,0,0,2024-03-20 18:00:00
2024-03-20 21:00:00,28.584511,77.205783,215,VIDP,,0.0,,2000,18.2,15.1,1012.9,0,0,0,0,0,2024-03-20 21:00:00
2024-03-21 00:00:00,28.584511,77.205783,215,VIDP,340.0,2.6,22000.0,2000,17.8,15.3,1013.8,0,0,0,0,0,2024-03-21 00:00:00
2024-03-21 03:00:00,28.584511,77.205783,215,VIDP,340.0,3.1,22000.0,2000,19.2,15.1,1015.1,0,0,0,0,0,2024-03-21 03:00:00
2024-03-21 06:00:00,28.584511,77.205783,215,VIDP,340.0,3.1,22000.0,4000,25.2,16.4,1014.0,0,0,0,0,0,2024-03-21 06:00:00
2024-03-21 09:00:00,28.584511,77.205783,215,VIDP,70.0,2.6,22000.0,4000,28.8,15.5,1010.9,0,0,0,0,0,2024-03-21 09:00:00
2024-03-21 12:00:00,28.584511,77.205783,215,VIDP,50.0,2.1,,4000,28.2,17.6,1009.9,0,0,0,0,0,2024-03-21 12:00:00
2024-03-21 15:00:00,28.584511,77.205783,215,VIDP,320.0,1.5,,4000,23.6,18.2,1011.6,0,0,0,0,0,2024-03-21 15:00:00
2024-03-21 18:00:00,28.584511,77.205783,215,VIDP,290.0,1.5,,2000,21.4,18.5,1013.1,0,0,0,0,0,2024-03-21 18:00:00
2024-03-21 21:00:00,28.584511,77.205783,215,VIDP,250.0,2.1,,2000,19.8,17.9,1012.5,0,0,0,0,0,2024-03-21 21:00:00
2024-03-22 00:00:00,28.584511,77.205783,215,VIDP,270.0,2.1,,2000,19.0,17.4,1010.8,0,0,0,0,0,2024-03-22 00:00:00
2024-03-22 03:00:00,28.584511,77.205783,215,VIDP,340.0,1.0,22000.0,2000,21.6,16.7,1011.4,0,0,0,0,0,2024-03-22 03:00:00
2024-03-22 06:00:00,28.584511,77.205783,215,VIDP,50.0,2.1,22000.0,4000,28.6,16.8,1010.3,0,0,0,0,0,2024-03-22 06:00:00
2024-03-22 07:30:00,28.584511,77.205783,215,VIDP,50.0,2.6,10000.0,4000,30.0,17.0,,0,1,0,0,0,2024-03-22 07:00:00
2024-03-22 09:00:00,28.584511,77.205783,215,VIDP,320.0,3.1,,4000,31.8,17.0,1006.6,0,0,0,0,0,2024-03-22 09:00:00
2024-03-22 12:00:00,28.584511,77.205783,215,VIDP,250.0,1.5,,4000,31.2,19.7,1004.9,0,0,0,0,0,2024-03-22 12:00:00
2024-03-22 15:00:00,28.584511,77.205783,215,VIDP,,0.0,,2000,24.6,19.3,1006.8,0,0,0,0,0,2024-03-22 15:00:00
2024-03-22 18:00:00,28.584511,77.205783,215,VIDP,,0.0,,2000,22.0,18.8,1007.5,0,0,0,0,0,2024-03-22 18:00:00
2024-03-22 21:00:00,28.584511,77.205783,215,VIDP,,0.0,,2000,20.0,18.4,1007.9,0,0,0,0,0,2024-03-22 21:00:00
2024-03-23 00:00:00,28.584511,77.205783,215,VIDP,,0.0,,2000,18.0,16.7,1007.7,0,0,0,0,0,2024-03-23 00:00:00
2024-03-23 03:00:00,28.584511,77.205783,215,VIDP,,0.0,,2000,22.2,18.0,1009.2,0,0,0,0,0,2024-03-23 03:00:00
2024-03-23 06:00:00,28.584511,77.205783,215,VIDP,200.0,3.1,,4000,31.4,13.5,1008.2,0,0,0,0,0,2024-03-23 06:00:00
2024-03-23 09:00:00,28.584511,77.205783,215,VIDP,290.0,4.6,22000.0,4000,32.8,13.3,1006.4,0,0,0,0,0,2024-03-23 09:00:00
2024-03-23 12:00:00,28.584511,77.205783,215,VIDP,200.0,2.1,22000.0,4000,32.0,12.0,1005.6,0,0,0,0,0,2024-03-23 12:00:00
2024-03-23 15:00:00,28.584511,77.205783,215,VIDP,250.0,1.5,22000.0,2000,25.0,17.0,1007.6,0,0,0,0,0,2024-03-23 15:00:00
2024-03-23 18:00:00,28.584511,77.205783,215,VIDP,,0.0,,2000,20.2,16.9,1008.2,0,0,0,0,0,2024-03-23 18:00:00
2024-03-23 21:00:00,28.584511,77.205783,215,VIDP,,0.0,22000.0,2000,18.8,16.8,1007.7,0,0,0,0,0,2024-03-23 21:00:00
2024-03-24 00:00:00,28.584511,77.205783,215,VIDP,,0.0,22000.0,2000,18.2,16.9,1008.1,0,0,0,0,0,2024-03-24 00:00:00
2024-03-24 03:00:00,28.584511,77.205783,215,VIDP,200.0,2.6,3000.0,2000,23.0,17.2,1010.9,0,0,0,0,0,2024-03-24 03:00:00
2024-03-24 06:00:00,28.584511,77.205783,215,VIDP,340.0,4.6,3000.0,2000,27.4,15.3,1011.7,0,0,0,0,0,2024-03-24 06:00:00
2024-03-24 09:00:00,28.584511,77.205783,215,VIDP,250.0,3.1,3000.0,4000,29.0,14.9,1010.6,0,0,0,0,0,2024-03-24 09:00:00
2024-03-24 12:00:00,28.584511,77.205783,215,VIDP,270.0,2.1,3000.0,4000,27.4,17.6,1009.6,0,0,0,0,0,2024-03-24 12:00:00
2024-03-24 15:00:00,28.584511,77.205783,215,VIDP,,0.0,3000.0,4000,23.0,18.2,1011.9,0,0,0,0,0,2024-03-24 15:00:00
2024-03-24 18:00:00,28.584511,77.205783,215,VIDP,,0.0,,2000,19.6,17.0,1012.6,0,0,0,0,0,2024-03-24 18:00:00
2024-03-24 21:00:00,28.584511,77.205783,215,VIDP,,0.0,22000.0,2000,17.8,16.1,1012.0,0,0,0,0,0,2024-03-24 21:00:00
2024-03-25 00:00:00,28.584511,77.205783,215,VIDP,,0.0,22000.0,1000,17.0,16.0,1013.1,0,0,0,0,0,2024-03-25 00:00:00
2024-03-25 03:00:00,28.584511,77.205783,215,VIDP,230.0,2.1,,2000,22.0,17.1,1014.1,0,0,0,0,0,2024-03-25 03:00:00
2024-03-25 06:00:00,28.584511,77.205783,215,VIDP,230.0,3.1,,4000,29.4,16.3,1013.2,0,0,0,0,0,2024-03-25 06:00:00
2024-03-25 09:00:00,28.584511,77.205783,215,VIDP,340.0,5.1,,4000,32.6,17.3,1010.2,0,0,0,0,0,2024-03-25 09:00:00
2024-03-25 12:00:00,28.584511,77.205783,215,VIDP,270.0,2.6,,4000,32.0,18.1,1009.4,0,0,0,0,0,2024-03-25 12:00:00
2024-03-25 15:00:00,28.584511,77.205783,215,VIDP,180.0,1.5,,4000,25.0,18.0,1010.5,0,0,0,0,0,2024-03-25 15:00:00
2024-03-25 18:00:00,28.584511,77.205783,215,VIDP,230.0,2.1,,2000,21.8,18.6,1011.6,0,0,0,0,0,2024-03-25 18:00:00
2024-03-25 21:00:00,28.584511,77.205783,215,VIDP,270.0,1.5,,2000,20.0,18.0,1011.2,0,0,0,0,0,2024-03-25 21:00:00
2024-03-26 00:00:00,28.584511,77.205783,215,VIDP,160.0,1.0,,4000,19.0,17.4,1010.2,0,0,0,0,0,2024-03-26 00:00:00
2024-03-26 03:00:00,28.584511,77.205783,215,VIDP,250.0,2.6,,2000,22.8,17.0,1011.9,0,0,0,0,0,2024-03-26 03:00:00
2024-03-26 06:00:00,28.584511,77.205783,215,VIDP,270.0,2.6,,4000,30.4,17.6,1011.8,0,0,0,0,0,2024-03-26 06:00:00
2024-03-26 09:00:00,28.584511,77.205783,215,VIDP,200.0,3.1,22000.0,4000,33.8,11.4,1010.0,0,0,0,0,0,2024-03-26 09:00:00
2024-03-26 15:00:00,28.584511,77.205783,215,VIDP,,0.0,,4000,26.0,17.0,1010.9,0,0,0,0,0,2024-03-26 15:00:00
2024-03-26 18:00:00,28.584511,77.205783,215,VIDP,,0.0,,4000,22.4,18.3,1011.9,0,0,0,0,0,2024-03-26 18:00:00
2024-03-27 03:00:00,28.584511,77.205783,215,VIDP,,0.0,22000.0,2000,25.6,17.3,1014.4,0,0,0,0,0,2024-03-27 03:00:00
2024-03-27 06:00:00,28.584511,77.205783,215,VIDP,290.0,2.1,,4000,32.2,17.9,1014.0,0,0,0,0,0,2024-03-27 06:00:00
2024-03-27 09:00:00,28.584511,77.205783,215,VIDP,250.0,2.1,3000.0,4000,35.6,16.9,1011.1,0,0,0,0,0,2024-03-27 09:00:00
2024-03-27 12:00:00,28.584511,77.205783,215,VIDP,200.0,1.0,,4000,33.6,18.2,1009.3,0,0,0,0,0,2024-03-27 12:00:00
2024-03-27 15:00:00,28.584511,77.205783,215,VIDP,250.0,1.5,22000.0,4000,28.8,18.6,1011.0,0,0,0,0,0,2024-03-27 15:00:00
2024-04-01 18:00:00,28.584511,77.205783,215,VIDP,200.0,1.0,22000.0,2000,21.8,13.5,1008.4,0,0,0,0,0,2024-04-01 18:00:00
2024-04-01 21:00:00,28.584511,77.205783,215,VIDP,340.0,1.0,22000.0,2000,20.6,13.3,1007.0,0,0,0,0,0,2024-04-01 21:00:00
2024-04-02 00:00:00,28.584511,77.205783,215,VIDP,180.0,1.0,22000.0,2000,17.6,13.7,1006.9,0,0,0,0,0,2024-04-02 00:00:00
2024-04-02 03:00:00,28.584511,77.205783,215,VIDP,230.0,2.1,,2000,22.6,13.3,1008.0,0,0,0,0,0,2024-04-02 03:00:00
2024-04-03 00:00:00,28.584511,77.205783,215,VIDP,,0.0,,2000,18.6,14.1,1008.0,0,0,0,0,0,2024-04-03 00:00:00
2024-04-03 03:00:00,28.584511,77.205783,215,VIDP,,0.0,3000.0,2000,22.8,15.5,1009.4,0,0,0,0,0,2024-04-03 03:00:00
2024-04-03 06:00:00,28.584511,77.205783,215,VIDP,200.0,1.0,,2000,33.0,14.0,1009.0,0,0,0,0,0,2024-04-03 06:00:00
2024-04-03 09:00:00,28.584511,77.205783,215,VIDP,270.0,1.5,,4000,36.2,12.4,1005.9,0,0,0,0,0,2024-04-03 09:00:00
2024-04-03 12:00:00,28.584511,77.205783,215,VIDP,270.0,1.5,22000.0,4000,33.4,13.3,1005.4,0,0,0,0,0,2024-04-03 12:00:00
2024-04-03 15:00:00,28.584511,77.205783,215,VIDP,,0.0,22000.0,4000,26.8,15.7,1007.5,0,0,0,0,0,2024-04-03 15:00:00
2024-04-03 18:00:00,28.584511,77.205783,215,VIDP,,0.0,,4000,25.0,16.6,1008.1,0,0,0,0,0,2024-04-03 18:00:00
2024-04-03 21:00:00,28.584511,77.205783,215,VIDP,,0.0,,4000,22.6,14.9,1007.9,0,0,0,0,0,2024-04-03 21:00:00
2024-04-04 00:00:00,28.584511,77.205783,215,VIDP,,0.0,22000.0,2000,21.4,14.2,1007.6,0,0,0,0,0,2024-04-04 00:00:00
2024-04-04 03:00:00,28.584511,77.205783,215,VIDP,,0.0,22000.0,4000,25.6,15.4,1008.8,0,0,0,0,0,2024-04-04 03:00:00
2024-04-04 06:00:00,28.584511,77.205783,215,VIDP,270.0,1.5,22000.0,4000,34.0,13.2,1008.4,0,0,0,0,0,2024-04-04 06:00:00
2024-04-04 09:00:00,28.584511,77.205783,215,VIDP,290.0,2.6,22000.0,4000,36.2,13.4,1006.1,0,0,0,0,0,2024-04-04 09:00:00
2024-04-04 12:00:00,28.584511,77.205783,215,VIDP,290.0,1.5,22000.0,4000,35.2,13.7,1005.1,0,0,0,0,0,2024-04-04 12:00:00
2024-04-04 15:00:00,28.584511,77.205783,215,VIDP,,0.0,22000.0,4000,27.4,16.1,1007.5,0,0,0,0,0,2024-04-04 15:00:00
2024-04-04 18:00:00,28.584511,77.205783,215,VIDP,,0.0,3000.0,4000,24.0,16.1,1008.2,0,0,0,0,0,2024-04-04 18:00:00
2024-04-04 21:00:00,28.584511,77.205783,215,VIDP,250.0,1.5,3000.0,4000,26.6,14.7,1007.1,0,0,0,0,0,2024-04-04 21:00:00
2024-04-05 00:00:00,28.584511,77.205783,215,VIDP,,0.0,,2000,21.6,15.6,1006.8,0,0,0,0,0,2024-04-05 00:00:00
2024-04-05 03:00:00,28.584511,77.205783,215,VIDP,250.0,1.5,22000.0,2000,26.0,15.5,1008.7,0,0,0,0,0,2024-04-05 03:00:00
2024-04-05 06:00:00,28.584511,77.205783,215,VIDP,70.0,4.1,22000.0,4000,34.6,12.7,1007.8,0,0,0,0,0,2024-04-05 06:00:00
2024-04-05 09:00:00,28.584511,77.205783,215,VIDP,290.0,4.6,3000.0,4000,35.0,13.4,1005.5,0,0,0,0,0,2024-04-05 09:00:00
2024-04-05 12:00:00,28.584511,77.205783,215,VIDP,270.0,2.6,1200.0,4000,32.4,13.1,1005.2,0,0,0,0,0,2024-04-05 12:00:00
2024-04-05 15:00:00,28.584511,77.205783,215,VIDP,180.0,1.5,3000.0,4000,29.0,15.3,1006.9,0,0,0,0,0,2024-04-05 15:00:00
2024-04-05 18:00:00,28.584511,77.205783,215,VIDP,140.0,1.5,3000.0,4000,26.8,13.2,1007.8,0,0,0,0,0,2024-04-05 18:00:00
2024-04-05 21:00:00,28.584511,77.205783,215,VIDP,230.0,1.0,22000.0,2000,25.2,12.4,1006.8,0,0,0,0,0,2024-04-05 21:00:00
2024-04-06 00:00:00,28.584511,77.205783,215,VIDP,140.0,1.0,22000.0,2000,21.8,13.5,1007.6,0,0,0,0,0,2024-04-06 00:00:00
2024-04-06 03:00:00,28.584511,77.205783,215,VIDP,180.0,2.1,22000.0,2000,25.4,13.1,1009.4,0,0,0,0,0,2024-04-06 03:00:00
2024-04-06 06:00:00,28.584511,77.205783,215,VIDP,270.0,4.1,,4000,33.0,11.1,1008.6,0,0,0,0,0,2024-04-06 06:00:00
2024-04-06 09:00:00,28.584511,77.205783,215,VIDP,230.0,3.1,,4000,34.6,12.2,1005.7,0,0,0,0,0,2024-04-06 09:00:00
2024-04-06 12:00:00,28.584511,77.205783,215,VIDP,230.0,2.1,,4000,33.0,12.2,1004.6,0,0,0,0,0,2024-04-06 12:00:00
2024-04-06 15:00:00,28.584511,77.205783,215,VIDP,,0.0,,4000,27.6,15.1,1006.2,0,0,0,0,0,2024-04-06 15:00:00
2024-04-06 18:00:00,28.584511,77.205783,215,VIDP,270.0,2.1,,2000,26.0,13.0,1007.9,0,0,0,0,0,2024-04-06 18:00:00
2024-04-06 21:00:00,28.584511,77.205783,215,VIDP,250.0,1.5,,2000,24.6,12.0,1007.2,0,0,0,0,0,2024-04-06 21:00:00
2024-04-07 00:00:00,28.584511,77.205783,215,VIDP,,0.0,,2000,19.0,11.8,1007.5,0,0,0,0,0,2024-04-07 00:00:00
2024-04-07 03:00:00,28.584511,77.205783,215,VIDP,230.0,2.1,,2000,22.4,10.4,1009.1,0,0,0,0,0,2024-04-07 03:00:00
2024-04-07 06:00:00,28.584511,77.205783,215,VIDP,230.0,2.6,,4000,32.4,8.5,1008.6,0,0,0,0,0,2024-04-07 06:00:00
2024-04-07 09:00:00,28.584511,77.205783,215,VIDP,230.0,2.1,,4000,34.4,9.2,1005.4,0,0,0,0,0,2024-04-07 09:00:00
2024-04-07 12:00:00,28.584511,77.205783,215,VIDP,180.0,3.6,,4000,34.2,10.0,1004.5,0,0,0,0,0,2024-04-07 12:00:00
2024-04-07 15:00:00,28.584511,77.205783,215,VIDP,,0.0,,4000,26.4,14.4,1006.7,0,0,0,0,0,2024-04-07 15:00:00
2024-04-07 18:00:00,28.584511,77.205783,215,VIDP,,0.0,,4000,21.8,13.5,1008.2,0,0,0,0,0,2024-04-07 18:00:00
2024-04-07 21:00:00,28.584511,77.205783,215,VIDP,,0.0,,4000,19.6,13.3,1007.5,0,0,0,0,0,2024-04-07 21:00:00
2024-04-08 00:00:00,28.584511,77.205783,215,VIDP,,1.0,,4000,19.0,13.0,1007.8,0,0,0,0,0,2024-04-08 00:00:00
2024-04-08 03:00:00,28.584511,77.205783,215,VIDP,270.0,1.5,,2000,25.8,11.4,1009.6,0,0,0,0,0,2024-04-08 03:00:00
2024-04-08 06:00:00,28.584511,77.205783,215,VIDP,180.0,3.6,,4000,34.4,10.9,1009.6,0,0,0,0,0,2024-04-08 06:00:00
2024-04-08 09:00:00,28.584511,77.205783,215,VIDP,270.0,5.1,,4000,36.2,10.2,1007.3,0,0,0,0,0,2024-04-08 09:00:00
2024-04-08 12:00:00,28.584511,77.205783,215,VIDP,230.0,3.6,,4000,34.8,11.0,1006.3,0,0,0,0,0,2024-04-08 12:00:00
2024-04-08 15:00:00,28.584511,77.205783,215,VIDP,,0.0,,4000,26.8,14.5,1008.2,0,0,0,0,0,2024-04-08 15:00:00
2024-04-08 18:00:00,28.584511,77.205783,215,VIDP,,0.0,,4000,22.4,13.4,1009.4,0,0,0,0,0,2024-04-08 18:00:00
2024-04-08 21:00:00,28.584511,77.205783,215,VIDP,,0.0,,4000,20.6,12.5,1008.8,0,0,0,0,0,2024-04-08 21:00:00
2024-04-09 00:00:00,28.584511,77.205783,215,VIDP,,0.0,22000.0,4000,19.2,13.6,1008.9,0,0,0,0,0,2024-04-09 00:00:00
2024-04-09 03:00:00,28.584511,77.205783,215,VIDP,230.0,1.5,3000.0,4000,25.2,13.2,1010.6,0,0,0,0,0,2024-04-09 03:00:00
2024-04-09 06:00:00,28.584511,77.205783,215,VIDP,,0.0,3000.0,4000,34.0,12.3,1010.0,0,0,0,0,0,2024-04-09 06:00:00
2024-04-09 09:00:00,28.584511,77.205783,215,VIDP,230.0,3.1,,4000,37.0,10.0,1007.7,0,0,0,0,0,2024-04-09 09:00:00
2024-04-09 12:00:00,28.584511,77.205783,215,VIDP,230.0,2.1,22000.0,4000,36.0,11.5,1005.8,0,0,0,0,0,2024-04-09 12:00:00
2024-04-09 15:00:00,28.584511,77.205783,215,VIDP,200.0,1.0,22000.0,4000,26.8,13.7,1008.5,0,0,0,0,0,2024-04-09 15:00:00
2024-04-09 18:00:00,28.584511,77.205783,215,VIDP,,0.0,22000.0,2000,22.2,13.2,1009.6,0,0,0,0,0,2024-04-09 18:00:00
2024-04-09 21:00:00,28.584511,77.205783,215,VIDP,,0.0,22000.0,2000,20.0,13.0,1009.1,0,0,0,0,0,2024-04-09 21:00:00
2024-04-10 00:00:00,28.584511,77.205783,215,VIDP,,0.0,22000.0,2000,18.4,14.2,1009.8,0,0,0,0,0,2024-04-10 00:00:00
2024-04-10 03:00:00,28.584511,77.205783,215,VIDP,270.0,1.0,,2000,24.8,15.2,1010.9,0,0,0,0,0,2024-04-10 03:00:00
2024-04-10 06:00:00,28.584511,77.205783,215,VIDP,270.0,1.5,,4000,34.8,14.9,1010.1,0,0,0,0,0,2024-04-10 06:00:00
2024-04-10 12:00:00,28.584511,77.205783,215,VIDP,340.0,1.5,,4000,36.6,14.0,1005.5,0,0,0,0,0,2024-04-10 12:00:00
2024-04-10 15:00:00,28.584511,77.205783,215,VIDP,90.0,1.5,,4000,29.0,14.5,1008.1,0,0,0,0,0,2024-04-10 15:00:00
2024-04-10 18:00:00,28.584511,77.205783,215,VIDP,,0.0,,2000,26.0,15.5,1010.0,0,0,0,0,0,2024-04-10 18:00:00
2024-04-10 21:00:00,28.584511,77.205783,215,VIDP,,0.0,,2000,23.4,18.6,1009.3,0,0,0,0,0,2024-04-10 21:00:00
2024-04-11 00:00:00,28.584511,77.205783,215,VIDP,,0.0,22000.0,2000,21.0,16.0,1010.2,0,0,0,0,0,2024-04-11 00:00:00
2024-04-11 03:00:00,28.584511,77.205783,215,VIDP,,0.0,3000.0,2000,25.6,16.6,1012.0,0,0,0,0,0,2024-04-11 03:00:00
2024-04-11 06:00:00,28.584511,77.205783,215,VIDP,,0.0,,4000,33.8,16.7,1011.5,0,0,0,0,0,2024-04-11 06:00:00
2024-04-11 09:00:00,28.584511,77.205783,215,VIDP,270.0,1.5,,4000,36.6,14.6,1008.6,0,0,0,0,0,2024-04-11 09:00:00
2024-04-11 12:00:00,28.584511,77.205783,215,VIDP,270.0,2.1,,4000,35.8,17.2,1007.5,0,0,0,0,0,2024-04-11 12:00:00
2024-04-11 15:00:00,28.584511,77.205783,215,VIDP,50.0,2.1,3000.0,4000,28.8,15.1,1010.0,0,0,0,0,0,2024-04-11 15:00:00
2024-04-11 18:00:00,28.584511,77.205783,215,VIDP,,0.0,22000.0,4000,26.6,16.6,1010.3,0,0,0,0,0,2024-04-11 18:00:00
2024-04-11 21:00:00,28.584511,77.205783,215,VIDP,,0.0,,4000,23.8,16.6,1009.3,0,0,0,0,0,2024-04-11 21:00:00
2024-04-12 00:00:00,28.584511,77.205783,215,VIDP,,0.0,22000.0,4000,22.0,16.8,1009.2,0,0,0,0,0,2024-04-12 00:00:00
2024-04-12 03:00:00,28.584511,77.205783,215,VIDP,50.0,1.5,,2000,26.4,18.2,1011.3,0,0,0,0,0,2024-04-12 03:00:00
2024-04-12 06:00:00,28.584511,77.205783,215,VIDP,270.0,1.5,3000.0,2000,34.6,16.8,1010.5,0,0,0,0,0,2024-04-12 06:00:00
2024-04-12 09:00:00,28.584511,77.205783,215,VIDP,,0.0,22000.0,4000,38.8,15.6,1008.1,0,0,0,0,0,2024-04-12 09:00:00
2024-04-12 12:00:00,28.584511,77.205783,215,VIDP,,0.0,22000.0,4000,37.2,17.6,1005.9,0,0,0,0,0,2024-04-12 12:00:00
2024-04-12 15:00:00,28.584511,77.205783,215,VIDP,,0.0,22000.0,4000,29.6,18.4,1008.1,0,0,0,0,0,2024-04-12 15:00:00
2024-04-12 18:00:00,28.584511,77.205783,215,VIDP,,0.0,,2000,27.0,19.3,1009.5,0,0,0,0,0,2024-04-12 18:00:00
2024-04-12 21:00:00,28.584511,77.205783,215,VIDP,,0.0,,2000,24.0,18.3,1008.6,0,0,0,0,0,2024-04-12 21:00:00
2024-04-13 00:00:00,28.584511,77.205783,215,VIDP,90.0,2.1,,2000,24.2,16.7,1009.0,0,0,0,0,0,2024-04-13 00:00:00
2024-04-13 03:00:00,28.584511,77.205783,215,VIDP,90.0,2.1,22000.0,2000,28.0,17.6,1010.1,0,0,0,0,0,2024-04-13 03:00:00
2024-04-13 06:00:00,28.584511,77.205783,215,VIDP,340.0,1.5,22000.0,4000,36.2,16.5,1008.9,0,0,0,0,0,2024-04-13 06:00:00
2024-04-13 09:00:00,28.584511,77.205783,215,VIDP,110.0,3.1,3000.0,4000,39.0,18.5,1006.2,0,0,0,0,0,2024-04-13 09:00:00
2024-04-13 12:00:00,28.584511,77.205783,215,VIDP,290.0,7.2,2700.0,1000,25.8,19.3,1008.2,0,0,0,0,0,2024-04-13 12:00:00
2024-04-13 15:00:00,28.584511,77.205783,215,VIDP,,1.0,3000.0,2000,24.2,19.9,1008.2,0,0,0,0,0,2024-04-13 15:00:00
2024-04-13 18:00:00,28.584511,77.205783,215,VIDP,230.0,1.5,3000.0,2000,25.8,16.8,1010.7,0,0,0,0,0,2024-04-13 18:00:00
2024-04-13 21:00:00,28.584511,77.205783,215,VIDP,270.0,2.1,3000.0,2000,24.4,17.0,1009.5,0,0,0,0,0,2024-04-13 21:00:00
2024-04-14 00:00:00,28.584511,77.205783,215,VIDP,110.0,2.1,2700.0,2000,24.4,18.4,1010.2,0,0,0,0,0,2024-04-14 00:00:00
2024-04-14 03:00:00,28.584511,77.205783,215,VIDP,180.0,2.1,900.0,2000,25.4,19.2,1013.0,0,0,0,0,0,2024-04-14 03:00:00
2024-04-14 06:00:00,28.584511,77.205783,215,VIDP,50.0,1.5,900.0,1000,26.2,20.1,1013.7,0,0,0,0,0,2024-04-14 06:00:00
2024-04-14 09:00:00,28.584511,77.205783,215,VIDP,50.0,1.5,3000.0,2000,31.8,20.0,1009.6,0,0,0,0,0,2024-04-14 09:00:00
2024-04-14 12:00:00,28.584511,77.205783,215,VIDP,50.0,1.0,900.0,2000,29.2,19.8,1009.2,0,0,0,0,0,2024-04-14 12:00:00
2024-04-14 15:00:00,28.584511,77.205783,215,VIDP,,0.0,3000.0,2000,26.0,20.5,1011.1,0,0,0,0,0,2024-04-14 15:00:00
2024-04-14 18:00:00,28.584511,77.205783,215,VIDP,,0.0,3000.0,2000,24.0,20.8,1011.1,0,0,0,0,0,2024-04-14 18:00:00
2024-04-14 21:00:00,28.584511,77.205783,215,VIDP,,0.0,3000.0,2000,22.6,19.8,1010.6,0,0,0,0,0,2024-04-14 21:00:00
2024-04-15 00:00:00,28.584511,77.205783,215,VIDP,,0.0,3000.0,2000,23.0,20.2,1011.0,0,0,0,0,0,2024-04-15 00:00:00
2024-04-15 03:00:00,28.584511,77.205783,215,VIDP,,0.0,3000.0,2000,25.8,21.0,1012.1,0,0,0,0,0,2024-04-15 03:00:00
2024-04-15 06:00:00,28.584511,77.205783,215,VIDP,,0.0,3000.0,2000,32.8,18.7,1012.1,0,0,0,0,0,2024-04-15 06:00:00
2024-04-15 09:00:00,28.584511,77.205783,215,VIDP,230.0,1.5,2400.0,2000,33.8,19.3,1009.5,0,0,0,0,0,2024-04-15 09:00:00
2024-04-15 12:00:00,28.584511,77.205783,215,VIDP,,0.0,3000.0,2000,33.8,20.4,1007.8,0,0,0,0,0,2024-04-15 12:00:00
2024-04-15 15:00:00,28.584511,77.205783,215,VIDP,,0.0,3000.0,2000,28.0,21.4,1009.9,0,0,0,0,0,2024-04-15 15:00:00
2024-04-15 18:00:00,28.584511,77.205783,215,VIDP,,0.0,22000.0,2000,25.0,21.1,1010.1,0,0,0,0,0,2024-04-15 18:00:00
2024-04-15 21:00:00,28.584511,77.205783,215,VIDP,250.0,2.6,,2000,24.8,20.2,1009.5,0,0,0,0,0,2024-04-15 21:00:00
2024-04-19 00:00:00,28.584511,77.205783,215,VIDP,250.0,2.1,22000.0,2000,26.6,16.2,1004.3,0,0,0,0,0,2024-04-19 00:00:00
2024-04-19 03:00:00,28.584511,77.205783,215,VIDP,270.0,2.6,,4000,29.8,16.8,1004.8,0,0,0,0,0,2024-04-19 03:00:00
2024-04-19 06:00:00,28.584511,77.205783,215,VIDP,250.0,3.6,22000.0,4000,36.0,17.5,1004.7,0,0,0,0,0,2024-04-19 06:00:00
2024-04-19 09:00:00,28.584511,77.205783,215,VIDP,250.0,1.5,22000.0,4000,38.0,19.1,1002.1,0,0,0,0,0,2024-04-19 09:00:00
2024-04-19 12:00:00,28.584511,77.205783,215,VIDP,160.0,1.5,22000.0,4000,37.8,15.4,999.0,0,0,0,0,0,2024-04-19 12:00:00
2024-04-19 15:00:00,28.584511,77.205783,215,VIDP,,0.0,,4000,31.2,20.0,1001.8,0,0,0,0,0,2024-04-19 15:00:00
2024-04-19 18:00:00,28.584511,77.205783,215,VIDP,,0.0,,4000,30.6,17.4,1003.0,0,0,0,0,0,2024-04-19 18:00:00
2024-04-19 21:00:00,28.584511,77.205783,215,VIDP,,0.0,,4000,26.2,20.1,1002.9,0,0,0,0,0,2024-04-19 21:00:00
2024-04-20 00:00:00,28.584511,77.205783,215,VIDP,,0.0,,2000,24.4,18.8,1003.0,0,0,0,0,0,2024-04-20 00:00:00
2024-04-20 03:00:00,28.584511,77.205783,215,VIDP,270.0,2.1,,2000,27.0,18.6,1004.8,0,0,0,0,0,2024-04-20 03:00:00
2024-04-20 06:00:00,28.584511,77.205783,215,VIDP,230.0,2.6,,4000,33.0,18.2,1004.8,0,0,0,0,0,2024-04-20 06:00:00
2024-04-20 09:00:00,28.584511,77.205783,215,VIDP,250.0,4.1,22000.0,4000,36.6,17.1,1001.8,0,0,0,0,0,2024-04-20 09:00:00
2024-04-20 12:00:00,28.584511,77.205783,215,VIDP,270.0,2.1,3000.0,4000,34.6,16.4,1000.8,0,0,0,0,0,2024-04-20 12:00:00
2024-04-20 18:00:00,28.584511,77.205783,215,VIDP,270.0,3.1,22000.0,4000,29.8,16.8,1004.4,0,0,0,0,0,2024-04-20 18:00:00
2024-04-20 21:00:00,28.584511,77.205783,215,VIDP,320.0,2.6,22000.0,2000,27.7,17.0,1004.2,0,0,0,0,0,2024-04-20 21:00:00
2024-04-21 00:00:00,28.584511,77.205783,215,VIDP,270.0,1.0,22000.0,2000,25.0,16.6,1004.7,0,0,0,0,0,2024-04-21 00:00:00
2024-04-21 03:00:00,28.584511,77.205783,215,VIDP,270.0,3.1,22000.0,4000,28.2,17.5,1006.3,0,0,0,0,0,2024-04-21 03:00:00
2024-04-21 06:00:00,28.584511,77.205783,215,VIDP,320.0,1.5,22000.0,4000,34.0,16.8,1006.0,0,0,0,0,0,2024-04-21 06:00:00
2024-04-21 09:00:00,28.584511,77.205783,215,VIDP,270.0,4.6,3000.0,4000,35.8,16.4,1003.7,0,0,0,0,0,2024-04-21 09:00:00
2024-04-21 12:00:00,28.584511,77.205783,215,VIDP,270.0,3.1,,4000,35.4,15.4,1002.6,0,0,0,0,0,2024-04-21 12:00:00
2024-04-21 15:00:00,28.584511,77.205783,215,VIDP,,0.0,,4000,30.0,18.6,1003.8,0,0,0,0,0,2024-04-21 15:00:00
2024-04-21 18:00:00,28.584511,77.205783,215,VIDP,,0.0,22000.0,2000,25.6,18.7,1005.2,0,0,0,0,0,2024-04-21 18:00:00
2024-04-21 21:00:00,28.584511,77.205783,215,VIDP,230.0,4.1,3000.0,2000,24.4,18.4,1005.5,0,0,0,0,0,2024-04-21 21:00:00
2024-04-22 00:00:00,28.584511,77.205783,215,VIDP,340.0,2.1,3000.0,2000,25.4,15.9,1006.6,0,0,0,0,0,2024-04-22 00:00:00
2024-04-22 03:00:00,28.584511,77.205783,215,VIDP,250.0,3.1,22000.0,4000,27.8,17.7,1007.3,0,0,0,0,0,2024-04-22 03:00:00
2024-04-22 06:00:00,28.584511,77.205783,215,VIDP,230.0,3.1,22000.0,4000,35.4,15.8,1006.4,0,0,0,0,0,2024-04-22 06:00:00
2024-04-22 12:00:00,28.584511,77.205783,215,VIDP,250.0,3.1,22000.0,4000,36.6,14.5,1002.9,0,0,0,0,0,2024-04-22 12:00:00
2024-04-22 15:00:00,28.584511,77.205783,215,VIDP,,0.0,22000.0,4000,31.4,16.5,1004.4,0,0,0,0,0,2024-04-22 15:00:00
2024-04-22 18:00:00,28.584511,77.205783,215,VIDP,,0.0,,4000,27.0,16.7,1005.6,0,0,0,0,0,2024-04-22 18:00:00
2024-04-22 21:00:00,28.584511,77.205783,215,VIDP,,0.0,3000.0,2000,25.0,17.0,1005.1,0,0,0,0,0,2024-04-22 21:00:00
2024-04-23 00:00:00,28.584511,77.205783,215,VIDP,,0.0,22000.0,2000,23.8,17.0,1004.4,0,0,0,0,0,2024-04-23 00:00:00
2024-04-23 03:00:00,28.584511,77.205783,215,VIDP,230.0,2.1,,4000,29.4,16.7,1005.8,0,0,0,0,0,2024-04-23 03:00:00
2024-04-23 09:00:00,28.584511,77.205783,215,VIDP,270.0,2.1,,4000,36.6,14.9,1003.8,0,0,0,0,0,2024-04-23 09:00:00
2024-04-23 12:00:00,28.584511,77.205783,215,VIDP,290.0,7.7,3000.0,2000,33.0,18.2,1004.9,0,0,0,0,0,2024-04-23 12:00:00
2024-04-23 15:00:00,28.584511,77.205783,215,VIDP,90.0,1.5,22000.0,4000,23.4,20.0,1005.5,0,0,0,0,0,2024-04-23 15:00:00
2024-04-23 18:00:00,28.584511,77.205783,215,VIDP,,0.0,,4000,22.6,20.4,1006.0,0,0,0,0,0,2024-04-23 18:00:00
2024-04-23 21:00:00,28.584511,77.205783,215,VIDP,,0.0,,4000,21.6,20.1,1004.8,0,0,0,0,0,2024-04-23 21:00:00
2024-04-24 00:00:00,28.584511,77.205783,215,VIDP,,0.0,,2000,20.0,18.7,1005.2,0,0,0,0,0,2024-04-24 00:00:00
2024-04-24 03:00:00,28.584511,77.205783,215,VIDP,270.0,1.5,22000.0,2000,26.5,16.4,1006.5,0,0,0,0,0,2024-04-24 03:00:00
2024-04-24 06:00:00,28.584511,77.205783,215,VIDP,250.0,1.5,,4000,34.2,16.6,1006.3,0,0,0,0,0,2024-04-24 06:00:00
2024-04-24 09:00:00,28.584511,77.205783,215,VIDP,290.0,1.5,22000.0,4000,36.6,15.4,1004.2,0,0,0,0,0,2024-04-24 09:00:00
2024-04-24 12:00:00,28.584511,77.205783,215,VIDP,270.0,2.6,22000.0,4000,36.4,15.1,1002.8,0,0,0,0,0,2024-04-24 12:00:00
2024-04-24 18:00:00,28.584511,77.205783,215,VIDP,,0.0,22000.0,4000,24.8,17.1,1006.0,0,0,0,0,0,2024-04-24 18:00:00
2024-04-24 21:00:00,28.584511,77.205783,215,VIDP,,0.0,22000.0,4000,23.2,17.1,1004.9,0,0,0,0,0,2024-04-24 21:00:00
2024-04-25 00:00:00,28.584511,77.205783,215,VIDP,,0.0,22000.0,4000,21.2,16.6,1005.8,0,0,0,0,0,2024-04-25 00:00:00
2024-04-25 03:00:00,28.584511,77.205783,215,VIDP,250.0,1.5,22000.0,4000,28.4,16.6,1007.0,0,0,0,0,0,2024-04-25 03:00:00
2024-04-25 06:00:00,28.584511,77.205783,215,VIDP,250.0,6.2,22000.0,4000,35.6,15.7,1006.5,0,0,0,0,0,2024-04-25 06:00:00
2024-04-25 09:00:00,28.584511,77.205783,215,VIDP,250.0,4.1,,4000,38.6,11.8,1003.7,0,0,0,0,0,2024-04-25 09:00:00
2024-04-25 12:00:00,28.584511,77.205783,215,VIDP,270.0,3.1,,4000,38.2,8.2,1002.1,0,0,0,0,0,2024-04-25 12:00:00
2024-04-25 15:00:00,28.584511,77.205783,215,VIDP,,0.0,,4000,30.2,16.1,1003.8,0,0,0,0,0,2024-04-25 15:00:00
2024-04-25 18:00:00,28.584511,77.205783,215,VIDP,,0.0,,4000,25.6,16.2,1004.7,0,0,0,0,0,2024-04-25 18:00:00
2024-04-25 21:00:00,28.584511,77.205783,215,VIDP,,0.0,,2000,23.8,15.9,1004.1,0,0,0,0,0,2024-04-25 21:00:00
2024-04-26 00:00:00,28.584511,77.205783,215,VIDP,,0.0,,2000,22.4,15.8,1004.4,0,0,0,0,0,2024-04-26 00:00:00
2024-04-26 03:00:00,28.584511,77.205783,215,VIDP,200.0,1.5,22000.0,4000,29.6,14.0,1005.7,0,0,0,0,0,2024-04-26 03:00:00
2024-04-26 03:30:00,28.584511,77.205783,215,VIDP,200.0,1.5,10000.0,4500,31.0,14.0,,0,1,0,0,0,2024-04-26 03:00:00
2024-04-26 04:00:00,28.584511,77.205783,215,VIDP,230.0,2.1,3048.0,4500,33.0,14.0,,0,1,0,0,0,2024-04-26 04:00:00
2024-04-26 06:00:00,28.584511,77.205783,215,VIDP,230.0,1.5,22000.0,4000,37.2,14.5,1004.9,0,0,0,0,0,2024-04-26 06:00:00
2024-04-26 09:00:00,28.584511,77.205783,215,VIDP,270.0,1.5,22000.0,4000,39.6,9.7,1002.3,0,0,0,0,0,2024-04-26 09:00:00
2024-04-26 12:00:00,28.584511,77.205783,215,VIDP,90.0,1.5,1050.0,4000,39.0,15.0,1000.0,0,0,0,0,0,2024-04-26 12:00:00
2024-04-26 15:00:00,28.584511,77.205783,215,VIDP,50.0,1.0,750.0,4000,25.0,20.4,1003.6,0,0,0,0,0,2024-04-26 15:00:00
2024-04-26 18:00:00,28.584511,77.205783,215,VIDP,70.0,1.5,,2000,24.6,20.3,1004.9,0,0,0,0,0,2024-04-26 18:00:00
2024-04-26 21:00:00,28.584511,77.205783,215,VIDP,340.0,1.0,3000.0,2000,24.0,18.7,1004.0,0,0,0,0,0,2024-04-26 21:00:00
2024-04-27 00:00:00,28.584511,77.205783,215,VIDP,,0.0,22000.0,2000,24.0,20.3,1004.7,0,0,0,0,0,2024-04-27 00:00:00
2024-04-27 03:00:00,28.584511,77.205783,215,VIDP,270.0,2.1,22000.0,2000,29.4,18.2,1006.6,0,0,0,0,0,2024-04-27 03:00:00
2024-04-27 06:00:00,28.584511,77.205783,215,VIDP,250.0,1.5,22000.0,4000,34.2,15.8,1006.5,0,0,0,0,0,2024-04-27 06:00:00
2024-04-27 09:00:00,28.584511,77.205783,215,VIDP,250.0,3.1,22000.0,4000,37.4,13.4,1003.8,0,0,0,0,0,2024-04-27 09:00:00
2024-04-27 12:00:00,28.584511,77.205783,215,VIDP,270.0,3.6,,4000,35.8,12.7,1002.6,0,0,0,0,0,2024-04-27 12:00:00
2024-04-27 15:00:00,28.584511,77.205783,215,VIDP,,0.0,22000.0,4000,31.7,16.2,1004.9,0,0,0,0,0,2024-04-27 15:00:00
2024-04-27 18:00:00,28.584511,77.205783,215,VIDP,,0.0,22000.0,4000,28.2,15.5,1006.1,0,0,0,0,0,2024-04-27 18:00:00
2024-04-27 21:00:00,28.584511,77.205783,215,VIDP,,0.0,22000.0,4000,25.0,15.4,1005.5,0,0,0,0,0,2024-04-27 21:00:00
2024-04-28 00:00:00,28.584511,77.205783,215,VIDP,,0.0,1200.0,2000,24.4,15.9,1006.3,0,0,0,0,0,2024-04-28 00:00:00
2024-04-28 03:00:00,28.584511,77.205783,215,VIDP,,0.0,2700.0,2000,27.6,15.5,1007.7,0,0,0,0,0,2024-04-28 03:00:00
2024-04-28 06:00:00,28.584511,77.205783,215,VIDP,50.0,1.0,3000.0,4000,35.4,15.8,1006.9,0,0,0,0,0,2024-04-28 06:00:00
2024-04-28 09:00:00,28.584511,77.205783,215,VIDP,,0.0,,4000,37.2,9.8,1004.9,0,0,0,0,0,2024-04-28 09:00:00
2024-04-28 12:00:00,28.584511,77.205783,215,VIDP,250.0,2.1,22000.0,4000,36.4,10.6,1003.1,0,0,0,0,0,2024-04-28 12:00:00
2024-04-28 12:00:00,28.584511,77.205783,215,VIDP,250.0,2.1,10000.0,4500,36.0,11.0,,0,1,0,0,0,2024-04-28 12:00:00
2024-04-28 15:00:00,28.584511,77.205783,215,VIDP,,0.0,,4000,30.2,17.3,1005.0,0,0,0,0,0,2024-04-28 15:00:00
2024-04-28 18:00:00,28.584511,77.205783,215,VIDP,,0.0,3000.0,4000,26.4,17.9,1006.0,0,0,0,0,0,2024-04-28 18:00:00
2024-04-28 21:00:00,28.584511,77.205783,215,VIDP,,0.0,,4000,25.0,17.7,1005.1,0,0,0,0,0,2024-04-28 21:00:00
2024-04-29 00:00:00,28.584511,77.205783,215,VIDP,,0.0,,4000,23.4,18.0,1005.2,0,0,0,0,0,2024-04-29 00:00:00
2024-04-29 03:00:00,28.584511,77.205783,215,VIDP,290.0,2.1,22000.0,4000,29.4,16.3,1006.6,0,0,0,0,0,2024-04-29 03:00:00
2024-04-29 06:00:00,28.584511,77.205783,215,VIDP,320.0,2.1,3000.0,4000,34.8,13.5,1006.2,0,0,0,0,0,2024-04-29 06:00:00
2024-04-29 09:00:00,28.584511,77.205783,215,VIDP,270.0,1.5,22000.0,4000,38.0,13.4,1003.4,0,0,0,0,0,2024-04-29 09:00:00
2024-04-29 09:00:00,28.584511,77.205783,215,VIDP,270.0,1.5,10000.0,5000,38.0,13.0,,0,1,0,0,0,2024-04-29 09:00:00
2024-04-29 12:00:00,28.584511,77.205783,215,VIDP,340.0,2.6,,2000,32.4,15.4,1003.2,0,0,0,0,0,2024-04-29 12:00:00
2024-04-29 15:00:00,28.584511,77.205783,215,VIDP,320.0,1.5,22000.0,2000,30.0,15.0,1005.7,0,0,0,0,0,2024-04-29 15:00:00
2024-04-29 18:00:00,28.584511,77.205783,215,VIDP,340.0,1.0,22000.0,2000,27.8,15.0,1006.9,0,0,0,0,0,2024-04-29 18:00:00
2024-04-29 21:00:00,28.584511,77.205783,215,VIDP,270.0,1.0,22000.0,2000,26.4,14.4,1006.4,0,0,0,0,0,2024-04-29 21:00:00
2024-04-30 00:00:00,28.584511,77.205783,215,VIDP,250.0,1.0,22000.0,4000,23.6,14.5,1006.4,0,0,0,0,0,2024-04-30 00:00:00
2024-04-30 03:00:00,28.584511,77.205783,215,VIDP,250.0,4.1,,4000,26.2,14.1,1007.6,0,0,0,0,0,2024-04-30 03:00:00
2024-04-30 06:00:00,28.584511,77.205783,215,VIDP,250.0,5.1,,4000,32.6,10.5,1005.9,0,0,0,0,0,2024-04-30 06:00:00
2024-04-30 09:00:00,28.584511,77.205783,215,VIDP,250.0,4.6,,4000,35.4,8.2,1002.3,0,0,0,0,0,2024-04-30 09:00:00
2024-04-30 12:00:00,28.584511,77.205783,215,VIDP,250.0,5.1,,4000,35.2,7.2,1000.5,0,0,0,0,0,2024-04-30 12:00:00
2024-04-30 15:00:00,28.584511,77.205783,215,VIDP,,0.0,,4000,29.0,11.3,1002.2,0,0,0,0,0,2024-04-30 15:00:00
2024-04-30 18:00:00,28.584511,77.205783,215,VIDP,,0.0,,4000,26.0,12.1,1001.9,0,0,0,0,0,2024-04-30 18:00:00
2024-04-30 21:00:00,28.584511,77.205783,215,VIDP,270.0,2.6,,4000,24.6,12.5,1001.3,0,0,0,0,0,2024-04-30 21:00:00
2024-05-02 00:00:00,28.584511,77.205783,215,VIDP,250.0,1.5,,2000,20.2,9.8,1003.9,0,0,0,0,0,2024-05-02 00:00:00
2024-05-02 03:00:00,28.584511,77.205783,215,VIDP,290.0,2.6,22000.0,2000,25.6,9.2,1005.0,0,0,0,0,0,2024-05-02 03:00:00
2024-05-02 06:00:00,28.584511,77.205783,215,VIDP,270.0,4.1,22000.0,4000,31.6,8.2,1004.8,0,0,0,0,0,2024-05-02 06:00:00
2024-05-02 09:00:00,28.584511,77.205783,215,VIDP,270.0,3.1,22000.0,4000,35.2,6.5,1002.6,0,0,0,0,0,2024-05-02 09:00:00
2024-05-02 12:00:00,28.584511,77.205783,215,VIDP,320.0,2.6,,4000,33.4,10.2,1001.3,0,0,0,0,0,2024-05-02 12:00:00
2024-05-02 15:00:00,28.584511,77.205783,215,VIDP,270.0,1.5,,4000,29.4,12.9,1003.5,0,0,0,0,0,2024-05-02 15:00:00
2024-05-02 18:00:00,28.584511,77.205783,215,VIDP,,0.0,,4000,24.2,11.9,1005.1,0,0,0,0,0,2024-05-02 18:00:00
2024-05-02 21:00:00,28.584511,77.205783,215,VIDP,,0.0,,4000,21.2,12.8,1004.2,0,0,0,0,0,2024-05-02 21:00:00
2024-05-03 00:00:00,28.584511,77.205783,215,VIDP,,0.0,,4000,19.2,11.6,1004.5,0,0,0,0,0,2024-05-03 00:00:00
2024-05-03 03:00:00,28.584511,77.205783,215,VIDP,230.0,2.6,,4000,27.0,9.8,1005.7,0,0,0,0,0,2024-05-03 03:00:00
2024-05-03 06:00:00,28.584511,77.205783,215,VIDP,270.0,3.1,22000.0,4000,35.0,8.6,1005.4,0,0,0,0,0,2024-05-03 06:00:00
2024-05-03 09:00:00,28.584511,77.205783,215,VIDP,270.0,3.1,3000.0,4000,38.0,6.4,1002.9,0,0,0,0,0,2024-05-03 09:00:00
2024-05-03 12:00:00,28.584511,77.205783,215,VIDP,270.0,2.1,1200.0,4000,35.8,7.1,1002.2,0,0,0,0,0,2024-05-03 12:00:00
2024-05-03 15:00:00,28.584511,77.205783,215,VIDP,250.0,1.5,3000.0,2000,30.4,15.1,1004.8,0,0,0,0,0,2024-05-03 15:00:00
2024-05-03 18:00:00,28.584511,77.205783,215,VIDP,,0.0,3000.0,2000,26.6,13.8,1005.5,0,0,0,0,0,2024-05-03 18:00:00
2024-05-03 21:00:00,28.584511,77.205783,215,VIDP,,0.0,3000.0,2000,23.2,14.4,1004.9,0,0,0,0,0,2024-05-03 21:00:00
2024-05-04 00:00:00,28.584511,77.205783,215,VIDP,250.0,1.5,3000.0,2000,23.8,15.1,1006.1,0,0,0,0,0,2024-05-04 00:00:00
2024-05-04 03:00:00,28.584511,77.205783,215,VIDP,250.0,1.0,3000.0,1000,27.8,14.6,1007.0,0,0,0,0,0,2024-05-04 03:00:00
2024-05-04 06:00:00,28.584511,77.205783,215,VIDP,230.0,4.1,22000.0,2000,35.8,11.7,1006.0,0,0,0,0,0,2024-05-04 06:00:00
2024-05-04 09:00:00,28.584511,77.205783,215,VIDP,250.0,2.6,22000.0,4000,39.8,10.7,1003.0,0,0,0,0,0,2024-05-04 09:00:00
2024-05-04 12:00:00,28.584511,77.205783,215,VIDP,230.0,2.1,22000.0,2000,39.2,12.9,1000.9,0,0,0,0,0,2024-05-04 12:00:00
2024-05-04 15:00:00,28.584511,77.205783,215,VIDP,,0.0,,4000,30.6,17.0,1002.0,0,0,0,0,0,2024-05-04 15:00:00
2024-05-04 18:00:00,28.584511,77.205783,215,VIDP,,0.0,,4000,28.0,16.8,1002.2,0,0,0,0,0,2024-05-04 18:00:00
2024-05-04 21:00:00,28.584511,77.205783,215,VIDP,,0.0,,2000,26.2,17.6,1000.1,0,0,0,0,0,2024-05-04 21:00:00
2024-05-05 00:00:00,28.584511,77.205783,215,VIDP,,0.0,22000.0,2000,23.8,16.3,1000.7,0,0,0,0,0,2024-05-05 00:00:00
2024-05-05 03:00:00,28.584511,77.205783,215,VIDP,230.0,2.6,,2000,30.6,11.4,1001.5,0,0,0,0,0,2024-05-05 03:00:00
2024-05-05 06:00:00,28.584511,77.205783,215,VIDP,290.0,2.1,22000.0,4000,38.4,10.9,1001.0,0,0,0,0,0,2024-05-05 06:00:00
2024-05-05 09:00:00,28.584511,77.205783,215,VIDP,290.0,1.5,22000.0,4000,40.8,13.1,998.4,0,0,0,0,0,2024-05-05 09:00:00
2024-05-05 12:00:00,28.584511,77.205783,215,VIDP,290.0,2.1,,4000,39.4,13.7,997.6,0,0,0,0,0,2024-05-05 12:00:00
2024-05-05 15:00:00,28.584511,77.205783,215,VIDP,,0.0,,4000,31.8,15.8,1000.0,0,0,0,0,0,2024-05-05 15:00:00
2024-05-05 18:00:00,28.584511,77.205783,215,VIDP,,0.0,,4000,28.2,15.9,1001.1,0,0,0,0,0,2024-05-05 18:00:00
2024-05-05 21:00:00,28.584511,77.205783,215,VIDP,,0.0,,4000,26.2,15.7,1001.0,0,0,0,0,0,2024-05-05 21:00:00
2024-05-06 00:00:00,28.584511,77.205783,215,VIDP,,0.0,,2000,25.0,16.6,1002.1,0,0,0,0,0,2024-05-06 00:00:00
2024-05-06 03:00:00,28.584511,77.205783,215,VIDP,230.0,2.6,,2000,30.8,15.3,1003.9,0,0,0,0,0,2024-05-06 03:00:00
2024-05-06 06:00:00,28.584511,77.205783,215,VIDP,270.0,1.5,,4000,38.0,17.9,1003.7,0,0,0,0,0,2024-05-06 06:00:00
2024-05-06 09:00:00,28.584511,77.205783,215,VIDP,250.0,4.1,22000.0,4000,40.2,22.8,1001.0,0,0,0,0,0,2024-05-06 09:00:00
2024-05-06 12:00:00,28.584511,77.205783,215,VIDP,250.0,2.1,,4000,38.6,13.9,1000.0,0,0,0,0,0,2024-05-06 12:00:00
2024-05-06 15:00:00,28.584511,77.205783,215,VIDP,,0.0,22000.0,4000,32.4,16.6,1002.0,0,0,0,0,0,2024-05-06 15:00:00
2024-05-06 18:00:00,28.584511,77.205783,215,VIDP,,0.0,22000.0,4000,28.8,18.9,1003.4,0,0,0,0,0,2024-05-06 18:00:00
2024-05-06 21:00:00,28.584511,77.205783,215,VIDP,,0.0,22000.0,2000,26.6,18.5,1002.7,0,0,0,0,0,2024-05-06 21:00:00
2024-05-07 00:00:00,28.584511,77.205783,215,VIDP,,0.0,22000.0,2000,24.6,19.0,1003.4,0,0,0,0,0,2024-05-07 00:00:00
2024-05-07 03:00:00,28.584511,77.205783,215,VIDP,,0.0,,4000,30.8,19.2,1005.3,0,0,0,0,0,2024-05-07 03:00:00
2024-05-07 06:00:00,28.584511,77.205783,215,VIDP,70.0,2.1,22000.0,2000,39.8,17.6,1004.6,0,0,0,0,0,2024-05-07 06:00:00
2024-05-07 09:00:00,28.584511,77.205783,215,VIDP,70.0,2.6,22000.0,4000,41.6,16.8,1002.5,0,0,0,0,0,2024-05-07 09:00:00
2024-05-07 12:00:00,28.584511,77.205783,215,VIDP,50.0,2.1,22000.0,2000,38.8,21.3,1001.6,0,0,0,0,0,2024-05-07 12:00:00
2024-05-07 15:00:00,28.584511,77.205783,215,VIDP,50.0,1.0,,2000,33.6,22.3,1003.5,0,0,0,0,0,2024-05-07 15:00:00
2024-05-07 18:00:00,28.584511,77.205783,215,VIDP,,0.0,,2000,30.8,23.6,1004.9,0,0,0,0,0,2024-05-07 18:00:00
2024-05-07 21:00:00,28.584511,77.205783,215,VIDP,90.0,3.1,22000.0,2000,28.6,23.4,1004.5,0,0,0,0,0,2024-05-07 21:00:00
2024-05-08 00:00:00,28.584511,77.205783,215,VIDP,110.0,2.1,22000.0,2000,28.4,22.5,1004.8,0,0,0,0,0,2024-05-08 00:00:00
2024-05-08 03:00:00,28.584511,77.205783,215,VIDP,70.0,2.6,,2000,29.2,21.1,1006.5,0,0,0,0,0,2024-05-08 03:00:00
2024-05-08 06:00:00,28.584511,77.205783,215,VIDP,70.0,4.1,,4000,34.4,21.8,1005.9,0,0,0,0,0,2024-05-08 06:00:00
2024-05-08 12:00:00,28.584511,77.205783,215,VIDP,70.0,1.5,,4000,36.6,23.1,1002.2,0,0,0,0,0,2024-05-08 12:00:00
2024-05-08 15:00:00,28.584511,77.205783,215,VIDP,90.0,1.5,,4000,32.4,21.8,1003.7,0,0,0,0,0,2024-05-08 15:00:00
2024-05-08 18:00:00,28.584511,77.205783,215,VIDP,90.0,2.1,22000.0,4000,30.5,21.8,1005.1,0,0,0,0,0,2024-05-08 18:00:00
2024-05-08 21:00:00,28.584511,77.205783,215,VIDP,90.0,4.1,,4000,29.0,21.6,1004.9,0,0,0,0,0,2024-05-08 21:00:00
2024-05-09 00:00:00,28.584511,77.205783,215,VIDP,70.0,3.1,,4000,26.2,20.1,1004.9,0,0,0,0,0,2024-05-09 00:00:00
2024-05-09 03:00:00,28.584511,77.205783,215,VIDP,70.0,3.1,,4000,28.2,19.3,1006.8,0,0,0,0,0,2024-05-09 03:00:00
2024-05-09 06:00:00,28.584511,77.205783,215,VIDP,70.0,2.6,,4000,34.6,20.6,1004.5,0,0,0,0,0,2024-05-09 06:00:00
2024-05-09 09:00:00,28.584511,77.205783,215,VIDP,90.0,2.1,,4000,37.4,21.7,1003.3,0,0,0,0,0,2024-05-09 09:00:00
2024-05-09 12:00:00,28.584511,77.205783,215,VIDP,50.0,2.1,,4000,37.2,22.8,1001.3,0,0,0,0,0,2024-05-09 12:00:00
2024-05-09 15:00:00,28.584511,77.205783,215,VIDP,70.0,2.1,,2000,32.4,22.5,1003.1,0,0,0,0,0,2024-05-09 15:00:00
2024-05-09 18:00:00,28.584511,77.205783,215,VIDP,70.0,2.1,,2000,30.4,21.8,1004.3,0,0,0,0,0,2024-05-09 18:00:00
2024-05-09 21:00:00,28.584511,77.205783,215,VIDP,90.0,2.6,,2000,29.4,21.0,1003.9,0,0,0,0,0,2024-05-09 21:00:00
2024-05-10 00:00:00,28.584511,77.205783,215,VIDP,90.0,1.5,,2000,28.4,22.2,1005.5,0,0,0,0,0,2024-05-10 00:00:00
2024-05-10 03:00:00,28.584511,77.205783,215,VIDP,110.0,3.1,,2000,30.0,22.4,1008.0,0,0,0,0,0,2024-05-10 03:00:00
2024-05-10 06:00:00,28.584511,77.205783,215,VIDP,90.0,3.1,,4000,35.4,22.4,1006.3,0,0,0,0,0,2024-05-10 06:00:00
2024-05-10 09:00:00,28.584511,77.205783,215,VIDP,70.0,1.5,,4000,38.4,23.7,1004.2,0,0,0,0,0,2024-05-10 09:00:00
2024-05-10 12:00:00,28.584511,77.205783,215,VIDP,70.0,2.6,3000.0,4000,37.4,24.1,1001.8,0,0,0,0,0,2024-05-10 12:00:00
2024-05-10 15:00:00,28.584511,77.205783,215,VIDP,,0.0,3000.0,4000,33.8,23.5,1003.7,0,0,0,0,0,2024-05-10 15:00:00
2024-05-10 18:00:00,28.584511,77.205783,215,VIDP,250.0,4.1,900.0,2000,28.8,15.5,1008.6,0,0,0,0,0,2024-05-10 18:00:00
2024-05-10 21:00:00,28.584511,77.205783,215,VIDP,250.0,4.1,1050.0,4000,27.6,18.2,1004.4,0,0,0,0,0,2024-05-10 21:00:00
2024-05-11 00:00:00,28.584511,77.205783,215,VIDP,250.0,1.5,1050.0,2000,26.0,21.5,1010.3,0,0,0,0,0,2024-05-11 00:00:00
2024-05-11 06:00:00,28.584511,77.205783,215,VIDP,50.0,2.1,22000.0,4000,35.0,18.1,1008.2,0,0,0,0,0,2024-05-11 06:00:00
2024-05-11 09:00:00,28.584511,77.205783,215,VIDP,,1.0,,4000,38.4,19.6,1006.7,0,0,0,0,0,2024-05-11 09:00:00
2024-05-11 12:00:00,28.584511,77.205783,215,VIDP,340.0,1.5,,4000,36.8,19.8,1004.7,0,0,0,0,0,2024-05-11 12:00:00
2024-05-11 15:00:00,28.584511,77.205783,215,VIDP,340.0,1.0,,2000,31.2,21.1,1006.3,0,0,0,0,0,2024-05-11 15:00:00
2024-05-11 18:00:00,28.584511,77.205783,215,VIDP,,0.0,,2000,28.0,21.4,1006.9,0,0,0,0,0,2024-05-11 18:00:00
2024-05-11 21:00:00,28.584511,77.205783,215,VIDP,,0.0,,2000,26.2,21.4,1006.5,0,0,0,0,0,2024-05-11 21:00:00
2024-05-12 00:00:00,28.584511,77.205783,215,VIDP,250.0,2.1,22000.0,2000,27.4,19.4,1007.9,0,0,0,0,0,2024-05-12 00:00:00
2024-05-12 03:00:00,28.584511,77.205783,215,VIDP,230.0,1.5,22000.0,2000,30.4,19.8,1008.6,0,0,0,0,0,2024-05-12 03:00:00
2024-05-12 06:00:00,28.584511,77.205783,215,VIDP,20.0,1.5,22000.0,4000,36.6,19.9,1008.4,0,0,0,0,0,2024-05-12 06:00:00
2024-05-12 09:00:00,28.584511,77.205783,215,VIDP,50.0,2.1,,4000,38.6,18.7,1006.3,0,0,0,0,0,2024-05-12 09:00:00
2024-05-12 12:00:00,28.584511,77.205783,215,VIDP,270.0,1.0,,4000,37.2,20.3,1004.1,0,0,0,0,0,2024-05-12 12:00:00
2024-05-12 15:00:00,28.584511,77.205783,215,VIDP,,0.0,22000.0,4000,32.2,21.6,1005.6,0,0,0,0,0,2024-05-12 15:00:00
2024-05-12 18:00:00,28.584511,77.205783,215,VIDP,,0.0,22000.0,4000,30.2,20.9,1006.6,0,0,0,0,0,2024-05-12 18:00:00
2024-05-12 21:00:00,28.584511,77.205783,215,VIDP,,0.0,22000.0,4000,28.2,21.3,1006.4,0,0,0,0,0,2024-05-12 21:00:00
2024-05-13 00:00:00,28.584511,77.205783,215,VIDP,,0.0,,4000,28.2,20.7,1006.9,0,0,0,0,0,2024-05-13 00:00:00
2024-05-13 03:00:00,28.584511,77.205783,215,VIDP,,0.0,,4000,31.0,20.8,1008.7,0,0,0,0,0,2024-05-13 03:00:00
2024-05-13 06:00:00,28.584511,77.205783,215,VIDP,250.0,2.6,,4000,37.0,21.5,1008.2,0,0,0,0,0,2024-05-13 06:00:00
2024-05-13 06:00:00,28.584511,77.205783,215,VIDP,250.0,2.6,22000.0,4500,37.0,22.0,,0,1,0,0,0,2024-05-13 06:00:00
2024-05-13 08:30:00,28.584511,77.205783,215,VIDP,260.0,2.1,3048.0,5000,38.0,21.0,,0,1,0,0,0,2024-05-13 08:00:00
2024-05-13 09:00:00,28.584511,77.205783,215,VIDP,250.0,2.6,,4000,40.0,17.4,1005.8,0,0,0,0,0,2024-05-13 09:00:00
2024-05-13 12:00:00,28.584511,77.205783,215,VIDP,320.0,1.5,22000.0,4000,38.8,15.1,1004.9,0,0,0,0,0,2024-05-13 12:00:00
2024-05-13 15:00:00,28.584511,77.205783,215,VIDP,,0.0,22000.0,4000,30.2,17.7,1006.1,0,0,0,0,0,2024-05-13 15:00:00
2024-05-13 18:00:00,28.584511,77.205783,215,VIDP,,0.0,22000.0,4000,26.8,18.7,1007.5,0,0,0,0,0,2024-05-13 18:00:00
2024-05-13 21:00:00,28.584511,77.205783,215,VIDP,,0.0,22000.0,2000,25.0,19.4,1007.3,0,0,0,0,0,2024-05-13 21:00:00
2024-05-14 00:00:00,28.584511,77.205783,215,VIDP,,0.0,22000.0,2000,24.4,20.1,1008.1,0,0,0,0,0,2024-05-14 00:00:00
2024-05-14 03:00:00,28.584511,77.205783,215,VIDP,,0.0,22000.0,2000,29.6,19.5,1009.3,0,0,0,0,0,2024-05-14 03:00:00
2024-05-14 06:00:00,28.584511,77.205783,215,VIDP,200.0,2.6,,4000,39.0,14.0,1008.5,0,0,0,0,0,2024-05-14 06:00:00
2024-05-14 09:00:00,28.584511,77.205783,215,VIDP,320.0,1.5,,4000,40.2,13.6,1006.0,0,0,0,0,0,2024-05-14 09:00:00
2024-05-14 12:00:00,28.584511,77.205783,215,VIDP,250.0,3.1,,4000,39.0,14.5,1003.8,0,0,0,0,0,2024-05-14 12:00:00
2024-05-14 15:00:00,28.584511,77.205783,215,VIDP,250.0,1.5,,4000,32.4,17.0,1005.6,0,0,0,0,0,2024-05-14 15:00:00
2024-05-14 18:00:00,28.584511,77.205783,215,VIDP,,0.0,,4000,27.4,16.0,1006.9,0,0,0,0,0,2024-05-14 18:00:00
2024-05-14 21:00:00,28.584511,77.205783,215,VIDP,140.0,1.5,,4000,25.2,16.8,1007.0,0,0,0,0,0,2024-05-14 21:00:00
2024-05-15 00:00:00,28.584511,77.205783,215,VIDP,,0.0,,4000,23.8,17.7,1007.7,0,0,0,0,0,2024-05-15 00:00:00
2024-05-15 03:00:00,28.584511,77.205783,215,VIDP,,0.0,,4000,29.8,17.9,1009.1,0,0,0,0,0,2024-05-15 03:00:00
2024-05-15 06:00:00,28.584511,77.205783,215,VIDP,,0.0,,4000,39.6,14.5,1007.8,0,0,0,0,0,2024-05-15 06:00:00
2024-05-15 09:00:00,28.584511,77.205783,215,VIDP,230.0,2.1,,4000,40.8,10.9,1005.7,0,0,0,0,0,2024-05-15 09:00:00
2024-05-15 12:00:00,28.584511,77.205783,215,VIDP,360.0,1.5,,4000,39.0,17.2,1004.4,0,0,0,0,0,2024-05-15 12:00:00
2024-05-15 15:00:00,28.584511,77.205783,215,VIDP,,0.0,,4000,31.4,19.6,1006.8,0,0,0,0,0,2024-05-15 15:00:00
2024-05-15 18:00:00,28.584511,77.205783,215,VIDP,,0.0,,4000,27.8,19.9,1007.7,0,0,0,0,0,2024-05-15 18:00:00
2024-05-15 21:00:00,28.584511,77.205783,215,VIDP,,0.0,,2000,26.6,19.5,1007.4,0,0,0,0,0,2024-05-15 21:00:00
2024-05-16 00:00:00,28.584511,77.205783,215,VIDP,,0.0,,2000,26.2,17.3,1008.3,0,0,0,0,0,2024-05-16 00:00:00
2024-05-16 03:00:00,28.584511,77.205783,215,VIDP,50.0,1.5,,4000,30.2,19.5,1009.2,0,0,0,0,0,2024-05-16 03:00:00
2024-05-16 06:00:00,28.584511,77.205783,215,VIDP,50.0,1.5,,4000,38.6,19.1,1007.8,0,0,0,0,0,2024-05-16 06:00:00
2024-05-16 09:00:00,28.584511,77.205783,215,VIDP,50.0,1.0,,4000,41.4,17.4,1004.2,0,0,0,0,0,2024-05-16 09:00:00
2024-05-16 12:00:00,28.584511,77.205783,215,VIDP,20.0,2.1,,4000,40.2,20.2,1002.1,0,0,0,0,0,2024-05-16 12:00:00
2024-05-16 15:00:00,28.584511,77.205783,215,VIDP,,0.0,,4000,33.2,22.1,1003.5,0,0,0,0,0,2024-05-16 15:00:00
2024-05-16 18:00:00,28.584511,77.205783,215,VIDP,,0.0,,4000,29.6,20.6,1004.2,0,0,0,0,0,2024-05-16 18:00:00
2024-05-16 21:00:00,28.584511,77.205783,215,VIDP,,0.0,,4000,28.0,21.1,1003.7,0,0,0,0,0,2024-05-16 21:00:00
2024-05-17 00:00:00,28.584511,77.205783,215,VIDP,,0.0,,4000,25.6,17.3,1004.7,0,0,0,0,0,2024-05-17 00:00:00
2024-05-17 03:00:00,28.584511,77.205783,215,VIDP,,0.0,,4000,32.0,20.6,1005.3,0,0,0,0,0,2024-05-17 03:00:00
2024-05-17 06:00:00,28.584511,77.205783,215,VIDP,230.0,2.1,,4000,42.4,15.8,1003.6,0,0,0,0,0,2024-05-17 06:00:00
2024-05-17 09:00:00,28.584511,77.205783,215,VIDP,320.0,1.0,,4000,43.4,19.1,1000.6,0,0,0,0,0,2024-05-17 09:00:00
2024-05-17 12:00:00,28.584511,77.205783,215,VIDP,250.0,1.0,,4000,42.4,15.3,998.6,0,0,0,0,0,2024-05-17 12:00:00
2024-05-17 15:00:00,28.584511,77.205783,215,VIDP,,0.0,,4000,33.4,21.6,1000.6,0,0,0,0,0,2024-05-17 15:00:00
2024-05-17 18:00:00,28.584511,77.205783,215,VIDP,,0.0,,4000,31.2,19.7,1001.9,0,0,0,0,0,2024-05-17 18:00:00
2024-05-17 21:00:00,28.584511,77.205783,215,VIDP,,0.0,22000.0,4000,29.0,20.6,1001.8,0,0,0,0,0,2024-05-17 21:00:00
2024-05-18 00:00:00,28.584511,77.205783,215,VIDP,,0.0,,2000,27.2,21.2,1002.0,0,0,0,0,0,2024-05-18 00:00:00
2024-05-18 03:00:00,28.584511,77.205783,215,VIDP,230.0,1.5,,2000,33.6,17.8,1002.4,0,0,0,0,0,2024-05-18 03:00:00
2024-05-18 06:00:00,28.584511,77.205783,215,VIDP,250.0,2.6,,4000,41.2,18.4,1001.0,0,0,0,0,0,2024-05-18 06:00:00
2024-05-18 09:00:00,28.584511,77.205783,215,VIDP,230.0,1.5,,4000,43.6,14.4,997.9,0,0,0,0,0,2024-05-18 09:00:00
2024-05-18 12:00:00,28.584511,77.205783,215,VIDP,270.0,3.1,22000.0,4000,41.4,16.0,997.9,0,0,0,0,0,2024-05-18 12:00:00
2024-05-18 15:00:00,28.584511,77.205783,215,VIDP,,0.0,,4000,35.6,20.5,997.7,0,0,0,0,0,2024-05-18 15:00:00
2024-05-18 18:00:00,28.584511,77.205783,215,VIDP,,0.0,,4000,30.8,20.6,999.2,0,0,0,0,0,2024-05-18 18:00:00
2024-05-18 21:00:00,28.584511,77.205783,215,VIDP,,0.0,,4000,31.0,19.8,998.7,0,0,0,0,0,2024-05-18 21:00:00
2024-05-19 00:00:00,28.584511,77.205783,215,VIDP,,0.0,,2000,28.4,19.2,999.4,0,0,0,0,0,2024-05-19 00:00:00
2024-05-19 03:00:00,28.584511,77.205783,215,VIDP,,0.0,,4000,33.8,20.4,1000.6,0,0,0,0,0,2024-05-19 03:00:00
2024-05-19 06:00:00,28.584511,77.205783,215,VIDP,290.0,2.1,,4000,41.6,17.3,999.8,0,0,0,0,0,2024-05-19 06:00:00
2024-05-19 09:00:00,28.584511,77.205783,215,VIDP,250.0,3.1,22000.0,4000,44.0,13.6,996.9,0,0,0,0,0,2024-05-19 09:00:00
2024-05-19 12:00:00,28.584511,77.205783,215,VIDP,250.0,3.1,22000.0,4000,43.6,11.7,994.4,0,0,0,0,0,2024-05-19 12:00:00
2024-05-19 15:00:00,28.584511,77.205783,215,VIDP,,0.0,,4000,37.0,20.1,996.5,0,0,0,0,0,2024-05-19 15:00:00
2024-05-19 18:00:00,28.584511,77.205783,215,VIDP,250.0,2.6,22000.0,4000,35.0,16.9,998.4,0,0,0,0,0,2024-05-19 18:00:00
2024-05-19 21:00:00,28.584511,77.205783,215,VIDP,,0.0,,2000,32.6,17.7,998.3,0,0,0,0,0,2024-05-19 21:00:00
2024-05-20 00:00:00,28.584511,77.205783,215,VIDP,,0.0,22000.0,2000,29.4,17.8,999.9,0,0,0,0,0,2024-05-20 00:00:00
2024-05-20 03:00:00,28.584511,77.205783,215,VIDP,,0.0,22000.0,2000,34.0,19.5,1001.6,0,0,0,0,0,2024-05-20 03:00:00
2024-05-20 06:00:00,28.584511,77.205783,215,VIDP,250.0,3.1,22000.0,4000,41.6,17.3,1000.9,0,0,0,0,0,2024-05-20 06:00:00
2024-05-20 09:00:00,28.584511,77.205783,215,VIDP,290.0,3.1,22000.0,4000,43.6,15.9,998.1,0,0,0,0,0,2024-05-20 09:00:00
2024-05-20 12:00:00,28.584511,77.205783,215,VIDP,270.0,4.1,22000.0,4000,42.6,17.5,996.0,0,0,0,0,0,2024-05-20 12:00:00
2024-05-20 15:00:00,28.584511,77.205783,215,VIDP,,0.0,,4000,35.8,21.1,998.5,0,0,0,0,0,2024-05-20 15:00:00
2024-05-20 18:00:00,28.584511,77.205783,215,VIDP,,0.0,,4000,32.4,21.5,1000.2,0,0,0,0,0,2024-05-20 18:00:00
2024-05-20 21:00:00,28.584511,77.205783,215,VIDP,,0.0,22000.0,4000,31.4,22.0,999.9,0,0,0,0,0,2024-05-20 21:00:00
2024-05-21 00:00:00,28.584511,77.205783,215,VIDP,,0.0,22000.0,4000,31.2,22.8,1000.9,0,0,0,0,0,2024-05-21 00:00:00
2024-05-21 03:00:00,28.584511,77.205783,215,VIDP,70.0,2.6,,4000,31.4,23.3,1002.9,0,0,0,0,0,2024-05-21 03:00:00
2024-05-21 06:00:00,28.584511,77.205783,215,VIDP,50.0,2.6,,4000,37.4,23.1,1002.2,0,0,0,0,0,2024-05-21 06:00:00
2024-05-21 09:00:00,28.584511,77.205783,215,VIDP,50.0,1.5,,4000,40.6,23.0,999.7,0,0,0,0,0,2024-05-21 09:00:00
2024-05-21 12:00:00,28.584511,77.205783,215,VIDP,90.0,1.0,,4000,41.2,22.3,997.9,0,0,0,0,0,2024-05-21 12:00:00
2024-05-21 15:00:00,28.584511,77.205783,215,VIDP,70.0,1.5,,4000,35.2,23.1,999.3,0,0,0,0,0,2024-05-21 15:00:00
2024-05-21 18:00:00,28.584511,77.205783,215,VIDP,70.0,2.6,,4000,33.2,23.4,1000.9,0,0,0,0,0,2024-05-21 18:00:00
2024-05-21 21:00:00,28.584511,77.205783,215,VIDP,90.0,1.5,,4000,32.2,23.2,1000.8,0,0,0,0,0,2024-05-21 21:00:00
2024-05-22 00:00:00,28.584511,77.205783,215,VIDP,70.0,2.1,22000.0,2000,31.2,23.1,1002.1,0,0,0,0,0,2024-05-22 00:00:00
2024-05-22 03:00:00,28.584511,77.205783,215,VIDP,90.0,2.6,,2000,33.0,23.8,1003.2,0,0,0,0,0,2024-05-22 03:00:00
2024-05-22 06:00:00,28.584511,77.205783,215,VIDP,90.0,2.1,,4000,38.8,24.8,1002.1,0,0,0,0,0,2024-05-22 06:00:00
2024-05-22 09:00:00,28.584511,77.205783,215,VIDP,70.0,2.6,,4000,42.0,24.4,999.3,0,0,0,0,0,2024-05-22 09:00:00
2024-05-22 12:00:00,28.584511,77.205783,215,VIDP,70.0,3.1,,4000,42.0,24.4,997.4,0,0,0,0,0,2024-05-22 12:00:00
2024-05-22 15:00:00,28.584511,77.205783,215,VIDP,70.0,2.1,,4000,35.8,24.5,998.8,0,0,0,0,0,2024-05-22 15:00:00
2024-05-22 18:00:00,28.584511,77.205783,215,VIDP,50.0,3.1,,4000,33.8,23.8,1000.3,0,0,0,0,0,2024-05-22 18:00:00
2024-05-22 21:00:00,28.584511,77.205783,215,VIDP,70.0,2.6,22000.0,4000,32.2,22.6,1000.5,0,0,0,0,0,2024-05-22 21:00:00
2024-05-23 00:00:00,28.584511,77.205783,215,VIDP,90.0,2.1,22000.0,4000,30.8,22.6,1001.5,0,0,0,0,0,2024-05-23 00:00:00
2024-05-23 03:00:00,28.584511,77.205783,215,VIDP,70.0,3.1,,4000,32.0,23.3,1002.8,0,0,0,0,0,2024-05-23 03:00:00
2024-05-23 06:00:00,28.584511,77.205783,215,VIDP,50.0,3.1,,4000,38.4,24.7,1001.7,0,0,0,0,0,2024-05-23 06:00:00
2024-05-23 09:00:00,28.584511,77.205783,215,VIDP,70.0,3.1,,4000,40.0,23.6,999.3,0,0,0,0,0,2024-05-23 09:00:00
2024-05-23 12:00:00,28.584511,77.205783,215,VIDP,70.0,3.1,,4000,40.0,24.6,997.5,0,0,0,0,0,2024-05-23 12:00:00
2024-05-23 15:00:00,28.584511,77.205783,215,VIDP,70.0,2.1,,4000,35.4,23.4,999.1,0,0,0,0,0,2024-05-23 15:00:00
2024-05-23 18:00:00,28.584511,77.205783,215,VIDP,70.0,2.1,22000.0,2000,33.6,23.2,999.8,0,0,0,0,0,2024-05-23 18:00:00
2024-05-23 21:00:00,28.584511,77.205783,215,VIDP,90.0,2.6,,2000,32.4,23.2,999.6,0,0,0,0,0,2024-05-23 21:00:00
2024-05-24 00:00:00,28.584511,77.205783,215,VIDP,90.0,2.6,,2000,31.0,23.2,1001.2,0,0,0,0,0,2024-05-24 00:00:00
2024-05-24 03:00:00,28.584511,77.205783,215,VIDP,90.0,2.1,,2000,32.8,24.3,1002.7,0,0,0,0,0,2024-05-24 03:00:00
2024-05-24 06:00:00,28.584511,77.205783,215,VIDP,90.0,2.1,,4000,38.6,23.2,1002.1,0,0,0,0,0,2024-05-24 06:00:00
2024-05-24 09:00:00,28.584511,77.205783,215,VIDP,90.0,1.5,,4000,40.8,23.2,999.0,0,0,0,0,0,2024-05-24 09:00:00
2024-05-24 12:00:00,28.584511,77.205783,215,VIDP,20.0,1.5,,4000,39.4,23.9,997.2,0,0,0,0,0,2024-05-24 12:00:00
2024-05-24 15:00:00,28.584511,77.205783,215,VIDP,70.0,2.1,,4000,35.2,23.5,998.1,0,0,0,0,0,2024-05-24 15:00:00
2024-05-24 18:00:00,28.584511,77.205783,215,VIDP,70.0,1.5,,4000,32.0,21.7,999.6,0,0,0,0,0,2024-05-24 18:00:00
2024-05-24 21:00:00,28.584511,77.205783,215,VIDP,70.0,1.5,,4000,30.8,21.3,999.3,0,0,0,0,0,2024-05-24 21:00:00
2024-05-25 00:00:00,28.584511,77.205783,215,VIDP,,0.0,,4000,30.6,23.0,999.6,0,0,0,0,0,2024-05-25 00:00:00
2024-05-25 03:00:00,28.584511,77.205783,215,VIDP,,0.0,,4000,34.2,23.6,1000.2,0,0,0,0,0,2024-05-25 03:00:00
2024-05-25 06:00:00,28.584511,77.205783,215,VIDP,140.0,1.0,,4000,41.2,24.1,999.0,0,0,0,0,0,2024-05-25 06:00:00
2024-05-25 09:00:00,28.584511,77.205783,215,VIDP,270.0,2.1,22000.0,4000,42.8,22.2,996.1,0,0,0,0,0,2024-05-25 09:00:00
2024-05-25 12:00:00,28.584511,77.205783,215,VIDP,340.0,2.6,,4000,42.4,18.9,994.3,0,0,0,0,0,2024-05-25 12:00:00
2024-05-25 15:00:00,28.584511,77.205783,215,VIDP,,0.0,,4000,35.6,20.8,996.4,0,0,0,0,0,2024-05-25 15:00:00
2024-05-25 18:00:00,28.584511,77.205783,215,VIDP,,0.0,,4000,31.4,19.6,997.8,0,0,0,0,0,2024-05-25 18:00:00
2024-05-25 21:00:00,28.584511,77.205783,215,VIDP,,0.0,,4000,29.0,19.5,997.6,0,0,0,0,0,2024-05-25 21:00:00
2024-05-26 00:00:00,28.584511,77.205783,215,VIDP,,0.0,,2000,27.4,20.4,998.4,0,0,0,0,0,2024-05-26 00:00:00
2024-05-26 03:00:00,28.584511,77.205783,215,VIDP,270.0,1.0,,2000,34.6,18.4,998.5,0,0,0,0,0,2024-05-26 03:00:00
2024-05-26 06:00:00,28.584511,77.205783,215,VIDP,340.0,1.5,,4000,43.2,16.1,997.4,0,0,0,0,0,2024-05-26 06:00:00
2024-05-26 09:00:00,28.584511,77.205783,215,VIDP,50.0,2.6,,4000,44.4,17.2,994.9,0,0,0,0,0,2024-05-26 09:00:00
2024-05-26 12:00:00,28.584511,77.205783,215,VIDP,50.0,1.5,,4000,43.0,20.2,992.3,0,0,0,0,0,2024-05-26 12:00:00
2024-05-26 15:00:00,28.584511,77.205783,215,VIDP,,0.0,,4000,36.2,24.3,993.8,0,0,0,0,0,2024-05-26 15:00:00
2024-05-26 18:00:00,28.584511,77.205783,215,VIDP,,0.0,,4000,32.2,23.6,994.3,0,0,0,0,0,2024-05-26 18:00:00
2024-05-27 00:00:00,28.584511,77.205783,215,VIDP,,0.0,,2000,29.4,21.7,994.9,0,0,0,0,0,2024-05-27 00:00:00
2024-05-27 03:00:00,28.584511,77.205783,215,VIDP,,0.0,,4000,33.8,21.1,995.3,0,0,0,0,0,2024-05-27 03:00:00
2024-05-27 06:00:00,28.584511,77.205783,215,VIDP,250.0,3.1,,4000,42.8,16.9,994.3,0,0,0,0,0,2024-05-27 06:00:00
2024-05-27 09:00:00,28.584511,77.205783,215,VIDP,340.0,2.1,,4000,44.6,15.7,991.6,0,0,0,0,0,2024-05-27 09:00:00
2024-05-27 12:00:00,28.584511,77.205783,215,VIDP,,1.0,,4000,43.4,18.7,990.4,0,0,0,0,0,2024-05-27 12:00:00
2024-05-27 15:00:00,28.584511,77.205783,215,VIDP,,0.0,,4000,35.2,22.5,991.8,0,0,0,0,0,2024-05-27 15:00:00
2024-05-27 18:00:00,28.584511,77.205783,215,VIDP,,0.0,,4000,32.0,23.0,992.8,0,0,0,0,0,2024-05-27 18:00:00
2024-05-27 21:00:00,28.584511,77.205783,215,VIDP,,0.0,,2000,30.8,22.9,992.0,0,0,0,0,0,2024-05-27 21:00:00
2024-05-28 00:00:00,28.584511,77.205783,215,VIDP,,0.0,,2000,27.6,21.6,992.6,0,0,0,0,0,2024-05-28 00:00:00
2024-05-28 03:00:00,28.584511,77.205783,215,VIDP,230.0,1.5,,4000,35.4,20.9,992.9,0,0,0,0,0,2024-05-28 03:00:00
2024-05-28 06:00:00,28.584511,77.205783,215,VIDP,290.0,1.5,,4000,43.8,12.1,992.3,0,0,0,0,0,2024-05-28 06:00:00
2024-05-28 09:00:00,28.584511,77.205783,215,VIDP,20.0,2.1,,4000,45.4,15.1,990.5,0,0,0,0,0,2024-05-28 09:00:00
2024-05-28 12:00:00,28.584511,77.205783,215,VIDP,340.0,1.0,,4000,44.8,14.0,988.8,0,0,0,0,0,2024-05-28 12:00:00
2024-05-28 15:00:00,28.584511,77.205783,215,VIDP,,0.0,,4000,35.4,20.9,990.6,0,0,0,0,0,2024-05-28 15:00:00
2024-05-28 18:00:00,28.584511,77.205783,215,VIDP,,0.0,,4000,33.0,20.4,992.2,0,0,0,0,0,2024-05-28 18:00:00
2024-05-28 21:00:00,28.584511,77.205783,215,VIDP,,0.0,,4000,31.0,21.2,992.1,0,0,0,0,0,2024-05-28 21:00:00
2024-05-29 00:00:00,28.584511,77.205783,215,VIDP,,0.0,,4000,29.6,22.2,992.5,0,0,0,0,0,2024-05-29 00:00:00
2024-05-29 03:00:00,28.584511,77.205783,215,VIDP,230.0,4.1,,4000,36.0,21.3,993.5,0,0,0,0,0,2024-05-29 03:00:00
2024-05-29 06:00:00,28.584511,77.205783,215,VIDP,230.0,2.6,,4000,42.2,19.8,1000.6,0,0,0,0,0,2024-05-29 06:00:00
2024-05-29 09:00:00,28.584511,77.205783,215,VIDP,290.0,2.1,,4000,45.8,19.0,991.6,0,0,0,0,0,2024-05-29 09:00:00
2024-05-29 12:00:00,28.584511,77.205783,215,VIDP,70.0,7.2,3000.0,2000,41.4,20.3,991.2,0,0,0,0,0,2024-05-29 12:00:00
2024-05-29 15:00:00,28.584511,77.205783,215,VIDP,110.0,1.5,,2000,34.0,21.0,993.7,0,0,0,0,0,2024-05-29 15:00:00
2024-05-29 18:00:00,28.584511,77.205783,215,VIDP,,1.0,,2000,33.4,20.6,994.4,0,0,0,0,0,2024-05-29 18:00:00
2024-05-29 21:00:00,28.584511,77.205783,215,VIDP,,1.0,22000.0,2000,33.8,20.0,993.7,0,0,0,0,0,2024-05-29 21:00:00
2024-05-30 00:00:00,28.584511,77.205783,215,VIDP,,0.0,,2000,30.8,22.0,995.6,0,0,0,0,0,2024-05-30 00:00:00
2024-05-30 03:00:00,28.584511,77.205783,215,VIDP,250.0,5.7,,4000,36.0,18.7,997.9,0,0,0,0,0,2024-05-30 03:00:00
2024-05-30 06:00:00,28.584511,77.205783,215,VIDP,270.0,3.1,22000.0,4000,41.8,15.8,997.9,0,0,0,0,0,2024-05-30 06:00:00
2024-05-30 09:00:00,28.584511,77.205783,215,VIDP,70.0,2.1,,4000,44.8,16.0,995.2,0,0,0,0,0,2024-05-30 09:00:00
2024-05-30 12:00:00,28.584511,77.205783,215,VIDP,270.0,3.1,,4000,44.6,10.2,994.0,0,0,0,0,0,2024-05-30 12:00:00
2024-05-30 15:00:00,28.584511,77.205783,215,VIDP,140.0,2.6,,4000,36.8,19.0,997.0,0,0,0,0,0,2024-05-30 15:00:00
2024-05-30 18:00:00,28.584511,77.205783,215,VIDP,200.0,2.6,22000.0,4000,34.8,17.9,997.5,0,0,0,0,0,2024-05-30 18:00:00
2024-05-30 21:00:00,28.584511,77.205783,215,VIDP,140.0,1.5,22000.0,4000,33.2,19.2,996.5,0,0,0,0,0,2024-05-30 21:00:00
2024-05-31 00:00:00,28.584511,77.205783,215,VIDP,,0.0,,2000,29.2,20.4,998.1,0,0,0,0,0,2024-05-31 00:00:00
2024-05-31 03:00:00,28.584511,77.205783,215,VIDP,230.0,3.1,,4000,35.0,18.5,998.4,0,0,0,0,0,2024-05-31 03:00:00
2024-05-31 06:00:00,28.584511,77.205783,215,VIDP,270.0,4.1,,4000,42.2,15.5,998.7,0,0,0,0,0,2024-05-31 06:00:00
2024-05-31 09:00:00,28.584511,77.205783,215,VIDP,270.0,2.6,,4000,45.4,10.7,995.9,0,0,0,0,0,2024-05-31 09:00:00
2024-05-31 12:00:00,28.584511,77.205783,215,VIDP,20.0,1.5,,4000,43.0,17.7,995.3,0,0,0,0,0,2024-05-31 12:00:00
2024-05-31 15:00:00,28.584511,77.205783,215,VIDP,,0.0,,4000,35.4,22.7,997.0,0,0,0,0,0,2024-05-31 15:00:00
2024-05-31 18:00:00,28.584511,77.205783,215,VIDP,,0.0,,4000,33.4,22.0,997.8,0,0,0,0,0,2024-05-31 18:00:00
2024-05-31 21:00:00,28.584511,77.205783,215,VIDP,,0.0,,2000,32.0,21.7,997.4,0,0,0,0,0,2024-05-31 21:00:00
2024-06-01 00:00:00,28.584511,77.205783,215,VIDP,,0.0,22000.0,2000,31.6,19.1,998.6,0,0,0,0,0,2024-06-01 00:00:00
2024-06-01 03:00:00,28.584511,77.205783,215,VIDP,250.0,4.6,22000.0,2000,37.6,15.6,1000.3,0,0,0,0,0,2024-06-01 03:00:00
2024-06-01 06:00:00,28.584511,77.205783,215,VIDP,250.0,4.6,3000.0,4000,41.4,16.0,1000.3,0,0,0,0,0,2024-06-01 06:00:00
2024-06-01 09:00:00,28.584511,77.205783,215,VIDP,250.0,2.6,,4000,44.0,17.9,997.8,0,0,0,0,0,2024-06-01 09:00:00
2024-06-01 12:00:00,28.584511,77.205783,215,VIDP,,0.0,1200.0,4000,38.8,16.9,998.1,0,0,0,0,0,2024-06-01 12:00:00
2024-06-01 15:00:00,28.584511,77.205783,215,VIDP,250.0,3.1,1200.0,4000,34.0,18.8,1000.6,0,0,0,0,0,2024-06-01 15:00:00
2024-06-01 18:00:00,28.584511,77.205783,215,VIDP,230.0,5.1,1200.0,4000,31.2,20.4,1001.6,0,0,0,0,0,2024-06-01 18:00:00
2024-06-01 21:00:00,28.584511,77.205783,215,VIDP,230.0,3.1,1200.0,4000,30.4,20.8,1000.1,0,0,0,0,0,2024-06-01 21:00:00
2024-06-02 00:00:00,28.584511,77.205783,215,VIDP,,0.0,3000.0,4000,30.4,20.8,1000.9,0,0,0,0,0,2024-06-02 00:00:00
2024-06-02 03:00:00,28.584511,77.205783,215,VIDP,,0.0,,4000,34.4,20.4,1002.8,0,0,0,0,0,2024-06-02 03:00:00
2024-06-02 06:00:00,28.584511,77.205783,215,VIDP,250.0,2.1,22000.0,4000,40.4,18.3,1002.4,0,0,0,0,0,2024-06-02 06:00:00
2024-06-02 09:00:00,28.584511,77.205783,215,VIDP,290.0,2.1,,4000,42.0,17.4,1000.1,0,0,0,0,0,2024-06-02 09:00:00
2024-06-02 12:00:00,28.584511,77.205783,215,VIDP,320.0,2.1,,4000,41.6,20.2,998.0,0,0,0,0,0,2024-06-02 12:00:00
2024-06-02 15:00:00,28.584511,77.205783,215,VIDP,200.0,4.6,,4000,37.2,18.4,999.6,0,0,0,0,0,2024-06-02 15:00:00
2024-06-02 18:00:00,28.584511,77.205783,215,VIDP,230.0,4.1,22000.0,4000,35.0,18.9,1000.7,0,0,0,0,0,2024-06-02 18:00:00
2024-06-02 21:00:00,28.584511,77.205783,215,VIDP,230.0,5.1,,4000,33.0,19.4,999.6,0,0,0,0,0,2024-06-02 21:00:00
2024-06-03 00:00:00,28.584511,77.205783,215,VIDP,,1.0,,2000,30.8,20.6,1000.9,0,0,0,0,0,2024-06-03 00:00:00
2024-06-03 03:00:00,28.584511,77.205783,215,VIDP,250.0,4.1,,4000,34.4,18.5,1002.1,0,0,0,0,0,2024-06-03 03:00:00
2024-06-03 06:00:00,28.584511,77.205783,215,VIDP,230.0,2.1,,4000,40.0,20.7,1001.6,0,0,0,0,0,2024-06-03 06:00:00
2024-06-03 09:00:00,28.584511,77.205783,215,VIDP,230.0,4.1,22000.0,4000,43.8,15.3,998.6,0,0,0,0,0,2024-06-03 09:00:00
2024-06-03 12:00:00,28.584511,77.205783,215,VIDP,230.0,4.1,22000.0,4000,43.2,15.2,996.0,0,0,0,0,0,2024-06-03 12:00:00
2024-06-03 15:00:00,28.584511,77.205783,215,VIDP,,0.0,,4000,36.2,21.2,997.6,0,0,0,0,0,2024-06-03 15:00:00
2024-06-03 18:00:00,28.584511,77.205783,215,VIDP,,0.0,,4000,32.8,20.9,998.8,0,0,0,0,0,2024-06-03 18:00:00
2024-06-04 00:00:00,28.584511,77.205783,215,VIDP,90.0,1.0,,2000,30.8,20.6,999.7,0,0,0,0,0,2024-06-04 00:00:00
2024-06-04 03:00:00,28.584511,77.205783,215,VIDP,200.0,3.1,22000.0,4000,34.6,20.3,1001.4,0,0,0,0,0,2024-06-04 03:00:00
2024-06-04 06:00:00,28.584511,77.205783,215,VIDP,50.0,1.5,3000.0,4000,38.0,22.5,1001.7,0,0,0,0,0,2024-06-04 06:00:00
2024-06-04 09:00:00,28.584511,77.205783,215,VIDP,230.0,3.1,22000.0,4000,43.0,19.4,998.9,0,0,0,0,0,2024-06-04 09:00:00
2024-06-04 12:00:00,28.584511,77.205783,215,VIDP,,1.0,,4000,40.0,20.7,997.5,0,0,0,0,0,2024-06-04 12:00:00
2024-06-04 15:00:00,28.584511,77.205783,215,VIDP,,0.0,22000.0,4000,36.2,24.0,998.0,0,0,0,0,0,2024-06-04 15:00:00
2024-06-04 18:00:00,28.584511,77.205783,215,VIDP,,0.0,22000.0,2000,34.0,21.7,999.5,0,0,0,0,0,2024-06-04 18:00:00
2024-06-04 21:00:00,28.584511,77.205783,215,VIDP,,0.0,22000.0,2000,32.4,21.1,999.0,0,0,0,0,0,2024-06-04 21:00:00
2024-06-05 00:00:00,28.584511,77.205783,215,VIDP,230.0,2.6,22000.0,2000,31.4,19.2,1000.9,0,0,0,0,0,2024-06-05 00:00:00
2024-06-05 03:00:00,28.584511,77.205783,215,VIDP,230.0,5.7,,4000,35.6,16.9,1001.6,0,0,0,0,0,2024-06-05 03:00:00
2024-06-05 06:00:00,28.584511,77.205783,215,VIDP,250.0,5.1,,4000,40.6,17.5,1001.6,0,0,0,0,0,2024-06-05 06:00:00
2024-06-05 09:00:00,28.584511,77.205783,215,VIDP,250.0,4.1,,4000,43.4,16.5,998.9,0,0,0,0,0,2024-06-05 09:00:00
2024-06-05 12:00:00,28.584511,77.205783,215,VIDP,230.0,4.1,22000.0,4000,42.8,16.9,996.7,0,0,0,0,0,2024-06-05 12:00:00
2024-06-05 15:00:00,28.584511,77.205783,215,VIDP,,0.0,3000.0,4000,38.0,23.8,998.9,0,0,0,0,0,2024-06-05 15:00:00
2024-06-05 18:00:00,28.584511,77.205783,215,VIDP,50.0,4.1,3000.0,4000,30.0,22.7,1002.4,0,0,0,0,0,2024-06-05 18:00:00
2024-06-05 21:00:00,28.584511,77.205783,215,VIDP,70.0,3.1,,4000,28.0,23.0,999.5,0,0,0,0,0,2024-06-05 21:00:00
2024-06-06 00:00:00,28.584511,77.205783,215,VIDP,180.0,2.6,22000.0,4000,25.8,20.6,1004.0,0,0,0,0,0,2024-06-06 00:00:00
2024-06-06 03:00:00,28.584511,77.205783,215,VIDP,230.0,4.1,,4000,30.2,20.6,1008.2,0,0,0,0,0,2024-06-06 03:00:00
2024-06-06 06:00:00,28.584511,77.205783,215,VIDP,,0.0,,4000,37.2,18.8,1004.8,0,0,0,0,0,2024-06-06 06:00:00
2024-06-06 09:00:00,28.584511,77.205783,215,VIDP,20.0,3.1,,4000,40.6,20.3,1002.3,0,0,0,0,0,2024-06-06 09:00:00
2024-06-06 12:00:00,28.584511,77.205783,215,VIDP,20.0,1.5,,4000,38.4,21.9,1000.6,0,0,0,0,0,2024-06-06 12:00:00
2024-06-06 15:00:00,28.584511,77.205783,215,VIDP,,0.0,,4000,33.8,24.1,1001.3,0,0,0,0,0,2024-06-06 15:00:00
2024-06-06 18:00:00,28.584511,77.205783,215,VIDP,250.0,7.7,22000.0,1000,31.5,17.7,1004.4,0,0,0,0,0,2024-06-06 18:00:00
2024-06-06 21:00:00,28.584511,77.205783,215,VIDP,200.0,1.5,22000.0,4000,29.6,18.4,1002.0,0,0,0,0,0,2024-06-06 21:00:00
2024-06-07 00:00:00,28.584511,77.205783,215,VIDP,,0.0,22000.0,2000,28.6,18.7,1002.8,0,0,0,0,0,2024-06-07 00:00:00
2024-06-07 03:00:00,28.584511,77.205783,215,VIDP,230.0,3.6,22000.0,2000,32.0,18.8,1003.2,0,0,0,0,0,2024-06-07 03:00:00
2024-06-07 06:00:00,28.584511,77.205783,215,VIDP,230.0,2.6,,4000,39.4,18.2,1001.9,0,0,0,0,0,2024-06-07 06:00:00
2024-06-07 09:00:00,28.584511,77.205783,215,VIDP,230.0,4.1,,4000,41.6,17.7,999.4,0,0,0,0,0,2024-06-07 09:00:00
2024-06-07 12:00:00,28.584511,77.205783,215,VIDP,270.0,2.1,22000.0,4000,41.0,17.2,997.3,0,0,0,0,0,2024-06-07 12:00:00
2024-06-07 15:00:00,28.584511,77.205783,215,VIDP,230.0,2.1,,4000,36.8,19.0,998.8,0,0,0,0,0,2024-06-07 15:00:00
2024-06-07 18:00:00,28.584511,77.205783,215,VIDP,230.0,2.6,22000.0,4000,35.0,18.5,1000.0,0,0,0,0,0,2024-06-07 18:00:00
2024-06-07 21:00:00,28.584511,77.205783,215,VIDP,230.0,1.5,22000.0,4000,32.0,18.8,999.0,0,0,0,0,0,2024-06-07 21:00:00
2024-06-08 00:00:00,28.584511,77.205783,215,VIDP,250.0,2.6,22000.0,2000,30.4,19.1,1000.5,0,0,0,0,0,2024-06-08 00:00:00
2024-06-08 03:00:00,28.584511,77.205783,215,VIDP,230.0,5.1,22000.0,4000,34.0,19.1,1002.1,0,0,0,0,0,2024-06-08 03:00:00
2024-06-08 06:00:00,28.584511,77.205783,215,VIDP,270.0,3.1,3000.0,4000,38.4,18.9,1001.3,0,0,0,0,0,2024-06-08 06:00:00
2024-06-08 07:30:00,28.584511,77.205783,215,VIDP,290.0,2.1,3048.0,4500,40.0,18.0,,0,1,0,0,0,2024-06-08 07:00:00
2024-06-08 09:00:00,28.584511,77.205783,215,VIDP,270.0,2.1,,4000,41.0,17.2,998.8,0,0,0,0,0,2024-06-08 09:00:00
2024-06-08 12:00:00,28.584511,77.205783,215,VIDP,250.0,2.6,,4000,40.0,16.1,997.3,0,0,0,0,0,2024-06-08 12:00:00
2024-06-08 15:00:00,28.584511,77.205783,215,VIDP,,0.0,,4000,35.2,19.6,998.4,0,0,0,0,0,2024-06-08 15:00:00
2024-06-08 18:00:00,28.584511,77.205783,215,VIDP,270.0,1.5,,4000,33.4,16.8,999.7,0,0,0,0,0,2024-06-08 18:00:00
2024-06-08 21:00:00,28.584511,77.205783,215,VIDP,230.0,1.5,,4000,32.0,16.9,999.6,0,0,0,0,0,2024-06-08 21:00:00
2024-06-09 00:00:00,28.584511,77.205783,215,VIDP,,0.0,22000.0,2000,27.8,19.5,1000.8,0,0,0,0,0,2024-06-09 00:00:00
2024-06-09 03:00:00,28.584511,77.205783,215,VIDP,290.0,2.6,22000.0,4000,33.4,18.0,1001.7,0,0,0,0,0,2024-06-09 03:00:00
2024-06-09 06:00:00,28.584511,77.205783,215,VIDP,270.0,3.1,,4000,38.8,15.6,1000.9,0,0,0,0,0,2024-06-09 06:00:00
2024-06-09 09:00:00,28.584511,77.205783,215,VIDP,320.0,2.6,,4000,41.6,11.9,997.9,0,0,0,0,0,2024-06-09 09:00:00
2024-06-09 12:00:00,28.584511,77.205783,215,VIDP,250.0,2.6,,4000,41.4,10.9,996.6,0,0,0,0,0,2024-06-09 12:00:00
2024-06-09 15:00:00,28.584511,77.205783,215,VIDP,,0.0,,4000,34.2,18.3,998.2,0,0,0,0,0,2024-06-09 15:00:00
2024-06-09 18:00:00,28.584511,77.205783,215,VIDP,250.0,1.5,,4000,30.2,17.7,999.8,0,0,0,0,0,2024-06-09 18:00:00
2024-06-09 21:00:00,28.584511,77.205783,215,VIDP,230.0,1.5,,2000,29.8,17.9,1000.0,0,0,0,0,0,2024-06-09 21:00:00
2024-06-10 00:00:00,28.584511,77.205783,215,VIDP,290.0,2.6,,2000,30.6,17.0,1000.2,0,0,0,0,0,2024-06-10 00:00:00
2024-06-10 03:00:00,28.584511,77.205783,215,VIDP,,0.0,,4000,35.0,18.1,1000.9,0,0,0,0,0,2024-06-10 03:00:00
2024-06-10 06:00:00,28.584511,77.205783,215,VIDP,270.0,1.5,,4000,41.4,14.6,1000.0,0,0,0,0,0,2024-06-10 06:00:00
2024-06-10 09:00:00,28.584511,77.205783,215,VIDP,270.0,4.1,,4000,43.2,14.2,998.1,0,0,0,0,0,2024-06-10 09:00:00
2024-06-10 12:00:00,28.584511,77.205783,215,VIDP,270.0,3.1,22000.0,4000,42.0,14.6,997.1,0,0,0,0,0,2024-06-10 12:00:00
2024-06-10 15:00:00,28.584511,77.205783,215,VIDP,,0.0,22000.0,4000,36.6,19.5,998.5,0,0,0,0,0,2024-06-10 15:00:00
2024-06-10 18:00:00,28.584511,77.205783,215,VIDP,,0.0,22000.0,4000,31.8,20.8,999.6,0,0,0,0,0,2024-06-10 18:00:00
2024-06-10 21:00:00,28.584511,77.205783,215,VIDP,,0.0,22000.0,4000,29.4,20.3,999.1,0,0,0,0,0,2024-06-10 21:00:00
2024-06-11 00:00:00,28.584511,77.205783,215,VIDP,,0.0,22000.0,2000,28.6,19.4,1000.2,0,0,0,0,0,2024-06-11 00:00:00
2024-06-11 03:00:00,28.584511,77.205783,215,VIDP,200.0,1.5,22000.0,2000,34.4,17.7,1000.9,0,0,0,0,0,2024-06-11 03:00:00
2024-06-11 06:00:00,28.584511,77.205783,215,VIDP,250.0,3.6,22000.0,4000,41.0,17.2,999.8,0,0,0,0,0,2024-06-11 06:00:00
2024-06-11 09:00:00,28.584511,77.205783,215,VIDP,250.0,2.6,3000.0,4000,42.2,16.4,997.8,0,0,0,0,0,2024-06-11 09:00:00
2024-06-11 12:00:00,28.584511,77.205783,215,VIDP,250.0,3.1,22000.0,4000,42.0,15.6,996.1,0,0,0,0,0,2024-06-11 12:00:00
2024-06-11 15:00:00,28.584511,77.205783,215,VIDP,,0.0,,4000,35.2,19.2,997.2,0,0,0,0,0,2024-06-11 15:00:00
2024-06-11 18:00:00,28.584511,77.205783,215,VIDP,,0.0,,4000,30.6,19.7,998.7,0,0,0,0,0,2024-06-11 18:00:00
2024-06-11 21:00:00,28.584511,77.205783,215,VIDP,,0.0,,4000,29.4,20.3,998.6,0,0,0,0,0,2024-06-11 21:00:00
2024-06-12 00:00:00,28.584511,77.205783,215,VIDP,230.0,1.5,22000.0,4000,29.6,18.8,999.8,0,0,0,0,0,2024-06-12 00:00:00
2024-06-12 03:00:00,28.584511,77.205783,215,VIDP,230.0,4.1,22000.0,4000,34.6,14.2,1001.2,0,0,0,0,0,2024-06-12 03:00:00
2024-06-12 06:00:00,28.584511,77.205783,215,VIDP,250.0,2.1,,4000,40.8,,1000.2,0,0,0,0,0,2024-06-12 06:00:00
2024-06-12 09:00:00,28.584511,77.205783,215,VIDP,230.0,3.1,,4000,44.0,14.1,997.6,0,0,0,0,0,2024-06-12 09:00:00
2024-06-12 12:00:00,28.584511,77.205783,215,VIDP,230.0,4.1,22000.0,4000,43.2,14.2,995.4,0,0,0,0,0,2024-06-12 12:00:00
2024-06-12 15:00:00,28.584511,77.205783,215,VIDP,,0.0,,4000,36.2,20.5,996.5,0,0,0,0,0,2024-06-12 15:00:00
2024-06-12 18:00:00,28.584511,77.205783,215,VIDP,,0.0,,4000,31.6,20.5,998.0,0,0,0,0,0,2024-06-12 18:00:00
2024-06-12 21:00:00,28.584511,77.205783,215,VIDP,230.0,4.1,3000.0,2000,29.6,20.6,998.1,0,0,0,0,0,2024-06-12 21:00:00
2024-06-13 00:00:00,28.584511,77.205783,215,VIDP,230.0,4.6,22000.0,2000,31.2,18.6,999.0,0,0,0,0,0,2024-06-13 00:00:00
2024-06-13 03:00:00,28.584511,77.205783,215,VIDP,230.0,4.1,,4000,36.4,19.3,999.5,0,0,0,0,0,2024-06-13 03:00:00
2024-06-13 06:00:00,28.584511,77.205783,215,VIDP,250.0,3.1,,4000,42.0,17.9,998.4,0,0,0,0,0,2024-06-13 06:00:00
2024-06-13 09:00:00,28.584511,77.205783,215,VIDP,270.0,4.1,22000.0,4000,44.2,12.3,995.7,0,0,0,0,0,2024-06-13 09:00:00
2024-06-13 12:00:00,28.584511,77.205783,215,VIDP,290.0,2.1,22000.0,4000,43.8,14.8,993.8,0,0,0,0,0,2024-06-13 12:00:00
2024-06-13 15:00:00,28.584511,77.205783,215,VIDP,230.0,3.6,22000.0,4000,39.0,15.4,995.2,0,0,0,0,0,2024-06-13 15:00:00
2024-06-13 18:00:00,28.584511,77.205783,215,VIDP,230.0,4.6,22000.0,4000,37.0,17.3,996.9,0,0,0,0,0,2024-06-13 18:00:00
2024-06-13 21:00:00,28.584511,77.205783,215,VIDP,230.0,3.6,22000.0,2000,35.6,17.4,997.1,0,0,0,0,0,2024-06-13 21:00:00
2024-06-14 00:00:00,28.584511,77.205783,215,VIDP,200.0,4.6,,2000,34.0,18.4,997.7,0,0,0,0,0,2024-06-14 00:00:00
2024-06-14 03:00:00,28.584511,77.205783,215,VIDP,270.0,7.2,22000.0,4000,37.6,18.1,997.3,0,0,0,0,0,2024-06-14 03:00:00
2024-06-14 06:00:00,28.584511,77.205783,215,VIDP,250.0,5.1,,4000,41.4,18.7,997.4,0,0,0,0,0,2024-06-14 06:00:00
2024-06-14 09:00:00,28.584511,77.205783,215,VIDP,270.0,3.1,3000.0,4000,43.6,19.0,995.5,0,0,0,0,0,2024-06-14 09:00:00
2024-06-14 12:00:00,28.584511,77.205783,215,VIDP,250.0,5.1,3000.0,4000,42.8,17.8,993.8,0,0,0,0,0,2024-06-14 12:00:00
2024-06-14 15:00:00,28.584511,77.205783,215,VIDP,230.0,6.2,3000.0,2000,35.2,19.6,996.9,0,0,0,0,0,2024-06-14 15:00:00
2024-06-14 18:00:00,28.584511,77.205783,215,VIDP,200.0,2.6,3000.0,2000,34.6,19.9,997.9,0,0,0,0,0,2024-06-14 18:00:00
2024-06-15 00:00:00,28.584511,77.205783,215,VIDP,230.0,5.1,22000.0,4000,33.2,18.9,997.9,0,0,0,0,0,2024-06-15 00:00:00
2024-06-15 03:00:00,28.584511,77.205783,215,VIDP,230.0,5.1,22000.0,4000,35.6,19.0,998.8,0,0,0,0,0,2024-06-15 03:00:00
2024-06-15 06:00:00,28.584511,77.205783,215,VIDP,230.0,6.7,,4000,41.2,19.2,997.6,0,0,0,0,0,2024-06-15 06:00:00
2024-06-15 09:00:00,28.584511,77.205783,215,VIDP,250.0,4.1,,4000,44.0,17.9,995.4,0,0,0,0,0,2024-06-15 09:00:00
2024-06-15 12:00:00,28.584511,77.205783,215,VIDP,250.0,4.1,,4000,43.4,17.0,993.9,0,0,0,0,0,2024-06-15 12:00:00
2024-06-15 15:00:00,28.584511,77.205783,215,VIDP,,0.0,,4000,39.0,20.5,994.9,0,0,0,0,0,2024-06-15 15:00:00
2024-06-15 18:00:00,28.584511,77.205783,215,VIDP,230.0,1.5,,4000,35.4,21.3,996.7,0,0,0,0,0,2024-06-15 18:00:00
2024-06-15 21:00:00,28.584511,77.205783,215,VIDP,230.0,2.6,,4000,35.2,20.3,996.9,0,0,0,0,0,2024-06-15 21:00:00
2024-06-16 00:00:00,28.584511,77.205783,215,VIDP,230.0,2.6,,4000,33.4,20.6,998.0,0,0,0,0,0,2024-06-16 00:00:00
2024-06-16 03:00:00,28.584511,77.205783,215,VIDP,230.0,4.1,,4000,36.4,21.5,999.4,0,0,0,0,0,2024-06-16 03:00:00
2024-06-16 06:00:00,28.584511,77.205783,215,VIDP,250.0,5.1,,4000,41.6,20.6,998.5,0,0,0,0,0,2024-06-16 06:00:00
2024-06-16 09:00:00,28.584511,77.205783,215,VIDP,230.0,7.2,22000.0,4000,44.4,16.7,996.0,0,0,0,0,0,2024-06-16 09:00:00
2024-06-16 12:00:00,28.584511,77.205783,215,VIDP,250.0,4.1,22000.0,4000,44.2,15.4,994.5,0,0,0,0,0,2024-06-16 12:00:00
2024-06-16 15:00:00,28.584511,77.205783,215,VIDP,,0.0,,4000,38.6,21.4,995.6,0,0,0,0,0,2024-06-16 15:00:00
2024-06-16 18:00:00,28.584511,77.205783,215,VIDP,,0.0,,4000,35.8,21.1,997.0,0,0,0,0,0,2024-06-16 18:00:00
2024-06-16 21:00:00,28.584511,77.205783,215,VIDP,230.0,2.1,,2000,33.6,21.2,997.0,0,0,0,0,0,2024-06-16 21:00:00
2024-06-17 00:00:00,28.584511,77.205783,215,VIDP,230.0,3.1,,2000,34.0,19.5,997.7,0,0,0,0,0,2024-06-17 00:00:00
2024-06-17 03:00:00,28.584511,77.205783,215,VIDP,250.0,4.1,,4000,38.2,20.1,999.1,0,0,0,0,0,2024-06-17 03:00:00
2024-06-17 06:00:00,28.584511,77.205783,215,VIDP,270.0,4.1,,4000,42.4,20.5,998.3,0,0,0,0,0,2024-06-17 06:00:00
2024-06-17 09:00:00,28.584511,77.205783,215,VIDP,250.0,4.1,22000.0,4000,44.4,19.8,996.4,0,0,0,0,0,2024-06-17 09:00:00
2024-06-17 12:00:00,28.584511,77.205783,215,VIDP,230.0,7.2,22000.0,4000,44.4,19.4,994.0,0,0,0,0,0,2024-06-17 12:00:00
2024-06-17 15:00:00,28.584511,77.205783,215,VIDP,,0.0,,4000,39.0,24.4,995.2,0,0,0,0,0,2024-06-17 15:00:00
2024-06-17 18:00:00,28.584511,77.205783,215,VIDP,,0.0,,4000,36.0,23.4,996.7,0,0,0,0,0,2024-06-17 18:00:00
2024-06-17 21:00:00,28.584511,77.205783,215,VIDP,,0.0,,4000,34.0,22.4,996.4,0,0,0,0,0,2024-06-17 21:00:00
2024-06-18 00:00:00,28.584511,77.205783,215,VIDP,230.0,1.5,,4000,34.6,22.4,996.2,0,0,0,0,0,2024-06-18 00:00:00
2024-06-18 03:00:00,28.584511,77.205783,215,VIDP,230.0,7.2,,4000,34.8,20.4,996.1,0,0,0,0,0,2024-06-18 03:00:00
2024-06-18 06:00:00,28.584511,77.205783,215,VIDP,230.0,4.1,,4000,41.6,21.3,996.4,0,0,0,0,0,2024-06-18 06:00:00
2024-06-18 09:00:00,28.584511,77.205783,215,VIDP,230.0,7.2,22000.0,4000,43.2,21.3,994.4,0,0,0,0,0,2024-06-18 09:00:00
2024-06-18 12:00:00,28.584511,77.205783,215,VIDP,230.0,5.1,22000.0,4000,43.0,21.4,991.2,0,0,0,0,0,2024-06-18 12:00:00
2024-06-18 15:00:00,28.584511,77.205783,215,VIDP,230.0,2.6,,4000,40.6,21.9,992.2,0,0,0,0,0,2024-06-18 15:00:00
2024-06-18 18:00:00,28.584511,77.205783,215,VIDP,230.0,2.1,,4000,38.0,21.4,993.7,0,0,0,0,0,2024-06-18 18:00:00
2024-06-18 21:00:00,28.584511,77.205783,215,VIDP,200.0,2.6,22000.0,4000,36.0,23.1,993.1,0,0,0,0,0,2024-06-18 21:00:00
2024-06-19 00:00:00,28.584511,77.205783,215,VIDP,230.0,5.1,22000.0,4000,36.2,21.2,994.0,0,0,0,0,0,2024-06-19 00:00:00
2024-06-19 03:00:00,28.584511,77.205783,215,VIDP,230.0,7.7,,4000,37.4,22.4,994.7,0,0,0,0,0,2024-06-19 03:00:00
2024-06-19 06:00:00,28.584511,77.205783,215,VIDP,230.0,5.1,22000.0,4000,40.8,23.2,994.2,0,0,0,0,0,2024-06-19 06:00:00
2024-06-19 09:00:00,28.584511,77.205783,215,VIDP,230.0,5.1,,4000,42.6,23.4,992.1,0,0,0,0,0,2024-06-19 09:00:00
2024-06-19 09:30:00,28.584511,77.205783,215,VIDP,250.0,3.1,3048.0,4500,43.0,23.0,,0,1,0,0,0,2024-06-19 09:00:00
2024-06-19 12:00:00,28.584511,77.205783,215,VIDP,230.0,4.1,22000.0,4000,42.6,22.0,989.6,0,0,0,0,0,2024-06-19 12:00:00
2024-06-19 15:00:00,28.584511,77.205783,215,VIDP,,0.0,,4000,39.6,23.4,991.8,0,0,0,0,0,2024-06-19 15:00:00
2024-06-19 18:00:00,28.584511,77.205783,215,VIDP,340.0,4.1,3000.0,2000,32.6,21.4,995.6,0,0,0,0,0,2024-06-19 18:00:00
2024-06-19 21:00:00,28.584511,77.205783,215,VIDP,,1.0,22000.0,4000,30.2,22.3,993.7,0,0,0,0,0,2024-06-19 21:00:00
2024-06-20 00:00:00,28.584511,77.205783,215,VIDP,90.0,2.1,,4000,30.2,20.9,994.4,0,0,0,0,0,2024-06-20 00:00:00
2024-06-20 03:00:00,28.584511,77.205783,215,VIDP,340.0,2.6,1200.0,4000,29.6,22.9,1000.3,0,0,0,0,0,2024-06-20 03:00:00
2024-06-20 06:00:00,28.584511,77.205783,215,VIDP,340.0,3.1,,4000,35.2,21.8,997.8,0,0,0,0,0,2024-06-20 06:00:00
2024-06-20 09:00:00,28.584511,77.205783,215,VIDP,340.0,3.1,3000.0,4000,38.0,23.2,995.5,0,0,0,0,0,2024-06-20 09:00:00
2024-06-20 12:00:00,28.584511,77.205783,215,VIDP,340.0,2.1,22000.0,4000,38.8,25.2,992.9,0,0,0,0,0,2024-06-20 12:00:00
2024-06-20 15:00:00,28.584511,77.205783,215,VIDP,340.0,2.1,3000.0,4000,35.2,25.1,994.9,0,0,0,0,0,2024-06-20 15:00:00
2024-06-20 18:00:00,28.584511,77.205783,215,VIDP,180.0,2.6,3000.0,4000,34.0,23.0,996.9,0,0,0,0,0,2024-06-20 18:00:00
2024-06-20 21:00:00,28.584511,77.205783,215,VIDP,230.0,2.6,22000.0,2000,32.8,22.0,997.6,0,0,0,0,0,2024-06-20 21:00:00
2024-06-21 00:00:00,28.584511,77.205783,215,VIDP,270.0,3.1,3000.0,2000,30.0,24.0,998.8,0,0,0,0,0,2024-06-21 00:00:00
2024-06-21 03:00:00,28.584511,77.205783,215,VIDP,340.0,2.1,3000.0,2000,30.4,24.4,998.9,0,0,0,0,0,2024-06-21 03:00:00
2024-06-21 06:00:00,28.584511,77.205783,215,VIDP,90.0,1.5,22000.0,4000,38.0,24.8,998.4,0,0,0,0,0,2024-06-21 06:00:00
2024-06-21 09:00:00,28.584511,77.205783,215,VIDP,270.0,3.1,1050.0,4000,35.4,23.4,996.9,0,0,0,0,0,2024-06-21 09:00:00
2024-06-21 09:30:00,28.584511,77.205783,215,VIDP,320.0,5.7,3048.0,3000,34.0,23.0,,0,0,1,0,1,2024-06-21 09:00:00
2024-06-21 12:00:00,28.584511,77.205783,215,VIDP,,0.0,3000.0,2000,31.0,25.4,996.2,0,0,0,0,0,2024-06-21 12:00:00
2024-06-21 15:00:00,28.584511,77.205783,215,VIDP,,0.0,22000.0,4000,30.2,25.1,997.7,0,0,0,0,0,2024-06-21 15:00:00
2024-06-21 18:00:00,28.584511,77.205783,215,VIDP,,0.0,3000.0,4000,29.6,25.1,998.5,0,0,0,0,0,2024-06-21 18:00:00
2024-06-21 21:00:00,28.584511,77.205783,215,VIDP,,0.0,3000.0,4000,29.0,24.7,997.8,0,0,0,0,0,2024-06-21 21:00:00
2024-06-22 00:00:00,28.584511,77.205783,215,VIDP,,0.0,3000.0,4000,29.2,24.6,997.9,0,0,0,0,0,2024-06-22 00:00:00
2024-06-22 03:00:00,28.584511,77.205783,215,VIDP,,0.0,3000.0,2000,33.2,25.0,998.9,0,0,0,0,0,2024-06-22 03:00:00
2024-06-22 06:00:00,28.584511,77.205783,215,VIDP,50.0,1.5,22000.0,2000,38.4,24.3,998.6,0,0,0,0,0,2024-06-22 06:00:00
2024-06-22 09:00:00,28.584511,77.205783,215,VIDP,230.0,1.0,3000.0,2000,38.6,24.9,996.5,0,0,0,0,0,2024-06-22 09:00:00
2024-06-22 12:00:00,28.584511,77.205783,215,VIDP,140.0,2.1,3000.0,2000,35.4,23.5,995.9,0,0,0,0,0,2024-06-22 12:00:00
2024-06-22 15:00:00,28.584511,77.205783,215,VIDP,,0.0,22000.0,2000,33.0,24.2,997.7,0,0,0,0,0,2024-06-22 15:00:00
2024-06-22 18:00:00,28.584511,77.205783,215,VIDP,70.0,2.6,22000.0,2000,31.6,25.1,999.7,0,0,0,0,0,2024-06-22 18:00:00
2024-06-22 21:00:00,28.584511,77.205783,215,VIDP,,0.0,3000.0,2000,31.0,24.7,999.5,0,0,0,0,0,2024-06-22 21:00:00
2024-06-23 00:00:00,28.584511,77.205783,215,VIDP,,0.0,3000.0,2000,30.2,24.8,999.9,0,0,0,0,0,2024-06-23 00:00:00
2024-06-23 03:00:00,28.584511,77.205783,215,VIDP,50.0,2.6,,2000,33.6,26.7,1000.6,0,0,0,0,0,2024-06-23 03:00:00
2024-06-23 06:00:00,28.584511,77.205783,215,VIDP,50.0,1.5,22000.0,4000,38.0,26.5,999.3,0,0,0,0,0,2024-06-23 06:00:00
2024-06-23 09:00:00,28.584511,77.205783,215,VIDP,50.0,2.1,3000.0,4000,39.4,26.9,996.7,0,0,0,0,0,2024-06-23 09:00:00
2024-06-23 10:30:00,28.584511,77.205783,215,VIDP,230.0,2.6,2743.0,2500,36.0,28.0,,0,0,0,0,0,2024-06-23 10:00:00
2024-06-23 12:00:00,28.584511,77.205783,215,VIDP,50.0,1.5,3000.0,2000,36.0,27.8,994.9,0,0,0,0,0,2024-06-23 12:00:00
2024-06-23 15:00:00,28.584511,77.205783,215,VIDP,,0.0,3000.0,2000,34.0,27.7,996.5,0,0,0,0,0,2024-06-23 15:00:00
2024-06-23 18:00:00,28.584511,77.205783,215,VIDP,,0.0,3000.0,2000,33.6,27.6,998.2,0,0,0,0,0,2024-06-23 18:00:00
2024-06-23 21:00:00,28.584511,77.205783,215,VIDP,,0.0,3000.0,2000,33.0,26.9,998.0,0,0,0,0,0,2024-06-23 21:00:00
2024-06-24 00:00:00,28.584511,77.205783,215,VIDP,,0.0,3000.0,2000,32.0,26.4,998.1,0,0,0,0,0,2024-06-24 00:00:00
2024-06-24 03:00:00,28.584511,77.205783,215,VIDP,,0.0,3000.0,2000,34.2,27.9,998.7,0,0,0,0,0,2024-06-24 03:00:00
2024-06-24 06:00:00,28.584511,77.205783,215,VIDP,70.0,2.1,3000.0,4000,39.0,26.7,998.0,0,0,0,0,0,2024-06-24 06:00:00
2024-06-24 09:00:00,28.584511,77.205783,215,VIDP,20.0,2.1,1200.0,4000,38.0,24.2,996.3,0,0,0,0,0,2024-06-24 09:00:00
2024-06-24 12:00:00,28.584511,77.205783,215,VIDP,50.0,2.1,1200.0,2000,34.6,26.3,995.5,0,0,0,0,0,2024-06-24 12:00:00
2024-06-24 15:00:00,28.584511,77.205783,215,VIDP,,0.0,2700.0,2000,30.2,28.8,996.7,0,0,0,0,0,2024-06-24 15:00:00
2024-06-24 18:00:00,28.584511,77.205783,215,VIDP,,0.0,3000.0,2000,30.2,26.3,997.0,0,0,0,0,0,2024-06-24 18:00:00
2024-06-24 21:00:00,28.584511,77.205783,215,VIDP,,0.0,3000.0,2000,30.0,26.7,997.3,0,0,0,0,0,2024-06-24 21:00:00
2024-06-25 00:00:00,28.584511,77.205783,215,VIDP,50.0,1.5,3000.0,2000,29.8,26.2,997.5,0,0,0,0,0,2024-06-25 00:00:00
2024-06-25 03:00:00,28.584511,77.205783,215,VIDP,,1.0,3000.0,2000,32.0,27.3,998.1,0,0,0,0,0,2024-06-25 03:00:00
2024-06-25 06:00:00,28.584511,77.205783,215,VIDP,70.0,1.5,3000.0,2000,36.2,27.5,997.5,0,0,0,0,0,2024-06-25 06:00:00
2024-06-25 09:00:00,28.584511,77.205783,215,VIDP,20.0,2.1,3000.0,2000,39.4,26.2,994.4,0,0,0,0,0,2024-06-25 09:00:00
2024-06-25 12:00:00,28.584511,77.205783,215,VIDP,,0.0,3000.0,2000,38.6,26.5,992.7,0,0,0,0,0,2024-06-25 12:00:00
2024-06-25 15:00:00,28.584511,77.205783,215,VIDP,,0.0,3000.0,2000,36.0,27.8,994.6,0,0,0,0,0,2024-06-25 15:00:00
2024-06-25 18:00:00,28.584511,77.205783,215,VIDP,,0.0,3000.0,2000,34.2,25.8,996.8,0,0,0,0,0,2024-06-25 18:00:00
2024-06-25 21:00:00,28.584511,77.205783,215,VIDP,,0.0,3000.0,2000,32.2,24.8,995.8,0,0,0,0,0,2024-06-25 21:00:00
2024-06-26 00:00:00,28.584511,77.205783,215,VIDP,,0.0,3000.0,2000,32.2,26.4,996.8,0,0,0,0,0,2024-06-26 00:00:00
2024-06-26 03:00:00,28.584511,77.205783,215,VIDP,50.0,1.5,,2000,34.8,26.5,997.3,0,0,0,0,0,2024-06-26 03:00:00
2024-06-26 06:00:00,28.584511,77.205783,215,VIDP,230.0,1.0,1050.0,4000,35.0,26.4,997.5,0,0,0,0,0,2024-06-26 06:00:00
2024-06-26 09:00:00,28.584511,77.205783,215,VIDP,50.0,4.1,1050.0,4000,37.0,26.9,995.7,0,0,0,0,0,2024-06-26 09:00:00
2024-06-26 12:00:00,28.584511,77.205783,215,VIDP,50.0,3.1,1050.0,2000,35.2,26.0,995.1,0,0,0,0,0,2024-06-26 12:00:00
2024-06-26 15:00:00,28.584511,77.205783,215,VIDP,90.0,2.1,3000.0,2000,33.0,25.7,998.1,0,0,0,0,0,2024-06-26 15:00:00
2024-06-26 18:00:00,28.584511,77.205783,215,VIDP,50.0,1.5,3000.0,2000,31.6,25.7,1000.2,0,0,0,0,0,2024-06-26 18:00:00
2024-06-27 00:00:00,28.584511,77.205783,215,VIDP,50.0,2.6,3000.0,2000,30.2,26.9,999.6,0,0,0,0,0,2024-06-27 00:00:00
2024-06-27 03:00:00,28.584511,77.205783,215,VIDP,20.0,3.6,2700.0,2000,29.0,25.6,1001.9,0,0,0,0,0,2024-06-27 03:00:00
2024-06-27 06:00:00,28.584511,77.205783,215,VIDP,70.0,3.1,2700.0,2000,30.0,26.9,1000.9,0,0,0,0,0,2024-06-27 06:00:00
2024-06-27 09:00:00,28.584511,77.205783,215,VIDP,50.0,4.1,,2000,33.8,26.9,999.8,0,0,0,0,0,2024-06-27 09:00:00
2024-06-27 09:30:00,28.584511,77.205783,215,VIDP,40.0,3.1,3048.0,3500,34.0,27.0,,0,1,0,0,1,2024-06-27 09:00:00
2024-06-27 10:00:00,28.584511,77.205783,215,VIDP,40.0,3.1,3048.0,4500,35.0,27.0,,0,1,0,0,1,2024-06-27 10:00:00
2024-06-27 10:30:00,28.584511,77.205783,215,VIDP,40.0,3.1,3500.0,5000,35.0,27.0,,0,1,0,0,1,2024-06-27 10:00:00
2024-06-27 12:00:00,28.584511,77.205783,215,VIDP,70.0,3.1,22000.0,4000,34.8,26.2,996.9,0,0,0,0,0,2024-06-27 12:00:00
2024-06-27 15:00:00,28.584511,77.205783,215,VIDP,50.0,2.6,22000.0,4000,31.4,26.1,998.5,0,0,0,0,0,2024-06-27 15:00:00
2024-06-27 18:00:00,28.584511,77.205783,215,VIDP,50.0,1.5,,4000,30.6,27.0,1001.6,0,0,0,0,0,2024-06-27 18:00:00
2024-06-27 21:00:00,28.584511,77.205783,215,VIDP,50.0,1.5,1200.0,4000,30.0,26.9,999.6,0,0,0,0,0,2024-06-27 21:00:00
2024-06-28 00:00:00,28.584511,77.205783,215,VIDP,360.0,1.5,900.0,500,25.6,25.6,1001.9,0,0,0,0,0,2024-06-28 00:00:00
2024-06-28 03:00:00,28.584511,77.205783,215,VIDP,20.0,2.6,900.0,500,25.2,25.2,1000.1,0,0,0,0,0,2024-06-28 03:00:00
2024-06-28 04:30:00,28.584511,77.205783,215,VIDP,0.0,0.0,914.0,1000,25.0,25.0,,1,0,1,0,0,2024-06-28 04:00:00
2024-06-28 06:00:00,28.584511,77.205783,215,VIDP,,0.0,2700.0,1000,26.0,25.4,1000.7,0,0,0,0,0,2024-06-28 06:00:00
2024-06-28 09:00:00,28.584511,77.205783,215,VIDP,,1.0,2700.0,2000,30.4,27.1,998.4,0,0,0,0,0,2024-06-28 09:00:00
2024-06-28 12:00:00,28.584511,77.205783,215,VIDP,140.0,1.5,,2000,32.4,26.6,995.6,0,0,0,0,0,2024-06-28 12:00:00
2024-06-28 15:00:00,28.584511,77.205783,215,VIDP,340.0,1.0,,2000,30.4,27.1,997.4,0,0,0,0,0,2024-06-28 15:00:00
2024-06-28 18:00:00,28.584511,77.205783,215,VIDP,140.0,1.0,,2000,29.6,27.1,997.5,0,0,0,0,0,2024-06-28 18:00:00
2024-06-28 21:00:00,28.584511,77.205783,215,VIDP,,1.0,22000.0,2000,29.4,26.9,997.1,0,0,0,0,0,2024-06-28 21:00:00
2024-06-29 00:00:00,28.584511,77.205783,215,VIDP,90.0,1.5,22000.0,1000,29.0,27.6,997.0,0,0,0,0,0,2024-06-29 00:00:00
2024-06-29 03:00:00,28.584511,77.205783,215,VIDP,230.0,4.1,1050.0,2000,30.6,26.7,998.7,0,0,0,0,0,2024-06-29 03:00:00
2024-06-29 06:00:00,28.584511,77.205783,215,VIDP,250.0,3.1,3000.0,4000,34.0,27.1,997.8,0,0,0,0,0,2024-06-29 06:00:00
2024-06-29 09:00:00,28.584511,77.205783,215,VIDP,,0.0,1200.0,4000,34.8,26.2,997.1,0,0,0,0,0,2024-06-29 09:00:00
2024-06-29 11:00:00,28.584511,77.205783,215,VIDP,110.0,3.1,914.0,3000,28.0,28.0,,1,0,1,0,1,2024-06-29 11:00:00
2024-06-29 11:30:00,28.584511,77.205783,215,VIDP,140.0,2.6,3048.0,3000,28.0,27.0,,1,0,0,0,0,2024-06-29 11:00:00
2024-06-29 12:00:00,28.584511,77.205783,215,VIDP,,0.0,900.0,2000,28.4,27.9,995.4,0,0,0,0,0,2024-06-29 12:00:00
2024-06-29 15:00:00,28.584511,77.205783,215,VIDP,,0.0,3000.0,2000,28.4,27.9,997.1,0,0,0,0,0,2024-06-29 15:00:00
2024-06-29 18:00:00,28.584511,77.205783,215,VIDP,,0.0,3000.0,2000,28.2,27.4,997.8,0,0,0,0,0,2024-06-29 18:00:00
2024-06-29 21:00:00,28.584511,77.205783,215,VIDP,,0.0,3000.0,2000,28.0,27.4,997.0,0,0,0,0,0,2024-06-29 21:00:00
2024-06-30 00:00:00,28.584511,77.205783,215,VIDP,,0.0,3000.0,2000,29.0,28.2,997.0,0,0,0,0,0,2024-06-30 00:00:00
2024-06-30 03:00:00,28.584511,77.205783,215,VIDP,,0.0,,2000,31.0,26.8,997.8,0,0,0,0,0,2024-06-30 03:00:00
2024-06-30 06:00:00,28.584511,77.205783,215,VIDP,,0.0,3000.0,2000,34.2,27.6,998.1,0,0,0,0,0,2024-06-30 06:00:00
2024-06-30 09:00:00,28.584511,77.205783,215,VIDP,,0.0,3000.0,4000,36.4,27.7,995.6,0,0,0,0,0,2024-06-30 09:00:00
2024-06-30 10:30:00,28.584511,77.205783,215,VIDP,50.0,2.1,3048.0,4000,37.0,28.0,,0,1,0,0,0,2024-06-30 10:00:00
2024-06-30 11:30:00,28.584511,77.205783,215,VIDP,40.0,2.1,3048.0,4000,37.0,28.0,,0,1,0,0,0,2024-06-30 11:00:00
2024-06-30 12:00:00,28.584511,77.205783,215,VIDP,50.0,2.1,,4000,36.8,27.9,993.4,0,0,0,0,0,2024-06-30 12:00:00
2024-06-30 15:00:00,28.584511,77.205783,215,VIDP,140.0,1.5,3000.0,2000,33.2,28.9,994.9,0,0,0,0,0,2024-06-30 15:00:00
2024-06-30 18:00:00,28.584511,77.205783,215,VIDP,,0.0,,2000,31.4,26.7,996.1,0,0,0,0,0,2024-06-30 18:00:00
2024-06-30 21:00:00,28.584511,77.205783,215,VIDP,,0.0,3000.0,2000,30.6,26.7,995.3,0,0,0,0,0,2024-06-30 21:00:00
2024-07-01 00:00:00,28.584511,77.205783,215,VIDP,,0.0,22000.0,2000,29.2,25.8,994.7,0,0,0,0,0,2024-07-01 00:00:00
2024-07-01 03:00:00,28.584511,77.205783,215,VIDP,270.0,1.0,22000.0,2000,31.2,25.3,996.1,0,0,0,0,0,2024-07-01 03:00:00
2024-07-01 06:00:00,28.584511,77.205783,215,VIDP,270.0,1.5,3000.0,4000,33.0,26.0,995.9,0,0,0,0,0,2024-07-01 06:00:00
2024-07-01 09:00:00,28.584511,77.205783,215,VIDP,270.0,1.5,3000.0,4000,35.6,26.5,993.5,0,0,0,0,0,2024-07-01 09:00:00
2024-07-01 12:00:00,28.584511,77.205783,215,VIDP,270.0,1.5,,4000,35.0,26.7,991.3,0,0,0,0,0,2024-07-01 12:00:00
2024-07-01 15:00:00,28.584511,77.205783,215,VIDP,250.0,2.1,22000.0,4000,33.4,27.4,993.2,0,0,0,0,0,2024-07-01 15:00:00
2024-07-01 18:00:00,28.584511,77.205783,215,VIDP,,0.0,1200.0,4000,32.8,27.3,993.4,0,0,0,0,0,2024-07-01 18:00:00
2024-07-01 21:00:00,28.584511,77.205783,215,VIDP,,0.0,3000.0,4000,32.0,26.7,991.8,0,0,0,0,0,2024-07-01 21:00:00
2024-07-02 00:00:00,28.584511,77.205783,215,VIDP,,0.0,3000.0,4000,31.6,26.3,992.2,0,0,0,0,0,2024-07-02 00:00:00
2024-07-02 03:00:00,28.584511,77.205783,215,VIDP,,0.0,3000.0,4000,32.0,27.3,993.9,0,0,0,0,0,2024-07-02 03:00:00
2024-07-02 06:00:00,28.584511,77.205783,215,VIDP,270.0,1.5,3000.0,4000,34.2,26.4,994.3,0,0,0,0,0,2024-07-02 06:00:00
2024-07-02 09:00:00,28.584511,77.205783,215,VIDP,250.0,2.6,3000.0,4000,36.0,27.2,992.3,0,0,0,0,0,2024-07-02 09:00:00
2024-07-02 12:00:00,28.584511,77.205783,215,VIDP,180.0,3.1,3000.0,4000,35.8,27.3,991.3,0,0,0,0,0,2024-07-02 12:00:00
2024-07-02 15:00:00,28.584511,77.205783,215,VIDP,140.0,1.5,3000.0,4000,32.6,27.1,993.3,0,0,0,0,0,2024-07-02 15:00:00
2024-07-02 18:00:00,28.584511,77.205783,215,VIDP,140.0,2.6,3000.0,2000,30.8,26.9,994.2,0,0,0,0,0,2024-07-02 18:00:00
2024-07-02 21:00:00,28.584511,77.205783,215,VIDP,140.0,3.1,3000.0,2000,30.2,26.3,993.0,0,0,0,0,0,2024-07-02 21:00:00
2024-07-03 00:00:00,28.584511,77.205783,215,VIDP,140.0,1.5,3000.0,2000,30.0,26.9,993.6,0,0,0,0,0,2024-07-03 00:00:00
2024-07-03 03:00:00,28.584511,77.205783,215,VIDP,,0.0,2700.0,4000,32.0,27.0,995.0,0,0,0,0,0,2024-07-03 03:00:00
2024-07-03 06:00:00,28.584511,77.205783,215,VIDP,110.0,2.6,2700.0,2000,33.8,28.7,996.1,0,0,0,0,0,2024-07-03 06:00:00
2024-07-03 09:00:00,28.584511,77.205783,215,VIDP,90.0,2.6,1050.0,2000,30.0,27.5,996.7,0,0,0,0,0,2024-07-03 09:00:00
2024-07-03 12:00:00,28.584511,77.205783,215,VIDP,140.0,1.5,1050.0,2000,25.4,25.4,996.1,0,0,0,0,0,2024-07-03 12:00:00
2024-07-03 15:00:00,28.584511,77.205783,215,VIDP,110.0,1.5,2700.0,2000,26.2,26.2,998.0,0,0,0,0,0,2024-07-03 15:00:00
2024-07-03 18:00:00,28.584511,77.205783,215,VIDP,110.0,1.5,2700.0,2000,26.6,26.3,999.2,0,0,0,0,0,2024-07-03 18:00:00
2024-07-03 21:00:00,28.584511,77.205783,215,VIDP,70.0,2.6,2700.0,2000,26.6,26.3,998.0,0,0,0,0,0,2024-07-03 21:00:00
2024-07-04 00:00:00,28.584511,77.205783,215,VIDP,,0.0,2700.0,2000,26.8,26.5,998.6,0,0,0,0,0,2024-07-04 00:00:00
2024-07-04 03:00:00,28.584511,77.205783,215,VIDP,70.0,2.6,1050.0,2000,27.4,26.3,1000.6,0,0,0,0,0,2024-07-04 03:00:00
2024-07-04 04:02:00,28.584511,77.205783,215,VIDP,90.0,1.0,2743.0,2500,27.0,27.0,,1,0,1,0,0,2024-07-04 04:00:00
2024-07-04 06:00:00,28.584511,77.205783,215,VIDP,,0.0,1050.0,2000,29.8,26.7,1000.0,0,0,0,0,0,2024-07-04 06:00:00
2024-07-04 09:00:00,28.584511,77.205783,215,VIDP,50.0,2.1,1050.0,2000,30.0,27.2,998.6,0,0,0,0,0,2024-07-04 09:00:00
2024-07-04 12:00:00,28.584511,77.205783,215,VIDP,70.0,1.5,3000.0,2000,31.6,27.2,995.5,0,0,0,0,0,2024-07-04 12:00:00
2024-07-04 15:00:00,28.584511,77.205783,215,VIDP,90.0,1.5,900.0,4000,30.0,26.9,997.6,0,0,0,0,0,2024-07-04 15:00:00
2024-07-04 18:00:00,28.584511,77.205783,215,VIDP,,1.0,3000.0,4000,29.0,26.8,998.1,0,0,0,0,0,2024-07-04 18:00:00
2024-07-04 21:00:00,28.584511,77.205783,215,VIDP,,0.0,3000.0,4000,28.6,26.6,996.6,0,0,0,0,0,2024-07-04 21:00:00
2024-07-05 00:00:00,28.584511,77.205783,215,VIDP,70.0,1.5,1050.0,2000,28.0,26.3,996.1,0,0,0,0,0,2024-07-05 00:00:00
2024-07-05 03:00:00,28.584511,77.205783,215,VIDP,50.0,1.5,3000.0,2000,30.0,27.2,996.5,0,0,0,0,0,2024-07-05 03:00:00
2024-07-05 06:00:00,28.584511,77.205783,215,VIDP,70.0,1.5,1050.0,2000,30.0,29.2,996.3,0,0,0,0,0,2024-07-05 06:00:00
2024-07-05 09:00:00,28.584511,77.205783,215,VIDP,70.0,3.1,1050.0,2000,32.6,27.1,993.6,0,0,0,0,0,2024-07-05 09:00:00
2024-07-05 12:00:00,28.584511,77.205783,215,VIDP,50.0,4.1,3000.0,4000,31.8,26.8,992.7,0,0,0,0,0,2024-07-05 12:00:00
2024-07-05 12:00:00,28.584511,77.205783,215,VIDP,50.0,4.1,3048.0,4500,32.0,27.0,,1,0,0,0,0,2024-07-05 12:00:00
2024-07-05 15:00:00,28.584511,77.205783,215,VIDP,90.0,3.1,3000.0,4000,29.6,26.8,994.2,0,0,0,0,0,2024-07-05 15:00:00
2024-07-05 18:00:00,28.584511,77.205783,215,VIDP,250.0,1.5,3000.0,4000,28.0,26.6,993.4,0,0,0,0,0,2024-07-05 18:00:00
2024-07-05 21:00:00,28.584511,77.205783,215,VIDP,110.0,2.6,3000.0,4000,28.4,26.4,994.9,0,0,0,0,0,2024-07-05 21:00:00
2024-07-06 00:00:00,28.584511,77.205783,215,VIDP,250.0,1.5,3000.0,4000,28.0,26.6,993.4,0,0,0,0,0,2024-07-06 00:00:00
2024-07-06 03:00:00,28.584511,77.205783,215,VIDP,70.0,2.1,2700.0,2000,29.2,26.7,994.7,0,0,0,0,0,2024-07-06 03:00:00
2024-07-06 06:00:00,28.584511,77.205783,215,VIDP,,0.0,2700.0,2000,30.6,27.0,994.8,0,0,0,0,0,2024-07-06 06:00:00
2024-07-06 09:00:00,28.584511,77.205783,215,VIDP,20.0,2.1,3000.0,4000,34.4,27.9,992.6,0,0,0,0,0,2024-07-06 09:00:00
2024-07-06 12:00:00,28.584511,77.205783,215,VIDP,50.0,4.1,3000.0,4000,33.2,27.4,993.0,0,0,0,0,0,2024-07-06 12:00:00
2024-07-06 15:00:00,28.584511,77.205783,215,VIDP,70.0,3.1,3000.0,2000,29.8,26.5,995.3,0,0,0,0,0,2024-07-06 15:00:00
2024-07-06 18:00:00,28.584511,77.205783,215,VIDP,70.0,3.1,3000.0,2000,28.6,25.8,996.7,0,0,0,0,0,2024-07-06 18:00:00
2024-07-06 21:00:00,28.584511,77.205783,215,VIDP,50.0,1.5,3000.0,2000,27.6,24.7,996.3,0,0,0,0,0,2024-07-06 21:00:00
2024-07-07 00:00:00,28.584511,77.205783,215,VIDP,50.0,1.5,2700.0,2000,26.8,25.7,997.1,0,0,0,0,0,2024-07-07 00:00:00
2024-07-07 03:00:00,28.584511,77.205783,215,VIDP,70.0,2.1,3000.0,4000,29.0,25.3,998.7,0,0,0,0,0,2024-07-07 03:00:00
2024-07-07 06:00:00,28.584511,77.205783,215,VIDP,90.0,2.6,,4000,35.0,25.8,997.1,0,0,0,0,0,2024-07-07 06:00:00
2024-07-07 09:00:00,28.584511,77.205783,215,VIDP,70.0,2.1,1050.0,4000,35.0,25.2,997.6,0,0,0,0,0,2024-07-07 09:00:00
2024-07-07 12:00:00,28.584511,77.205783,215,VIDP,50.0,3.1,1050.0,4000,32.6,23.7,996.9,0,0,0,0,0,2024-07-07 12:00:00
2024-07-07 15:00:00,28.584511,77.205783,215,VIDP,70.0,2.1,3000.0,4000,29.2,24.9,998.7,0,0,0,0,0,2024-07-07 15:00:00
2024-07-07 18:00:00,28.584511,77.205783,215,VIDP,70.0,2.1,,4000,28.0,24.6,1000.4,0,0,0,0,0,2024-07-07 18:00:00
2024-07-07 21:00:00,28.584511,77.205783,215,VIDP,70.0,2.1,,4000,27.0,24.1,1000.4,0,0,0,0,0,2024-07-07 21:00:00
2024-07-08 00:00:00,28.584511,77.205783,215,VIDP,,0.0,,4000,26.4,24.7,1000.5,0,0,0,0,0,2024-07-08 00:00:00
2024-07-08 03:00:00,28.584511,77.205783,215,VIDP,50.0,2.6,3000.0,4000,27.8,24.6,1002.0,0,0,0,0,0,2024-07-08 03:00:00
2024-07-08 06:00:00,28.584511,77.205783,215,VIDP,50.0,4.1,3000.0,4000,31.2,24.3,1002.1,0,0,0,0,0,2024-07-08 06:00:00
2024-07-08 09:00:00,28.584511,77.205783,215,VIDP,50.0,3.1,3000.0,4000,30.6,24.9,1000.5,0,0,0,0,0,2024-07-08 09:00:00
2024-07-08 12:00:00,28.584511,77.205783,215,VIDP,70.0,3.1,3000.0,4000,30.4,25.6,999.2,0,0,0,0,0,2024-07-08 12:00:00
2024-07-08 15:00:00,28.584511,77.205783,215,VIDP,70.0,2.1,3000.0,4000,29.0,26.2,1000.6,0,0,0,0,0,2024-07-08 15:00:00
2024-07-08 18:00:00,28.584511,77.205783,215,VIDP,,1.0,22000.0,4000,28.6,26.1,1001.8,0,0,0,0,0,2024-07-08 18:00:00
2024-07-08 21:00:00,28.584511,77.205783,215,VIDP,70.0,1.5,22000.0,2000,28.2,26.5,1001.3,0,0,0,0,0,2024-07-08 21:00:00
2024-07-09 00:00:00,28.584511,77.205783,215,VIDP,,0.0,1050.0,2000,28.2,26.5,1001.4,0,0,0,0,0,2024-07-09 00:00:00
2024-07-09 03:00:00,28.584511,77.205783,215,VIDP,,0.0,3000.0,2000,30.4,27.4,1002.4,0,0,0,0,0,2024-07-09 03:00:00
2024-07-09 06:00:00,28.584511,77.205783,215,VIDP,270.0,4.6,2700.0,2000,31.8,26.5,1002.2,0,0,0,0,0,2024-07-09 06:00:00
2024-07-09 09:00:00,28.584511,77.205783,215,VIDP,,0.0,2700.0,2000,27.4,27.1,1001.3,0,0,0,0,0,2024-07-09 09:00:00
2024-07-09 12:00:00,28.584511,77.205783,215,VIDP,,0.0,3000.0,2000,30.0,28.6,999.5,0,0,0,0,0,2024-07-09 12:00:00
2024-07-09 15:00:00,28.584511,77.205783,215,VIDP,,0.0,,2000,29.6,28.5,1000.4,0,0,0,0,0,2024-07-09 15:00:00
2024-07-09 18:00:00,28.584511,77.205783,215,VIDP,,0.0,3000.0,2000,28.8,27.7,1001.9,0,0,0,0,0,2024-07-09 18:00:00
2024-07-09 21:00:00,28.584511,77.205783,215,VIDP,,0.0,3000.0,2000,28.4,27.9,1001.8,0,0,0,0,0,2024-07-09 21:00:00
2024-07-10 00:00:00,28.584511,77.205783,215,VIDP,,0.0,3000.0,2000,28.6,28.1,1002.3,0,0,0,0,0,2024-07-10 00:00:00
2024-07-10 03:00:00,28.584511,77.205783,215,VIDP,,0.0,3000.0,2000,32.0,29.3,1002.9,0,0,0,0,0,2024-07-10 03:00:00
2024-07-10 06:00:00,28.584511,77.205783,215,VIDP,,0.0,3000.0,2000,36.0,27.2,1001.5,0,0,0,0,0,2024-07-10 06:00:00
2024-07-10 09:00:00,28.584511,77.205783,215,VIDP,110.0,3.1,900.0,2000,31.6,26.9,1001.1,0,0,0,0,0,2024-07-10 09:00:00
2024-07-10 12:00:00,28.584511,77.205783,215,VIDP,,1.0,2700.0,2000,29.0,28.7,998.9,0,0,0,0,0,2024-07-10 12:00:00
2024-07-10 15:00:00,28.584511,77.205783,215,VIDP,,1.0,,2000,28.6,28.3,1000.2,0,0,0,0,0,2024-07-10 15:00:00
2024-07-10 18:00:00,28.584511,77.205783,215,VIDP,,0.0,,2000,28.2,27.6,1000.6,0,0,0,0,0,2024-07-10 18:00:00
2024-07-10 21:00:00,28.584511,77.205783,215,VIDP,,0.0,,2000,28.4,27.3,999.4,0,0,0,0,0,2024-07-10 21:00:00
2024-07-11 00:00:00,28.584511,77.205783,215,VIDP,,0.0,3000.0,1000,28.0,28.0,999.3,0,0,0,0,0,2024-07-11 00:00:00
2024-07-11 03:00:00,28.584511,77.205783,215,VIDP,,0.0,,2000,30.2,28.6,999.2,0,0,0,0,0,2024-07-11 03:00:00
2024-07-11 06:00:00,28.584511,77.205783,215,VIDP,,0.0,22000.0,4000,34.8,28.0,998.5,0,0,0,0,0,2024-07-11 06:00:00
2024-07-11 09:00:00,28.584511,77.205783,215,VIDP,270.0,1.5,900.0,4000,37.6,26.9,997.4,0,0,0,0,0,2024-07-11 09:00:00
2024-07-11 12:00:00,28.584511,77.205783,215,VIDP,,0.0,3000.0,4000,38.2,27.9,992.1,0,0,0,0,0,2024-07-11 12:00:00
2024-07-11 15:00:00,28.584511,77.205783,215,VIDP,,0.0,,4000,35.0,29.1,993.6,0,0,0,0,0,2024-07-11 15:00:00
2024-07-11 18:00:00,28.584511,77.205783,215,VIDP,250.0,2.1,3000.0,4000,33.0,27.5,994.3,0,0,0,0,0,2024-07-11 18:00:00
2024-07-11 21:00:00,28.584511,77.205783,215,VIDP,,0.0,3000.0,4000,31.0,26.9,994.2,0,0,0,0,0,2024-07-11 21:00:00
2024-07-12 00:00:00,28.584511,77.205783,215,VIDP,270.0,4.6,3000.0,4000,30.0,24.3,994.7,0,0,0,0,0,2024-07-12 00:00:00
2024-07-12 03:00:00,28.584511,77.205783,215,VIDP,270.0,3.1,3000.0,4000,30.6,23.7,996.1,0,0,0,0,0,2024-07-12 03:00:00
2024-07-12 06:00:00,28.584511,77.205783,215,VIDP,270.0,3.1,3000.0,4000,32.6,24.7,997.0,0,0,0,0,0,2024-07-12 06:00:00
2024-07-12 09:00:00,28.584511,77.205783,215,VIDP,270.0,2.6,1050.0,4000,34.0,24.4,995.3,0,0,0,0,0,2024-07-12 09:00:00
2024-07-12 12:00:00,28.584511,77.205783,215,VIDP,250.0,1.0,3000.0,4000,32.8,24.9,994.3,0,0,0,0,0,2024-07-12 12:00:00
2024-07-12 15:00:00,28.584511,77.205783,215,VIDP,,0.0,,4000,31.0,25.4,995.6,0,0,0,0,0,2024-07-12 15:00:00
2024-07-12 18:00:00,28.584511,77.205783,215,VIDP,,0.0,3000.0,2000,30.2,26.3,997.6,0,0,0,0,0,2024-07-12 18:00:00
2024-07-13 00:00:00,28.584511,77.205783,215,VIDP,200.0,3.1,900.0,2000,29.0,26.2,997.2,0,0,0,0,0,2024-07-13 00:00:00
2024-07-13 06:00:00,28.584511,77.205783,215,VIDP,70.0,1.0,,4000,32.6,26.5,997.7,0,0,0,0,0,2024-07-13 06:00:00
2024-07-13 09:00:00,28.584511,77.205783,215,VIDP,250.0,1.5,3000.0,4000,35.4,25.3,995.4,0,0,0,0,0,2024-07-13 09:00:00
2024-07-13 12:00:00,28.584511,77.205783,215,VIDP,,0.0,3000.0,2000,29.0,27.9,994.1,0,0,0,0,0,2024-07-13 12:00:00
2024-07-13 18:00:00,28.584511,77.205783,215,VIDP,,0.0,3000.0,2000,28.8,27.1,997.5,0,0,0,0,0,2024-07-13 18:00:00
2024-07-13 21:00:00,28.584511,77.205783,215,VIDP,,0.0,3000.0,2000,28.8,27.1,996.2,0,0,0,0,0,2024-07-13 21:00:00
2024-07-14 00:00:00,28.584511,77.205783,215,VIDP,,0.0,2700.0,2000,28.8,27.1,996.2,0,0,0,0,0,2024-07-14 00:00:00
2024-07-14 03:00:00,28.584511,77.205783,215,VIDP,,0.0,,2000,30.6,27.6,997.4,0,0,0,0,0,2024-07-14 03:00:00
2024-07-14 06:00:00,28.584511,77.205783,215,VIDP,70.0,1.5,22000.0,4000,35.4,26.6,996.6,0,0,0,0,0,2024-07-14 06:00:00
2024-07-14 12:00:00,28.584511,77.205783,215,VIDP,,0.0,22000.0,4000,35.7,26.4,993.0,0,0,0,0,0,2024-07-14 12:00:00
2024-07-14 18:00:00,28.584511,77.205783,215,VIDP,,0.0,22000.0,2000,31.6,27.5,997.4,0,0,0,0,0,2024-07-14 18:00:00
2024-07-14 21:00:00,28.584511,77.205783,215,VIDP,,0.0,22000.0,2000,30.6,27.6,997.2,0,0,0,0,0,2024-07-14 21:00:00
2024-07-15 00:00:00,28.584511,77.205783,215,VIDP,,0.0,22000.0,2000,30.0,27.8,998.4,0,0,0,0,0,2024-07-15 00:00:00
2024-07-15 03:00:00,28.584511,77.205783,215,VIDP,70.0,1.5,,2000,32.8,27.9,1000.1,0,0,0,0,0,2024-07-15 03:00:00
2024-07-15 06:00:00,28.584511,77.205783,215,VIDP,50.0,1.5,,2000,29.2,25.8,1000.3,0,0,0,0,0,2024-07-15 06:00:00
2024-07-15 09:00:00,28.584511,77.205783,215,VIDP,70.0,1.5,3000.0,4000,34.2,27.9,998.3,0,0,0,0,0,2024-07-15 09:00:00
2024-07-15 12:00:00,28.584511,77.205783,215,VIDP,70.0,1.0,,2000,34.0,27.7,996.3,0,0,0,0,0,2024-07-15 12:00:00
2024-07-15 15:00:00,28.584511,77.205783,215,VIDP,,1.0,22000.0,2000,32.2,27.5,997.9,0,0,0,0,0,2024-07-15 15:00:00
2024-07-15 18:00:00,28.584511,77.205783,215,VIDP,,1.0,22000.0,2000,31.2,28.2,999.6,0,0,0,0,0,2024-07-15 18:00:00
2024-07-15 21:00:00,28.584511,77.205783,215,VIDP,,1.0,22000.0,2000,30.6,27.9,998.6,0,0,0,0,0,2024-07-15 21:00:00
2024-07-16 00:00:00,28.584511,77.205783,215,VIDP,70.0,2.1,2700.0,2000,30.0,27.8,999.8,0,0,0,0,0,2024-07-16 00:00:00
2024-07-16 03:00:00,28.584511,77.205783,215,VIDP,70.0,1.5,22000.0,2000,32.4,28.6,1001.0,0,0,0,0,0,2024-07-16 03:00:00
2024-07-16 06:00:00,28.584511,77.205783,215,VIDP,,0.0,3000.0,2000,33.8,28.4,999.7,0,0,0,0,0,2024-07-16 06:00:00
2024-07-16 09:00:00,28.584511,77.205783,215,VIDP,110.0,2.1,,4000,37.6,27.5,998.7,0,0,0,0,0,2024-07-16 09:00:00
2024-07-16 12:00:00,28.584511,77.205783,215,VIDP,70.0,1.5,22000.0,4000,37.6,27.2,996.6,0,0,0,0,0,2024-07-16 12:00:00
2024-07-16 15:00:00,28.584511,77.205783,215,VIDP,,1.0,22000.0,4000,34.0,27.4,997.7,0,0,0,0,0,2024-07-16 15:00:00
2024-07-16 18:00:00,28.584511,77.205783,215,VIDP,70.0,1.5,22000.0,4000,32.8,29.0,999.3,0,0,0,0,0,2024-07-16 18:00:00
2024-07-16 21:00:00,28.584511,77.205783,215,VIDP,90.0,2.6,22000.0,4000,32.0,27.6,998.8,0,0,0,0,0,2024-07-16 21:00:00
2024-07-17 00:00:00,28.584511,77.205783,215,VIDP,110.0,1.5,22000.0,2000,31.0,27.4,999.3,0,0,0,0,0,2024-07-17 00:00:00
2024-07-17 03:00:00,28.584511,77.205783,215,VIDP,110.0,1.5,22000.0,4000,32.4,27.8,1001.4,0,0,0,0,0,2024-07-17 03:00:00
2024-07-17 06:00:00,28.584511,77.205783,215,VIDP,160.0,1.5,1050.0,4000,34.6,27.2,1000.8,0,0,0,0,0,2024-07-17 06:00:00
2024-07-17 09:00:00,28.584511,77.205783,215,VIDP,50.0,4.1,900.0,4000,34.4,27.0,999.0,0,0,0,0,0,2024-07-17 09:00:00
2024-07-17 09:00:00,28.584511,77.205783,215,VIDP,50.0,4.1,3048.0,4000,34.0,27.0,,0,1,0,0,0,2024-07-17 09:00:00
2024-07-17 12:00:00,28.584511,77.205783,215,VIDP,,0.0,,4000,34.6,27.8,996.4,0,0,0,0,0,2024-07-17 12:00:00
2024-07-17 15:00:00,28.584511,77.205783,215,VIDP,70.0,1.0,22000.0,4000,32.4,28.0,997.3,0,0,0,0,0,2024-07-17 15:00:00
2024-07-17 18:00:00,28.584511,77.205783,215,VIDP,70.0,1.0,22000.0,4000,31.6,28.3,999.9,0,0,0,0,0,2024-07-17 18:00:00
2024-07-17 21:00:00,28.584511,77.205783,215,VIDP,70.0,1.0,3000.0,4000,31.0,28.3,998.4,0,0,0,0,0,2024-07-17 21:00:00
2024-07-18 00:00:00,28.584511,77.205783,215,VIDP,140.0,1.0,,2000,30.4,28.5,998.2,0,0,0,0,0,2024-07-18 00:00:00
2024-07-18 03:00:00,28.584511,77.205783,215,VIDP,,0.0,,2000,32.4,28.3,999.1,0,0,0,0,0,2024-07-18 03:00:00
2024-07-18 05:00:00,28.584511,77.205783,215,VIDP,110.0,1.5,3048.0,4500,36.0,28.0,,0,1,0,0,0,2024-07-18 05:00:00
2024-07-18 05:30:00,28.584511,77.205783,215,VIDP,120.0,1.5,3048.0,4500,37.0,28.0,,0,1,0,0,0,2024-07-18 05:00:00
2024-07-18 06:00:00,28.584511,77.205783,215,VIDP,160.0,2.1,3000.0,4000,36.0,27.8,998.5,0,0,0,0,0,2024-07-18 06:00:00
2024-07-18 07:30:00,28.584511,77.205783,215,VIDP,340.0,3.1,2743.0,3000,32.0,29.0,,0,0,1,0,1,2024-07-18 07:00:00
2024-07-18 09:00:00,28.584511,77.205783,215,VIDP,200.0,2.1,3000.0,2000,28.2,27.1,997.9,0,0,0,0,0,2024-07-18 09:00:00
2024-07-18 12:00:00,28.584511,77.205783,215,VIDP,160.0,2.1,2700.0,2000,30.8,27.5,995.5,0,0,0,0,0,2024-07-18 12:00:00
2024-07-18 15:00:00,28.584511,77.205783,215,VIDP,,0.0,2700.0,2000,30.2,27.7,996.3,0,0,0,0,0,2024-07-18 15:00:00
2024-07-18 18:00:00,28.584511,77.205783,215,VIDP,,0.0,2700.0,2000,29.2,27.0,997.9,0,0,0,0,0,2024-07-18 18:00:00
2024-07-18 21:00:00,28.584511,77.205783,215,VIDP,,0.0,22000.0,2000,28.8,26.5,996.7,0,0,0,0,0,2024-07-18 21:00:00
2024-07-19 00:00:00,28.584511,77.205783,215,VIDP,,0.0,22000.0,2000,28.2,27.4,997.5,0,0,0,0,0,2024-07-19 00:00:00
2024-07-19 03:00:00,28.584511,77.205783,215,VIDP,70.0,2.1,22000.0,2000,31.0,28.3,997.7,0,0,0,0,0,2024-07-19 03:00:00
2024-07-19 06:00:00,28.584511,77.205783,215,VIDP,,0.0,,2000,35.0,27.9,996.6,0,0,0,0,0,2024-07-19 06:00:00
2024-07-19 09:00:00,28.584511,77.205783,215,VIDP,110.0,1.5,1050.0,2000,35.4,28.7,995.9,0,0,0,0,0,2024-07-19 09:00:00
2024-07-19 12:00:00,28.584511,77.205783,215,VIDP,70.0,2.1,2700.0,2000,34.0,29.2,994.2,0,0,0,0,0,2024-07-19 12:00:00
2024-07-19 15:00:00,28.584511,77.205783,215,VIDP,140.0,3.1,2700.0,2000,31.0,28.0,996.8,0,0,0,0,0,2024-07-19 15:00:00
2024-07-19 18:00:00,28.584511,77.205783,215,VIDP,,0.0,,2000,30.2,28.0,997.9,0,0,0,0,0,2024-07-19 18:00:00
2024-07-19 21:00:00,28.584511,77.205783,215,VIDP,,0.0,3000.0,2000,29.0,27.1,997.6,0,0,0,0,0,2024-07-19 21:00:00
2024-07-20 06:00:00,28.584511,77.205783,215,VIDP,,0.0,3000.0,2000,34.6,27.2,998.4,0,0,0,0,0,2024-07-20 06:00:00
2024-07-20 09:00:00,28.584511,77.205783,215,VIDP,90.0,1.5,3000.0,4000,36.8,26.9,996.8,0,0,0,0,0,2024-07-20 09:00:00
2024-07-20 12:00:00,28.584511,77.205783,215,VIDP,,0.0,22000.0,4000,37.4,27.6,994.2,0,0,0,0,0,2024-07-20 12:00:00
2024-07-20 15:00:00,28.584511,77.205783,215,VIDP,,1.0,,4000,34.2,28.2,996.7,0,0,0,0,0,2024-07-20 15:00:00
2024-07-20 18:00:00,28.584511,77.205783,215,VIDP,,1.0,22000.0,2000,32.8,28.7,997.7,0,0,0,0,0,2024-07-20 18:00:00
2024-07-20 21:00:00,28.584511,77.205783,215,VIDP,,1.0,,2000,32.0,27.9,996.9,0,0,0,0,0,2024-07-20 21:00:00
2024-07-21 00:00:00,28.584511,77.205783,215,VIDP,140.0,2.1,,2000,30.2,26.6,997.4,0,0,0,0,0,2024-07-21 00:00:00
2024-07-21 03:00:00,28.584511,77.205783,215,VIDP,140.0,1.0,3000.0,2000,29.2,28.9,998.7,0,0,0,0,0,2024-07-21 03:00:00
2024-07-21 06:00:00,28.584511,77.205783,215,VIDP,140.0,1.5,3000.0,4000,34.8,28.8,998.5,0,0,0,0,0,2024-07-21 06:00:00
2024-07-21 09:00:00,28.584511,77.205783,215,VIDP,50.0,2.1,3000.0,2000,35.0,29.7,996.5,0,0,0,0,0,2024-07-21 09:00:00
2024-07-21 12:00:00,28.584511,77.205783,215,VIDP,50.0,2.1,3000.0,4000,34.6,28.4,995.4,0,0,0,0,0,2024-07-21 12:00:00
2024-07-21 15:00:00,28.584511,77.205783,215,VIDP,70.0,1.5,3000.0,4000,32.4,28.3,996.4,0,0,0,0,0,2024-07-21 15:00:00
2024-07-21 18:00:00,28.584511,77.205783,215,VIDP,90.0,1.5,3000.0,4000,31.8,27.8,998.3,0,0,0,0,0,2024-07-21 18:00:00
2024-07-21 21:00:00,28.584511,77.205783,215,VIDP,90.0,2.1,3000.0,4000,31.0,28.0,997.4,0,0,0,0,0,2024-07-21 21:00:00
2024-07-22 00:00:00,28.584511,77.205783,215,VIDP,90.0,1.5,3000.0,2000,30.2,28.3,997.9,0,0,0,0,0,2024-07-22 00:00:00
2024-07-22 03:00:00,28.584511,77.205783,215,VIDP,140.0,1.5,22000.0,2000,31.8,28.8,998.5,0,0,0,0,0,2024-07-22 03:00:00
2024-07-22 06:00:00,28.584511,77.205783,215,VIDP,160.0,2.6,3000.0,4000,35.8,28.2,998.3,0,0,0,0,0,2024-07-22 06:00:00
2024-07-22 09:00:00,28.584511,77.205783,215,VIDP,270.0,2.1,1050.0,2000,27.6,27.6,999.3,0,0,0,0,0,2024-07-22 09:00:00
2024-07-22 12:00:00,28.584511,77.205783,215,VIDP,,0.0,3000.0,2000,30.0,28.4,995.3,0,0,0,0,0,2024-07-22 12:00:00
2024-07-22 15:00:00,28.584511,77.205783,215,VIDP,,0.0,,2000,29.2,28.1,996.4,0,0,0,0,0,2024-07-22 15:00:00
2024-07-22 18:00:00,28.584511,77.205783,215,VIDP,,0.0,,2000,28.8,28.0,999.2,0,0,0,0,0,2024-07-22 18:00:00
2024-07-22 21:00:00,28.584511,77.205783,215,VIDP,,0.0,,2000,28.6,27.5,997.3,0,0,0,0,0,2024-07-22 21:00:00
2024-07-23 00:00:00,28.584511,77.205783,215,VIDP,,0.0,3000.0,2000,28.8,28.0,996.9,0,0,0,0,0,2024-07-23 00:00:00
2024-07-23 03:00:00,28.584511,77.205783,215,VIDP,90.0,2.1,,2000,31.4,28.7,998.4,0,0,0,0,0,2024-07-23 03:00:00
2024-07-23 06:00:00,28.584511,77.205783,215,VIDP,140.0,1.5,3000.0,2000,33.4,29.1,997.6,0,0,0,0,0,2024-07-23 06:00:00
2024-07-23 09:00:00,28.584511,77.205783,215,VIDP,50.0,1.5,3000.0,2000,35.8,28.2,995.7,0,0,0,0,0,2024-07-23 09:00:00
2024-07-23 12:00:00,28.584511,77.205783,215,VIDP,,0.0,,2000,35.2,28.4,993.7,0,0,0,0,0,2024-07-23 12:00:00
2024-07-23 15:00:00,28.584511,77.205783,215,VIDP,,0.0,3000.0,2000,32.4,28.3,994.3,0,0,0,0,0,2024-07-23 15:00:00
2024-07-23 18:00:00,28.584511,77.205783,215,VIDP,,0.0,3000.0,2000,31.0,27.7,995.6,0,0,0,0,0,2024-07-23 18:00:00
2024-07-24 00:00:00,28.584511,77.205783,215,VIDP,,0.0,3000.0,2000,29.0,27.3,993.8,0,0,0,0,0,2024-07-24 00:00:00
2024-07-24 01:30:00,28.584511,77.205783,215,VIDP,340.0,4.1,2743.0,2500,28.0,28.0,,0,0,1,0,0,2024-07-24 01:00:00
2024-07-24 02:30:00,28.584511,77.205783,215,VIDP,290.0,2.1,2743.0,2000,27.0,27.0,,0,0,0,0,0,2024-07-24 02:00:00
2024-07-24 03:00:00,28.584511,77.205783,215,VIDP,200.0,1.0,1050.0,2000,25.8,25.8,995.1,0,0,0,0,0,2024-07-24 03:00:00
2024-07-24 03:00:00,28.584511,77.205783,215,VIDP,200.0,1.0,2743.0,2000,26.0,26.0,,0,0,0,0,0,2024-07-24 03:00:00
2024-07-24 03:30:00,28.584511,77.205783,215,VIDP,250.0,1.5,2743.0,2800,26.0,26.0,,1,0,0,0,0,2024-07-24 03:00:00
2024-07-24 04:30:00,28.584511,77.205783,215,VIDP,0.0,0.0,2743.0,2500,26.0,26.0,,0,0,1,0,1,2024-07-24 04:00:00
2024-07-24 05:00:00,28.584511,77.205783,215,VIDP,0.0,0.0,2743.0,2000,26.0,26.0,,0,0,1,0,1,2024-07-24 05:00:00
2024-07-24 05:30:00,28.584511,77.205783,215,VIDP,260.0,1.5,2743.0,2000,26.0,26.0,,1,0,1,0,1,2024-07-24 05:00:00
2024-07-24 06:00:00,28.584511,77.205783,215,VIDP,,0.0,1050.0,2000,27.8,27.5,994.8,0,0,0,0,0,2024-07-24 06:00:00
2024-07-24 06:00:00,28.584511,77.205783,215,VIDP,0.0,0.0,2743.0,2000,28.0,28.0,,1,0,1,0,1,2024-07-24 06:00:00
2024-07-24 06:30:00,28.584511,77.205783,215,VIDP,0.0,0.0,2743.0,2500,28.0,28.0,,1,0,1,0,1,2024-07-24 06:00:00
2024-07-24 09:00:00,28.584511,77.205783,215,VIDP,250.0,1.5,2700.0,2000,33.0,28.1,992.3,0,0,0,0,0,2024-07-24 09:00:00
2024-07-24 12:00:00,28.584511,77.205783,215,VIDP,250.0,1.5,2700.0,2000,33.4,28.2,990.4,0,0,0,0,0,2024-07-24 12:00:00
2024-07-24 15:00:00,28.584511,77.205783,215,VIDP,,1.0,3000.0,2000,31.6,28.9,991.8,0,0,0,0,0,2024-07-24 15:00:00
2024-07-24 18:00:00,28.584511,77.205783,215,VIDP,,0.0,3000.0,2000,30.8,28.6,993.1,0,0,0,0,0,2024-07-24 18:00:00
2024-07-24 21:00:00,28.584511,77.205783,215,VIDP,,0.0,3000.0,2000,30.2,28.8,992.2,0,0,0,0,0,2024-07-24 21:00:00
2024-07-25 00:00:00,28.584511,77.205783,215,VIDP,70.0,1.5,900.0,2000,29.2,27.8,992.3,0,0,0,0,0,2024-07-25 00:00:00
2024-07-25 03:00:00,28.584511,77.205783,215,VIDP,,0.0,900.0,1000,27.4,27.4,993.8,0,0,0,0,0,2024-07-25 03:00:00
2024-07-25 06:00:00,28.584511,77.205783,215,VIDP,,0.0,3000.0,2000,29.4,28.3,993.9,0,0,0,0,0,2024-07-25 06:00:00
2024-07-25 06:30:00,28.584511,77.205783,215,VIDP,0.0,0.0,3048.0,3000,30.0,28.0,,1,0,0,0,0,2024-07-25 06:00:00
2024-07-25 09:00:00,28.584511,77.205783,215,VIDP,70.0,1.5,3000.0,2000,34.6,28.1,991.5,0,0,0,0,0,2024-07-25 09:00:00
2024-07-25 11:00:00,28.584511,77.205783,215,VIDP,0.0,0.0,3500.0,4000,36.0,28.0,,0,1,0,0,0,2024-07-25 11:00:00
2024-07-25 12:00:00,28.584511,77.205783,215,VIDP,,0.0,3000.0,4000,35.2,28.2,989.6,0,0,0,0,0,2024-07-25 12:00:00
2024-07-25 15:00:00,28.584511,77.205783,215,VIDP,90.0,1.5,3000.0,4000,31.8,27.4,992.6,0,0,0,0,0,2024-07-25 15:00:00
2024-07-25 18:00:00,28.584511,77.205783,215,VIDP,,0.0,3000.0,4000,30.8,28.3,993.8,0,0,0,0,0,2024-07-25 18:00:00
2024-07-25 21:00:00,28.584511,77.205783,215,VIDP,,0.0,3000.0,4000,30.2,28.6,993.0,0,0,0,0,0,2024-07-25 21:00:00
2024-07-26 00:00:00,28.584511,77.205783,215,VIDP,270.0,1.5,1050.0,2000,26.6,26.6,994.0,0,0,0,0,0,2024-07-26 00:00:00
2024-07-26 02:00:00,28.584511,77.205783,215,VIDP,250.0,1.5,2438.0,3000,28.0,28.0,,1,0,0,0,0,2024-07-26 02:00:00
2024-07-26 03:00:00,28.584511,77.205783,215,VIDP,230.0,1.0,1050.0,2000,27.8,27.8,995.4,0,0,0,0,0,2024-07-26 03:00:00
2024-07-26 04:00:00,28.584511,77.205783,215,VIDP,260.0,1.5,2438.0,3000,28.0,28.0,,1,0,0,0,0,2024-07-26 04:00:00
2024-07-26 06:00:00,28.584511,77.205783,215,VIDP,,0.0,2700.0,2000,30.8,29.2,994.8,0,0,0,0,0,2024-07-26 06:00:00
2024-07-26 09:00:00,28.584511,77.205783,215,VIDP,,1.0,2700.0,2000,32.8,28.2,993.3,0,0,0,0,0,2024-07-26 09:00:00
2024-07-26 12:00:00,28.584511,77.205783,215,VIDP,,0.0,2700.0,2000,33.0,28.7,992.4,0,0,0,0,0,2024-07-26 12:00:00
2024-07-26 15:00:00,28.584511,77.205783,215,VIDP,,0.0,,2000,32.0,29.3,993.7,0,0,0,0,0,2024-07-26 15:00:00
2024-07-26 18:00:00,28.584511,77.205783,215,VIDP,,0.0,2700.0,2000,30.6,28.7,995.4,0,0,0,0,0,2024-07-26 18:00:00
2024-07-26 21:00:00,28.584511,77.205783,215,VIDP,,0.0,2700.0,2000,29.8,28.4,995.4,0,0,0,0,0,2024-07-26 21:00:00
2024-07-27 00:00:00,28.584511,77.205783,215,VIDP,,0.0,2700.0,2000,29.2,28.4,995.8,0,0,0,0,0,2024-07-27 00:00:00
2024-07-27 03:00:00,28.584511,77.205783,215,VIDP,90.0,2.1,3000.0,2000,29.2,28.7,997.2,0,0,0,0,0,2024-07-27 03:00:00
2024-07-27 03:00:00,28.584511,77.205783,215,VIDP,90.0,2.1,3048.0,2800,31.0,29.0,,1,0,0,0,0,2024-07-27 03:00:00
2024-07-27 06:00:00,28.584511,77.205783,215,VIDP,,0.0,1050.0,2000,34.0,28.6,997.1,0,0,0,0,0,2024-07-27 06:00:00
2024-07-27 09:00:00,28.584511,77.205783,215,VIDP,,0.0,1050.0,2000,34.8,28.6,994.9,0,0,0,0,0,2024-07-27 09:00:00
2024-07-27 12:00:00,28.584511,77.205783,215,VIDP,,0.0,3000.0,2000,34.2,28.5,993.9,0,0,0,0,0,2024-07-27 12:00:00
2024-07-27 15:00:00,28.584511,77.205783,215,VIDP,,0.0,3000.0,2000,30.4,27.9,996.5,0,0,0,0,0,2024-07-27 15:00:00
2024-07-27 18:00:00,28.584511,77.205783,215,VIDP,,0.0,3000.0,2000,29.2,27.5,997.6,0,0,0,0,0,2024-07-27 18:00:00
2024-07-27 21:00:00,28.584511,77.205783,215,VIDP,,0.0,3000.0,2000,28.6,27.2,996.7,0,0,0,0,0,2024-07-27 21:00:00
2024-07-28 00:00:00,28.584511,77.205783,215,VIDP,,0.0,,2000,28.6,27.5,997.2,0,0,0,0,0,2024-07-28 00:00:00
2024-07-28 03:00:00,28.584511,77.205783,215,VIDP,50.0,1.0,22000.0,4000,32.0,27.6,997.7,0,0,0,0,0,2024-07-28 03:00:00
2024-07-28 06:00:00,28.584511,77.205783,215,VIDP,90.0,2.1,3000.0,4000,36.6,27.6,996.9,0,0,0,0,0,2024-07-28 06:00:00
2024-07-28 09:00:00,28.584511,77.205783,215,VIDP,90.0,3.1,,4000,37.2,27.7,994.8,0,0,0,0,0,2024-07-28 09:00:00
2024-07-28 12:00:00,28.584511,77.205783,215,VIDP,140.0,2.1,3000.0,4000,37.2,28.3,993.7,0,0,0,0,0,2024-07-28 12:00:00
2024-07-28 15:00:00,28.584511,77.205783,215,VIDP,70.0,2.1,,4000,33.8,28.4,995.5,0,0,0,0,0,2024-07-28 15:00:00
2024-07-28 18:00:00,28.584511,77.205783,215,VIDP,90.0,2.1,3000.0,4000,32.4,27.2,996.1,0,0,0,0,0,2024-07-28 18:00:00
2024-07-28 21:00:00,28.584511,77.205783,215,VIDP,,1.0,3000.0,4000,31.4,27.3,996.1,0,0,0,0,0,2024-07-28 21:00:00
2024-07-29 00:00:00,28.584511,77.205783,215,VIDP,70.0,1.5,22000.0,4000,30.2,27.4,996.7,0,0,0,0,0,2024-07-29 00:00:00
2024-07-29 03:00:00,28.584511,77.205783,215,VIDP,90.0,3.1,22000.0,4000,32.4,28.0,998.0,0,0,0,0,0,2024-07-29 03:00:00
2024-07-29 06:00:00,28.584511,77.205783,215,VIDP,90.0,4.1,,4000,35.8,27.9,997.3,0,0,0,0,0,2024-07-29 06:00:00
2024-07-29 09:00:00,28.584511,77.205783,215,VIDP,70.0,3.1,3000.0,4000,37.8,28.4,994.7,0,0,0,0,0,2024-07-29 09:00:00
2024-07-29 12:00:00,28.584511,77.205783,215,VIDP,70.0,2.1,22000.0,4000,37.0,27.8,993.7,0,0,0,0,0,2024-07-29 12:00:00
2024-07-29 15:00:00,28.584511,77.205783,215,VIDP,110.0,1.5,22000.0,4000,34.0,27.7,996.4,0,0,0,0,0,2024-07-29 15:00:00
2024-07-29 18:00:00,28.584511,77.205783,215,VIDP,,0.0,22000.0,4000,32.8,28.7,998.1,0,0,0,0,0,2024-07-29 18:00:00
2024-07-29 21:00:00,28.584511,77.205783,215,VIDP,70.0,2.1,3000.0,4000,32.2,27.8,997.3,0,0,0,0,0,2024-07-29 21:00:00
2024-07-30 00:00:00,28.584511,77.205783,215,VIDP,70.0,1.5,22000.0,2000,31.4,28.7,997.8,0,0,0,0,0,2024-07-30 00:00:00
2024-07-30 03:00:00,28.584511,77.205783,215,VIDP,90.0,1.5,22000.0,2000,33.0,28.7,999.0,0,0,0,0,0,2024-07-30 03:00:00
2024-07-30 06:00:00,28.584511,77.205783,215,VIDP,140.0,2.1,22000.0,4000,37.2,27.7,998.4,0,0,0,0,0,2024-07-30 06:00:00
2024-07-30 07:00:00,28.584511,77.205783,215,VIDP,130.0,1.5,3500.0,4000,38.0,28.0,,0,1,0,0,0,2024-07-30 07:00:00
2024-07-30 09:00:00,28.584511,77.205783,215,VIDP,140.0,1.5,,4000,38.8,27.7,996.8,0,0,0,0,0,2024-07-30 09:00:00
2024-07-30 12:00:00,28.584511,77.205783,215,VIDP,200.0,1.5,1200.0,4000,38.0,28.0,995.2,0,0,0,0,0,2024-07-30 12:00:00
2024-07-30 15:00:00,28.584511,77.205783,215,VIDP,250.0,2.6,3000.0,4000,34.6,28.4,997.7,0,0,0,0,0,2024-07-30 15:00:00
2024-07-30 18:00:00,28.584511,77.205783,215,VIDP,,0.0,3000.0,2000,32.6,28.2,998.4,0,0,0,0,0,2024-07-30 18:00:00
2024-07-30 21:00:00,28.584511,77.205783,215,VIDP,,0.0,22000.0,2000,31.6,28.3,997.7,0,0,0,0,0,2024-07-30 21:00:00
2024-07-31 00:00:00,28.584511,77.205783,215,VIDP,230.0,1.5,22000.0,2000,31.4,28.1,997.6,0,0,0,0,0,2024-07-31 00:00:00
2024-07-31 03:00:00,28.584511,77.205783,215,VIDP,250.0,4.1,2700.0,2000,32.2,28.1,998.8,0,0,0,0,0,2024-07-31 03:00:00
2024-07-31 06:00:00,28.584511,77.205783,215,VIDP,270.0,2.6,2700.0,4000,34.4,28.4,998.1,0,0,0,0,0,2024-07-31 06:00:00
2024-07-31 09:00:00,28.584511,77.205783,215,VIDP,270.0,1.5,2700.0,4000,36.4,28.6,996.3,0,0,0,0,0,2024-07-31 09:00:00
2024-07-31 12:00:00,28.584511,77.205783,215,VIDP,180.0,1.0,2700.0,4000,37.0,28.7,993.6,0,0,0,0,0,2024-07-31 12:00:00
2024-07-31 15:00:00,28.584511,77.205783,215,VIDP,160.0,4.1,1050.0,2000,26.2,26.2,998.2,0,0,0,0,0,2024-07-31 15:00:00
2024-07-31 18:00:00,28.584511,77.205783,215,VIDP,160.0,4.1,1050.0,1000,25.6,25.6,999.9,0,0,0,0,0,2024-07-31 18:00:00
2024-08-01 00:00:00,28.584511,77.205783,215,VIDP,,0.0,1050.0,2000,26.0,26.0,998.1,0,0,0,0,0,2024-08-01 00:00:00
2024-08-01 03:00:00,28.584511,77.205783,215,VIDP,,0.0,2700.0,2000,26.6,26.0,999.3,0,0,0,0,0,2024-08-01 03:00:00
2024-08-01 06:00:00,28.584511,77.205783,215,VIDP,110.0,1.0,2700.0,4000,29.0,26.8,999.6,0,0,0,0,0,2024-08-01 06:00:00
2024-08-01 09:00:00,28.584511,77.205783,215,VIDP,70.0,1.0,3000.0,4000,32.0,26.7,997.6,0,0,0,0,0,2024-08-01 09:00:00
2024-08-01 12:00:00,28.584511,77.205783,215,VIDP,90.0,1.5,3000.0,4000,32.8,26.4,995.7,0,0,0,0,0,2024-08-01 12:00:00
2024-08-01 15:00:00,28.584511,77.205783,215,VIDP,,0.0,3000.0,4000,30.2,27.2,997.5,0,0,0,0,0,2024-08-01 15:00:00
2024-08-01 18:00:00,28.584511,77.205783,215,VIDP,,0.0,3000.0,4000,29.4,26.9,998.3,0,0,0,0,0,2024-08-01 18:00:00
2024-08-01 21:00:00,28.584511,77.205783,215,VIDP,,0.0,900.0,2000,27.6,27.6,996.6,0,0,0,0,0,2024-08-01 21:00:00
2024-08-02 00:00:00,28.584511,77.205783,215,VIDP,,0.0,22000.0,2000,27.6,27.6,996.7,0,0,0,0,0,2024-08-02 00:00:00
2024-08-02 03:00:00,28.584511,77.205783,215,VIDP,90.0,1.5,3000.0,2000,30.2,28.0,997.5,0,0,0,0,0,2024-08-02 03:00:00
2024-08-02 06:00:00,28.584511,77.205783,215,VIDP,70.0,2.6,3000.0,4000,33.0,27.8,996.5,0,0,0,0,0,2024-08-02 06:00:00
2024-08-02 08:01:00,28.584511,77.205783,215,VIDP,80.0,2.6,3048.0,4000,33.0,28.0,,1,0,1,0,1,2024-08-02 08:00:00
2024-08-02 08:30:00,28.584511,77.205783,215,VIDP,90.0,2.1,3048.0,4000,32.0,26.0,,0,1,1,0,1,2024-08-02 08:00:00
2024-08-02 09:00:00,28.584511,77.205783,215,VIDP,70.0,2.1,3000.0,4000,31.2,26.5,995.5,0,0,0,0,0,2024-08-02 09:00:00
2024-08-02 10:30:00,28.584511,77.205783,215,VIDP,70.0,3.1,3048.0,4000,31.0,27.0,,1,0,0,0,0,2024-08-02 10:00:00
2024-08-02 12:00:00,28.584511,77.205783,215,VIDP,70.0,2.1,3000.0,4000,32.4,27.8,994.5,0,0,0,0,0,2024-08-02 12:00:00
2024-08-02 15:00:00,28.584511,77.205783,215,VIDP,70.0,1.5,1050.0,2000,30.6,27.6,996.3,0,0,0,0,0,2024-08-02 15:00:00
2024-08-02 18:00:00,28.584511,77.205783,215,VIDP,,0.0,,2000,29.8,27.6,997.4,0,0,0,0,0,2024-08-02 18:00:00
2024-08-02 21:00:00,28.584511,77.205783,215,VIDP,,0.0,,2000,29.0,27.3,997.0,0,0,0,0,0,2024-08-02 21:00:00
2024-08-03 00:00:00,28.584511,77.205783,215,VIDP,70.0,2.1,3000.0,2000,28.0,26.3,997.4,0,0,0,0,0,2024-08-03 00:00:00
2024-08-03 03:00:00,28.584511,77.205783,215,VIDP,90.0,2.6,3000.0,2000,29.4,26.6,998.7,0,0,0,0,0,2024-08-03 03:00:00
2024-08-03 06:00:00,28.584511,77.205783,215,VIDP,70.0,3.1,3000.0,4000,33.4,26.5,998.9,0,0,0,0,0,2024-08-03 06:00:00
2024-08-03 09:00:00,28.584511,77.205783,215,VIDP,140.0,2.1,1050.0,4000,34.4,27.0,997.7,0,0,0,0,0,2024-08-03 09:00:00
2024-08-03 12:00:00,28.584511,77.205783,215,VIDP,90.0,2.1,,4000,33.6,26.7,996.9,0,0,0,0,0,2024-08-03 12:00:00
2024-08-03 15:00:00,28.584511,77.205783,215,VIDP,90.0,2.6,22000.0,4000,31.0,25.4,999.2,0,0,0,0,0,2024-08-03 15:00:00
2024-08-03 18:00:00,28.584511,77.205783,215,VIDP,110.0,2.6,3000.0,4000,29.6,26.0,1001.2,0,0,0,0,0,2024-08-03 18:00:00
2024-08-04 00:00:00,28.584511,77.205783,215,VIDP,70.0,1.5,3000.0,2000,28.6,25.8,999.9,0,0,0,0,0,2024-08-04 00:00:00
2024-08-04 03:00:00,28.584511,77.205783,215,VIDP,90.0,3.1,3000.0,4000,30.4,25.3,1001.1,0,0,0,0,0,2024-08-04 03:00:00
2024-08-04 06:00:00,28.584511,77.205783,215,VIDP,90.0,4.6,3000.0,4000,34.2,24.9,1000.9,0,0,0,0,0,2024-08-04 06:00:00
2024-08-04 09:00:00,28.584511,77.205783,215,VIDP,70.0,2.6,3000.0,4000,34.6,26.0,998.6,0,0,0,0,0,2024-08-04 09:00:00
2024-08-04 12:00:00,28.584511,77.205783,215,VIDP,50.0,3.1,3000.0,4000,34.8,26.8,997.2,0,0,0,0,0,2024-08-04 12:00:00
2024-08-04 15:00:00,28.584511,77.205783,215,VIDP,,0.0,3000.0,4000,27.0,27.0,999.4,0,0,0,0,0,2024-08-04 15:00:00
2024-08-04 18:00:00,28.584511,77.205783,215,VIDP,50.0,4.6,22000.0,2000,28.2,26.6,1000.5,0,0,0,0,0,2024-08-04 18:00:00
2024-08-04 21:00:00,28.584511,77.205783,215,VIDP,90.0,3.1,3000.0,2000,27.8,26.7,999.1,0,0,0,0,0,2024-08-04 21:00:00
2024-08-05 00:00:00,28.584511,77.205783,215,VIDP,90.0,4.1,3000.0,2000,28.2,25.7,999.6,0,0,0,0,0,2024-08-05 00:00:00
2024-08-05 03:00:00,28.584511,77.205783,215,VIDP,70.0,4.6,3000.0,2000,29.4,26.0,1000.2,0,0,0,0,0,2024-08-05 03:00:00
2024-08-05 06:00:00,28.584511,77.205783,215,VIDP,90.0,5.1,2700.0,4000,31.4,25.8,1000.9,0,0,0,0,0,2024-08-05 06:00:00
2024-08-05 09:00:00,28.584511,77.205783,215,VIDP,90.0,3.6,1050.0,4000,32.4,26.3,999.3,0,0,0,0,0,2024-08-05 09:00:00
2024-08-05 12:00:00,28.584511,77.205783,215,VIDP,70.0,3.1,3000.0,4000,32.4,27.2,997.5,0,0,0,0,0,2024-08-05 12:00:00
2024-08-05 15:00:00,28.584511,77.205783,215,VIDP,70.0,2.6,22000.0,4000,30.6,26.7,999.0,0,0,0,0,0,2024-08-05 15:00:00
2024-08-05 18:00:00,28.584511,77.205783,215,VIDP,110.0,1.5,22000.0,4000,29.8,27.0,1000.2,0,0,0,0,0,2024-08-05 18:00:00
2024-08-05 21:00:00,28.584511,77.205783,215,VIDP,140.0,2.1,22000.0,4000,29.0,26.5,998.8,0,0,0,0,0,2024-08-05 21:00:00
2024-08-06 00:00:00,28.584511,77.205783,215,VIDP,,1.0,,4000,28.0,26.3,998.4,0,0,0,0,0,2024-08-06 00:00:00
2024-08-06 03:00:00,28.584511,77.205783,215,VIDP,,1.0,,4000,28.8,25.4,999.5,0,0,0,0,0,2024-08-06 03:00:00
2024-08-06 04:30:00,28.584511,77.205783,215,VIDP,140.0,1.5,914.0,4000,29.0,26.0,,1,0,0,0,0,2024-08-06 04:00:00
2024-08-06 06:00:00,28.584511,77.205783,215,VIDP,140.0,1.0,900.0,4000,31.2,25.9,999.0,0,0,0,0,0,2024-08-06 06:00:00
2024-08-06 09:00:00,28.584511,77.205783,215,VIDP,180.0,1.5,22000.0,4000,34.0,25.9,997.3,0,0,0,0,0,2024-08-06 09:00:00
2024-08-06 12:00:00,28.584511,77.205783,215,VIDP,180.0,3.1,3000.0,4000,33.2,26.0,995.8,0,0,0,0,0,2024-08-06 12:00:00
2024-08-06 15:00:00,28.584511,77.205783,215,VIDP,230.0,2.6,3000.0,4000,30.8,26.0,997.3,0,0,0,0,0,2024-08-06 15:00:00
2024-08-06 18:00:00,28.584511,77.205783,215,VIDP,230.0,2.6,3000.0,4000,29.2,25.2,999.2,0,0,0,0,0,2024-08-06 18:00:00
2024-08-06 21:00:00,28.584511,77.205783,215,VIDP,230.0,2.1,3000.0,4000,28.4,26.4,998.3,0,0,0,0,0,2024-08-06 21:00:00
2024-08-07 00:00:00,28.584511,77.205783,215,VIDP,,0.0,3000.0,4000,28.0,25.7,998.5,0,0,0,0,0,2024-08-07 00:00:00
2024-08-07 03:00:00,28.584511,77.205783,215,VIDP,,0.0,2700.0,2000,27.8,26.4,1000.0,0,0,0,0,0,2024-08-07 03:00:00
2024-08-07 06:00:00,28.584511,77.205783,215,VIDP,230.0,2.1,2700.0,2000,29.0,27.1,1000.4,0,0,0,0,0,2024-08-07 06:00:00
2024-08-07 09:00:00,28.584511,77.205783,215,VIDP,90.0,1.5,1050.0,4000,31.2,27.1,998.6,0,0,0,0,0,2024-08-07 09:00:00
2024-08-07 12:00:00,28.584511,77.205783,215,VIDP,90.0,2.6,750.0,2000,27.2,27.2,998.9,0,0,0,0,0,2024-08-07 12:00:00
2024-08-07 15:00:00,28.584511,77.205783,215,VIDP,70.0,1.5,1050.0,2000,27.4,27.4,1000.5,0,0,0,0,0,2024-08-07 15:00:00
2024-08-07 18:00:00,28.584511,77.205783,215,VIDP,90.0,1.5,1050.0,2000,27.0,27.0,1001.6,0,0,0,0,0,2024-08-07 18:00:00
2024-08-07 21:00:00,28.584511,77.205783,215,VIDP,90.0,1.5,1050.0,2000,26.4,26.1,1000.0,0,0,0,0,0,2024-08-07 21:00:00
2024-08-08 00:00:00,28.584511,77.205783,215,VIDP,90.0,1.5,900.0,2000,26.6,26.3,1000.5,0,0,0,0,0,2024-08-08 00:00:00
2024-08-08 03:00:00,28.584511,77.205783,215,VIDP,70.0,1.5,900.0,2000,28.0,27.2,1002.0,0,0,0,0,0,2024-08-08 03:00:00
2024-08-08 06:00:00,28.584511,77.205783,215,VIDP,90.0,3.1,900.0,2000,31.2,27.6,1002.1,0,0,0,0,0,2024-08-08 06:00:00
2024-08-08 09:00:00,28.584511,77.205783,215,VIDP,90.0,4.1,1050.0,4000,32.8,27.0,1000.0,0,0,0,0,0,2024-08-08 09:00:00
2024-08-08 12:00:00,28.584511,77.205783,215,VIDP,70.0,2.6,3000.0,4000,32.0,27.9,999.4,0,0,0,0,0,2024-08-08 12:00:00
2024-08-08 15:00:00,28.584511,77.205783,215,VIDP,,0.0,2700.0,4000,28.8,26.6,1001.8,0,0,0,0,0,2024-08-08 15:00:00
2024-08-08 18:00:00,28.584511,77.205783,215,VIDP,,0.0,2700.0,4000,28.0,26.6,1002.7,0,0,0,0,0,2024-08-08 18:00:00
2024-08-08 21:00:00,28.584511,77.205783,215,VIDP,,0.0,2700.0,4000,27.8,26.7,1001.5,0,0,0,0,0,2024-08-08 21:00:00
2024-08-09 00:00:00,28.584511,77.205783,215,VIDP,,0.0,2700.0,4000,27.8,26.7,1001.5,0,0,0,0,0,2024-08-09 00:00:00
2024-08-09 03:00:00,28.584511,77.205783,215,VIDP,90.0,2.1,2700.0,2000,29.8,27.0,1003.2,0,0,0,0,0,2024-08-09 03:00:00
2024-08-09 06:00:00,28.584511,77.205783,215,VIDP,70.0,2.6,2700.0,2000,32.8,27.9,1002.6,0,0,0,0,0,2024-08-09 06:00:00
2024-08-09 09:00:00,28.584511,77.205783,215,VIDP,110.0,2.6,2700.0,2000,34.6,27.8,1000.4,0,0,0,0,0,2024-08-09 09:00:00
2024-08-09 12:00:00,28.584511,77.205783,215,VIDP,50.0,2.6,2700.0,2000,28.0,28.0,1000.8,0,0,0,0,0,2024-08-09 12:00:00
2024-08-09 15:00:00,28.584511,77.205783,215,VIDP,140.0,1.5,1050.0,2000,27.8,27.2,1002.6,0,0,0,0,0,2024-08-09 15:00:00
2024-08-09 18:00:00,28.584511,77.205783,215,VIDP,,0.0,3000.0,2000,27.4,27.1,1002.8,0,0,0,0,0,2024-08-09 18:00:00
2024-08-09 21:00:00,28.584511,77.205783,215,VIDP,,1.0,3000.0,2000,27.4,27.4,1001.3,0,0,0,0,0,2024-08-09 21:00:00
2024-08-10 00:00:00,28.584511,77.205783,215,VIDP,,0.0,900.0,1000,27.4,27.1,1001.9,0,0,0,0,0,2024-08-10 00:00:00
2024-08-10 03:00:00,28.584511,77.205783,215,VIDP,90.0,1.5,2700.0,2000,29.0,27.6,1002.3,0,0,0,0,0,2024-08-10 03:00:00
2024-08-10 06:00:00,28.584511,77.205783,215,VIDP,110.0,1.0,2700.0,2000,31.6,28.1,1002.4,0,0,0,0,0,2024-08-10 06:00:00
2024-08-10 09:00:00,28.584511,77.205783,215,VIDP,230.0,3.1,1050.0,2000,30.8,27.8,1000.0,0,0,0,0,0,2024-08-10 09:00:00
2024-08-10 12:00:00,28.584511,77.205783,215,VIDP,,0.0,2700.0,2000,29.4,27.8,999.3,0,0,0,0,0,2024-08-10 12:00:00
2024-08-10 15:00:00,28.584511,77.205783,215,VIDP,140.0,1.5,3000.0,4000,29.0,27.3,1000.7,0,0,0,0,0,2024-08-10 15:00:00
2024-08-10 18:00:00,28.584511,77.205783,215,VIDP,110.0,1.5,3000.0,2000,28.4,27.3,1000.6,0,0,0,0,0,2024-08-10 18:00:00
2024-08-10 21:00:00,28.584511,77.205783,215,VIDP,,0.0,1050.0,2000,28.4,27.9,999.7,0,0,0,0,0,2024-08-10 21:00:00
2024-08-11 00:00:00,28.584511,77.205783,215,VIDP,,0.0,1050.0,2000,27.4,27.4,999.3,0,0,0,0,0,2024-08-11 00:00:00
2024-08-11 03:00:00,28.584511,77.205783,215,VIDP,70.0,1.5,1050.0,2000,29.0,27.6,1000.5,0,0,0,0,0,2024-08-11 03:00:00
2024-08-11 06:00:00,28.584511,77.205783,215,VIDP,,0.0,900.0,2000,28.2,27.1,1001.5,0,0,0,0,0,2024-08-11 06:00:00
2024-08-11 09:00:00,28.584511,77.205783,215,VIDP,270.0,1.5,3000.0,4000,29.8,26.7,999.0,0,0,0,0,0,2024-08-11 09:00:00
2024-08-11 12:00:00,28.584511,77.205783,215,VIDP,,1.0,750.0,2000,26.2,26.2,999.1,0,0,0,0,0,2024-08-11 12:00:00
2024-08-11 15:00:00,28.584511,77.205783,215,VIDP,,0.0,900.0,2000,26.8,26.8,1000.4,0,0,0,0,0,2024-08-11 15:00:00
2024-08-11 18:00:00,28.584511,77.205783,215,VIDP,,0.0,2700.0,2000,27.0,26.7,1001.5,0,0,0,0,0,2024-08-11 18:00:00
2024-08-13 00:00:00,28.584511,77.205783,215,VIDP,,0.0,1050.0,2000,27.2,26.4,1001.8,0,0,0,0,0,2024-08-13 00:00:00
2024-08-13 03:00:00,28.584511,77.205783,215,VIDP,70.0,2.6,2700.0,2000,27.6,27.0,1003.4,0,0,0,0,0,2024-08-13 03:00:00
2024-08-13 06:00:00,28.584511,77.205783,215,VIDP,70.0,2.6,2700.0,2000,32.0,27.6,1003.7,0,0,0,0,0,2024-08-13 06:00:00
2024-08-13 09:00:00,28.584511,77.205783,215,VIDP,180.0,1.5,2700.0,2000,27.8,27.8,1001.8,0,0,0,0,0,2024-08-13 09:00:00
2024-08-13 12:00:00,28.584511,77.205783,215,VIDP,90.0,1.5,2700.0,2000,29.6,28.2,1000.4,0,0,0,0,0,2024-08-13 12:00:00
2024-08-13 15:00:00,28.584511,77.205783,215,VIDP,,0.0,3000.0,2000,29.0,28.2,1002.3,0,0,0,0,0,2024-08-13 15:00:00
2024-08-13 18:00:00,28.584511,77.205783,215,VIDP,,1.0,22000.0,2000,28.6,28.1,1003.3,0,0,0,0,0,2024-08-13 18:00:00
2024-08-13 21:00:00,28.584511,77.205783,215,VIDP,,0.0,3000.0,2000,28.0,27.6,1002.4,0,0,0,0,0,2024-08-13 21:00:00
2024-08-14 00:00:00,28.584511,77.205783,215,VIDP,,0.0,3000.0,2000,27.8,27.5,1002.5,0,0,0,0,0,2024-08-14 00:00:00
2024-08-14 01:30:00,28.584511,77.205783,215,VIDP,,1.0,3048.0,2200,28.0,28.0,,1,0,0,1,0,2024-08-14 01:00:00
2024-08-14 02:00:00,28.584511,77.205783,215,VIDP,,1.0,914.0,2200,29.0,28.0,,1,0,0,1,0,2024-08-14 02:00:00
2024-08-14 02:30:00,28.584511,77.205783,215,VIDP,,1.0,3048.0,2200,29.0,28.0,,1,0,0,1,0,2024-08-14 02:00:00
2024-08-14 03:00:00,28.584511,77.205783,215,VIDP,50.0,1.5,3000.0,2000,29.2,27.8,1003.9,0,0,0,0,0,2024-08-14 03:00:00
2024-08-14 03:30:00,28.584511,77.205783,215,VIDP,70.0,2.1,3048.0,2500,30.0,28.0,,1,0,0,0,0,2024-08-14 03:00:00
2024-08-14 04:00:00,28.584511,77.205783,215,VIDP,80.0,2.1,3048.0,2800,31.0,28.0,,1,0,0,0,0,2024-08-14 04:00:00
2024-08-14 04:30:00,28.584511,77.205783,215,VIDP,100.0,1.0,3048.0,3000,31.0,28.0,,1,0,0,0,0,2024-08-14 04:00:00
2024-08-14 05:30:00,28.584511,77.205783,215,VIDP,90.0,1.5,3048.0,3500,33.0,28.0,,0,1,0,0,0,2024-08-14 05:00:00
2024-08-14 06:00:00,28.584511,77.205783,215,VIDP,90.0,1.5,,4000,33.6,27.3,1003.5,0,0,0,0,0,2024-08-14 06:00:00
2024-08-14 06:00:00,28.584511,77.205783,215,VIDP,90.0,1.5,3500.0,4000,34.0,27.0,,0,1,0,0,0,2024-08-14 06:00:00
2024-08-14 06:30:00,28.584511,77.205783,215,VIDP,80.0,2.6,3500.0,4500,34.0,27.0,,0,1,0,0,0,2024-08-14 06:00:00
2024-08-14 07:00:00,28.584511,77.205783,215,VIDP,80.0,2.1,3500.0,4500,34.0,27.0,,0,1,0,0,0,2024-08-14 07:00:00
2024-08-14 07:30:00,28.584511,77.205783,215,VIDP,70.0,2.1,3500.0,4500,34.0,27.0,,0,1,0,0,0,2024-08-14 07:00:00
2024-08-14 08:00:00,28.584511,77.205783,215,VIDP,90.0,2.1,3500.0,4500,34.0,27.0,,0,1,0,0,0,2024-08-14 08:00:00
2024-08-14 08:30:00,28.584511,77.205783,215,VIDP,90.0,2.1,3500.0,4500,35.0,27.0,,0,1,1,0,1,2024-08-14 08:00:00
2024-08-14 09:00:00,28.584511,77.205783,215,VIDP,90.0,4.1,3000.0,4000,35.2,27.0,1001.8,0,0,0,0,0,2024-08-14 09:00:00
2024-08-14 12:00:00,28.584511,77.205783,215,VIDP,160.0,1.5,3000.0,4000,34.0,27.7,999.7,0,0,0,0,0,2024-08-14 12:00:00
2024-08-14 15:00:00,28.584511,77.205783,215,VIDP,,0.0,,4000,31.0,27.7,1001.8,0,0,0,0,0,2024-08-14 15:00:00
2024-08-14 18:00:00,28.584511,77.205783,215,VIDP,,0.0,,4000,30.0,27.8,1002.9,0,0,0,0,0,2024-08-14 18:00:00
2024-08-14 21:00:00,28.584511,77.205783,215,VIDP,70.0,1.5,,4000,29.4,27.8,1001.7,0,0,0,0,0,2024-08-14 21:00:00
2024-08-15 00:00:00,28.584511,77.205783,215,VIDP,50.0,2.1,,2000,28.8,27.4,1002.2,0,0,0,0,0,2024-08-15 00:00:00
2024-08-15 03:00:00,28.584511,77.205783,215,VIDP,90.0,1.5,1050.0,2000,29.4,28.0,1003.1,0,0,0,0,0,2024-08-15 03:00:00
2024-08-15 06:00:00,28.584511,77.205783,215,VIDP,90.0,2.6,1050.0,4000,32.8,27.3,1002.4,0,0,0,0,0,2024-08-15 06:00:00
2024-08-15 09:00:00,28.584511,77.205783,215,VIDP,140.0,1.5,1050.0,4000,33.6,27.6,1000.0,0,0,0,0,0,2024-08-15 09:00:00
2024-08-15 12:00:00,28.584511,77.205783,215,VIDP,,1.0,1050.0,4000,29.8,29.5,998.4,0,0,0,0,0,2024-08-15 12:00:00
2024-08-15 15:00:00,28.584511,77.205783,215,VIDP,200.0,2.6,1050.0,2000,29.4,28.0,1000.4,0,0,0,0,0,2024-08-15 15:00:00
2024-08-15 18:00:00,28.584511,77.205783,215,VIDP,,0.0,1050.0,2000,27.0,27.0,1001.6,0,0,0,0,0,2024-08-15 18:00:00
2024-08-15 21:00:00,28.584511,77.205783,215,VIDP,,0.0,2700.0,2000,27.0,27.0,1000.4,0,0,0,0,0,2024-08-15 21:00:00
2024-08-16 00:00:00,28.584511,77.205783,215,VIDP,,0.0,2700.0,2000,27.2,26.9,1000.2,0,0,0,0,0,2024-08-16 00:00:00
2024-08-16 03:00:00,28.584511,77.205783,215,VIDP,,1.0,2700.0,2000,29.0,28.5,1001.3,0,0,0,0,0,2024-08-16 03:00:00
2024-08-16 06:00:00,28.584511,77.205783,215,VIDP,110.0,1.5,1050.0,4000,33.2,28.0,1001.1,0,0,0,0,0,2024-08-16 06:00:00
2024-08-16 09:00:00,28.584511,77.205783,215,VIDP,140.0,4.1,3000.0,4000,34.6,27.2,999.0,0,0,0,0,0,2024-08-16 09:00:00
2024-08-16 12:00:00,28.584511,77.205783,215,VIDP,140.0,2.1,1050.0,4000,32.8,26.7,998.3,0,0,0,0,0,2024-08-16 12:00:00
2024-08-16 15:00:00,28.584511,77.205783,215,VIDP,,0.0,1050.0,4000,29.0,28.7,1001.6,0,0,0,0,0,2024-08-16 15:00:00
2024-08-16 18:00:00,28.584511,77.205783,215,VIDP,,0.0,2700.0,4000,29.2,28.1,1002.7,0,0,0,0,0,2024-08-16 18:00:00
2024-08-16 21:00:00,28.584511,77.205783,215,VIDP,,0.0,2700.0,4000,28.8,28.0,1002.8,0,0,0,0,0,2024-08-16 21:00:00
2024-08-17 00:00:00,28.584511,77.205783,215,VIDP,,0.0,2700.0,4000,28.2,27.6,1002.5,0,0,0,0,0,2024-08-17 00:00:00
2024-08-17 03:00:00,28.584511,77.205783,215,VIDP,,0.0,22000.0,4000,29.4,28.0,1003.9,0,0,0,0,0,2024-08-17 03:00:00
2024-08-17 06:00:00,28.584511,77.205783,215,VIDP,,0.0,3000.0,4000,33.2,27.7,1003.5,0,0,0,0,0,2024-08-17 06:00:00
2024-08-17 09:00:00,28.584511,77.205783,215,VIDP,290.0,2.6,1050.0,4000,34.0,28.0,1002.0,0,0,0,0,0,2024-08-17 09:00:00
2024-08-17 12:00:00,28.584511,77.205783,215,VIDP,,0.0,3000.0,4000,31.8,26.5,1001.6,0,0,0,0,0,2024-08-17 12:00:00
2024-08-17 15:00:00,28.584511,77.205783,215,VIDP,,0.0,2700.0,4000,30.2,27.4,1003.4,0,0,0,0,0,2024-08-17 15:00:00
2024-08-17 18:00:00,28.584511,77.205783,215,VIDP,,0.0,22000.0,4000,29.6,27.7,1003.7,0,0,0,0,0,2024-08-17 18:00:00
2024-08-17 21:00:00,28.584511,77.205783,215,VIDP,,0.0,22000.0,4000,29.0,27.6,1003.3,0,0,0,0,0,2024-08-17 21:00:00
2024-08-18 00:00:00,28.584511,77.205783,215,VIDP,250.0,2.1,,4000,28.6,27.2,1003.3,0,0,0,0,0,2024-08-18 00:00:00
2024-08-18 03:00:00,28.584511,77.205783,215,VIDP,270.0,2.6,22000.0,4000,30.0,27.2,1004.5,0,0,0,0,0,2024-08-18 03:00:00
2024-08-18 06:00:00,28.584511,77.205783,215,VIDP,270.0,2.6,3000.0,4000,33.8,27.2,1005.0,0,0,0,0,0,2024-08-18 06:00:00
2024-08-18 09:00:00,28.584511,77.205783,215,VIDP,,0.0,1050.0,2000,31.6,27.5,1003.2,0,0,0,0,0,2024-08-18 09:00:00
2024-08-18 09:00:00,28.584511,77.205783,215,VIDP,0.0,0.0,2743.0,3000,32.0,27.0,,1,0,1,0,1,2024-08-18 09:00:00
2024-08-18 12:00:00,28.584511,77.205783,215,VIDP,270.0,2.1,2700.0,4000,32.6,26.8,1001.8,0,0,0,0,0,2024-08-18 12:00:00
2024-08-18 15:00:00,28.584511,77.205783,215,VIDP,,0.0,3000.0,4000,31.2,27.8,1003.2,0,0,0,0,0,2024-08-18 15:00:00
2024-08-18 18:00:00,28.584511,77.205783,215,VIDP,,0.0,3000.0,4000,30.2,28.0,1003.9,0,0,0,0,0,2024-08-18 18:00:00
2024-08-18 21:00:00,28.584511,77.205783,215,VIDP,,0.0,3000.0,4000,29.6,28.0,1003.5,0,0,0,0,0,2024-08-18 21:00:00
2024-08-19 00:00:00,28.584511,77.205783,215,VIDP,,0.0,3000.0,2000,28.6,26.9,1003.1,0,0,0,0,0,2024-08-19 00:00:00
2024-08-19 03:00:00,28.584511,77.205783,215,VIDP,250.0,2.1,22000.0,2000,30.2,27.7,1004.3,0,0,0,0,0,2024-08-19 03:00:00
2024-08-19 06:00:00,28.584511,77.205783,215,VIDP,270.0,2.6,1050.0,4000,34.2,26.4,1003.5,0,0,0,0,0,2024-08-19 06:00:00
2024-08-19 09:00:00,28.584511,77.205783,215,VIDP,270.0,2.6,2700.0,4000,35.0,26.4,1000.6,0,0,0,0,0,2024-08-19 09:00:00
2024-08-19 12:00:00,28.584511,77.205783,215,VIDP,270.0,1.5,2700.0,4000,33.0,26.0,999.8,0,0,0,0,0,2024-08-19 12:00:00
2024-08-19 15:00:00,28.584511,77.205783,215,VIDP,,0.0,3000.0,4000,31.0,25.4,1001.4,0,0,0,0,0,2024-08-19 15:00:00
2024-08-19 18:00:00,28.584511,77.205783,215,VIDP,,0.0,3000.0,4000,29.6,26.8,1003.0,0,0,0,0,0,2024-08-19 18:00:00
2024-08-19 21:00:00,28.584511,77.205783,215,VIDP,,0.0,3000.0,2000,29.0,25.6,1002.4,0,0,0,0,0,2024-08-19 21:00:00
2024-08-20 00:00:00,28.584511,77.205783,215,VIDP,360.0,1.5,3000.0,2000,28.5,25.3,1002.4,0,0,0,0,0,2024-08-20 00:00:00
2024-08-20 03:00:00,28.584511,77.205783,215,VIDP,,0.0,900.0,4000,25.2,25.2,1004.5,0,0,0,0,0,2024-08-20 03:00:00
2024-08-20 06:00:00,28.584511,77.205783,215,VIDP,,0.0,2700.0,2000,26.8,26.5,1004.3,0,0,0,0,0,2024-08-20 06:00:00
2024-08-20 09:00:00,28.584511,77.205783,215,VIDP,290.0,1.5,3000.0,4000,30.6,27.3,1002.1,0,0,0,0,0,2024-08-20 09:00:00
2024-08-20 12:00:00,28.584511,77.205783,215,VIDP,340.0,1.0,3000.0,4000,32.4,26.6,1001.6,0,0,0,0,0,2024-08-20 12:00:00
2024-08-20 15:00:00,28.584511,77.205783,215,VIDP,270.0,2.6,3000.0,4000,30.0,26.1,1003.0,0,0,0,0,0,2024-08-20 15:00:00
2024-08-20 18:00:00,28.584511,77.205783,215,VIDP,,0.0,3000.0,2000,28.8,26.3,1004.7,0,0,0,0,0,2024-08-20 18:00:00
2024-08-20 21:00:00,28.584511,77.205783,215,VIDP,,0.0,3000.0,2000,28.0,26.0,1004.1,0,0,0,0,0,2024-08-20 21:00:00
2024-08-21 00:00:00,28.584511,77.205783,215,VIDP,,0.0,3000.0,4000,27.0,25.9,1004.3,0,0,0,0,0,2024-08-21 00:00:00
2024-08-21 03:00:00,28.584511,77.205783,215,VIDP,,0.0,,4000,28.7,25.4,1005.1,0,0,0,0,0,2024-08-21 03:00:00
2024-08-21 06:00:00,28.584511,77.205783,215,VIDP,250.0,1.5,,4000,34.0,25.0,1005.2,0,0,0,0,0,2024-08-21 06:00:00
2024-08-21 09:00:00,28.584511,77.205783,215,VIDP,360.0,1.5,22000.0,4000,35.6,25.9,1002.5,0,0,0,0,0,2024-08-21 09:00:00
2024-08-21 12:00:00,28.584511,77.205783,215,VIDP,140.0,1.5,3000.0,4000,33.0,26.6,1001.2,0,0,0,0,0,2024-08-21 12:00:00
2024-08-21 15:00:00,28.584511,77.205783,215,VIDP,200.0,1.5,2700.0,4000,30.2,26.0,1003.5,0,0,0,0,0,2024-08-21 15:00:00
2024-08-21 18:00:00,28.584511,77.205783,215,VIDP,,0.0,2700.0,4000,29.2,25.8,1004.0,0,0,0,0,0,2024-08-21 18:00:00
2024-08-21 21:00:00,28.584511,77.205783,215,VIDP,,0.0,22000.0,4000,28.6,26.4,1003.5,0,0,0,0,0,2024-08-21 21:00:00
2024-08-22 00:00:00,28.584511,77.205783,215,VIDP,,1.0,3000.0,2000,28.2,25.9,1003.0,0,0,0,0,0,2024-08-22 00:00:00
2024-08-22 03:00:00,28.584511,77.205783,215,VIDP,290.0,2.6,3000.0,4000,30.0,26.4,1004.1,0,0,0,0,0,2024-08-22 03:00:00
2024-08-22 06:00:00,28.584511,77.205783,215,VIDP,,1.0,22000.0,4000,34.6,26.3,1003.3,0,0,0,0,0,2024-08-22 06:00:00
2024-08-22 09:00:00,28.584511,77.205783,215,VIDP,20.0,1.5,22000.0,4000,36.0,26.3,1000.2,0,0,0,0,0,2024-08-22 09:00:00
2024-08-22 12:00:00,28.584511,77.205783,215,VIDP,,0.0,3000.0,4000,35.4,26.9,999.0,0,0,0,0,0,2024-08-22 12:00:00
2024-08-22 15:00:00,28.584511,77.205783,215,VIDP,320.0,3.1,3000.0,4000,29.7,26.7,1002.9,0,0,0,0,0,2024-08-22 15:00:00
2024-08-22 18:00:00,28.584511,77.205783,215,VIDP,320.0,2.1,3000.0,4000,28.6,25.3,1003.6,0,0,0,0,0,2024-08-22 18:00:00
2024-08-22 21:00:00,28.584511,77.205783,215,VIDP,290.0,1.5,3000.0,2000,27.8,25.5,1003.1,0,0,0,0,0,2024-08-22 21:00:00
2024-08-23 00:00:00,28.584511,77.205783,215,VIDP,,0.0,,2000,27.8,26.7,1003.5,0,0,0,0,0,2024-08-23 00:00:00
2024-08-23 03:00:00,28.584511,77.205783,215,VIDP,340.0,1.0,3000.0,2000,29.0,26.2,1005.0,0,0,0,0,0,2024-08-23 03:00:00
2024-08-23 06:00:00,28.584511,77.205783,215,VIDP,340.0,2.6,3000.0,2000,27.0,24.7,1006.3,0,0,0,0,0,2024-08-23 06:00:00
2024-08-23 09:00:00,28.584511,77.205783,215,VIDP,,0.0,3000.0,2000,29.2,25.8,1003.0,0,0,0,0,0,2024-08-23 09:00:00
2024-08-23 12:00:00,28.584511,77.205783,215,VIDP,,0.0,3000.0,2000,30.8,26.9,1001.4,0,0,0,0,0,2024-08-23 12:00:00
2024-08-23 15:00:00,28.584511,77.205783,215,VIDP,,0.0,3000.0,4000,29.2,26.4,1003.4,0,0,0,0,0,2024-08-23 15:00:00
2024-08-23 18:00:00,28.584511,77.205783,215,VIDP,,0.0,22000.0,4000,27.6,26.2,1004.7,0,0,0,0,0,2024-08-23 18:00:00
2024-08-23 21:00:00,28.584511,77.205783,215,VIDP,,0.0,,2000,27.0,25.9,1003.8,0,0,0,0,0,2024-08-23 21:00:00
2024-08-24 00:00:00,28.584511,77.205783,215,VIDP,,0.0,,2000,26.8,26.2,1003.7,0,0,0,0,0,2024-08-24 00:00:00
2024-08-24 03:00:00,28.584511,77.205783,215,VIDP,,0.0,3000.0,2000,29.8,28.2,1005.0,0,0,0,0,0,2024-08-24 03:00:00
2024-08-24 06:00:00,28.584511,77.205783,215,VIDP,50.0,1.5,3000.0,1000,32.4,28.0,1004.3,0,0,0,0,0,2024-08-24 06:00:00
2024-08-24 09:00:00,28.584511,77.205783,215,VIDP,50.0,3.6,3000.0,2000,34.8,27.1,1001.2,0,0,0,0,0,2024-08-24 09:00:00
2024-08-24 12:00:00,28.584511,77.205783,215,VIDP,340.0,1.5,,2000,34.0,29.2,999.0,0,0,0,0,0,2024-08-24 12:00:00
2024-08-24 15:00:00,28.584511,77.205783,215,VIDP,,0.0,,2000,30.8,27.5,1001.2,0,0,0,0,0,2024-08-24 15:00:00
2024-08-24 18:00:00,28.584511,77.205783,215,VIDP,,0.0,,2000,29.8,26.5,1002.4,0,0,0,0,0,2024-08-24 18:00:00
2024-08-24 21:00:00,28.584511,77.205783,215,VIDP,,0.0,3000.0,2000,29.0,26.2,1002.0,0,0,0,0,0,2024-08-24 21:00:00
2024-08-25 00:00:00,28.584511,77.205783,215,VIDP,70.0,2.1,,4000,27.0,26.2,1001.9,0,0,0,0,0,2024-08-25 00:00:00
2024-08-25 03:00:00,28.584511,77.205783,215,VIDP,90.0,4.1,,4000,29.2,26.7,1002.3,0,0,0,0,0,2024-08-25 03:00:00
2024-08-25 06:00:00,28.584511,77.205783,215,VIDP,90.0,4.1,3000.0,4000,33.4,26.8,1001.4,0,0,0,0,0,2024-08-25 06:00:00
2024-08-25 09:00:00,28.584511,77.205783,215,VIDP,70.0,4.1,3000.0,4000,34.2,26.4,999.0,0,0,0,0,0,2024-08-25 09:00:00
2024-08-25 12:00:00,28.584511,77.205783,215,VIDP,90.0,4.1,22000.0,4000,34.2,26.1,997.6,0,0,0,0,0,2024-08-25 12:00:00
2024-08-25 15:00:00,28.584511,77.205783,215,VIDP,90.0,2.1,22000.0,2000,31.4,26.1,999.7,0,0,0,0,0,2024-08-25 15:00:00
2024-08-25 18:00:00,28.584511,77.205783,215,VIDP,90.0,4.1,22000.0,2000,30.4,26.5,1000.3,0,0,0,0,0,2024-08-25 18:00:00
2024-08-25 21:00:00,28.584511,77.205783,215,VIDP,90.0,3.1,22000.0,2000,29.4,26.0,999.2,0,0,0,0,0,2024-08-25 21:00:00
2024-08-26 00:00:00,28.584511,77.205783,215,VIDP,70.0,2.1,22000.0,2000,28.2,26.2,1000.1,0,0,0,0,0,2024-08-26 00:00:00
2024-08-26 03:00:00,28.584511,77.205783,215,VIDP,90.0,2.6,3000.0,2000,30.0,26.7,1001.5,0,0,0,0,0,2024-08-26 03:00:00
2024-08-26 06:00:00,28.584511,77.205783,215,VIDP,90.0,3.1,3000.0,4000,33.6,27.0,1001.2,0,0,0,0,0,2024-08-26 06:00:00
2024-08-26 09:00:00,28.584511,77.205783,215,VIDP,90.0,4.1,1050.0,2000,34.8,27.1,998.7,0,0,0,0,0,2024-08-26 09:00:00
2024-08-26 12:00:00,28.584511,77.205783,215,VIDP,,0.0,1050.0,4000,31.0,26.3,998.8,0,0,0,0,0,2024-08-26 12:00:00
2024-08-26 15:00:00,28.584511,77.205783,215,VIDP,70.0,2.6,3000.0,2000,30.0,26.4,1001.5,0,0,0,0,0,2024-08-26 15:00:00
2024-08-26 18:00:00,28.584511,77.205783,215,VIDP,70.0,2.1,1050.0,2000,29.0,26.2,1002.8,0,0,0,0,0,2024-08-26 18:00:00
2024-08-26 21:00:00,28.584511,77.205783,215,VIDP,,0.0,1050.0,2000,26.4,25.3,1002.1,0,0,0,0,0,2024-08-26 21:00:00
2024-08-27 00:00:00,28.584511,77.205783,215,VIDP,70.0,3.1,1050.0,2000,26.4,26.1,1002.4,0,0,0,0,0,2024-08-27 00:00:00
2024-08-27 03:00:00,28.584511,77.205783,215,VIDP,70.0,4.1,3000.0,2000,29.0,26.5,1003.5,0,0,0,0,0,2024-08-27 03:00:00
2024-08-27 06:00:00,28.584511,77.205783,215,VIDP,70.0,4.1,3000.0,4000,32.6,25.9,1003.4,0,0,0,0,0,2024-08-27 06:00:00
2024-08-27 09:00:00,28.584511,77.205783,215,VIDP,90.0,2.6,3000.0,4000,33.0,27.5,1001.5,0,0,0,0,0,2024-08-27 09:00:00
2024-08-27 12:00:00,28.584511,77.205783,215,VIDP,110.0,2.6,2700.0,4000,29.4,25.4,1000.8,0,0,0,0,0,2024-08-27 12:00:00
2024-08-27 15:00:00,28.584511,77.205783,215,VIDP,110.0,1.5,3000.0,4000,29.0,26.2,1004.6,0,0,0,0,0,2024-08-27 15:00:00
2024-08-27 18:00:00,28.584511,77.205783,215,VIDP,140.0,1.0,3000.0,2000,28.4,26.7,1004.3,0,0,0,0,0,2024-08-27 18:00:00
2024-08-27 21:00:00,28.584511,77.205783,215,VIDP,,0.0,3000.0,2000,27.6,25.9,1003.6,0,0,0,0,0,2024-08-27 21:00:00
2024-08-28 00:00:00,28.584511,77.205783,215,VIDP,,0.0,2700.0,2000,25.0,25.0,1003.9,0,0,0,0,0,2024-08-28 00:00:00
2024-08-28 03:00:00,28.584511,77.205783,215,VIDP,,0.0,3000.0,2000,27.4,26.8,1004.6,0,0,0,0,0,2024-08-28 03:00:00
2024-08-28 06:00:00,28.584511,77.205783,215,VIDP,140.0,2.6,3000.0,2000,31.8,27.1,1004.1,0,0,0,0,0,2024-08-28 06:00:00
2024-08-28 09:00:00,28.584511,77.205783,215,VIDP,70.0,1.5,3000.0,4000,33.6,26.7,1001.6,0,0,0,0,0,2024-08-28 09:00:00
2024-08-28 12:00:00,28.584511,77.205783,215,VIDP,70.0,5.1,750.0,1000,30.0,27.2,1000.0,0,0,0,0,0,2024-08-28 12:00:00
2024-08-28 15:00:00,28.584511,77.205783,215,VIDP,,0.0,2700.0,2000,27.4,26.8,1002.1,0,0,0,0,0,2024-08-28 15:00:00
2024-08-28 18:00:00,28.584511,77.205783,215,VIDP,,0.0,2700.0,2000,27.6,26.8,1002.7,0,0,0,0,0,2024-08-28 18:00:00
2024-08-28 21:00:00,28.584511,77.205783,215,VIDP,,0.0,1050.0,2000,27.2,26.4,1000.9,0,0,0,0,0,2024-08-28 21:00:00
2024-08-29 00:00:00,28.584511,77.205783,215,VIDP,,0.0,1050.0,2000,25.2,25.2,1002.3,0,0,0,0,0,2024-08-29 00:00:00
2024-08-29 03:00:00,28.584511,77.205783,215,VIDP,70.0,2.1,900.0,2000,25.8,25.8,1004.5,0,0,0,0,0,2024-08-29 03:00:00
2024-08-29 06:00:00,28.584511,77.205783,215,VIDP,,1.0,750.0,1000,27.2,27.2,1004.8,0,0,0,0,0,2024-08-29 06:00:00
2024-08-29 09:00:00,28.584511,77.205783,215,VIDP,140.0,3.1,1050.0,1000,28.0,28.0,1003.2,0,0,0,0,0,2024-08-29 09:00:00
2024-08-29 12:00:00,28.584511,77.205783,215,VIDP,,0.0,3000.0,4000,27.6,27.0,1001.3,0,0,0,0,0,2024-08-29 12:00:00
2024-08-29 15:00:00,28.584511,77.205783,215,VIDP,,0.0,,4000,27.2,26.6,1003.9,0,0,0,0,0,2024-08-29 15:00:00
2024-08-29 18:00:00,28.584511,77.205783,215,VIDP,,0.0,22000.0,2000,26.6,26.3,1004.7,0,0,0,0,0,2024-08-29 18:00:00
2024-08-29 21:00:00,28.584511,77.205783,215,VIDP,,0.0,22000.0,2000,26.0,25.7,1004.6,0,0,0,0,0,2024-08-29 21:00:00
2024-08-30 00:00:00,28.584511,77.205783,215,VIDP,,0.0,22000.0,2000,25.6,25.3,1004.6,0,0,0,0,0,2024-08-30 00:00:00
2024-08-30 03:00:00,28.584511,77.205783,215,VIDP,,0.0,22000.0,2000,28.2,27.6,1005.7,0,0,0,0,0,2024-08-30 03:00:00
2024-08-30 06:00:00,28.584511,77.205783,215,VIDP,90.0,2.1,,2000,32.4,26.3,1006.6,0,0,0,0,0,2024-08-30 06:00:00
2024-08-30 09:00:00,28.584511,77.205783,215,VIDP,270.0,1.5,,4000,33.8,26.9,1003.7,0,0,0,0,0,2024-08-30 09:00:00
2024-08-30 12:00:00,28.584511,77.205783,215,VIDP,270.0,3.1,2700.0,4000,32.0,26.7,1003.2,0,0,0,0,0,2024-08-30 12:00:00
2024-08-30 15:00:00,28.584511,77.205783,215,VIDP,250.0,1.0,,4000,28.8,25.8,1005.6,0,0,0,0,0,2024-08-30 15:00:00
2024-08-30 18:00:00,28.584511,77.205783,215,VIDP,250.0,1.0,,4000,28.4,26.2,1006.0,0,0,0,0,0,2024-08-30 18:00:00
2024-08-30 21:00:00,28.584511,77.205783,215,VIDP,250.0,1.0,,2000,28.0,26.0,1005.2,0,0,0,0,0,2024-08-30 21:00:00
2024-08-31 00:00:00,28.584511,77.205783,215,VIDP,,0.0,3000.0,2000,27.0,25.6,1004.8,0,0,0,0,0,2024-08-31 00:00:00
2024-08-31 03:00:00,28.584511,77.205783,215,VIDP,270.0,2.6,22000.0,2000,29.2,26.7,1005.2,0,0,0,0,0,2024-08-31 03:00:00
2024-08-31 04:30:00,28.584511,77.205783,215,VIDP,270.0,3.1,3500.0,4000,32.0,26.0,,0,1,0,0,0,2024-08-31 04:00:00
2024-08-31 06:00:00,28.584511,77.205783,215,VIDP,270.0,4.1,22000.0,4000,33.8,26.3,1004.6,0,0,0,0,0,2024-08-31 06:00:00
2024-08-31 06:30:00,28.584511,77.205783,215,VIDP,320.0,2.1,3500.0,4000,34.0,26.0,,0,1,0,0,0,2024-08-31 06:00:00
2024-08-31 08:00:00,28.584511,77.205783,215,VIDP,250.0,4.1,3500.0,4000,35.0,26.0,,0,1,0,0,0,2024-08-31 08:00:00
2024-08-31 09:00:00,28.584511,77.205783,215,VIDP,290.0,2.6,22000.0,4000,35.0,25.8,1002.8,0,0,0,0,0,2024-08-31 09:00:00
2024-08-31 12:00:00,28.584511,77.205783,215,VIDP,290.0,1.5,22000.0,4000,34.4,26.4,1001.4,0,0,0,0,0,2024-08-31 12:00:00
2024-08-31 15:00:00,28.584511,77.205783,215,VIDP,,0.0,22000.0,2000,31.4,27.3,1003.5,0,0,0,0,0,2024-08-31 15:00:00
2024-08-31 18:00:00,28.584511,77.205783,215,VIDP,,0.0,,2000,30.4,27.4,1003.8,0,0,0,0,0,2024-08-31 18:00:00
2024-08-31 21:00:00,28.584511,77.205783,215,VIDP,,0.0,22000.0,2000,29.2,27.5,1003.2,0,0,0,0,0,2024-08-31 21:00:00
2024-09-01 00:00:00,28.584511,77.205783,215,VIDP,,0.0,22000.0,2000,28.0,26.9,1003.7,0,0,0,0,0,2024-09-01 00:00:00
2024-09-01 03:00:00,28.584511,77.205783,215,VIDP,290.0,2.6,22000.0,4000,30.2,27.2,1004.8,0,0,0,0,0,2024-09-01 03:00:00
2024-09-01 06:00:00,28.584511,77.205783,215,VIDP,290.0,2.1,22000.0,4000,34.2,25.8,1004.4,0,0,0,0,0,2024-09-01 06:00:00
2024-09-01 09:00:00,28.584511,77.205783,215,VIDP,290.0,2.1,3000.0,4000,35.2,26.3,1002.4,0,0,0,0,0,2024-09-01 09:00:00
2024-09-01 12:00:00,28.584511,77.205783,215,VIDP,,0.0,,4000,35.2,26.3,1000.9,0,0,0,0,0,2024-09-01 12:00:00
2024-09-01 15:00:00,28.584511,77.205783,215,VIDP,,0.0,3000.0,2000,31.8,27.4,1003.4,0,0,0,0,0,2024-09-01 15:00:00
2024-09-01 18:00:00,28.584511,77.205783,215,VIDP,180.0,2.1,3000.0,2000,30.6,25.8,1004.5,0,0,0,0,0,2024-09-01 18:00:00
2024-09-01 21:00:00,28.584511,77.205783,215,VIDP,,0.0,3000.0,2000,29.6,26.8,1004.5,0,0,0,0,0,2024-09-01 21:00:00
2024-09-02 00:00:00,28.584511,77.205783,215,VIDP,,0.0,2700.0,2000,28.2,26.5,1004.5,0,0,0,0,0,2024-09-02 00:00:00
2024-09-02 03:00:00,28.584511,77.205783,215,VIDP,110.0,1.5,2700.0,2000,28.8,26.6,1006.7,0,0,0,0,0,2024-09-02 03:00:00
2024-09-02 06:00:00,28.584511,77.205783,215,VIDP,160.0,1.5,2700.0,2000,27.2,27.2,1006.9,0,0,0,0,0,2024-09-02 06:00:00
2024-09-02 09:00:00,28.584511,77.205783,215,VIDP,90.0,2.6,2700.0,2000,30.4,27.9,1003.8,0,0,0,0,0,2024-09-02 09:00:00
2024-09-02 12:00:00,28.584511,77.205783,215,VIDP,70.0,1.5,22000.0,2000,32.4,26.6,1001.7,0,0,0,0,0,2024-09-02 12:00:00
2024-09-02 15:00:00,28.584511,77.205783,215,VIDP,,0.0,22000.0,2000,30.0,26.9,1003.8,0,0,0,0,0,2024-09-02 15:00:00
2024-09-02 18:00:00,28.584511,77.205783,215,VIDP,70.0,2.1,22000.0,2000,29.0,26.8,1005.3,0,0,0,0,0,2024-09-02 18:00:00
2024-09-02 21:00:00,28.584511,77.205783,215,VIDP,,0.0,3000.0,2000,28.8,26.9,1004.7,0,0,0,0,0,2024-09-02 21:00:00
2024-09-03 00:00:00,28.584511,77.205783,215,VIDP,70.0,1.5,3000.0,2000,28.4,26.7,1004.6,0,0,0,0,0,2024-09-03 00:00:00
2024-09-03 03:00:00,28.584511,77.205783,215,VIDP,140.0,2.1,3000.0,2000,30.6,27.3,1006.3,0,0,0,0,0,2024-09-03 03:00:00
2024-09-03 06:00:00,28.584511,77.205783,215,VIDP,,0.0,3000.0,2000,32.6,26.5,1005.7,0,0,0,0,0,2024-09-03 06:00:00
2024-09-03 09:00:00,28.584511,77.205783,215,VIDP,70.0,2.6,22000.0,4000,35.6,25.9,1002.5,0,0,0,0,0,2024-09-03 09:00:00
2024-09-03 12:00:00,28.584511,77.205783,215,VIDP,,0.0,3000.0,4000,34.6,25.7,1001.7,0,0,0,0,0,2024-09-03 12:00:00
2024-09-03 15:00:00,28.584511,77.205783,215,VIDP,,1.0,1050.0,2000,31.4,26.7,1004.7,0,0,0,0,0,2024-09-03 15:00:00
2024-09-03 18:00:00,28.584511,77.205783,215,VIDP,,0.0,1050.0,2000,28.0,25.2,1005.8,0,0,0,0,0,2024-09-03 18:00:00
2024-09-03 21:00:00,28.584511,77.205783,215,VIDP,,0.0,2700.0,2000,27.6,26.8,1003.8,0,0,0,0,0,2024-09-03 21:00:00
2024-09-04 00:00:00,28.584511,77.205783,215,VIDP,,0.0,3000.0,2000,27.2,26.4,1004.1,0,0,0,0,0,2024-09-04 00:00:00
2024-09-04 03:00:00,28.584511,77.205783,215,VIDP,,0.0,3000.0,2000,28.2,25.4,1003.5,0,0,0,0,0,2024-09-04 03:00:00
2024-09-04 06:00:00,28.584511,77.205783,215,VIDP,270.0,1.5,3000.0,4000,32.2,26.1,1003.5,0,0,0,0,0,2024-09-04 06:00:00
2024-09-04 09:00:00,28.584511,77.205783,215,VIDP,230.0,2.1,1050.0,2000,24.8,24.8,1003.5,0,0,0,0,0,2024-09-04 09:00:00
2024-09-04 12:00:00,28.584511,77.205783,215,VIDP,,0.0,2700.0,4000,25.8,25.5,1000.2,0,0,0,0,0,2024-09-04 12:00:00
2024-09-04 15:00:00,28.584511,77.205783,215,VIDP,,1.0,2700.0,4000,26.0,25.4,1001.6,0,0,0,0,0,2024-09-04 15:00:00
2024-09-04 18:00:00,28.584511,77.205783,215,VIDP,,0.0,3000.0,4000,25.4,25.1,1001.7,0,0,0,0,0,2024-09-04 18:00:00
2024-09-04 21:00:00,28.584511,77.205783,215,VIDP,,0.0,22000.0,2000,25.2,24.9,1001.1,0,0,0,0,0,2024-09-04 21:00:00
2024-09-05 00:00:00,28.584511,77.205783,215,VIDP,,0.0,3000.0,2000,25.0,25.0,1001.2,0,0,0,0,0,2024-09-05 00:00:00
2024-09-05 03:00:00,28.584511,77.205783,215,VIDP,,0.0,22000.0,4000,26.6,24.9,1002.5,0,0,0,0,0,2024-09-05 03:00:00
2024-09-05 06:00:00,28.584511,77.205783,215,VIDP,,0.0,,4000,30.6,25.5,1002.9,0,0,0,0,0,2024-09-05 06:00:00
2024-09-05 09:00:00,28.584511,77.205783,215,VIDP,,0.0,3000.0,4000,32.4,25.7,999.6,0,0,0,0,0,2024-09-05 09:00:00
2024-09-05 12:00:00,28.584511,77.205783,215,VIDP,,0.0,1050.0,2000,32.4,26.0,998.2,0,0,0,0,0,2024-09-05 12:00:00
2024-09-05 15:00:00,28.584511,77.205783,215,VIDP,,0.0,2700.0,2000,28.4,26.4,1000.4,0,0,0,0,0,2024-09-05 15:00:00
2024-09-05 18:00:00,28.584511,77.205783,215,VIDP,,0.0,2700.0,2000,28.4,26.4,1001.5,0,0,0,0,0,2024-09-05 18:00:00
2024-09-05 21:00:00,28.584511,77.205783,215,VIDP,,0.0,2700.0,2000,28.0,26.6,1000.9,0,0,0,0,0,2024-09-05 21:00:00
2024-09-06 00:00:00,28.584511,77.205783,215,VIDP,,0.0,,2000,27.6,27.0,1001.1,0,0,0,0,0,2024-09-06 00:00:00
2024-09-06 03:00:00,28.584511,77.205783,215,VIDP,,0.0,900.0,1000,25.6,25.6,1003.8,0,0,0,0,0,2024-09-06 03:00:00
2024-09-06 06:00:00,28.584511,77.205783,215,VIDP,50.0,4.1,1050.0,2000,27.6,26.2,1004.6,0,0,0,0,0,2024-09-06 06:00:00
2024-09-06 09:00:00,28.584511,77.205783,215,VIDP,90.0,2.6,3000.0,2000,30.6,26.4,1001.8,0,0,0,0,0,2024-09-06 09:00:00
2024-09-06 12:00:00,28.584511,77.205783,215,VIDP,90.0,2.6,1050.0,2000,31.0,27.4,1001.5,0,0,0,0,0,2024-09-06 12:00:00
2024-09-06 15:00:00,28.584511,77.205783,215,VIDP,90.0,2.1,2700.0,4000,28.2,25.7,1003.3,0,0,0,0,0,2024-09-06 15:00:00
2024-09-06 18:00:00,28.584511,77.205783,215,VIDP,,0.0,2700.0,4000,26.8,24.8,1004.3,0,0,0,0,0,2024-09-06 18:00:00
2024-09-06 21:00:00,28.584511,77.205783,215,VIDP,,0.0,2700.0,4000,26.6,24.9,1003.7,0,0,0,0,0,2024-09-06 21:00:00
2024-09-07 00:00:00,28.584511,77.205783,215,VIDP,,1.0,3000.0,2000,26.2,25.1,1003.2,0,0,0,0,0,2024-09-07 00:00:00
2024-09-07 03:00:00,28.584511,77.205783,215,VIDP,90.0,1.5,3000.0,2000,26.8,25.4,1005.2,0,0,0,0,0,2024-09-07 03:00:00
2024-09-07 06:00:00,28.584511,77.205783,215,VIDP,50.0,1.0,3000.0,2000,29.6,25.7,1005.0,0,0,0,0,0,2024-09-07 06:00:00
2024-09-07 09:00:00,28.584511,77.205783,215,VIDP,,0.0,3000.0,2000,33.4,26.8,1002.0,0,0,0,0,0,2024-09-07 09:00:00
2024-09-07 12:00:00,28.584511,77.205783,215,VIDP,230.0,1.5,1050.0,2000,28.8,27.4,1002.2,0,0,0,0,0,2024-09-07 12:00:00
2024-09-07 15:00:00,28.584511,77.205783,215,VIDP,250.0,1.5,900.0,1000,27.2,26.6,1003.9,0,0,0,0,0,2024-09-07 15:00:00
2024-09-07 18:00:00,28.584511,77.205783,215,VIDP,,0.0,900.0,2000,27.0,26.4,1004.6,0,0,0,0,0,2024-09-07 18:00:00
2024-09-07 21:00:00,28.584511,77.205783,215,VIDP,,0.0,3000.0,2000,27.0,26.4,1003.8,0,0,0,0,0,2024-09-07 21:00:00
2024-09-08 00:00:00,28.584511,77.205783,215,VIDP,,0.0,3000.0,2000,27.0,26.4,1003.7,0,0,0,0,0,2024-09-08 00:00:00
2024-09-08 03:00:00,28.584511,77.205783,215,VIDP,,0.0,2700.0,1000,28.2,26.5,1004.9,0,0,0,0,0,2024-09-08 03:00:00
2024-09-08 04:30:00,28.584511,77.205783,215,VIDP,0.0,0.0,3048.0,1200,29.0,27.0,,1,0,1,0,0,2024-09-08 04:00:00
2024-09-08 06:00:00,28.584511,77.205783,215,VIDP,230.0,3.1,2700.0,1000,29.4,26.9,1005.0,0,0,0,0,0,2024-09-08 06:00:00
2024-09-08 09:00:00,28.584511,77.205783,215,VIDP,250.0,2.1,900.0,1000,28.0,26.9,1003.3,0,0,0,0,0,2024-09-08 09:00:00
2024-09-08 12:00:00,28.584511,77.205783,215,VIDP,250.0,1.5,2700.0,1000,29.0,27.3,1001.7,0,0,0,0,0,2024-09-08 12:00:00
2024-09-08 15:00:00,28.584511,77.205783,215,VIDP,,0.0,3000.0,1000,28.2,27.1,1002.6,0,0,0,0,0,2024-09-08 15:00:00
2024-09-08 18:00:00,28.584511,77.205783,215,VIDP,,0.0,22000.0,1000,27.2,26.6,1002.4,0,0,0,0,0,2024-09-08 18:00:00
2024-09-08 21:00:00,28.584511,77.205783,215,VIDP,270.0,1.5,22000.0,500,27.0,26.7,1001.5,0,0,0,0,0,2024-09-08 21:00:00
2024-09-09 00:00:00,28.584511,77.205783,215,VIDP,,0.0,22000.0,500,26.8,26.5,1002.0,0,0,0,0,0,2024-09-09 00:00:00
2024-09-09 03:00:00,28.584511,77.205783,215,VIDP,,0.0,22000.0,1000,28.4,27.0,1003.0,0,0,0,0,0,2024-09-09 03:00:00
2024-09-09 06:00:00,28.584511,77.205783,215,VIDP,,0.0,,2000,32.2,27.0,1002.4,0,0,0,0,0,2024-09-09 06:00:00
2024-09-09 09:00:00,28.584511,77.205783,215,VIDP,270.0,2.1,1050.0,2000,34.2,26.1,999.4,0,0,0,0,0,2024-09-09 09:00:00
2024-09-09 12:00:00,28.584511,77.205783,215,VIDP,,0.0,1050.0,2000,31.0,26.0,999.4,0,0,0,0,0,2024-09-09 12:00:00
2024-09-09 15:00:00,28.584511,77.205783,215,VIDP,,0.0,3000.0,2000,29.2,25.8,1000.0,0,0,0,0,0,2024-09-09 15:00:00
2024-09-09 18:00:00,28.584511,77.205783,215,VIDP,,0.0,3000.0,2000,28.2,26.2,1001.0,0,0,0,0,0,2024-09-09 18:00:00
2024-09-09 21:00:00,28.584511,77.205783,215,VIDP,,0.0,3000.0,2000,27.0,26.4,1000.4,0,0,0,0,0,2024-09-09 21:00:00
2024-09-10 00:00:00,28.584511,77.205783,215,VIDP,,0.0,3000.0,1000,26.6,26.0,1000.7,0,0,0,0,0,2024-09-10 00:00:00
2024-09-10 03:00:00,28.584511,77.205783,215,VIDP,,0.0,,2000,29.0,26.2,1002.2,0,0,0,0,0,2024-09-10 03:00:00
2024-09-10 06:00:00,28.584511,77.205783,215,VIDP,,0.0,,2000,33.6,26.7,1001.8,0,0,0,0,0,2024-09-10 06:00:00
2024-09-10 09:00:00,28.584511,77.205783,215,VIDP,,0.0,3000.0,2000,34.8,27.1,998.5,0,0,0,0,0,2024-09-10 09:00:00
2024-09-10 12:00:00,28.584511,77.205783,215,VIDP,340.0,1.5,2700.0,2000,25.8,25.8,1000.1,0,0,0,0,0,2024-09-10 12:00:00
2024-09-10 15:00:00,28.584511,77.205783,215,VIDP,,0.0,2700.0,2000,25.8,25.2,1000.6,0,0,0,0,0,2024-09-10 15:00:00
2024-09-10 18:00:00,28.584511,77.205783,215,VIDP,,1.0,3000.0,2000,26.2,25.6,1000.8,0,0,0,0,0,2024-09-10 18:00:00
2024-09-10 21:00:00,28.584511,77.205783,215,VIDP,,1.0,3000.0,2000,26.2,25.6,1000.1,0,0,0,0,0,2024-09-10 21:00:00
2024-09-11 00:00:00,28.584511,77.205783,215,VIDP,,0.0,22000.0,2000,26.0,25.4,1000.8,0,0,0,0,0,2024-09-11 00:00:00
2024-09-11 03:00:00,28.584511,77.205783,215,VIDP,140.0,1.0,1050.0,2000,27.0,25.6,1003.7,0,0,0,0,0,2024-09-11 03:00:00
2024-09-11 06:00:00,28.584511,77.205783,215,VIDP,,0.0,3000.0,4000,29.4,26.0,1002.1,0,0,0,0,0,2024-09-11 06:00:00
2024-09-11 09:00:00,28.584511,77.205783,215,VIDP,,0.0,900.0,2000,32.2,26.4,999.9,0,0,0,0,0,2024-09-11 09:00:00
2024-09-11 12:00:00,28.584511,77.205783,215,VIDP,,0.0,900.0,2000,30.4,27.1,998.4,0,0,0,0,0,2024-09-11 12:00:00
2024-09-11 15:00:00,28.584511,77.205783,215,VIDP,,0.0,900.0,2000,29.2,27.8,1000.1,0,0,0,0,0,2024-09-11 15:00:00
2024-09-11 18:00:00,28.584511,77.205783,215,VIDP,,1.0,1050.0,2000,29.4,26.9,999.2,0,0,0,0,0,2024-09-11 18:00:00
2024-09-11 21:00:00,28.584511,77.205783,215,VIDP,,0.0,1050.0,2000,27.6,27.3,998.1,0,0,0,0,0,2024-09-11 21:00:00
2024-09-12 00:00:00,28.584511,77.205783,215,VIDP,90.0,2.1,1050.0,2000,25.4,25.4,998.6,0,0,0,0,0,2024-09-12 00:00:00
2024-09-12 03:00:00,28.584511,77.205783,215,VIDP,70.0,1.5,900.0,2000,25.2,25.2,999.9,0,0,0,0,0,2024-09-12 03:00:00
2024-09-12 06:00:00,28.584511,77.205783,215,VIDP,50.0,3.1,900.0,2000,27.0,26.4,1000.5,0,0,0,0,0,2024-09-12 06:00:00
2024-09-12 09:00:00,28.584511,77.205783,215,VIDP,20.0,2.1,900.0,4000,27.4,25.7,999.0,0,0,0,0,0,2024-09-12 09:00:00
2024-09-12 12:00:00,28.584511,77.205783,215,VIDP,20.0,2.6,900.0,4000,26.8,24.5,999.1,0,0,0,0,0,2024-09-12 12:00:00
2024-09-12 15:00:00,28.584511,77.205783,215,VIDP,340.0,1.5,900.0,2000,24.8,24.8,1000.0,0,0,0,0,0,2024-09-12 15:00:00
2024-09-12 18:00:00,28.584511,77.205783,215,VIDP,340.0,1.0,900.0,2000,24.6,24.3,999.8,0,0,0,0,0,2024-09-12 18:00:00
2024-09-12 21:00:00,28.584511,77.205783,215,VIDP,320.0,1.5,900.0,2000,24.0,23.7,998.4,0,0,0,0,0,2024-09-12 21:00:00
2024-09-13 00:00:00,28.584511,77.205783,215,VIDP,290.0,3.6,900.0,2000,23.8,23.8,998.5,0,0,0,0,0,2024-09-13 00:00:00
2024-09-13 03:00:00,28.584511,77.205783,215,VIDP,270.0,4.1,900.0,4000,24.8,24.1,1000.1,0,0,0,0,0,2024-09-13 03:00:00
2024-09-13 06:00:00,28.584511,77.205783,215,VIDP,250.0,3.1,900.0,4000,27.2,24.6,1000.7,0,0,0,0,0,2024-09-13 06:00:00
2024-09-13 09:00:00,28.584511,77.205783,215,VIDP,250.0,2.1,900.0,4000,25.2,25.2,999.8,0,0,0,0,0,2024-09-13 09:00:00
2024-09-13 21:00:00,28.584511,77.205783,215,VIDP,,0.0,900.0,1000,23.0,23.0,1001.1,0,0,0,0,0,2024-09-13 21:00:00
2024-09-14 00:00:00,28.584511,77.205783,215,VIDP,,0.0,3000.0,1000,22.6,22.6,1001.0,0,0,0,0,0,2024-09-14 00:00:00
2024-09-14 03:00:00,28.584511,77.205783,215,VIDP,250.0,4.1,900.0,1000,24.4,24.4,1002.8,0,0,0,0,0,2024-09-14 03:00:00
2024-09-14 06:00:00,28.584511,77.205783,215,VIDP,270.0,3.1,3000.0,2000,28.4,25.9,1003.2,0,0,0,0,0,2024-09-14 06:00:00
2024-09-14 09:00:00,28.584511,77.205783,215,VIDP,270.0,3.6,3000.0,2000,31.4,25.5,1001.1,0,0,0,0,0,2024-09-14 09:00:00
2024-09-14 12:00:00,28.584511,77.205783,215,VIDP,270.0,3.6,3000.0,2000,31.2,28.8,1000.2,0,0,0,0,0,2024-09-14 12:00:00
2024-09-14 15:00:00,28.584511,77.205783,215,VIDP,70.0,2.1,900.0,4000,27.4,26.6,1003.1,0,0,0,0,0,2024-09-14 15:00:00
2024-09-14 18:00:00,28.584511,77.205783,215,VIDP,,0.0,3000.0,4000,26.0,24.6,1003.4,0,0,0,0,0,2024-09-14 18:00:00
2024-09-14 21:00:00,28.584511,77.205783,215,VIDP,200.0,2.1,22000.0,4000,25.6,24.1,1001.7,0,0,0,0,0,2024-09-14 21:00:00
2024-09-15 00:00:00,28.584511,77.205783,215,VIDP,250.0,2.6,22000.0,4000,25.4,23.7,1001.9,0,0,0,0,0,2024-09-15 00:00:00
2024-09-15 03:00:00,28.584511,77.205783,215,VIDP,290.0,1.5,3000.0,4000,26.8,23.6,1003.5,0,0,0,0,0,2024-09-15 03:00:00
2024-09-15 06:00:00,28.584511,77.205783,215,VIDP,270.0,5.1,3000.0,4000,30.6,23.7,1003.7,0,0,0,0,0,2024-09-15 06:00:00
2024-09-15 09:00:00,28.584511,77.205783,215,VIDP,270.0,3.1,900.0,4000,33.0,23.8,1002.0,0,0,0,0,0,2024-09-15 09:00:00
2024-09-15 12:00:00,28.584511,77.205783,215,VIDP,270.0,2.1,3000.0,4000,31.4,25.2,1000.8,0,0,0,0,0,2024-09-15 12:00:00
2024-09-15 15:00:00,28.584511,77.205783,215,VIDP,,0.0,3000.0,4000,29.2,26.1,1002.9,0,0,0,0,0,2024-09-15 15:00:00
2024-09-15 18:00:00,28.584511,77.205783,215,VIDP,,0.0,22000.0,4000,27.4,25.4,1003.7,0,0,0,0,0,2024-09-15 18:00:00
2024-09-15 21:00:00,28.584511,77.205783,215,VIDP,,0.0,22000.0,4000,26.4,25.0,1002.2,0,0,0,0,0,2024-09-15 21:00:00
2024-09-16 00:00:00,28.584511,77.205783,215,VIDP,250.0,2.1,22000.0,4000,26.0,25.1,1003.4,0,0,0,0,0,2024-09-16 00:00:00
2024-09-16 03:00:00,28.584511,77.205783,215,VIDP,270.0,3.1,22000.0,4000,27.6,24.1,1005.1,0,0,0,0,0,2024-09-16 03:00:00
2024-09-16 06:00:00,28.584511,77.205783,215,VIDP,270.0,3.1,22000.0,4000,31.6,23.5,1005.3,0,0,0,0,0,2024-09-16 06:00:00
2024-09-16 09:00:00,28.584511,77.205783,215,VIDP,270.0,3.1,,4000,33.8,26.6,1003.8,0,0,0,0,0,2024-09-16 09:00:00
2024-09-16 12:00:00,28.584511,77.205783,215,VIDP,270.0,2.6,22000.0,4000,32.0,23.3,1003.2,0,0,0,0,0,2024-09-16 12:00:00
2024-09-16 15:00:00,28.584511,77.205783,215,VIDP,,0.0,,4000,29.0,25.6,1004.6,0,0,0,0,0,2024-09-16 15:00:00
2024-09-16 18:00:00,28.584511,77.205783,215,VIDP,,0.0,,2000,27.4,25.7,1005.4,0,0,0,0,0,2024-09-16 18:00:00
2024-09-16 21:00:00,28.584511,77.205783,215,VIDP,,0.0,,2000,26.4,25.0,1004.7,0,0,0,0,0,2024-09-16 21:00:00
2024-09-17 00:00:00,28.584511,77.205783,215,VIDP,,0.0,22000.0,2000,26.0,25.1,1005.3,0,0,0,0,0,2024-09-17 00:00:00
2024-09-17 02:00:00,28.584511,77.205783,215,VIDP,260.0,2.6,3048.0,3000,27.0,25.0,,1,0,0,0,0,2024-09-17 02:00:00
2024-09-17 03:00:00,28.584511,77.205783,215,VIDP,270.0,2.6,,4000,28.0,23.9,1006.4,0,0,0,0,0,2024-09-17 03:00:00
2024-09-17 06:00:00,28.584511,77.205783,215,VIDP,270.0,1.5,,4000,32.0,24.9,1006.8,0,0,0,0,0,2024-09-17 06:00:00
2024-09-17 09:00:00,28.584511,77.205783,215,VIDP,270.0,1.5,,4000,34.0,24.0,1005.1,0,0,0,0,0,2024-09-17 09:00:00
2024-09-17 12:00:00,28.584511,77.205783,215,VIDP,290.0,1.5,1050.0,4000,32.4,25.4,1004.0,0,0,0,0,0,2024-09-17 12:00:00
2024-09-17 15:00:00,28.584511,77.205783,215,VIDP,,0.0,3000.0,4000,27.2,24.3,1005.8,0,0,0,0,0,2024-09-17 15:00:00
2024-09-17 18:00:00,28.584511,77.205783,215,VIDP,,0.0,3000.0,4000,27.6,25.0,1005.3,0,0,0,0,0,2024-09-17 18:00:00
2024-09-17 21:00:00,28.584511,77.205783,215,VIDP,,0.0,3000.0,4000,27.4,24.8,1003.9,0,0,0,0,0,2024-09-17 21:00:00
2024-09-18 00:00:00,28.584511,77.205783,215,VIDP,,0.0,3000.0,2000,27.0,25.3,1004.3,0,0,0,0,0,2024-09-18 00:00:00
2024-09-18 03:00:00,28.584511,77.205783,215,VIDP,,0.0,3000.0,2000,28.0,25.2,1005.4,0,0,0,0,0,2024-09-18 03:00:00
2024-09-18 06:00:00,28.584511,77.205783,215,VIDP,50.0,4.1,3000.0,2000,28.4,22.2,1006.4,0,0,0,0,0,2024-09-18 06:00:00
2024-09-18 09:00:00,28.584511,77.205783,215,VIDP,320.0,1.5,2700.0,2000,24.0,23.4,1004.4,0,0,0,0,0,2024-09-18 09:00:00
2024-09-18 12:00:00,28.584511,77.205783,215,VIDP,,0.0,900.0,2000,24.0,24.0,1003.9,0,0,0,0,0,2024-09-18 12:00:00
2024-09-18 15:00:00,28.584511,77.205783,215,VIDP,20.0,2.1,900.0,2000,23.4,22.8,1004.6,0,0,0,0,0,2024-09-18 15:00:00
2024-09-18 18:00:00,28.584511,77.205783,215,VIDP,50.0,3.1,1050.0,2000,23.8,23.2,1004.5,0,0,0,0,0,2024-09-18 18:00:00
2024-09-18 21:00:00,28.584511,77.205783,215,VIDP,50.0,2.1,1050.0,2000,23.6,23.6,1003.7,0,0,0,0,0,2024-09-18 21:00:00
2024-09-19 00:00:00,28.584511,77.205783,215,VIDP,,0.0,1050.0,2000,23.6,23.3,1004.4,0,0,0,0,0,2024-09-19 00:00:00
2024-09-19 03:00:00,28.584511,77.205783,215,VIDP,,0.0,2700.0,2000,24.2,23.9,1006.1,0,0,0,0,0,2024-09-19 03:00:00
2024-09-19 06:00:00,28.584511,77.205783,215,VIDP,70.0,1.5,2700.0,2000,28.0,26.0,1006.1,0,0,0,0,0,2024-09-19 06:00:00
2024-09-19 09:00:00,28.584511,77.205783,215,VIDP,90.0,2.6,3000.0,2000,31.2,26.2,1003.7,0,0,0,0,0,2024-09-19 09:00:00
2024-09-19 12:00:00,28.584511,77.205783,215,VIDP,70.0,1.5,2700.0,2000,31.0,26.3,1003.0,0,0,0,0,0,2024-09-19 12:00:00
2024-09-19 15:00:00,28.584511,77.205783,215,VIDP,,0.0,3000.0,4000,28.0,25.7,1004.5,0,0,0,0,0,2024-09-19 15:00:00
2024-09-19 18:00:00,28.584511,77.205783,215,VIDP,,0.0,22000.0,4000,26.4,25.0,1004.0,0,0,0,0,0,2024-09-19 18:00:00
2024-09-19 21:00:00,28.584511,77.205783,215,VIDP,,0.0,22000.0,2000,25.4,24.2,1003.2,0,0,0,0,0,2024-09-19 21:00:00
2024-09-20 00:00:00,28.584511,77.205783,215,VIDP,,0.0,3000.0,2000,25.6,24.7,1004.3,0,0,0,0,0,2024-09-20 00:00:00
2024-09-20 03:00:00,28.584511,77.205783,215,VIDP,,0.0,22000.0,4000,27.4,24.5,1006.2,0,0,0,0,0,2024-09-20 03:00:00
2024-09-20 06:00:00,28.584511,77.205783,215,VIDP,90.0,2.6,22000.0,4000,32.2,23.6,1005.8,0,0,0,0,0,2024-09-20 06:00:00
2024-09-20 09:00:00,28.584511,77.205783,215,VIDP,140.0,1.5,22000.0,4000,34.6,25.0,1003.8,0,0,0,0,0,2024-09-20 09:00:00
2024-09-20 09:00:00,28.584511,77.205783,215,VIDP,140.0,1.5,3500.0,5000,35.0,25.0,,0,1,0,0,0,2024-09-20 09:00:00
2024-09-20 12:00:00,28.584511,77.205783,215,VIDP,,1.0,22000.0,4000,33.0,25.1,1002.9,0,0,0,0,0,2024-09-20 12:00:00
2024-09-20 15:00:00,28.584511,77.205783,215,VIDP,,0.0,22000.0,4000,29.0,25.9,1004.2,0,0,0,0,0,2024-09-20 15:00:00
2024-09-20 18:00:00,28.584511,77.205783,215,VIDP,,0.0,3000.0,4000,27.8,25.8,1005.1,0,0,0,0,0,2024-09-20 18:00:00
2024-09-20 21:00:00,28.584511,77.205783,215,VIDP,,0.0,3000.0,2000,26.8,25.4,1004.6,0,0,0,0,0,2024-09-20 21:00:00
2024-09-21 00:00:00,28.584511,77.205783,215,VIDP,,0.0,22000.0,2000,26.4,25.0,1005.6,0,0,0,0,0,2024-09-21 00:00:00
2024-09-21 02:00:00,28.584511,77.205783,215,VIDP,0.0,0.0,3048.0,3000,28.0,26.0,,1,0,0,0,0,2024-09-21 02:00:00
2024-09-21 02:30:00,28.584511,77.205783,215,VIDP,0.0,0.0,3048.0,3500,28.0,26.0,,1,0,0,0,0,2024-09-21 02:00:00
2024-09-21 03:00:00,28.584511,77.205783,215,VIDP,,0.0,,4000,28.4,25.6,1007.3,0,0,0,0,0,2024-09-21 03:00:00
2024-09-21 06:00:00,28.584511,77.205783,215,VIDP,,1.0,22000.0,4000,33.0,25.4,1007.2,0,0,0,0,0,2024-09-21 06:00:00
2024-09-21 09:00:00,28.584511,77.205783,215,VIDP,90.0,1.5,22000.0,4000,35.2,24.5,1004.8,0,0,0,0,0,2024-09-21 09:00:00
2024-09-21 12:00:00,28.584511,77.205783,215,VIDP,,0.0,,4000,33.8,25.1,1003.5,0,0,0,0,0,2024-09-21 12:00:00
2024-09-21 15:00:00,28.584511,77.205783,215,VIDP,,0.0,22000.0,4000,29.8,26.7,1005.0,0,0,0,0,0,2024-09-21 15:00:00
2024-09-21 18:00:00,28.584511,77.205783,215,VIDP,,0.0,,4000,28.6,26.4,1005.7,0,0,0,0,0,2024-09-21 18:00:00
2024-09-21 21:00:00,28.584511,77.205783,215,VIDP,,0.0,3000.0,4000,27.6,25.9,1005.3,0,0,0,0,0,2024-09-21 21:00:00
2024-09-22 00:00:00,28.584511,77.205783,215,VIDP,,0.0,3000.0,4000,27.4,26.0,1005.5,0,0,0,0,0,2024-09-22 00:00:00
2024-09-22 03:00:00,28.584511,77.205783,215,VIDP,270.0,2.6,22000.0,4000,29.2,25.7,1006.8,0,0,0,0,0,2024-09-22 03:00:00
2024-09-22 06:00:00,28.584511,77.205783,215,VIDP,,0.0,,4000,33.6,25.2,1006.3,0,0,0,0,0,2024-09-22 06:00:00
2024-09-22 09:00:00,28.584511,77.205783,215,VIDP,,0.0,3000.0,4000,35.0,25.2,1003.6,0,0,0,0,0,2024-09-22 09:00:00
2024-09-22 10:00:00,28.584511,77.205783,215,VIDP,340.0,1.5,3048.0,4000,35.0,26.0,,0,1,0,0,0,2024-09-22 10:00:00
2024-09-22 12:00:00,28.584511,77.205783,215,VIDP,,0.0,22000.0,2000,33.8,25.7,1003.0,0,0,0,0,0,2024-09-22 12:00:00
2024-09-22 15:00:00,28.584511,77.205783,215,VIDP,,0.0,22000.0,2000,30.6,27.0,1004.2,0,0,0,0,0,2024-09-22 15:00:00
2024-09-22 18:00:00,28.584511,77.205783,215,VIDP,,0.0,22000.0,2000,28.8,26.6,1004.5,0,0,0,0,0,2024-09-22 18:00:00
2024-09-22 21:00:00,28.584511,77.205783,215,VIDP,,0.0,22000.0,2000,27.4,26.0,1004.2,0,0,0,0,0,2024-09-22 21:00:00
2024-09-23 00:00:00,28.584511,77.205783,215,VIDP,,0.0,,1000,26.8,25.7,1004.8,0,0,0,0,0,2024-09-23 00:00:00
2024-09-23 03:00:00,28.584511,77.205783,215,VIDP,340.0,1.0,,2000,29.4,27.2,1006.5,0,0,0,0,0,2024-09-23 03:00:00
2024-09-23 06:00:00,28.584511,77.205783,215,VIDP,270.0,1.5,22000.0,2000,33.8,25.4,1006.1,0,0,0,0,0,2024-09-23 06:00:00
2024-09-23 09:00:00,28.584511,77.205783,215,VIDP,270.0,2.6,22000.0,2000,36.4,25.2,1003.5,0,0,0,0,0,2024-09-23 09:00:00
2024-09-23 12:00:00,28.584511,77.205783,215,VIDP,270.0,1.5,22000.0,4000,35.4,25.6,1002.4,0,0,0,0,0,2024-09-23 12:00:00
2024-09-23 15:00:00,28.584511,77.205783,215,VIDP,,0.0,22000.0,4000,31.6,26.3,1003.3,0,0,0,0,0,2024-09-23 15:00:00
2024-09-23 18:00:00,28.584511,77.205783,215,VIDP,,0.0,,2000,30.0,26.7,1003.5,0,0,0,0,0,2024-09-23 18:00:00
2024-09-23 21:00:00,28.584511,77.205783,215,VIDP,,0.0,,2000,29.4,26.6,1003.0,0,0,0,0,0,2024-09-23 21:00:00
2024-09-24 00:00:00,28.584511,77.205783,215,VIDP,,0.0,,2000,28.4,27.0,1003.8,0,0,0,0,0,2024-09-24 00:00:00
2024-09-24 03:00:00,28.584511,77.205783,215,VIDP,,0.0,,4000,30.2,27.4,1005.2,0,0,0,0,0,2024-09-24 03:00:00
2024-09-24 09:00:00,28.584511,77.205783,215,VIDP,180.0,1.5,3000.0,2000,37.2,25.8,1001.9,0,0,0,0,0,2024-09-24 09:00:00
2024-09-24 12:00:00,28.584511,77.205783,215,VIDP,,1.0,3000.0,2000,35.0,26.1,1000.4,0,0,0,0,0,2024-09-24 12:00:00
2024-09-24 15:00:00,28.584511,77.205783,215,VIDP,,0.0,,2000,32.2,27.5,1002.2,0,0,0,0,0,2024-09-24 15:00:00
2024-09-24 18:00:00,28.584511,77.205783,215,VIDP,,0.0,22000.0,2000,30.8,27.8,1002.7,0,0,0,0,0,2024-09-24 18:00:00
2024-09-24 21:00:00,28.584511,77.205783,215,VIDP,,0.0,22000.0,2000,29.4,27.5,1002.3,0,0,0,0,0,2024-09-24 21:00:00
2024-09-25 00:00:00,28.584511,77.205783,215,VIDP,,0.0,,2000,28.8,27.1,1003.2,0,0,0,0,0,2024-09-25 00:00:00
2024-09-25 03:00:00,28.584511,77.205783,215,VIDP,,0.0,,1000,30.8,27.8,1004.8,0,0,0,0,0,2024-09-25 03:00:00
2024-09-25 06:00:00,28.584511,77.205783,215,VIDP,90.0,2.6,22000.0,2000,35.0,26.1,1004.6,0,0,0,0,0,2024-09-25 06:00:00
2024-09-25 09:00:00,28.584511,77.205783,215,VIDP,90.0,2.6,,2000,37.0,25.9,1002.0,0,0,0,0,0,2024-09-25 09:00:00
2024-09-25 12:00:00,28.584511,77.205783,215,VIDP,90.0,2.1,3000.0,2000,32.4,25.1,1001.6,0,0,0,0,0,2024-09-25 12:00:00
2024-09-25 15:00:00,28.584511,77.205783,215,VIDP,90.0,2.1,3000.0,2000,29.8,25.6,1003.8,0,0,0,0,0,2024-09-25 15:00:00
2024-09-25 18:00:00,28.584511,77.205783,215,VIDP,320.0,2.1,3000.0,2000,28.2,24.8,1004.3,0,0,0,0,0,2024-09-25 18:00:00
2024-09-25 21:00:00,28.584511,77.205783,215,VIDP,320.0,3.1,3000.0,4000,27.0,24.8,1003.7,0,0,0,0,0,2024-09-25 21:00:00
2024-09-26 00:00:00,28.584511,77.205783,215,VIDP,320.0,2.1,3000.0,2000,27.2,25.8,1004.3,0,0,0,0,0,2024-09-26 00:00:00
2024-09-26 03:00:00,28.584511,77.205783,215,VIDP,320.0,1.0,3000.0,2000,29.0,26.2,1005.9,0,0,0,0,0,2024-09-26 03:00:00
2024-09-26 06:00:00,28.584511,77.205783,215,VIDP,320.0,2.1,3000.0,2000,32.4,26.0,1004.6,0,0,0,0,0,2024-09-26 06:00:00
2024-09-26 09:00:00,28.584511,77.205783,215,VIDP,90.0,1.5,22000.0,2000,34.6,26.0,1002.1,0,0,0,0,0,2024-09-26 09:00:00
2024-09-26 12:00:00,28.584511,77.205783,215,VIDP,90.0,1.5,22000.0,2000,33.4,25.2,1000.6,0,0,0,0,0,2024-09-26 12:00:00
2024-09-26 15:00:00,28.584511,77.205783,215,VIDP,90.0,1.5,22000.0,2000,30.4,25.6,1003.4,0,0,0,0,0,2024-09-26 15:00:00
2024-09-26 18:00:00,28.584511,77.205783,215,VIDP,,1.0,22000.0,2000,29.4,25.7,1003.8,0,0,0,0,0,2024-09-26 18:00:00
2024-09-26 21:00:00,28.584511,77.205783,215,VIDP,110.0,1.5,22000.0,2000,28.6,25.5,1002.9,0,0,0,0,0,2024-09-26 21:00:00
2024-09-27 00:00:00,28.584511,77.205783,215,VIDP,70.0,2.1,900.0,2000,28.0,24.6,1003.5,0,0,0,0,0,2024-09-27 00:00:00
2024-09-27 02:30:00,28.584511,77.205783,215,VIDP,70.0,4.1,914.0,4000,29.0,24.0,,1,0,0,0,0,2024-09-27 02:00:00
2024-09-27 03:00:00,28.584511,77.205783,215,VIDP,90.0,2.6,22000.0,4000,28.8,24.2,1004.6,0,0,0,0,0,2024-09-27 03:00:00
2024-09-27 03:00:00,28.584511,77.205783,215,VIDP,90.0,2.6,3000.0,4500,29.0,24.0,,1,0,0,0,0,2024-09-27 03:00:00
2024-09-27 06:00:00,28.584511,77.205783,215,VIDP,90.0,4.1,22000.0,4000,33.0,23.5,1004.6,0,0,0,0,0,2024-09-27 06:00:00
2024-09-27 06:00:00,28.584511,77.205783,215,VIDP,100.0,4.1,3000.0,5000,33.0,24.0,,0,1,0,0,0,2024-09-27 06:00:00
2024-09-27 09:00:00,28.584511,77.205783,215,VIDP,160.0,2.1,3000.0,4000,33.6,24.2,1002.7,0,0,0,0,0,2024-09-27 09:00:00
2024-09-27 11:00:00,28.584511,77.205783,215,VIDP,80.0,2.1,10000.0,6000,33.0,24.0,,0,0,0,0,0,2024-09-27 11:00:00
2024-09-27 12:00:00,28.584511,77.205783,215,VIDP,90.0,1.5,22000.0,4000,32.4,24.1,1001.9,0,0,0,0,0,2024-09-27 12:00:00
2024-09-27 15:00:00,28.584511,77.205783,215,VIDP,70.0,1.5,22000.0,4000,30.4,24.7,1004.0,0,0,0,0,0,2024-09-27 15:00:00
2024-09-27 18:00:00,28.584511,77.205783,215,VIDP,70.0,4.6,22000.0,4000,27.0,22.9,1005.0,0,0,0,0,0,2024-09-27 18:00:00
2024-09-27 21:00:00,28.584511,77.205783,215,VIDP,,0.0,3000.0,4000,26.0,23.1,1004.9,0,0,0,0,0,2024-09-27 21:00:00
2024-09-28 00:00:00,28.584511,77.205783,215,VIDP,,0.0,3000.0,4000,25.6,22.9,1004.2,0,0,0,0,0,2024-09-28 00:00:00
2024-09-28 03:00:00,28.584511,77.205783,215,VIDP,140.0,1.5,3000.0,4000,26.8,23.6,1006.0,0,0,0,0,0,2024-09-28 03:00:00
2024-09-28 06:00:00,28.584511,77.205783,215,VIDP,20.0,2.6,3000.0,4000,31.0,23.8,1006.7,0,0,0,0,0,2024-09-28 06:00:00
2024-09-28 09:00:00,28.584511,77.205783,215,VIDP,,1.0,1050.0,4000,32.2,23.9,1005.3,0,0,0,0,0,2024-09-28 09:00:00
2024-09-28 10:00:00,28.584511,77.205783,215,VIDP,0.0,0.0,1067.0,5000,33.0,24.0,,0,1,0,0,0,2024-09-28 10:00:00
2024-09-28 12:00:00,28.584511,77.205783,215,VIDP,90.0,1.5,22000.0,4000,32.2,24.8,1003.3,0,0,0,0,0,2024-09-28 12:00:00
2024-09-28 15:00:00,28.584511,77.205783,215,VIDP,90.0,1.0,22000.0,4000,28.2,24.2,1007.1,0,0,0,0,0,2024-09-28 15:00:00
2024-09-28 18:00:00,28.584511,77.205783,215,VIDP,,0.0,3000.0,2000,27.6,24.4,1008.5,0,0,0,0,0,2024-09-28 18:00:00
2024-09-28 21:00:00,28.584511,77.205783,215,VIDP,110.0,1.0,,2000,27.0,24.1,1008.1,0,0,0,0,0,2024-09-28 21:00:00
2024-09-29 03:00:00,28.584511,77.205783,215,VIDP,,0.0,22000.0,4000,26.8,24.2,1009.6,0,0,0,0,0,2024-09-29 03:00:00
2024-09-29 06:00:00,28.584511,77.205783,215,VIDP,70.0,2.1,22000.0,4000,32.4,24.4,1008.9,0,0,0,0,0,2024-09-29 06:00:00
2024-09-29 06:30:00,28.584511,77.205783,215,VIDP,70.0,2.6,3000.0,5000,33.0,25.0,,0,1,0,0,0,2024-09-29 06:00:00
2024-09-29 09:00:00,28.584511,77.205783,215,VIDP,90.0,1.5,1050.0,4000,33.4,24.9,1006.7,0,0,0,0,0,2024-09-29 09:00:00
2024-09-29 12:00:00,28.584511,77.205783,215,VIDP,,0.0,3000.0,4000,32.0,24.9,1006.2,0,0,0,0,0,2024-09-29 12:00:00
2024-09-29 15:00:00,28.584511,77.205783,215,VIDP,,0.0,3000.0,4000,29.4,25.7,1008.2,0,0,0,0,0,2024-09-29 15:00:00
2024-09-29 18:00:00,28.584511,77.205783,215,VIDP,,0.0,,4000,28.6,25.8,1008.4,0,0,0,0,0,2024-09-29 18:00:00
2024-09-29 21:00:00,28.584511,77.205783,215,VIDP,,0.0,,4000,28.0,25.4,1007.4,0,0,0,0,0,2024-09-29 21:00:00
2024-09-30 00:00:00,28.584511,77.205783,215,VIDP,,0.0,22000.0,4000,26.2,24.8,1007.7,0,0,0,0,0,2024-09-30 00:00:00
2024-09-30 03:00:00,28.584511,77.205783,215,VIDP,250.0,3.1,22000.0,2000,28.2,25.4,1009.1,0,0,0,0,0,2024-09-30 03:00:00
2024-09-30 06:00:00,28.584511,77.205783,215,VIDP,250.0,4.1,,2000,32.4,24.4,1008.5,0,0,0,0,0,2024-09-30 06:00:00
2024-09-30 09:00:00,28.584511,77.205783,215,VIDP,270.0,2.1,3000.0,2000,34.0,23.7,1005.9,0,0,0,0,0,2024-09-30 09:00:00
2024-09-30 11:00:00,28.584511,77.205783,215,VIDP,290.0,1.5,3048.0,4000,33.0,24.0,,0,1,0,0,0,2024-09-30 11:00:00
2024-09-30 12:00:00,28.584511,77.205783,215,VIDP,320.0,1.5,22000.0,2000,32.2,24.5,1004.8,0,0,0,0,0,2024-09-30 12:00:00
2024-09-30 15:00:00,28.584511,77.205783,215,VIDP,,0.0,22000.0,2000,29.8,25.6,1006.1,0,0,0,0,0,2024-09-30 15:00:00
2024-09-30 18:00:00,28.584511,77.205783,215,VIDP,,0.0,22000.0,2000,28.2,25.7,1005.6,0,0,0,0,0,2024-09-30 18:00:00
2024-09-30 21:00:00,28.584511,77.205783,215,VIDP,290.0,1.5,22000.0,2000,27.2,25.5,1004.6,0,0,0,0,0,2024-09-30 21:00:00
2024-10-01 00:00:00,28.584511,77.205783,215,VIDP,250.0,1.0,,2000,26.4,25.3,1004.5,0,0,0,0,0,2024-10-01 00:00:00
2024-10-01 03:00:00,28.584511,77.205783,215,VIDP,270.0,1.5,,2000,28.2,25.4,1006.0,0,0,0,0,0,2024-10-01 03:00:00
2024-10-01 03:00:00,28.584511,77.205783,215,VIDP,270.0,1.5,22000.0,2500,28.0,25.0,,1,0,0,0,0,2024-10-01 03:00:00
2024-10-01 06:00:00,28.584511,77.205783,215,VIDP,270.0,2.6,,2000,33.0,23.5,1005.8,0,0,0,0,0,2024-10-01 06:00:00
2024-10-01 06:00:00,28.584511,77.205783,215,VIDP,270.0,2.6,22000.0,3000,33.0,24.0,,0,1,0,0,0,2024-10-01 06:00:00
2024-10-01 09:00:00,28.584511,77.205783,215,VIDP,290.0,2.1,22000.0,2000,34.8,23.0,1003.0,0,0,0,0,0,2024-10-01 09:00:00
2024-10-01 12:00:00,28.584511,77.205783,215,VIDP,,1.0,,2000,33.6,23.9,1002.3,0,0,0,0,0,2024-10-01 12:00:00
2024-10-01 15:00:00,28.584511,77.205783,215,VIDP,,0.0,,2000,29.6,25.4,1003.6,0,0,0,0,0,2024-10-01 15:00:00
2024-10-01 18:00:00,28.584511,77.205783,215,VIDP,,0.0,,2000,28.4,25.9,1004.1,0,0,0,0,0,2024-10-01 18:00:00
2024-10-01 21:00:00,28.584511,77.205783,215,VIDP,,0.0,,2000,27.4,25.7,1004.1,0,0,0,0,0,2024-10-01 21:00:00
2024-10-02 00:00:00,28.584511,77.205783,215,VIDP,,0.0,,2000,26.6,25.2,1004.3,0,0,0,0,0,2024-10-02 00:00:00
2024-10-02 03:00:00,28.584511,77.205783,215,VIDP,250.0,2.1,,2000,28.8,23.6,1005.8,0,0,0,0,0,2024-10-02 03:00:00
2024-10-02 06:00:00,28.584511,77.205783,215,VIDP,270.0,2.6,22000.0,4000,34.6,23.1,1004.4,0,0,0,0,0,2024-10-02 06:00:00
2024-10-02 09:00:00,28.584511,77.205783,215,VIDP,270.0,4.1,,4000,36.4,21.1,1001.9,0,0,0,0,0,2024-10-02 09:00:00
2024-10-02 12:00:00,28.584511,77.205783,215,VIDP,270.0,1.5,,2000,34.4,21.8,1001.3,0,0,0,0,0,2024-10-02 12:00:00
2024-10-02 15:00:00,28.584511,77.205783,215,VIDP,,0.0,,2000,29.8,25.0,1003.2,0,0,0,0,0,2024-10-02 15:00:00
2024-10-02 18:00:00,28.584511,77.205783,215,VIDP,,0.0,,2000,28.0,25.2,1003.5,0,0,0,0,0,2024-10-02 18:00:00
2024-10-02 21:00:00,28.584511,77.205783,215,VIDP,,0.0,,2000,27.6,25.0,1002.4,0,0,0,0,0,2024-10-02 21:00:00
2024-10-03 00:00:00,28.584511,77.205783,215,VIDP,270.0,2.1,,2000,27.0,21.0,1002.9,0,0,0,0,0,2024-10-03 00:00:00
2024-10-03 03:00:00,28.584511,77.205783,215,VIDP,270.0,3.1,,4000,29.0,20.9,1005.0,0,0,0,0,0,2024-10-03 03:00:00
2024-10-03 06:00:00,28.584511,77.205783,215,VIDP,270.0,4.1,,4000,33.2,21.1,1004.7,0,0,0,0,0,2024-10-03 06:00:00
2024-10-03 09:00:00,28.584511,77.205783,215,VIDP,320.0,2.6,,4000,36.0,21.3,1001.8,0,0,0,0,0,2024-10-03 09:00:00
2024-10-03 12:00:00,28.584511,77.205783,215,VIDP,320.0,1.5,,4000,34.8,21.6,1000.7,0,0,0,0,0,2024-10-03 12:00:00
2024-10-03 15:00:00,28.584511,77.205783,215,VIDP,,0.0,,2000,28.4,24.1,1002.8,0,0,0,0,0,2024-10-03 15:00:00
2024-10-03 18:00:00,28.584511,77.205783,215,VIDP,,0.0,,2000,26.8,23.6,1003.3,0,0,0,0,0,2024-10-03 18:00:00
2024-10-03 21:00:00,28.584511,77.205783,215,VIDP,,0.0,,2000,26.0,24.0,1003.0,0,0,0,0,0,2024-10-03 21:00:00
2024-10-04 00:00:00,28.584511,77.205783,215,VIDP,,1.0,,2000,25.4,23.7,1003.6,0,0,0,0,0,2024-10-04 00:00:00
2024-10-04 03:00:00,28.584511,77.205783,215,VIDP,270.0,2.1,,2000,28.6,21.1,1005.6,0,0,0,0,0,2024-10-04 03:00:00
2024-10-04 06:00:00,28.584511,77.205783,215,VIDP,,0.0,,4000,33.2,22.7,1005.5,0,0,0,0,0,2024-10-04 06:00:00
2024-10-04 09:00:00,28.584511,77.205783,215,VIDP,,0.0,,4000,35.4,24.4,1003.2,0,0,0,0,0,2024-10-04 09:00:00
2024-10-04 12:00:00,28.584511,77.205783,215,VIDP,250.0,1.5,,4000,34.0,24.0,1002.5,0,0,0,0,0,2024-10-04 12:00:00
2024-10-04 15:00:00,28.584511,77.205783,215,VIDP,,0.0,,4000,29.2,25.2,1004.4,0,0,0,0,0,2024-10-04 15:00:00
2024-10-04 18:00:00,28.584511,77.205783,215,VIDP,,0.0,,4000,27.2,24.6,1005.2,0,0,0,0,0,2024-10-04 18:00:00
2024-10-04 21:00:00,28.584511,77.205783,215,VIDP,,0.0,,4000,26.4,24.4,1004.6,0,0,0,0,0,2024-10-04 21:00:00
2024-10-05 00:00:00,28.584511,77.205783,215,VIDP,230.0,2.6,,4000,26.4,22.9,1005.7,0,0,0,0,0,2024-10-05 00:00:00
2024-10-05 03:00:00,28.584511,77.205783,215,VIDP,270.0,2.6,,4000,28.4,22.2,1007.9,0,0,0,0,0,2024-10-05 03:00:00
2024-10-05 06:00:00,28.584511,77.205783,215,VIDP,290.0,2.6,,4000,33.0,23.5,1007.5,0,0,0,0,0,2024-10-05 06:00:00
2024-10-05 09:00:00,28.584511,77.205783,215,VIDP,270.0,2.6,22000.0,4000,35.6,22.9,1005.1,0,0,0,0,0,2024-10-05 09:00:00
2024-10-05 12:00:00,28.584511,77.205783,215,VIDP,,1.0,,4000,33.8,21.8,1004.7,0,0,0,0,0,2024-10-05 12:00:00
2024-10-05 15:00:00,28.584511,77.205783,215,VIDP,,0.0,,2000,28.6,25.8,1006.9,0,0,0,0,0,2024-10-05 15:00:00
2024-10-05 18:00:00,28.584511,77.205783,215,VIDP,,0.0,,2000,27.2,24.6,1008.5,0,0,0,0,0,2024-10-05 18:00:00
2024-10-05 21:00:00,28.584511,77.205783,215,VIDP,,0.0,,2000,26.2,24.2,1007.6,0,0,0,0,0,2024-10-05 21:00:00
2024-10-06 00:00:00,28.584511,77.205783,215,VIDP,,0.0,,4000,25.6,23.9,1009.8,0,0,0,0,0,2024-10-06 00:00:00
2024-10-06 03:00:00,28.584511,77.205783,215,VIDP,,0.0,,4000,26.8,21.4,1011.3,0,0,0,0,0,2024-10-06 03:00:00
2024-10-06 06:00:00,28.584511,77.205783,215,VIDP,50.0,2.6,,4000,33.8,21.1,1011.1,0,0,0,0,0,2024-10-06 06:00:00
2024-10-06 09:00:00,28.584511,77.205783,215,VIDP,290.0,1.5,,4000,35.4,18.7,1008.3,0,0,0,0,0,2024-10-06 09:00:00
2024-10-06 12:00:00,28.584511,77.205783,215,VIDP,,1.0,,4000,32.8,21.6,1008.6,0,0,0,0,0,2024-10-06 12:00:00
2024-10-06 12:00:00,28.584511,77.205783,215,VIDP,,1.0,22000.0,5000,33.0,22.0,,0,1,0,1,0,2024-10-06 12:00:00
2024-10-06 12:30:00,28.584511,77.205783,215,VIDP,290.0,1.5,22000.0,4500,32.0,22.0,,0,1,0,0,0,2024-10-06 12:00:00
2024-10-06 15:00:00,28.584511,77.205783,215,VIDP,,0.0,,4000,28.6,23.4,1010.5,0,0,0,0,0,2024-10-06 15:00:00
2024-10-06 18:00:00,28.584511,77.205783,215,VIDP,,0.0,,2000,26.2,23.3,1011.3,0,0,0,0,0,2024-10-06 18:00:00
2024-10-06 21:00:00,28.584511,77.205783,215,VIDP,,0.0,,2000,25.8,23.2,1012.0,0,0,0,0,0,2024-10-06 21:00:00
2024-10-07 00:00:00,28.584511,77.205783,215,VIDP,,0.0,,2000,23.8,22.0,1012.7,0,0,0,0,0,2024-10-07 00:00:00
2024-10-07 03:00:00,28.584511,77.205783,215,VIDP,,0.0,,2000,26.4,23.2,1014.2,0,0,0,0,0,2024-10-07 03:00:00
2024-10-07 06:00:00,28.584511,77.205783,215,VIDP,290.0,2.6,,4000,33.0,20.1,1013.1,0,0,0,0,0,2024-10-07 06:00:00
2024-10-07 06:00:00,28.584511,77.205783,215,VIDP,290.0,2.6,22000.0,4000,33.0,20.0,,0,1,0,0,0,2024-10-07 06:00:00
2024-10-07 09:00:00,28.584511,77.205783,215,VIDP,270.0,2.1,,4000,35.0,18.1,1010.4,0,0,0,0,0,2024-10-07 09:00:00
2024-10-07 09:00:00,28.584511,77.205783,215,VIDP,270.0,2.1,22000.0,4500,35.0,18.0,,0,1,0,0,0,2024-10-07 09:00:00
2024-10-07 12:00:00,28.584511,77.205783,215,VIDP,,0.0,,4000,32.8,20.9,1010.0,0,0,0,0,0,2024-10-07 12:00:00
2024-10-07 15:00:00,28.584511,77.205783,215,VIDP,,0.0,,2000,27.0,22.3,1011.9,0,0,0,0,0,2024-10-07 15:00:00
2024-10-07 18:00:00,28.584511,77.205783,215,VIDP,,0.0,,2000,25.4,22.0,1012.5,0,0,0,0,0,2024-10-07 18:00:00
2024-10-07 21:00:00,28.584511,77.205783,215,VIDP,,0.0,,2000,24.2,22.1,1012.0,0,0,0,0,0,2024-10-07 21:00:00
2024-10-08 00:00:00,28.584511,77.205783,215,VIDP,,0.0,,1000,23.6,22.1,1012.0,0,0,0,0,0,2024-10-08 00:00:00
2024-10-08 03:00:00,28.584511,77.205783,215,VIDP,,1.0,,2000,26.6,23.4,1014.0,0,0,0,0,0,2024-10-08 03:00:00
2024-10-08 06:00:00,28.584511,77.205783,215,VIDP,270.0,3.1,,2000,33.2,20.3,1013.2,0,0,0,0,0,2024-10-08 06:00:00
2024-10-08 09:00:00,28.584511,77.205783,215,VIDP,270.0,2.6,,4000,35.0,19.3,1010.1,0,0,0,0,0,2024-10-08 09:00:00
2024-10-08 12:00:00,28.584511,77.205783,215,VIDP,320.0,1.0,,4000,32.0,20.3,1009.3,0,0,0,0,0,2024-10-08 12:00:00
2024-10-08 15:00:00,28.584511,77.205783,215,VIDP,,0.0,,4000,26.8,22.0,1011.0,0,0,0,0,0,2024-10-08 15:00:00
2024-10-08 18:00:00,28.584511,77.205783,215,VIDP,,0.0,,4000,25.8,21.3,1010.9,0,0,0,0,0,2024-10-08 18:00:00
2024-10-08 21:00:00,28.584511,77.205783,215,VIDP,,1.0,,2000,24.2,21.8,1009.9,0,0,0,0,0,2024-10-08 21:00:00
2024-10-09 00:00:00,28.584511,77.205783,215,VIDP,,0.0,,2000,23.2,21.1,1010.2,0,0,0,0,0,2024-10-09 00:00:00
2024-10-09 03:00:00,28.584511,77.205783,215,VIDP,,0.0,,2000,26.2,22.0,1011.7,0,0,0,0,0,2024-10-09 03:00:00
2024-10-09 06:00:00,28.584511,77.205783,215,VIDP,270.0,2.1,,4000,32.2,20.5,1011.0,0,0,0,0,0,2024-10-09 06:00:00
2024-10-09 09:00:00,28.584511,77.205783,215,VIDP,270.0,2.6,,4000,34.4,18.9,1008.1,0,0,0,0,0,2024-10-09 09:00:00
2024-10-09 12:00:00,28.584511,77.205783,215,VIDP,320.0,1.5,,4000,32.0,20.3,1007.2,0,0,0,0,0,2024-10-09 12:00:00
2024-10-09 15:00:00,28.584511,77.205783,215,VIDP,,0.0,,4000,26.8,22.0,1009.2,0,0,0,0,0,2024-10-09 15:00:00
2024-10-09 18:00:00,28.584511,77.205783,215,VIDP,320.0,1.5,3000.0,4000,26.4,21.0,1009.6,0,0,0,0,0,2024-10-09 18:00:00
2024-10-09 21:00:00,28.584511,77.205783,215,VIDP,,0.0,,4000,25.0,21.1,1008.6,0,0,0,0,0,2024-10-09 21:00:00
2024-10-10 00:00:00,28.584511,77.205783,215,VIDP,290.0,1.5,22000.0,2000,23.6,21.2,1009.3,0,0,0,0,0,2024-10-10 00:00:00
2024-10-10 03:00:00,28.584511,77.205783,215,VIDP,270.0,2.1,,2000,25.6,21.1,1010.7,0,0,0,0,0,2024-10-10 03:00:00
2024-10-10 06:00:00,28.584511,77.205783,215,VIDP,270.0,4.1,,4000,31.2,18.2,1010.3,0,0,0,0,0,2024-10-10 06:00:00
2024-10-10 09:00:00,28.584511,77.205783,215,VIDP,290.0,2.1,22000.0,4000,34.2,15.8,1007.2,0,0,0,0,0,2024-10-10 09:00:00
2024-10-10 12:00:00,28.584511,77.205783,215,VIDP,290.0,1.5,,4000,32.2,17.2,1007.0,0,0,0,0,0,2024-10-10 12:00:00
2024-10-10 15:00:00,28.584511,77.205783,215,VIDP,,0.0,,4000,25.6,19.4,1009.2,0,0,0,0,0,2024-10-10 15:00:00
2024-10-10 18:00:00,28.584511,77.205783,215,VIDP,,0.0,,2000,23.0,19.6,1010.0,0,0,0,0,0,2024-10-10 18:00:00
2024-10-10 21:00:00,28.584511,77.205783,215,VIDP,,0.0,,2000,22.4,19.3,1008.8,0,0,0,0,0,2024-10-10 21:00:00
2024-10-11 00:00:00,28.584511,77.205783,215,VIDP,,0.0,,2000,21.0,18.8,1009.5,0,0,0,0,0,2024-10-11 00:00:00
2024-10-11 03:00:00,28.584511,77.205783,215,VIDP,250.0,3.1,22000.0,2000,24.4,19.1,1010.8,0,0,0,0,0,2024-10-11 03:00:00
2024-10-11 06:00:00,28.584511,77.205783,215,VIDP,270.0,4.1,,4000,31.4,18.1,1010.6,0,0,0,0,0,2024-10-11 06:00:00
2024-10-11 09:00:00,28.584511,77.205783,215,VIDP,290.0,2.6,,4000,32.6,15.7,1007.4,0,0,0,0,0,2024-10-11 09:00:00
2024-10-11 12:00:00,28.584511,77.205783,215,VIDP,270.0,1.5,,4000,31.0,18.7,1007.2,0,0,0,0,0,2024-10-11 12:00:00
2024-10-11 15:00:00,28.584511,77.205783,215,VIDP,,0.0,,4000,25.0,20.4,1009.0,0,0,0,0,0,2024-10-11 15:00:00
2024-10-11 18:00:00,28.584511,77.205783,215,VIDP,,0.0,22000.0,4000,22.4,18.9,1009.5,0,0,0,0,0,2024-10-11 18:00:00
2024-10-11 21:00:00,28.584511,77.205783,215,VIDP,,0.0,22000.0,4000,21.6,19.1,1009.1,0,0,0,0,0,2024-10-11 21:00:00
2024-10-12 00:00:00,28.584511,77.205783,215,VIDP,,0.0,,2000,20.4,19.1,1009.4,0,0,0,0,0,2024-10-12 00:00:00
2024-10-12 03:00:00,28.584511,77.205783,215,VIDP,250.0,1.0,,2000,24.2,21.0,1010.9,0,0,0,0,0,2024-10-12 03:00:00
2024-10-12 06:00:00,28.584511,77.205783,215,VIDP,250.0,1.5,,4000,32.2,19.1,1010.8,0,0,0,0,0,2024-10-12 06:00:00
2024-10-12 09:00:00,28.584511,77.205783,215,VIDP,290.0,2.6,22000.0,4000,33.8,16.5,1008.8,0,0,0,0,0,2024-10-12 09:00:00
2024-10-12 12:00:00,28.584511,77.205783,215,VIDP,,0.0,22000.0,4000,30.8,18.4,1008.5,0,0,0,0,0,2024-10-12 12:00:00
2024-10-12 15:00:00,28.584511,77.205783,215,VIDP,,0.0,,4000,24.6,18.6,1010.2,0,0,0,0,0,2024-10-12 15:00:00
2024-10-12 18:00:00,28.584511,77.205783,215,VIDP,,0.0,,2000,23.0,19.2,1010.4,0,0,0,0,0,2024-10-12 18:00:00
2024-10-12 21:00:00,28.584511,77.205783,215,VIDP,,0.0,,2000,22.0,19.2,1010.4,0,0,0,0,0,2024-10-12 21:00:00
2024-10-13 00:00:00,28.584511,77.205783,215,VIDP,,0.0,,2000,20.8,19.2,1011.0,0,0,0,0,0,2024-10-13 00:00:00
2024-10-13 03:00:00,28.584511,77.205783,215,VIDP,,0.0,,2000,23.4,19.0,1012.6,0,0,0,0,0,2024-10-13 03:00:00
2024-10-13 06:00:00,28.584511,77.205783,215,VIDP,,0.0,,2000,32.4,17.0,1011.6,0,0,0,0,0,2024-10-13 06:00:00
2024-10-13 09:00:00,28.584511,77.205783,215,VIDP,270.0,1.5,22000.0,4000,34.6,13.7,1008.9,0,0,0,0,0,2024-10-13 09:00:00
2024-10-13 12:00:00,28.584511,77.205783,215,VIDP,,0.0,3000.0,4000,31.0,15.1,1008.6,0,0,0,0,0,2024-10-13 12:00:00
2024-10-13 15:00:00,28.584511,77.205783,215,VIDP,,0.0,,4000,25.0,18.7,1010.3,0,0,0,0,0,2024-10-13 15:00:00
2024-10-13 18:00:00,28.584511,77.205783,215,VIDP,,0.0,22000.0,4000,23.0,18.9,1011.4,0,0,0,0,0,2024-10-13 18:00:00
2024-10-13 21:00:00,28.584511,77.205783,215,VIDP,,0.0,22000.0,2000,21.8,19.2,1011.1,0,0,0,0,0,2024-10-13 21:00:00
2024-10-14 00:00:00,28.584511,77.205783,215,VIDP,,0.0,22000.0,2000,20.2,19.3,1011.2,0,0,0,0,0,2024-10-14 00:00:00
2024-10-14 03:00:00,28.584511,77.205783,215,VIDP,,0.0,,2000,23.6,18.9,1013.9,0,0,0,0,0,2024-10-14 03:00:00
2024-10-14 06:00:00,28.584511,77.205783,215,VIDP,160.0,1.5,,2000,31.4,18.4,1012.5,0,0,0,0,0,2024-10-14 06:00:00
2024-10-14 09:00:00,28.584511,77.205783,215,VIDP,230.0,3.1,22000.0,4000,33.8,12.9,1009.4,0,0,0,0,0,2024-10-14 09:00:00
2024-10-14 12:00:00,28.584511,77.205783,215,VIDP,,0.0,22000.0,4000,30.8,15.3,1008.6,0,0,0,0,0,2024-10-14 12:00:00
2024-10-14 15:00:00,28.584511,77.205783,215,VIDP,,0.0,,4000,24.0,16.5,1010.7,0,0,0,0,0,2024-10-14 15:00:00
2024-10-14 18:00:00,28.584511,77.205783,215,VIDP,,0.0,,2000,21.8,17.6,1011.8,0,0,0,0,0,2024-10-14 18:00:00
2024-10-14 21:00:00,28.584511,77.205783,215,VIDP,,0.0,,2000,20.6,17.7,1011.1,0,0,0,0,0,2024-10-14 21:00:00
2024-10-15 00:00:00,28.584511,77.205783,215,VIDP,,0.0,,2000,19.4,16.4,1010.9,0,0,0,0,0,2024-10-15 00:00:00
2024-10-15 03:00:00,28.584511,77.205783,215,VIDP,250.0,1.5,,4000,23.4,16.2,1012.6,0,0,0,0,0,2024-10-15 03:00:00
2024-10-15 06:00:00,28.584511,77.205783,215,VIDP,250.0,2.6,,4000,31.2,15.4,1011.2,0,0,0,0,0,2024-10-15 06:00:00
2024-10-15 09:00:00,28.584511,77.205783,215,VIDP,230.0,2.6,,4000,33.4,15.9,1008.5,0,0,0,0,0,2024-10-15 09:00:00
2024-10-15 12:00:00,28.584511,77.205783,215,VIDP,230.0,1.5,,4000,31.4,18.4,1008.1,0,0,0,0,0,2024-10-15 12:00:00
2024-10-15 15:00:00,28.584511,77.205783,215,VIDP,,0.0,,2000,24.4,19.1,1009.8,0,0,0,0,0,2024-10-15 15:00:00
2024-10-15 18:00:00,28.584511,77.205783,215,VIDP,,0.0,,2000,21.8,20.6,1009.9,0,0,0,0,0,2024-10-15 18:00:00
2024-10-15 21:00:00,28.584511,77.205783,215,VIDP,,0.0,,2000,20.4,19.5,1009.2,0,0,0,0,0,2024-10-15 21:00:00
2024-10-16 00:00:00,28.584511,77.205783,215,VIDP,,0.0,22000.0,2000,19.6,18.6,1009.2,0,0,0,0,0,2024-10-16 00:00:00
2024-10-16 03:00:00,28.584511,77.205783,215,VIDP,,0.0,22000.0,2000,22.4,18.3,1010.6,0,0,0,0,0,2024-10-16 03:00:00
2024-10-16 06:00:00,28.584511,77.205783,215,VIDP,180.0,1.5,,2000,31.8,17.0,1010.0,0,0,0,0,0,2024-10-16 06:00:00
2024-10-16 09:00:00,28.584511,77.205783,215,VIDP,,0.0,3000.0,2000,35.0,17.7,1007.1,0,0,0,0,0,2024-10-16 09:00:00
2024-10-16 12:00:00,28.584511,77.205783,215,VIDP,,0.0,3000.0,2000,31.0,21.5,1007.4,0,0,0,0,0,2024-10-16 12:00:00
2024-10-16 15:00:00,28.584511,77.205783,215,VIDP,,0.0,3000.0,2000,25.6,21.1,1009.2,0,0,0,0,0,2024-10-16 15:00:00
2024-10-16 18:00:00,28.584511,77.205783,215,VIDP,,0.0,3000.0,2000,24.0,21.3,1010.2,0,0,0,0,0,2024-10-16 18:00:00
2024-10-16 21:00:00,28.584511,77.205783,215,VIDP,,0.0,22000.0,2000,22.2,20.3,1009.6,0,0,0,0,0,2024-10-16 21:00:00
2024-10-17 00:00:00,28.584511,77.205783,215,VIDP,,0.0,22000.0,1000,21.2,20.0,1009.3,0,0,0,0,0,2024-10-17 00:00:00
2024-10-17 03:00:00,28.584511,77.205783,215,VIDP,,0.0,,1000,22.8,21.3,1010.8,0,0,0,0,0,2024-10-17 03:00:00
2024-10-17 06:00:00,28.584511,77.205783,215,VIDP,230.0,1.5,22000.0,2000,33.6,17.8,1010.2,0,0,0,0,0,2024-10-17 06:00:00
2024-10-17 09:00:00,28.584511,77.205783,215,VIDP,230.0,1.5,3000.0,2000,35.0,18.1,1007.7,0,0,0,0,0,2024-10-17 09:00:00
2024-10-17 12:00:00,28.584511,77.205783,215,VIDP,,0.0,3000.0,2000,31.6,21.6,1007.6,0,0,0,0,0,2024-10-17 12:00:00
2024-10-17 15:00:00,28.584511,77.205783,215,VIDP,,0.0,22000.0,2000,25.0,21.1,1009.5,0,0,0,0,0,2024-10-17 15:00:00
2024-10-17 18:00:00,28.584511,77.205783,215,VIDP,,0.0,,2000,22.6,20.1,1009.8,0,0,0,0,0,2024-10-17 18:00:00
2024-10-17 21:00:00,28.584511,77.205783,215,VIDP,,0.0,,2000,21.2,19.6,1009.8,0,0,0,0,0,2024-10-17 21:00:00
2024-10-18 00:00:00,28.584511,77.205783,215,VIDP,,0.0,,2000,20.6,19.7,1009.9,0,0,0,0,0,2024-10-18 00:00:00
2024-10-18 03:00:00,28.584511,77.205783,215,VIDP,,0.0,,2000,22.0,20.5,1011.6,0,0,0,0,0,2024-10-18 03:00:00
2024-10-18 06:00:00,28.584511,77.205783,215,VIDP,,0.0,,2000,33.6,18.2,1010.4,0,0,0,0,0,2024-10-18 06:00:00
2024-10-18 09:00:00,28.584511,77.205783,215,VIDP,250.0,2.1,,4000,35.6,17.8,1007.2,0,0,0,0,0,2024-10-18 09:00:00
2024-10-18 12:00:00,28.584511,77.205783,215,VIDP,,0.0,,4000,32.8,21.3,1007.2,0,0,0,0,0,2024-10-18 12:00:00
2024-10-18 15:00:00,28.584511,77.205783,215,VIDP,,0.0,,2000,24.8,20.5,1009.1,0,0,0,0,0,2024-10-18 15:00:00
2024-10-18 18:00:00,28.584511,77.205783,215,VIDP,,0.0,,2000,23.0,20.2,1009.8,0,0,0,0,0,2024-10-18 18:00:00
2024-10-18 21:00:00,28.584511,77.205783,215,VIDP,,0.0,,2000,21.8,19.9,1009.8,0,0,0,0,0,2024-10-18 21:00:00
2024-10-19 00:00:00,28.584511,77.205783,215,VIDP,,0.0,,2000,20.8,19.5,1010.4,0,0,0,0,0,2024-10-19 00:00:00
2024-10-19 03:00:00,28.584511,77.205783,215,VIDP,,0.0,,2000,23.4,21.6,1012.4,0,0,0,0,0,2024-10-19 03:00:00
2024-10-19 06:00:00,28.584511,77.205783,215,VIDP,200.0,1.5,,2000,34.2,19.0,1010.2,0,0,0,0,0,2024-10-19 06:00:00
2024-10-19 09:00:00,28.584511,77.205783,215,VIDP,250.0,2.1,,4000,36.0,17.5,1007.5,0,0,0,0,0,2024-10-19 09:00:00
2024-10-19 09:00:00,28.584511,77.205783,215,VIDP,250.0,2.1,22000.0,4000,36.0,18.0,,0,1,0,0,0,2024-10-19 09:00:00
2024-10-19 12:00:00,28.584511,77.205783,215,VIDP,,0.0,,4000,32.2,21.6,1007.1,0,0,0,0,0,2024-10-19 12:00:00
2024-10-19 15:00:00,28.584511,77.205783,215,VIDP,,0.0,,2000,25.6,21.4,1008.9,0,0,0,0,0,2024-10-19 15:00:00
2024-10-19 18:00:00,28.584511,77.205783,215,VIDP,,0.0,,2000,23.2,20.4,1010.2,0,0,0,0,0,2024-10-19 18:00:00
2024-10-19 21:00:00,28.584511,77.205783,215,VIDP,,0.0,,2000,22.2,20.3,1010.0,0,0,0,0,0,2024-10-19 21:00:00
2024-10-20 00:00:00,28.584511,77.205783,215,VIDP,,0.0,,2000,21.2,19.6,1010.9,0,0,0,0,0,2024-10-20 00:00:00
2024-10-20 03:00:00,28.584511,77.205783,215,VIDP,,0.0,,2000,23.0,21.5,1012.8,0,0,0,0,0,2024-10-20 03:00:00
2024-10-20 06:00:00,28.584511,77.205783,215,VIDP,90.0,1.5,,2000,33.0,21.6,1012.1,0,0,0,0,0,2024-10-20 06:00:00
2024-10-20 07:30:00,28.584511,77.205783,215,VIDP,0.0,0.0,22000.0,3000,34.0,21.0,,0,1,0,0,0,2024-10-20 07:00:00
2024-10-20 08:00:00,28.584511,77.205783,215,VIDP,,1.0,22000.0,3000,34.0,22.0,,0,1,0,1,0,2024-10-20 08:00:00
2024-10-20 08:30:00,28.584511,77.205783,215,VIDP,0.0,0.0,22000.0,3000,35.0,22.0,,0,1,0,0,0,2024-10-20 08:00:00
2024-10-20 09:00:00,28.584511,77.205783,215,VIDP,,0.0,,2000,35.4,22.4,1009.6,0,0,0,0,0,2024-10-20 09:00:00
2024-10-20 12:00:00,28.584511,77.205783,215,VIDP,,0.0,,2000,32.0,24.0,1009.2,0,0,0,0,0,2024-10-20 12:00:00
2024-10-20 15:00:00,28.584511,77.205783,215,VIDP,,0.0,,1000,25.8,22.5,1010.9,0,0,0,0,0,2024-10-20 15:00:00
2024-10-20 18:00:00,28.584511,77.205783,215,VIDP,,0.0,,1000,24.0,21.9,1012.1,0,0,0,0,0,2024-10-20 18:00:00
2024-10-20 21:00:00,28.584511,77.205783,215,VIDP,,0.0,,1000,22.8,21.3,1011.8,0,0,0,0,0,2024-10-20 21:00:00
2024-10-21 00:00:00,28.584511,77.205783,215,VIDP,,0.0,,1000,21.2,20.3,1011.8,0,0,0,0,0,2024-10-21 00:00:00
2024-10-21 03:00:00,28.584511,77.205783,215,VIDP,110.0,1.5,,1000,24.2,21.8,1014.1,0,0,0,0,0,2024-10-21 03:00:00
2024-10-21 06:00:00,28.584511,77.205783,215,VIDP,90.0,1.5,,2000,31.2,22.4,1012.0,0,0,0,0,0,2024-10-21 06:00:00
2024-10-21 09:00:00,28.584511,77.205783,215,VIDP,,0.0,,1000,34.2,21.9,1009.2,0,0,0,0,0,2024-10-21 09:00:00
2024-10-21 12:00:00,28.584511,77.205783,215,VIDP,,0.0,,2000,31.2,22.4,1009.0,0,0,0,0,0,2024-10-21 12:00:00
2024-10-21 15:00:00,28.584511,77.205783,215,VIDP,,0.0,,2000,25.6,21.7,1011.4,0,0,0,0,0,2024-10-21 15:00:00
2024-10-21 18:00:00,28.584511,77.205783,215,VIDP,,0.0,,2000,23.4,21.3,1012.5,0,0,0,0,0,2024-10-21 18:00:00
2024-10-21 21:00:00,28.584511,77.205783,215,VIDP,,0.0,,1000,22.2,20.7,1012.2,0,0,0,0,0,2024-10-21 21:00:00
2024-10-22 00:00:00,28.584511,77.205783,215,VIDP,,0.0,,1000,21.2,20.0,1013.0,0,0,0,0,0,2024-10-22 00:00:00
2024-10-22 03:00:00,28.584511,77.205783,215,VIDP,,0.0,,1000,23.4,22.2,1015.2,0,0,0,0,0,2024-10-22 03:00:00
2024-10-22 03:00:00,28.584511,77.205783,215,VIDP,0.0,0.0,22000.0,1800,23.0,22.0,,1,0,0,0,0,2024-10-22 03:00:00
2024-10-22 03:30:00,28.584511,77.205783,215,VIDP,,1.0,22000.0,2000,26.0,22.0,,1,0,0,1,0,2024-10-22 03:00:00
2024-10-22 06:00:00,28.584511,77.205783,215,VIDP,50.0,2.1,,2000,30.6,22.1,1014.0,0,0,0,0,0,2024-10-22 06:00:00
2024-10-22 09:00:00,28.584511,77.205783,215,VIDP,270.0,1.5,,2000,33.2,21.1,1010.8,0,0,0,0,0,2024-10-22 09:00:00
2024-10-22 12:00:00,28.584511,77.205783,215,VIDP,,0.0,,2000,30.8,22.0,1010.5,0,0,0,0,0,2024-10-22 12:00:00
2024-10-22 15:00:00,28.584511,77.205783,215,VIDP,,0.0,,2000,24.2,20.5,1012.1,0,0,0,0,0,2024-10-22 15:00:00
2024-10-22 18:00:00,28.584511,77.205783,215,VIDP,,0.0,,2000,23.0,20.5,1012.4,0,0,0,0,0,2024-10-22 18:00:00
2024-10-22 21:00:00,28.584511,77.205783,215,VIDP,,0.0,,1000,21.8,20.4,1012.4,0,0,0,0,0,2024-10-22 21:00:00
2024-10-23 00:00:00,28.584511,77.205783,215,VIDP,,0.0,,1000,21.2,20.0,1013.0,0,0,0,0,0,2024-10-23 00:00:00
2024-10-23 03:00:00,28.584511,77.205783,215,VIDP,,0.0,,500,24.0,21.0,1014.6,0,0,0,0,0,2024-10-23 03:00:00
2024-10-23 06:00:00,28.584511,77.205783,215,VIDP,290.0,1.5,,1000,30.8,20.9,1013.2,0,0,0,0,0,2024-10-23 06:00:00
2024-10-23 09:00:00,28.584511,77.205783,215,VIDP,320.0,2.6,,1000,32.6,19.2,1010.1,0,0,0,0,0,2024-10-23 09:00:00
2024-10-23 12:00:00,28.584511,77.205783,215,VIDP,250.0,1.5,,2000,30.0,20.0,1009.3,0,0,0,0,0,2024-10-23 12:00:00
2024-10-23 15:00:00,28.584511,77.205783,215,VIDP,270.0,1.5,,2000,26.4,20.3,1011.2,0,0,0,0,0,2024-10-23 15:00:00
2024-10-23 18:00:00,28.584511,77.205783,215,VIDP,,0.0,,2000,23.4,19.7,1011.6,0,0,0,0,0,2024-10-23 18:00:00
2024-10-23 21:00:00,28.584511,77.205783,215,VIDP,270.0,1.5,,2000,22.4,18.6,1011.0,0,0,0,0,0,2024-10-23 21:00:00
2024-10-24 00:00:00,28.584511,77.205783,215,VIDP,250.0,1.5,,1000,21.8,18.6,1011.4,0,0,0,0,0,2024-10-24 00:00:00
2024-10-24 03:00:00,28.584511,77.205783,215,VIDP,270.0,4.1,,1000,23.8,18.1,1013.2,0,0,0,0,0,2024-10-24 03:00:00
2024-10-24 06:00:00,28.584511,77.205783,215,VIDP,270.0,3.1,,6000,31.0,18.7,1011.9,0,0,0,0,0,2024-10-24 06:00:00
2024-10-24 09:00:00,28.584511,77.205783,215,VIDP,320.0,2.1,,2000,33.8,19.6,1008.5,0,0,0,0,0,2024-10-24 09:00:00
2024-10-24 12:00:00,28.584511,77.205783,215,VIDP,250.0,1.5,,2000,30.6,19.7,1008.3,0,0,0,0,0,2024-10-24 12:00:00
2024-10-24 15:00:00,28.584511,77.205783,215,VIDP,,0.0,,2000,24.4,20.4,1010.1,0,0,0,0,0,2024-10-24 15:00:00
2024-10-24 18:00:00,28.584511,77.205783,215,VIDP,,0.0,,2000,22.8,19.7,1010.6,0,0,0,0,0,2024-10-24 18:00:00
2024-10-24 21:00:00,28.584511,77.205783,215,VIDP,,0.0,,1000,21.2,19.0,1009.8,0,0,0,0,0,2024-10-24 21:00:00
2024-10-25 00:00:00,28.584511,77.205783,215,VIDP,,1.0,,1000,20.0,18.4,1010.6,0,0,0,0,0,2024-10-25 00:00:00
2024-10-25 03:00:00,28.584511,77.205783,215,VIDP,270.0,3.1,,1000,23.0,18.6,1012.4,0,0,0,0,0,2024-10-25 03:00:00
2024-10-25 06:00:00,28.584511,77.205783,215,VIDP,270.0,4.6,,2000,30.4,18.7,1010.7,0,0,0,0,0,2024-10-25 06:00:00
2024-10-25 06:00:00,28.584511,77.205783,215,VIDP,270.0,4.6,22000.0,3000,30.0,19.0,,0,1,0,0,0,2024-10-25 06:00:00
2024-10-25 09:00:00,28.584511,77.205783,215,VIDP,290.0,2.1,,2000,33.2,16.5,1007.7,0,0,0,0,0,2024-10-25 09:00:00
2024-10-25 12:00:00,28.584511,77.205783,215,VIDP,270.0,1.5,,2000,30.2,19.5,1007.6,0,0,0,0,0,2024-10-25 12:00:00
2024-10-25 15:00:00,28.584511,77.205783,215,VIDP,,0.0,,2000,23.4,18.7,1009.9,0,0,0,0,0,2024-10-25 15:00:00
2024-10-25 18:00:00,28.584511,77.205783,215,VIDP,,0.0,,2000,21.0,18.1,1009.9,0,0,0,0,0,2024-10-25 18:00:00
2024-10-25 21:00:00,28.584511,77.205783,215,VIDP,,0.0,,2000,20.2,18.6,1010.2,0,0,0,0,0,2024-10-25 21:00:00
2024-10-26 00:00:00,28.584511,77.205783,215,VIDP,250.0,1.5,,1000,19.4,17.8,1010.7,0,0,0,0,0,2024-10-26 00:00:00
2024-10-26 03:00:00,28.584511,77.205783,215,VIDP,250.0,2.6,,2000,22.6,16.4,1011.8,0,0,0,0,0,2024-10-26 03:00:00
2024-10-26 05:00:00,28.584511,77.205783,215,VIDP,280.0,3.1,22000.0,3000,29.0,19.0,,0,1,0,0,0,2024-10-26 05:00:00
2024-10-26 06:00:00,28.584511,77.205783,215,VIDP,290.0,2.6,,2000,30.0,18.9,1010.6,0,0,0,0,0,2024-10-26 06:00:00
2024-10-26 09:00:00,28.584511,77.205783,215,VIDP,290.0,2.1,,2000,32.8,18.3,1007.7,0,0,0,0,0,2024-10-26 09:00:00
2024-10-26 12:00:00,28.584511,77.205783,215,VIDP,,0.0,,2000,30.4,21.5,1007.4,0,0,0,0,0,2024-10-26 12:00:00
2024-10-26 12:00:00,28.584511,77.205783,215,VIDP,0.0,0.0,22000.0,2000,30.0,22.0,,0,0,0,0,0,2024-10-26 12:00:00
2024-10-26 15:00:00,28.584511,77.205783,215,VIDP,,0.0,,1000,24.0,20.5,1009.8,0,0,0,0,0,2024-10-26 15:00:00
2024-10-26 18:00:00,28.584511,77.205783,215,VIDP,,0.0,,1000,22.2,19.7,1010.1,0,0,0,0,0,2024-10-26 18:00:00
2024-10-27 00:00:00,28.584511,77.205783,215,VIDP,,0.0,,1000,20.6,19.3,1009.8,0,0,0,0,0,2024-10-27 00:00:00
2024-10-27 03:00:00,28.584511,77.205783,215,VIDP,,0.0,,1000,23.4,22.2,1011.7,0,0,0,0,0,2024-10-27 03:00:00
2024-10-27 06:00:00,28.584511,77.205783,215,VIDP,70.0,2.1,,2000,31.4,22.0,1010.7,0,0,0,0,0,2024-10-27 06:00:00
2024-10-27 09:00:00,28.584511,77.205783,215,VIDP,320.0,1.5,,2000,33.2,22.7,1007.1,0,0,0,0,0,2024-10-27 09:00:00
2024-10-27 10:00:00,28.584511,77.205783,215,VIDP,0.0,0.0,22000.0,2000,33.0,23.0,,0,0,0,0,0,2024-10-27 10:00:00
2024-10-27 10:30:00,28.584511,77.205783,215,VIDP,0.0,0.0,22000.0,2000,33.0,23.0,,0,0,0,0,0,2024-10-27 10:00:00
2024-10-27 12:00:00,28.584511,77.205783,215,VIDP,,0.0,,2000,30.8,23.6,1007.0,0,0,0,0,0,2024-10-27 12:00:00
2024-10-27 15:00:00,28.584511,77.205783,215,VIDP,,0.0,,2000,25.4,22.4,1008.4,0,0,0,0,0,2024-10-27 15:00:00
2024-10-27 18:00:00,28.584511,77.205783,215,VIDP,,0.0,,2000,23.4,21.6,1008.5,0,0,0,0,0,2024-10-27 18:00:00
2024-10-27 21:00:00,28.584511,77.205783,215,VIDP,,0.0,,2000,22.6,21.1,1007.5,0,0,0,0,0,2024-10-27 21:00:00
2024-10-28 00:00:00,28.584511,77.205783,215,VIDP,,0.0,,2000,21.0,20.1,1007.9,0,0,0,0,0,2024-10-28 00:00:00
2024-10-28 03:00:00,28.584511,77.205783,215,VIDP,,0.0,,1000,23.8,21.7,1010.1,0,0,0,0,0,2024-10-28 03:00:00
2024-10-28 06:00:00,28.584511,77.205783,215,VIDP,160.0,3.1,,2000,31.4,22.0,1009.1,0,0,0,0,0,2024-10-28 06:00:00
2024-10-28 09:00:00,28.584511,77.205783,215,VIDP,320.0,2.6,,2000,33.6,22.6,1006.4,0,0,0,0,0,2024-10-28 09:00:00
2024-10-28 12:00:00,28.584511,77.205783,215,VIDP,270.0,1.5,,2000,30.4,22.8,1006.2,0,0,0,0,0,2024-10-28 12:00:00
2024-10-28 15:00:00,28.584511,77.205783,215,VIDP,,0.0,,2000,25.4,21.8,1008.2,0,0,0,0,0,2024-10-28 15:00:00
2024-10-28 18:00:00,28.584511,77.205783,215,VIDP,,0.0,,2000,23.2,21.1,1008.5,0,0,0,0,0,2024-10-28 18:00:00
2024-10-28 21:00:00,28.584511,77.205783,215,VIDP,,0.0,,1000,22.0,20.8,1007.9,0,0,0,0,0,2024-10-28 21:00:00
2024-10-29 00:00:00,28.584511,77.205783,215,VIDP,,0.0,,1000,21.2,20.3,1008.6,0,0,0,0,0,2024-10-29 00:00:00
2024-10-29 03:00:00,28.584511,77.205783,215,VIDP,,0.0,,1000,23.8,21.1,1010.4,0,0,0,0,0,2024-10-29 03:00:00
2024-10-29 06:00:00,28.584511,77.205783,215,VIDP,320.0,2.6,,2000,33.0,22.9,1009.6,0,0,0,0,0,2024-10-29 06:00:00
2024-10-29 09:00:00,28.584511,77.205783,215,VIDP,320.0,1.0,,2000,35.0,23.2,1006.8,0,0,0,0,0,2024-10-29 09:00:00
2024-10-29 12:00:00,28.584511,77.205783,215,VIDP,,0.0,,2000,33.6,24.5,1006.3,0,0,0,0,0,2024-10-29 12:00:00
2024-10-29 15:00:00,28.584511,77.205783,215,VIDP,,0.0,,2000,25.8,22.9,1008.2,0,0,0,0,0,2024-10-29 15:00:00
2024-10-29 18:00:00,28.584511,77.205783,215,VIDP,,0.0,,1000,24.0,22.2,1008.4,0,0,0,0,0,2024-10-29 18:00:00
2024-10-29 21:00:00,28.584511,77.205783,215,VIDP,,0.0,,1000,22.6,21.4,1007.5,0,0,0,0,0,2024-10-29 21:00:00
2024-10-30 00:00:00,28.584511,77.205783,215,VIDP,,0.0,,1000,22.0,21.1,1008.0,0,0,0,0,0,2024-10-30 00:00:00
2024-10-30 03:00:00,28.584511,77.205783,215,VIDP,,0.0,,1000,24.0,21.0,1010.1,0,0,0,0,0,2024-10-30 03:00:00
2024-10-30 06:00:00,28.584511,77.205783,215,VIDP,50.0,1.5,,2000,32.8,21.3,1009.5,0,0,0,0,0,2024-10-30 06:00:00
2024-10-30 09:00:00,28.584511,77.205783,215,VIDP,,0.0,,2000,35.4,22.7,1007.3,0,0,0,0,0,2024-10-30 09:00:00
2024-10-30 12:00:00,28.584511,77.205783,215,VIDP,,0.0,,2000,33.0,24.5,1007.6,0,0,0,0,0,2024-10-30 12:00:00
2024-10-30 15:00:00,28.584511,77.205783,215,VIDP,,0.0,,2000,25.4,22.4,1010.1,0,0,0,0,0,2024-10-30 15:00:00
2024-10-30 18:00:00,28.584511,77.205783,215,VIDP,,0.0,,2000,23.8,21.4,1011.0,0,0,0,0,0,2024-10-30 18:00:00
2024-10-30 21:00:00,28.584511,77.205783,215,VIDP,,0.0,,2000,23.2,21.1,1010.4,0,0,0,0,0,2024-10-30 21:00:00
2024-10-31 00:00:00,28.584511,77.205783,215,VIDP,,0.0,,2000,21.6,20.7,1010.7,0,0,0,0,0,2024-10-31 00:00:00
2024-10-31 03:00:00,28.584511,77.205783,215,VIDP,250.0,2.1,,2000,25.0,20.4,1012.8,0,0,0,0,0,2024-10-31 03:00:00
2024-10-31 06:00:00,28.584511,77.205783,215,VIDP,270.0,4.1,,2000,31.2,21.8,1011.9,0,0,0,0,0,2024-10-31 06:00:00
2024-10-31 09:00:00,28.584511,77.205783,215,VIDP,270.0,2.1,,2000,33.0,21.2,1009.3,0,0,0,0,0,2024-10-31 09:00:00
2024-10-31 12:00:00,28.584511,77.205783,215,VIDP,,0.0,,2000,31.4,22.3,1008.9,0,0,0,0,0,2024-10-31 12:00:00
2024-10-31 15:00:00,28.584511,77.205783,215,VIDP,,0.0,,2000,23.4,19.7,1010.6,0,0,0,0,0,2024-10-31 15:00:00
2024-10-31 18:00:00,28.584511,77.205783,215,VIDP,270.0,2.6,,1000,22.0,17.5,1011.0,0,0,0,0,0,2024-10-31 18:00:00
2024-10-31 21:00:00,28.584511,77.205783,215,VIDP,270.0,1.5,,1000,21.4,17.9,1010.3,0,0,0,0,0,2024-10-31 21:00:00
2024-11-01 00:00:00,28.584511,77.205783,215,VIDP,270.0,1.0,,1000,19.2,15.9,1010.6,0,0,0,0,0,2024-11-01 00:00:00
2024-11-01 03:00:00,28.584511,77.205783,215,VIDP,250.0,2.6,,2000,21.4,15.7,1012.9,0,0,0,0,0,2024-11-01 03:00:00
2024-11-01 06:00:00,28.584511,77.205783,215,VIDP,250.0,4.1,,2000,30.0,19.6,1011.8,0,0,0,0,0,2024-11-01 06:00:00
2024-11-01 09:00:00,28.584511,77.205783,215,VIDP,270.0,2.6,,2000,33.2,20.7,1010.2,0,0,0,0,0,2024-11-01 09:00:00
2024-11-01 12:00:00,28.584511,77.205783,215,VIDP,,0.0,,2000,30.4,21.5,1010.4,0,0,0,0,0,2024-11-01 12:00:00
2024-11-01 15:00:00,28.584511,77.205783,215,VIDP,,0.0,,2000,21.6,18.8,1013.0,0,0,0,0,0,2024-11-01 15:00:00
2024-11-01 18:00:00,28.584511,77.205783,215,VIDP,,0.0,,2000,20.4,17.8,1013.2,0,0,0,0,0,2024-11-01 18:00:00
2024-11-01 21:00:00,28.584511,77.205783,215,VIDP,,0.0,,2000,19.4,17.8,1012.1,0,0,0,0,0,2024-11-01 21:00:00
2024-11-02 00:00:00,28.584511,77.205783,215,VIDP,,0.0,,2000,17.8,16.5,1012.4,0,0,0,0,0,2024-11-02 00:00:00
2024-11-02 03:00:00,28.584511,77.205783,215,VIDP,,0.0,,2000,19.0,17.0,1014.3,0,0,0,0,0,2024-11-02 03:00:00
2024-11-02 06:00:00,28.584511,77.205783,215,VIDP,,0.0,,2000,31.0,18.7,1013.5,0,0,0,0,0,2024-11-02 06:00:00
2024-11-02 09:00:00,28.584511,77.205783,215,VIDP,,0.0,,2000,33.0,19.0,1011.1,0,0,0,0,0,2024-11-02 09:00:00
2024-11-02 12:00:00,28.584511,77.205783,215,VIDP,,0.0,,2000,29.0,20.9,1011.3,0,0,0,0,0,2024-11-02 12:00:00
2024-11-02 15:00:00,28.584511,77.205783,215,VIDP,,0.0,,2000,22.6,19.5,1013.2,0,0,0,0,0,2024-11-02 15:00:00
2024-11-02 18:00:00,28.584511,77.205783,215,VIDP,,0.0,,2000,20.8,17.6,1014.2,0,0,0,0,0,2024-11-02 18:00:00
2024-11-02 21:00:00,28.584511,77.205783,215,VIDP,,0.0,,2000,18.8,15.8,1013.7,0,0,0,0,0,2024-11-02 21:00:00
2024-11-03 00:00:00,28.584511,77.205783,215,VIDP,,0.0,,2000,17.2,15.1,1013.9,0,0,0,0,0,2024-11-03 00:00:00
2024-11-03 03:00:00,28.584511,77.205783,215,VIDP,,0.0,,1000,18.6,17.6,1015.6,0,0,0,0,0,2024-11-03 03:00:00
2024-11-03 06:00:00,28.584511,77.205783,215,VIDP,,0.0,,1000,30.4,16.4,1014.7,0,0,0,0,0,2024-11-03 06:00:00
2024-11-03 09:00:00,28.584511,77.205783,215,VIDP,,0.0,,1000,32.0,19.9,1012.5,0,0,0,0,0,2024-11-03 09:00:00
2024-11-03 12:00:00,28.584511,77.205783,215,VIDP,,0.0,,1000,30.2,22.6,1011.9,0,0,0,0,0,2024-11-03 12:00:00
2024-11-03 15:00:00,28.584511,77.205783,215,VIDP,,0.0,,1000,21.6,19.2,1014.0,0,0,0,0,0,2024-11-03 15:00:00
2024-11-03 18:00:00,28.584511,77.205783,215,VIDP,,0.0,,1000,19.6,17.0,1014.0,0,0,0,0,0,2024-11-03 18:00:00
2024-11-03 21:00:00,28.584511,77.205783,215,VIDP,,0.0,,1000,18.8,16.5,1012.8,0,0,0,0,0,2024-11-03 21:00:00
2024-11-04 00:00:00,28.584511,77.205783,215,VIDP,,0.0,,1000,17.4,15.7,1012.4,0,0,0,0,0,2024-11-04 00:00:00
2024-11-04 03:00:00,28.584511,77.205783,215,VIDP,,0.0,,1000,18.8,15.8,1014.1,0,0,0,0,0,2024-11-04 03:00:00
2024-11-04 06:00:00,28.584511,77.205783,215,VIDP,250.0,1.5,,2000,28.0,15.7,1013.0,0,0,0,0,0,2024-11-04 06:00:00
2024-11-04 09:00:00,28.584511,77.205783,215,VIDP,270.0,1.5,,1000,31.6,19.8,1010.3,0,0,0,0,0,2024-11-04 09:00:00
2024-11-04 12:00:00,28.584511,77.205783,215,VIDP,,0.0,,1000,30.0,21.4,1009.7,0,0,0,0,0,2024-11-04 12:00:00
2024-11-04 15:00:00,28.584511,77.205783,215,VIDP,,0.0,,2000,22.6,19.5,1009.7,0,0,0,0,0,2024-11-04 15:00:00
2024-11-04 18:00:00,28.584511,77.205783,215,VIDP,,0.0,,1000,20.0,18.4,1013.7,0,0,0,0,0,2024-11-04 18:00:00
2024-11-04 21:00:00,28.584511,77.205783,215,VIDP,,0.0,,1000,18.8,17.5,1013.5,0,0,0,0,0,2024-11-04 21:00:00
2024-11-05 00:00:00,28.584511,77.205783,215,VIDP,,0.0,,1000,18.2,17.5,1013.9,0,0,0,0,0,2024-11-05 00:00:00
2024-11-05 03:00:00,28.584511,77.205783,215,VIDP,,0.0,,1000,19.6,18.6,1016.0,0,0,0,0,0,2024-11-05 03:00:00
2024-11-05 06:00:00,28.584511,77.205783,215,VIDP,,0.0,,1000,29.4,19.3,1015.8,0,0,0,0,0,2024-11-05 06:00:00
2024-11-05 09:00:00,28.584511,77.205783,215,VIDP,340.0,2.1,,1000,31.6,20.5,1012.6,0,0,0,0,0,2024-11-05 09:00:00
2024-11-05 12:00:00,28.584511,77.205783,215,VIDP,,0.0,,1000,28.6,21.8,1012.7,0,0,0,0,0,2024-11-05 12:00:00
2024-11-05 15:00:00,28.584511,77.205783,215,VIDP,,0.0,,1000,21.6,19.1,1015.1,0,0,0,0,0,2024-11-05 15:00:00
2024-11-05 18:00:00,28.584511,77.205783,215,VIDP,,0.0,,1000,20.2,18.3,1015.3,0,0,0,0,0,2024-11-05 18:00:00
2024-11-05 21:00:00,28.584511,77.205783,215,VIDP,,0.0,,500,18.8,17.8,1014.7,0,0,0,0,0,2024-11-05 21:00:00
2024-11-06 00:00:00,28.584511,77.205783,215,VIDP,,0.0,,500,18.0,17.3,1014.9,0,0,0,0,0,2024-11-06 00:00:00
2024-11-06 03:00:00,28.584511,77.205783,215,VIDP,,0.0,,500,19.0,18.7,1016.9,0,0,0,0,0,2024-11-06 03:00:00
2024-11-06 06:00:00,28.584511,77.205783,215,VIDP,340.0,1.5,,1000,30.0,20.3,1015.5,0,0,0,0,0,2024-11-06 06:00:00
2024-11-06 09:00:00,28.584511,77.205783,215,VIDP,230.0,1.5,,2000,31.8,21.4,1012.6,0,0,0,0,0,2024-11-06 09:00:00
2024-11-06 12:00:00,28.584511,77.205783,215,VIDP,,0.0,,1000,28.4,22.2,1012.5,0,0,0,0,0,2024-11-06 12:00:00
2024-11-06 15:00:00,28.584511,77.205783,215,VIDP,,0.0,,1000,22.8,20.0,1014.3,0,0,0,0,0,2024-11-06 15:00:00
2024-11-06 18:00:00,28.584511,77.205783,215,VIDP,,0.0,,1000,20.8,19.2,1014.3,0,0,0,0,0,2024-11-06 18:00:00
2024-11-06 21:00:00,28.584511,77.205783,215,VIDP,,0.0,,1000,19.6,18.6,1013.5,0,0,0,0,0,2024-11-06 21:00:00
2024-11-07 00:00:00,28.584511,77.205783,215,VIDP,,0.0,,1000,18.8,17.8,1013.9,0,0,0,0,0,2024-11-07 00:00:00
2024-11-07 03:00:00,28.584511,77.205783,215,VIDP,,0.0,,1000,20.0,19.0,1015.8,0,0,0,0,0,2024-11-07 03:00:00
2024-11-07 06:00:00,28.584511,77.205783,215,VIDP,,1.0,,1000,29.0,20.6,1014.5,0,0,0,0,0,2024-11-07 06:00:00
2024-11-07 08:30:00,28.584511,77.205783,215,VIDP,,1.0,22000.0,1800,31.0,22.0,,0,0,0,1,0,2024-11-07 08:00:00
2024-11-07 09:00:00,28.584511,77.205783,215,VIDP,,1.0,,1000,31.4,22.3,1011.7,0,0,0,0,0,2024-11-07 09:00:00
2024-11-07 12:00:00,28.584511,77.205783,215,VIDP,,0.0,,1000,27.6,22.6,1012.0,0,0,0,0,0,2024-11-07 12:00:00
2024-11-07 15:00:00,28.584511,77.205783,215,VIDP,,0.0,,1000,22.8,20.7,1013.9,0,0,0,0,0,2024-11-07 15:00:00
2024-11-07 18:00:00,28.584511,77.205783,215,VIDP,,0.0,,1000,21.0,19.8,1014.3,0,0,0,0,0,2024-11-07 18:00:00
2024-11-07 21:00:00,28.584511,77.205783,215,VIDP,,0.0,,1000,19.8,18.5,1013.3,0,0,0,0,0,2024-11-07 21:00:00
2024-11-08 00:00:00,28.584511,77.205783,215,VIDP,,0.0,,500,19.0,18.4,1013.4,0,0,0,0,0,2024-11-08 00:00:00
2024-11-08 03:00:00,28.584511,77.205783,215,VIDP,,0.0,,500,20.0,19.4,1015.7,0,0,0,0,0,2024-11-08 03:00:00
2024-11-08 06:00:00,28.584511,77.205783,215,VIDP,340.0,1.5,,1000,28.6,21.4,1014.5,0,0,0,0,0,2024-11-08 06:00:00
2024-11-08 09:00:00,28.584511,77.205783,215,VIDP,320.0,1.5,,1000,31.0,22.2,1011.6,0,0,0,0,0,2024-11-08 09:00:00
2024-11-08 12:00:00,28.584511,77.205783,215,VIDP,,0.0,,1000,28.0,23.0,1011.4,0,0,0,0,0,2024-11-08 12:00:00
2024-11-08 15:00:00,28.584511,77.205783,215,VIDP,,0.0,,1000,23.0,21.8,1013.3,0,0,0,0,0,2024-11-08 15:00:00
2024-11-08 18:00:00,28.584511,77.205783,215,VIDP,,0.0,,1000,21.0,19.8,1013.7,0,0,0,0,0,2024-11-08 18:00:00
2024-11-08 21:00:00,28.584511,77.205783,215,VIDP,,0.0,,1000,20.0,19.0,1013.4,0,0,0,0,0,2024-11-08 21:00:00
2024-11-09 00:00:00,28.584511,77.205783,215,VIDP,,0.0,,500,19.0,18.7,1013.6,0,0,0,0,0,2024-11-09 00:00:00
2024-11-09 03:00:00,28.584511,77.205783,215,VIDP,,1.0,,500,20.0,19.7,1015.7,0,0,0,0,0,2024-11-09 03:00:00
2024-11-09 06:00:00,28.584511,77.205783,215,VIDP,,1.0,,1000,29.0,21.6,1014.5,0,0,0,0,0,2024-11-09 06:00:00
2024-11-09 09:00:00,28.584511,77.205783,215,VIDP,140.0,1.5,,1000,31.6,22.2,1011.5,0,0,0,0,0,2024-11-09 09:00:00
2024-11-09 12:00:00,28.584511,77.205783,215,VIDP,,0.0,,1000,27.8,22.8,1011.4,0,0,0,0,0,2024-11-09 12:00:00
2024-11-09 15:00:00,28.584511,77.205783,215,VIDP,,0.0,,500,23.4,21.0,1013.3,0,0,0,0,0,2024-11-09 15:00:00
2024-11-09 18:00:00,28.584511,77.205783,215,VIDP,,0.0,,500,21.8,20.3,1013.7,0,0,0,0,0,2024-11-09 18:00:00
2024-11-09 21:00:00,28.584511,77.205783,215,VIDP,,0.0,,500,20.4,19.5,1013.3,0,0,0,0,0,2024-11-09 21:00:00
2024-11-10 00:00:00,28.584511,77.205783,215,VIDP,,0.0,,500,19.4,18.8,1013.6,0,0,0,0,0,2024-11-10 00:00:00
2024-11-10 03:00:00,28.584511,77.205783,215,VIDP,,0.0,,500,21.0,19.4,1015.3,0,0,0,0,0,2024-11-10 03:00:00
2024-11-10 06:00:00,28.584511,77.205783,215,VIDP,,0.0,,1000,27.4,19.7,1014.6,0,0,0,0,0,2024-11-10 06:00:00
2024-11-10 09:00:00,28.584511,77.205783,215,VIDP,,0.0,,1000,30.6,22.1,1011.8,0,0,0,0,0,2024-11-10 09:00:00
2024-11-10 12:00:00,28.584511,77.205783,215,VIDP,,0.0,,1000,28.0,23.0,1011.6,0,0,0,0,0,2024-11-10 12:00:00
2024-11-10 15:00:00,28.584511,77.205783,215,VIDP,,0.0,,1000,22.6,20.4,1014.0,0,0,0,0,0,2024-11-10 15:00:00
2024-11-10 18:00:00,28.584511,77.205783,215,VIDP,,0.0,,1000,20.8,19.5,1014.5,0,0,0,0,0,2024-11-10 18:00:00
2024-11-10 21:00:00,28.584511,77.205783,215,VIDP,,0.0,,1000,19.6,18.6,1013.6,0,0,0,0,0,2024-11-10 21:00:00
2024-11-11 00:00:00,28.584511,77.205783,215,VIDP,,0.0,,500,18.2,17.5,1013.7,0,0,0,0,0,2024-11-11 00:00:00
2024-11-11 03:00:00,28.584511,77.205783,215,VIDP,,0.0,,500,19.4,18.8,1015.6,0,0,0,0,0,2024-11-11 03:00:00
2024-11-11 06:00:00,28.584511,77.205783,215,VIDP,50.0,1.5,,1000,28.2,21.3,1014.4,0,0,0,0,0,2024-11-11 06:00:00
2024-11-11 09:00:00,28.584511,77.205783,215,VIDP,,1.0,,1000,31.4,21.7,1011.4,0,0,0,0,0,2024-11-11 09:00:00
2024-11-11 12:00:00,28.584511,77.205783,215,VIDP,,0.0,,1000,28.2,22.6,1011.1,0,0,0,0,0,2024-11-11 12:00:00
2024-11-11 15:00:00,28.584511,77.205783,215,VIDP,,0.0,,1000,22.6,20.8,1012.8,0,0,0,0,0,2024-11-11 15:00:00
2024-11-11 18:00:00,28.584511,77.205783,215,VIDP,,0.0,,1000,20.8,19.5,1013.5,0,0,0,0,0,2024-11-11 18:00:00
2024-11-11 21:00:00,28.584511,77.205783,215,VIDP,,0.0,,1000,19.6,18.6,1013.3,0,0,0,0,0,2024-11-11 21:00:00
2024-11-12 00:00:00,28.584511,77.205783,215,VIDP,,0.0,,1000,18.8,18.1,1013.5,0,0,0,0,0,2024-11-12 00:00:00
2024-11-12 03:00:00,28.584511,77.205783,215,VIDP,,1.0,,1000,20.0,19.4,1015.0,0,0,0,0,0,2024-11-12 03:00:00
2024-11-12 06:00:00,28.584511,77.205783,215,VIDP,320.0,2.6,,1000,30.2,20.6,1013.7,0,0,0,0,0,2024-11-12 06:00:00
2024-11-12 09:00:00,28.584511,77.205783,215,VIDP,270.0,4.1,,2000,32.4,19.3,1011.3,0,0,0,0,0,2024-11-12 09:00:00
2024-11-12 12:00:00,28.584511,77.205783,215,VIDP,,0.0,,2000,28.4,20.9,1010.8,0,0,0,0,0,2024-11-12 12:00:00
2024-11-12 15:00:00,28.584511,77.205783,215,VIDP,,0.0,,2000,20.6,16.7,1013.3,0,0,0,0,0,2024-11-12 15:00:00
2024-11-12 18:00:00,28.584511,77.205783,215,VIDP,,0.0,,1000,19.4,15.7,1013.2,0,0,0,0,0,2024-11-12 18:00:00
2024-11-12 21:00:00,28.584511,77.205783,215,VIDP,,0.0,,500,18.2,17.5,1012.2,0,0,0,0,0,2024-11-12 21:00:00
2024-11-13 00:00:00,28.584511,77.205783,215,VIDP,270.0,1.5,60.0,200,19.2,19.2,1011.9,0,0,0,0,0,2024-11-13 00:00:00
2024-11-13 03:00:00,28.584511,77.205783,215,VIDP,270.0,1.5,60.0,200,20.4,19.1,1014.6,0,0,0,0,0,2024-11-13 03:00:00
2024-11-13 06:00:00,28.584511,77.205783,215,VIDP,270.0,3.1,120.0,500,23.0,19.9,1014.2,0,0,0,0,0,2024-11-13 06:00:00
2024-11-13 09:00:00,28.584511,77.205783,215,VIDP,290.0,1.5,,500,27.0,20.6,1011.1,0,0,0,0,0,2024-11-13 09:00:00
2024-11-13 12:00:00,28.584511,77.205783,215,VIDP,,0.0,,500,24.8,20.8,1011.0,0,0,0,0,0,2024-11-13 12:00:00
2024-11-13 15:00:00,28.584511,77.205783,215,VIDP,,0.0,,200,19.6,18.3,1013.0,0,0,0,0,0,2024-11-13 15:00:00
2024-11-13 18:00:00,28.584511,77.205783,215,VIDP,,0.0,,200,18.0,17.3,1014.1,0,0,0,0,0,2024-11-13 18:00:00
2024-11-13 21:00:00,28.584511,77.205783,215,VIDP,,0.0,,200,17.2,16.9,1013.9,0,0,0,0,0,2024-11-13 21:00:00
2024-11-14 00:00:00,28.584511,77.205783,215,VIDP,,1.0,,200,16.8,16.8,1014.4,0,0,0,0,0,2024-11-14 00:00:00
2024-11-14 03:00:00,28.584511,77.205783,215,VIDP,,0.0,,200,18.6,18.3,1016.5,0,0,0,0,0,2024-11-14 03:00:00
2024-11-14 06:00:00,28.584511,77.205783,215,VIDP,,0.0,,200,25.0,19.8,1016.4,0,0,0,0,0,2024-11-14 06:00:00
2024-11-14 09:00:00,28.584511,77.205783,215,VIDP,,0.0,,500,28.4,20.5,1013.5,0,0,0,0,0,2024-11-14 09:00:00
2024-11-14 12:00:00,28.584511,77.205783,215,VIDP,,0.0,,1000,25.0,20.7,1013.3,0,0,0,0,0,2024-11-14 12:00:00
2024-11-14 12:00:00,28.584511,77.205783,215,VIDP,0.0,0.0,22000.0,1000,25.0,21.0,,1,0,0,0,0,2024-11-14 12:00:00
2024-11-14 15:00:00,28.584511,77.205783,215,VIDP,,0.0,,500,19.8,18.2,1014.9,0,0,0,0,0,2024-11-14 15:00:00
2024-11-14 18:00:00,28.584511,77.205783,215,VIDP,,0.0,,500,18.0,17.7,1015.1,0,0,0,0,0,2024-11-14 18:00:00
2024-11-14 21:00:00,28.584511,77.205783,215,VIDP,,0.0,,200,16.6,16.3,1014.7,0,0,0,0,0,2024-11-14 21:00:00
2024-11-15 00:00:00,28.584511,77.205783,215,VIDP,,0.0,,200,16.2,16.2,1014.5,0,0,0,0,0,2024-11-15 00:00:00
2024-11-15 03:00:00,28.584511,77.205783,215,VIDP,,0.0,,500,18.0,17.7,1016.2,0,0,0,0,0,2024-11-15 03:00:00
2024-11-15 06:00:00,28.584511,77.205783,215,VIDP,230.0,1.5,,500,27.4,20.1,1014.7,0,0,0,0,0,2024-11-15 06:00:00
2024-11-15 09:00:00,28.584511,77.205783,215,VIDP,270.0,2.6,,2000,30.0,20.3,1012.1,0,0,0,0,0,2024-11-15 09:00:00
2024-11-15 12:00:00,28.584511,77.205783,215,VIDP,,0.0,,2000,25.8,20.0,1011.6,0,0,0,0,0,2024-11-15 12:00:00
2024-11-15 15:00:00,28.584511,77.205783,215,VIDP,,0.0,,2000,19.8,17.5,1013.1,0,0,0,0,0,2024-11-15 15:00:00
2024-11-15 18:00:00,28.584511,77.205783,215,VIDP,,0.0,,2000,17.6,16.3,1013.4,0,0,0,0,0,2024-11-15 18:00:00
2024-11-15 21:00:00,28.584511,77.205783,215,VIDP,,0.0,,1000,17.0,15.6,1013.0,0,0,0,0,0,2024-11-15 21:00:00
2024-11-16 00:00:00,28.584511,77.205783,215,VIDP,,0.0,,200,16.2,15.5,1012.8,0,0,0,0,0,2024-11-16 00:00:00
2024-11-16 03:00:00,28.584511,77.205783,215,VIDP,,0.0,,200,17.2,16.2,1014.2,0,0,0,0,0,2024-11-16 03:00:00
2024-11-16 06:00:00,28.584511,77.205783,215,VIDP,270.0,2.6,,500,27.0,18.2,1013.7,0,0,0,0,0,2024-11-16 06:00:00
2024-11-16 09:00:00,28.584511,77.205783,215,VIDP,270.0,3.1,,1000,29.0,19.9,1011.4,0,0,0,0,0,2024-11-16 09:00:00
2024-11-16 12:00:00,28.584511,77.205783,215,VIDP,,0.0,,1000,26.2,22.3,1010.7,0,0,0,0,0,2024-11-16 12:00:00
2024-11-16 15:00:00,28.584511,77.205783,215,VIDP,,0.0,,500,19.8,18.5,1013.0,0,0,0,0,0,2024-11-16 15:00:00
2024-11-16 18:00:00,28.584511,77.205783,215,VIDP,,0.0,,500,17.8,16.5,1013.4,0,0,0,0,0,2024-11-16 18:00:00
2024-11-16 21:00:00,28.584511,77.205783,215,VIDP,,0.0,,500,17.2,16.5,1013.1,0,0,0,0,0,2024-11-16 21:00:00
2024-11-17 00:00:00,28.584511,77.205783,215,VIDP,,0.0,,200,17.0,16.0,1013.1,0,0,0,0,0,2024-11-17 00:00:00
2024-11-17 03:00:00,28.584511,77.205783,215,VIDP,,0.0,,200,18.0,17.0,1014.6,0,0,0,0,0,2024-11-17 03:00:00
2024-11-17 06:00:00,28.584511,77.205783,215,VIDP,,0.0,,500,25.8,20.0,1014.5,0,0,0,0,0,2024-11-17 06:00:00
2024-11-17 09:00:00,28.584511,77.205783,215,VIDP,,0.0,,500,26.8,20.7,1012.2,0,0,0,0,0,2024-11-17 09:00:00
2024-11-17 12:00:00,28.584511,77.205783,215,VIDP,270.0,1.5,,500,21.6,19.1,1012.6,0,0,0,0,0,2024-11-17 12:00:00
2024-11-17 12:30:00,28.584511,77.205783,215,VIDP,270.0,1.5,22000.0,400,21.0,19.0,,0,0,0,0,0,2024-11-17 12:00:00
2024-11-17 15:00:00,28.584511,77.205783,215,VIDP,,0.0,60.0,200,18.2,17.2,1014.7,0,0,0,0,0,2024-11-17 15:00:00
2024-11-17 18:00:00,28.584511,77.205783,215,VIDP,,1.0,30.0,50,17.2,16.5,1015.1,0,0,0,0,0,2024-11-17 18:00:00
2024-11-22 00:00:00,28.584511,77.205783,215,VIDP,,0.0,,500,11.8,11.6,1014.5,0,0,0,0,0,2024-11-22 00:00:00
2024-11-22 03:00:00,28.584511,77.205783,215,VIDP,,0.0,,500,12.4,12.0,1016.6,0,0,0,0,0,2024-11-22 03:00:00
2024-11-22 06:00:00,28.584511,77.205783,215,VIDP,270.0,1.5,,500,23.2,12.4,1016.2,0,0,0,0,0,2024-11-22 06:00:00
2024-11-22 09:00:00,28.584511,77.205783,215,VIDP,320.0,2.1,,1000,26.6,12.7,1013.0,0,0,0,0,0,2024-11-22 09:00:00
2024-11-22 12:00:00,28.584511,77.205783,215,VIDP,,0.0,,500,22.2,16.7,1013.0,0,0,0,0,0,2024-11-22 12:00:00
2024-11-22 15:00:00,28.584511,77.205783,215,VIDP,,0.0,,200,16.4,14.3,1014.5,0,0,0,0,0,2024-11-22 15:00:00
2024-11-22 18:00:00,28.584511,77.205783,215,VIDP,,0.0,,200,14.2,13.5,1014.6,0,0,0,0,0,2024-11-22 18:00:00
2024-11-22 21:00:00,28.584511,77.205783,215,VIDP,,0.0,,200,13.0,12.3,1014.4,0,0,0,0,0,2024-11-22 21:00:00
2024-11-23 00:00:00,28.584511,77.205783,215,VIDP,,0.0,,200,12.0,12.0,1014.9,0,0,0,0,0,2024-11-23 00:00:00
2024-11-23 03:00:00,28.584511,77.205783,215,VIDP,,0.0,,200,13.0,12.6,1017.2,0,0,0,0,0,2024-11-23 03:00:00
2024-11-23 06:00:00,28.584511,77.205783,215,VIDP,,0.0,,1000,25.2,14.1,1016.4,0,0,0,0,0,2024-11-23 06:00:00
2024-11-23 09:00:00,28.584511,77.205783,215,VIDP,,0.0,,1000,28.2,11.6,1013.8,0,0,0,0,0,2024-11-23 09:00:00
2024-11-23 12:00:00,28.584511,77.205783,215,VIDP,,0.0,,1000,23.4,16.6,1014.0,0,0,0,0,0,2024-11-23 12:00:00
2024-11-23 15:00:00,28.584511,77.205783,215,VIDP,,0.0,,1000,17.2,14.8,1015.7,0,0,0,0,0,2024-11-23 15:00:00
2024-11-23 18:00:00,28.584511,77.205783,215,VIDP,,0.0,,1000,15.0,13.9,1015.8,0,0,0,0,0,2024-11-23 18:00:00
2024-11-23 21:00:00,28.584511,77.205783,215,VIDP,,0.0,,1000,14.0,13.3,1014.8,0,0,0,0,0,2024-11-23 21:00:00
2024-11-24 00:00:00,28.584511,77.205783,215,VIDP,,0.0,,500,12.8,12.4,1014.9,0,0,0,0,0,2024-11-24 00:00:00
2024-11-24 03:00:00,28.584511,77.205783,215,VIDP,,0.0,,2000,16.0,11.6,1016.9,0,0,0,0,0,2024-11-24 03:00:00
2024-11-24 06:00:00,28.584511,77.205783,215,VIDP,,0.0,,2000,24.8,11.8,1015.9,0,0,0,0,0,2024-11-24 06:00:00
2024-11-24 09:00:00,28.584511,77.205783,215,VIDP,320.0,3.1,,2000,28.2,10.6,1013.3,0,0,0,0,0,2024-11-24 09:00:00
2024-11-24 12:00:00,28.584511,77.205783,215,VIDP,,0.0,,2000,24.2,15.6,1013.1,0,0,0,0,0,2024-11-24 12:00:00
2024-11-24 15:00:00,28.584511,77.205783,215,VIDP,,0.0,,1000,17.4,14.3,1014.5,0,0,0,0,0,2024-11-24 15:00:00
2024-11-24 18:00:00,28.584511,77.205783,215,VIDP,320.0,1.5,,1000,15.4,12.9,1014.8,0,0,0,0,0,2024-11-24 18:00:00
2024-11-24 21:00:00,28.584511,77.205783,215,VIDP,,0.0,,1000,15.0,13.2,1014.8,0,0,0,0,0,2024-11-24 21:00:00
2024-11-25 00:00:00,28.584511,77.205783,215,VIDP,,0.0,,1000,14.8,13.0,1015.2,0,0,0,0,0,2024-11-25 00:00:00
2024-11-25 03:00:00,28.584511,77.205783,215,VIDP,320.0,1.5,,500,16.4,13.9,1017.2,0,0,0,0,0,2024-11-25 03:00:00
2024-11-25 06:00:00,28.584511,77.205783,215,VIDP,320.0,2.1,,500,23.4,15.8,1016.2,0,0,0,0,0,2024-11-25 06:00:00
2024-11-25 09:00:00,28.584511,77.205783,215,VIDP,320.0,4.1,,1000,25.6,14.6,1013.3,0,0,0,0,0,2024-11-25 09:00:00
2024-11-25 12:00:00,28.584511,77.205783,215,VIDP,320.0,1.5,,1000,22.8,16.6,1012.4,0,0,0,0,0,2024-11-25 12:00:00
2024-11-25 15:00:00,28.584511,77.205783,215,VIDP,,0.0,,500,17.4,15.0,1014.6,0,0,0,0,0,2024-11-25 15:00:00
2024-11-25 18:00:00,28.584511,77.205783,215,VIDP,,0.0,,500,15.4,14.0,1015.3,0,0,0,0,0,2024-11-25 18:00:00
2024-11-25 21:00:00,28.584511,77.205783,215,VIDP,,0.0,,500,14.8,13.4,1015.1,0,0,0,0,0,2024-11-25 21:00:00
2024-11-26 00:00:00,28.584511,77.205783,215,VIDP,320.0,1.5,,500,12.8,12.1,1015.6,0,0,0,0,0,2024-11-26 00:00:00
2024-11-26 03:00:00,28.584511,77.205783,215,VIDP,320.0,1.5,,1000,15.4,12.1,1017.5,0,0,0,0,0,2024-11-26 03:00:00
2024-11-26 06:00:00,28.584511,77.205783,215,VIDP,320.0,2.1,,1000,24.0,13.0,1016.6,0,0,0,0,0,2024-11-26 06:00:00
2024-11-26 09:00:00,28.584511,77.205783,215,VIDP,320.0,3.1,,2000,26.4,11.8,1013.2,0,0,0,0,0,2024-11-26 09:00:00
2024-11-26 12:00:00,28.584511,77.205783,215,VIDP,,0.0,,2000,22.2,14.8,1012.7,0,0,0,0,0,2024-11-26 12:00:00
2024-11-26 15:00:00,28.584511,77.205783,215,VIDP,,0.0,,1000,16.4,13.6,1014.5,0,0,0,0,0,2024-11-26 15:00:00
2024-11-26 18:00:00,28.584511,77.205783,215,VIDP,,0.0,,1000,14.0,12.5,1015.0,0,0,0,0,0,2024-11-26 18:00:00
2024-11-27 00:00:00,28.584511,77.205783,215,VIDP,,0.0,,500,11.6,10.8,1014.6,0,0,0,0,0,2024-11-27 00:00:00
2024-11-27 03:00:00,28.584511,77.205783,215,VIDP,,0.0,,1000,12.6,11.5,1016.6,0,0,0,0,0,2024-11-27 03:00:00
2024-11-27 06:00:00,28.584511,77.205783,215,VIDP,320.0,2.1,,2000,23.6,12.0,1015.7,0,0,0,0,0,2024-11-27 06:00:00
2024-11-27 06:30:00,28.584511,77.205783,215,VIDP,330.0,2.1,22000.0,2200,24.0,12.0,,0,1,0,0,0,2024-11-27 06:00:00
2024-11-27 07:00:00,28.584511,77.205783,215,VIDP,330.0,3.1,22000.0,2200,26.0,10.0,,0,1,0,0,0,2024-11-27 07:00:00
2024-11-27 09:00:00,28.584511,77.205783,215,VIDP,320.0,3.1,,2000,26.6,10.2,1012.7,0,0,0,0,0,2024-11-27 09:00:00
2024-11-27 12:00:00,28.584511,77.205783,215,VIDP,,0.0,,2000,22.0,13.8,1012.9,0,0,0,0,0,2024-11-27 12:00:00
2024-11-27 15:00:00,28.584511,77.205783,215,VIDP,,0.0,,1000,15.6,13.8,1015.3,0,0,0,0,0,2024-11-27 15:00:00
2024-11-27 18:00:00,28.584511,77.205783,215,VIDP,,0.0,,2000,13.0,11.5,1016.0,0,0,0,0,0,2024-11-27 18:00:00
2024-11-27 21:00:00,28.584511,77.205783,215,VIDP,,0.0,,2000,12.0,10.9,1015.7,0,0,0,0,0,2024-11-27 21:00:00
2024-11-28 00:00:00,28.584511,77.205783,215,VIDP,,0.0,,1000,10.8,10.4,1016.3,0,0,0,0,0,2024-11-28 00:00:00
2024-11-28 03:00:00,28.584511,77.205783,215,VIDP,,0.0,,500,11.6,11.2,1017.9,0,0,0,0,0,2024-11-28 03:00:00
2024-11-28 06:00:00,28.584511,77.205783,215,VIDP,320.0,1.5,,1000,23.8,10.5,1017.7,0,0,0,0,0,2024-11-28 06:00:00
2024-11-28 09:00:00,28.584511,77.205783,215,VIDP,,1.5,,1000,26.2,9.6,1014.6,0,0,0,0,0,2024-11-28 09:00:00
2024-11-28 12:00:00,28.584511,77.205783,215,VIDP,,0.0,,1000,21.8,11.9,1014.8,0,0,0,0,0,2024-11-28 12:00:00
2024-11-28 15:00:00,28.584511,77.205783,215,VIDP,,0.0,,2000,14.4,11.4,1016.8,0,0,0,0,0,2024-11-28 15:00:00
2024-11-28 18:00:00,28.584511,77.205783,215,VIDP,,0.0,,2000,12.4,10.9,1017.5,0,0,0,0,0,2024-11-28 18:00:00
2024-11-28 21:00:00,28.584511,77.205783,215,VIDP,,0.0,,2000,11.0,10.2,1017.3,0,0,0,0,0,2024-11-28 21:00:00
2024-11-29 00:00:00,28.584511,77.205783,215,VIDP,,0.0,,1000,10.0,10.0,1017.7,0,0,0,0,0,2024-11-29 00:00:00
2024-11-29 01:30:00,28.584511,77.205783,215,VIDP,0.0,0.0,22000.0,1100,10.0,10.0,,1,0,0,0,0,2024-11-29 01:00:00
2024-11-29 02:00:00,28.584511,77.205783,215,VIDP,0.0,0.0,22000.0,1000,10.0,10.0,,1,0,0,0,0,2024-11-29 02:00:00
2024-11-29 03:00:00,28.584511,77.205783,215,VIDP,,0.0,,1000,11.0,10.8,1019.8,0,0,0,0,0,2024-11-29 03:00:00
2024-11-29 04:30:00,28.584511,77.205783,215,VIDP,0.0,0.0,22000.0,1100,19.0,13.0,,1,0,0,0,0,2024-11-29 04:00:00
2024-11-29 05:00:00,28.584511,77.205783,215,VIDP,0.0,0.0,22000.0,1200,21.0,13.0,,0,0,0,0,0,2024-11-29 05:00:00
2024-11-29 06:00:00,28.584511,77.205783,215,VIDP,,0.0,,1000,23.4,12.2,1018.2,0,0,0,0,0,2024-11-29 06:00:00
2024-11-29 09:00:00,28.584511,77.205783,215,VIDP,270.0,1.5,,1000,25.4,12.2,1015.1,0,0,0,0,0,2024-11-29 09:00:00
2024-11-29 12:00:00,28.584511,77.205783,215,VIDP,250.0,1.5,,1000,22.0,14.9,1014.9,0,0,0,0,0,2024-11-29 12:00:00
2024-11-29 15:00:00,28.584511,77.205783,215,VIDP,,0.0,,1000,15.0,13.2,1016.9,0,0,0,0,0,2024-11-29 15:00:00
2024-11-29 18:00:00,28.584511,77.205783,215,VIDP,,0.0,,1000,13.0,11.9,1016.9,0,0,0,0,0,2024-11-29 18:00:00
2024-11-29 21:00:00,28.584511,77.205783,215,VIDP,,0.0,,1000,11.6,10.8,1016.1,0,0,0,0,0,2024-11-29 21:00:00
2024-11-30 00:00:00,28.584511,77.205783,215,VIDP,,0.0,,1000,10.4,10.4,1016.4,0,0,0,0,0,2024-11-30 00:00:00
2024-11-30 03:00:00,28.584511,77.205783,215,VIDP,,0.0,,500,11.6,11.2,1017.9,0,0,0,0,0,2024-11-30 03:00:00
2024-11-30 06:00:00,28.584511,77.205783,215,VIDP,270.0,1.5,,1000,23.2,12.4,1016.5,0,0,0,0,0,2024-11-30 06:00:00
2024-11-30 09:00:00,28.584511,77.205783,215,VIDP,270.0,3.1,,2000,26.0,8.2,1012.7,0,0,0,0,0,2024-11-30 09:00:00
2024-11-30 09:30:00,28.584511,77.205783,215,VIDP,270.0,3.1,22000.0,2000,26.0,8.0,,0,1,0,0,0,2024-11-30 09:00:00
2024-11-30 12:00:00,28.584511,77.205783,215,VIDP,,0.0,,2000,21.6,14.1,1012.1,0,0,0,0,0,2024-11-30 12:00:00
2024-11-30 15:00:00,28.584511,77.205783,215,VIDP,,0.0,,1000,16.0,13.5,1014.1,0,0,0,0,0,2024-11-30 15:00:00
2024-11-30 18:00:00,28.584511,77.205783,215,VIDP,,0.0,,1000,14.4,12.9,1014.3,0,0,0,0,0,2024-11-30 18:00:00
2024-11-30 21:00:00,28.584511,77.205783,215,VIDP,,0.0,,1000,13.6,12.5,1013.7,0,0,0,0,0,2024-11-30 21:00:00
2024-12-02 00:00:00,28.584511,77.205783,215,VIDP,,0.0,,1000,11.4,11.4,1012.8,0,0,0,0,0,2024-12-02 00:00:00
2024-12-02 03:00:00,28.584511,77.205783,215,VIDP,270.0,2.1,,1000,15.0,13.2,1015.3,0,0,0,0,0,2024-12-02 03:00:00
2024-12-02 06:00:00,28.584511,77.205783,215,VIDP,270.0,2.1,,1000,23.8,12.3,1014.9,0,0,0,0,0,2024-12-02 06:00:00
2024-12-02 09:00:00,28.584511,77.205783,215,VIDP,270.0,1.5,,2000,26.2,12.4,1012.3,0,0,0,0,0,2024-12-02 09:00:00
2024-12-02 12:00:00,28.584511,77.205783,215,VIDP,,0.0,,2000,23.6,15.7,1011.9,0,0,0,0,0,2024-12-02 12:00:00
2024-12-02 15:00:00,28.584511,77.205783,215,VIDP,,0.0,,2000,16.0,13.5,1014.5,0,0,0,0,0,2024-12-02 15:00:00
2024-12-02 18:00:00,28.584511,77.205783,215,VIDP,,0.0,,2000,13.6,12.5,1015.5,0,0,0,0,0,2024-12-02 18:00:00
2024-12-02 21:00:00,28.584511,77.205783,215,VIDP,,0.0,,2000,12.0,11.6,1015.2,0,0,0,0,0,2024-12-02 21:00:00
2024-12-03 00:00:00,28.584511,77.205783,215,VIDP,,0.0,,1000,11.2,11.2,1015.1,0,0,0,0,0,2024-12-03 00:00:00
2024-12-03 03:00:00,28.584511,77.205783,215,VIDP,,0.0,,1000,12.8,12.1,1017.5,0,0,0,0,0,2024-12-03 03:00:00
2024-12-03 06:00:00,28.584511,77.205783,215,VIDP,320.0,2.1,,1000,24.8,12.3,1016.7,0,0,0,0,0,2024-12-03 06:00:00
2024-12-03 09:00:00,28.584511,77.205783,215,VIDP,,0.0,,2000,27.6,10.3,1014.1,0,0,0,0,0,2024-12-03 09:00:00
2024-12-03 12:00:00,28.584511,77.205783,215,VIDP,,0.0,,2000,23.0,15.3,1013.7,0,0,0,0,0,2024-12-03 12:00:00
2024-12-03 15:00:00,28.584511,77.205783,215,VIDP,,0.0,,1000,16.6,13.8,1015.8,0,0,0,0,0,2024-12-03 15:00:00
2024-12-03 21:00:00,28.584511,77.205783,215,VIDP,,1.0,,1000,13.4,11.9,1015.0,0,0,0,0,0,2024-12-03 21:00:00
2024-12-04 00:00:00,28.584511,77.205783,215,VIDP,320.0,2.1,,1000,14.2,11.2,1014.2,0,0,0,0,0,2024-12-04 00:00:00
2024-12-04 03:00:00,28.584511,77.205783,215,VIDP,320.0,3.1,,2000,16.8,10.9,1016.2,0,0,0,0,0,2024-12-04 03:00:00
2024-12-04 06:00:00,28.584511,77.205783,215,VIDP,320.0,3.1,,2000,23.4,11.3,1015.9,0,0,0,0,0,2024-12-04 06:00:00
2024-12-04 12:00:00,28.584511,77.205783,215,VIDP,320.0,1.5,,2000,23.4,10.4,1012.9,0,0,0,0,0,2024-12-04 12:00:00
2024-12-04 15:00:00,28.584511,77.205783,215,VIDP,,0.0,,2000,15.0,11.3,1015.2,0,0,0,0,0,2024-12-04 15:00:00
2024-12-04 18:00:00,28.584511,77.205783,215,VIDP,,0.0,,2000,13.0,9.9,1015.2,0,0,0,0,0,2024-12-04 18:00:00
2024-12-04 21:00:00,28.584511,77.205783,215,VIDP,,0.0,,2000,10.4,9.2,1014.9,0,0,0,0,0,2024-12-04 21:00:00
2024-12-05 00:00:00,28.584511,77.205783,215,VIDP,,0.0,,2000,9.0,7.7,1014.5,0,0,0,0,0,2024-12-05 00:00:00
2024-12-05 02:30:00,28.584511,77.205783,215,VIDP,330.0,2.6,22000.0,2000,11.0,7.0,,1,0,0,0,0,2024-12-05 02:00:00
2024-12-05 03:00:00,28.584511,77.205783,215,VIDP,320.0,3.1,,2000,13.6,7.0,1015.9,0,0,0,0,0,2024-12-05 03:00:00
2024-12-05 06:00:00,28.584511,77.205783,215,VIDP,320.0,5.1,,2000,22.0,6.3,1015.8,0,0,0,0,0,2024-12-05 06:00:00
2024-12-05 06:30:00,28.584511,77.205783,215,VIDP,330.0,5.1,22000.0,3000,22.0,6.0,,0,1,0,0,0,2024-12-05 06:00:00
2024-12-05 08:00:00,28.584511,77.205783,215,VIDP,330.0,6.2,22000.0,3000,24.0,6.0,,0,1,0,0,0,2024-12-05 08:00:00
2024-12-05 09:00:00,28.584511,77.205783,215,VIDP,290.0,3.1,,2000,24.6,7.1,1012.8,0,0,0,0,0,2024-12-05 09:00:00
2024-12-05 12:00:00,28.584511,77.205783,215,VIDP,,0.0,,4000,21.2,9.2,1012.4,0,0,0,0,0,2024-12-05 12:00:00
2024-12-05 15:00:00,28.584511,77.205783,215,VIDP,,0.0,,2000,13.6,10.1,1014.6,0,0,0,0,0,2024-12-05 15:00:00
2024-12-05 18:00:00,28.584511,77.205783,215,VIDP,,0.0,,2000,11.0,9.0,1014.9,0,0,0,0,0,2024-12-05 18:00:00
2024-12-05 21:00:00,28.584511,77.205783,215,VIDP,,0.0,,2000,10.0,8.4,1014.1,0,0,0,0,0,2024-12-05 21:00:00
2024-12-06 00:00:00,28.584511,77.205783,215,VIDP,,0.0,,2000,9.8,8.2,1013.6,0,0,0,0,0,2024-12-06 00:00:00
2024-12-06 03:00:00,28.584511,77.205783,215,VIDP,290.0,2.1,,2000,13.6,7.5,1015.3,0,0,0,0,0,2024-12-06 03:00:00
2024-12-06 06:00:00,28.584511,77.205783,215,VIDP,270.0,1.5,,4000,22.8,6.4,1014.6,0,0,0,0,0,2024-12-06 06:00:00
2024-12-06 09:00:00,28.584511,77.205783,215,VIDP,320.0,4.1,,4000,24.2,6.4,1011.4,0,0,0,0,0,2024-12-06 09:00:00
2024-12-06 12:00:00,28.584511,77.205783,215,VIDP,,1.0,,4000,20.6,9.9,1011.2,0,0,0,0,0,2024-12-06 12:00:00
2024-12-06 15:00:00,28.584511,77.205783,215,VIDP,,0.0,,2000,12.8,8.8,1013.2,0,0,0,0,0,2024-12-06 15:00:00
2024-12-06 18:00:00,28.584511,77.205783,215,VIDP,,0.0,,2000,10.4,9.2,1013.5,0,0,0,0,0,2024-12-06 18:00:00
2024-12-06 21:00:00,28.584511,77.205783,215,VIDP,,0.0,,2000,9.2,8.0,1012.6,0,0,0,0,0,2024-12-06 21:00:00
2024-12-07 00:00:00,28.584511,77.205783,215,VIDP,,0.0,,2000,8.0,6.7,1013.1,0,0,0,0,0,2024-12-07 00:00:00
2024-12-07 03:00:00,28.584511,77.205783,215,VIDP,320.0,1.5,,1000,9.0,7.3,1015.0,0,0,0,0,0,2024-12-07 03:00:00
2024-12-07 06:00:00,28.584511,77.205783,215,VIDP,320.0,2.1,,2000,22.4,7.4,1014.3,0,0,0,0,0,2024-12-07 06:00:00
2024-12-07 09:00:00,28.584511,77.205783,215,VIDP,320.0,1.5,,2000,23.8,5.2,1011.7,0,0,0,0,0,2024-12-07 09:00:00
2024-12-07 12:00:00,28.584511,77.205783,215,VIDP,,0.0,,2000,19.6,10.8,1011.7,0,0,0,0,0,2024-12-07 12:00:00
2024-12-07 15:00:00,28.584511,77.205783,215,VIDP,,0.0,,2000,12.2,9.9,1014.1,0,0,0,0,0,2024-12-07 15:00:00
2024-12-07 18:00:00,28.584511,77.205783,215,VIDP,,0.0,,2000,10.2,9.0,1014.5,0,0,0,0,0,2024-12-07 18:00:00
2024-12-07 21:00:00,28.584511,77.205783,215,VIDP,,0.0,,1000,9.0,8.2,1013.8,0,0,0,0,0,2024-12-07 21:00:00
2024-12-08 00:00:00,28.584511,77.205783,215,VIDP,,1.0,,1000,8.4,8.0,1014.1,0,0,0,0,0,2024-12-08 00:00:00
2024-12-08 03:00:00,28.584511,77.205783,215,VIDP,,0.0,,1000,9.0,8.6,1015.9,0,0,0,0,0,2024-12-08 03:00:00
2024-12-08 06:00:00,28.584511,77.205783,215,VIDP,320.0,2.1,2700.0,2000,21.0,7.5,1014.3,0,0,0,0,0,2024-12-08 06:00:00
2024-12-08 09:00:00,28.584511,77.205783,215,VIDP,,0.0,22000.0,2000,23.0,9.8,1011.1,0,0,0,0,0,2024-12-08 09:00:00
2024-12-08 12:00:00,28.584511,77.205783,215,VIDP,140.0,1.5,2700.0,2000,19.2,13.2,1010.3,0,0,0,0,0,2024-12-08 12:00:00
2024-12-08 15:00:00,28.584511,77.205783,215,VIDP,,0.0,,2000,16.4,11.2,1010.8,0,0,0,0,0,2024-12-08 15:00:00
2024-12-08 18:00:00,28.584511,77.205783,215,VIDP,,1.0,,2000,15.0,11.3,1011.9,0,0,0,0,0,2024-12-08 18:00:00
2024-12-08 21:00:00,28.584511,77.205783,215,VIDP,,0.0,,2000,12.0,10.5,1012.4,0,0,0,0,0,2024-12-08 21:00:00
2024-12-09 00:00:00,28.584511,77.205783,215,VIDP,,0.0,,1000,9.4,9.4,1013.7,0,0,0,0,0,2024-12-09 00:00:00
2024-12-09 03:00:00,28.584511,77.205783,215,VIDP,,0.0,,1000,9.6,9.6,1016.4,0,0,0,0,0,2024-12-09 03:00:00
2024-12-09 06:00:00,28.584511,77.205783,215,VIDP,,1.5,,2000,18.0,9.5,1017.2,0,0,0,0,0,2024-12-09 06:00:00
2024-12-09 09:00:00,28.584511,77.205783,215,VIDP,,1.0,,2000,21.0,8.5,1014.9,0,0,0,0,0,2024-12-09 09:00:00
2024-12-09 12:00:00,28.584511,77.205783,215,VIDP,,0.0,,2000,18.0,11.4,1015.8,0,0,0,0,0,2024-12-09 12:00:00
2024-12-09 15:00:00,28.584511,77.205783,215,VIDP,,0.0,,2000,12.4,10.5,1018.2,0,0,0,0,0,2024-12-09 15:00:00
2024-12-09 18:00:00,28.584511,77.205783,215,VIDP,,0.0,,2000,10.0,9.2,1018.4,0,0,0,0,0,2024-12-09 18:00:00
2024-12-09 21:00:00,28.584511,77.205783,215,VIDP,,0.0,,2000,9.2,8.0,1017.2,0,0,0,0,0,2024-12-09 21:00:00
2024-12-10 00:00:00,28.584511,77.205783,215,VIDP,,0.0,,1000,9.0,8.6,1017.3,0,0,0,0,0,2024-12-10 00:00:00
2024-12-10 03:00:00,28.584511,77.205783,215,VIDP,,1.0,,2000,10.0,8.8,1019.2,0,0,0,0,0,2024-12-10 03:00:00
2024-12-10 06:00:00,28.584511,77.205783,215,VIDP,250.0,1.5,,2000,19.4,7.7,1018.5,0,0,0,0,0,2024-12-10 06:00:00
2024-12-10 09:00:00,28.584511,77.205783,215,VIDP,270.0,1.5,,2000,22.2,3.6,1015.9,0,0,0,0,0,2024-12-10 09:00:00
2024-12-10 12:00:00,28.584511,77.205783,215,VIDP,,0.0,,2000,18.0,3.5,1015.8,0,0,0,0,0,2024-12-10 12:00:00
2024-12-10 15:00:00,28.584511,77.205783,215,VIDP,,0.0,,2000,10.2,7.7,1017.6,0,0,0,0,0,2024-12-10 15:00:00
2024-12-10 18:00:00,28.584511,77.205783,215,VIDP,,0.0,,2000,7.4,5.1,1018.5,0,0,0,0,0,2024-12-10 18:00:00
2024-12-10 21:00:00,28.584511,77.205783,215,VIDP,,0.0,,2000,7.0,4.7,1017.6,0,0,0,0,0,2024-12-10 21:00:00
2024-12-11 00:00:00,28.584511,77.205783,215,VIDP,,0.0,,2000,5.6,3.7,1017.6,0,0,0,0,0,2024-12-11 00:00:00
2024-12-11 03:00:00,28.584511,77.205783,215,VIDP,320.0,1.5,,2000,9.4,2.9,1019.4,0,0,0,0,0,2024-12-11 03:00:00
2024-12-11 06:00:00,28.584511,77.205783,215,VIDP,320.0,2.1,,4000,19.0,1.3,1019.1,0,0,0,0,0,2024-12-11 06:00:00
2024-12-11 09:00:00,28.584511,77.205783,215,VIDP,320.0,1.5,,4000,22.0,2.6,1015.5,0,0,0,0,0,2024-12-11 09:00:00
2024-12-11 12:00:00,28.584511,77.205783,215,VIDP,,0.0,,2000,19.2,4.8,1015.2,0,0,0,0,0,2024-12-11 12:00:00
2024-12-11 15:00:00,28.584511,77.205783,215,VIDP,,0.0,,1000,10.2,6.8,1016.8,0,0,0,0,0,2024-12-11 15:00:00
2024-12-11 18:00:00,28.584511,77.205783,215,VIDP,,0.0,,1000,7.8,6.1,1017.3,0,0,0,0,0,2024-12-11 18:00:00
2024-12-11 21:00:00,28.584511,77.205783,215,VIDP,,0.0,,1000,6.0,5.1,1016.6,0,0,0,0,0,2024-12-11 21:00:00
2024-12-12 00:00:00,28.584511,77.205783,215,VIDP,,0.0,,1000,4.8,4.3,1016.0,0,0,0,0,0,2024-12-12 00:00:00
2024-12-12 03:00:00,28.584511,77.205783,215,VIDP,,0.0,,1000,6.8,5.0,1017.6,0,0,0,0,0,2024-12-12 03:00:00
2024-12-12 06:00:00,28.584511,77.205783,215,VIDP,320.0,3.1,,1000,20.0,6.0,1017.1,0,0,0,0,0,2024-12-12 06:00:00
2024-12-12 09:00:00,28.584511,77.205783,215,VIDP,320.0,2.1,,2000,22.0,4.6,1015.5,0,0,0,0,0,2024-12-12 09:00:00
2024-12-12 12:00:00,28.584511,77.205783,215,VIDP,,1.0,,2000,18.4,8.3,1015.8,0,0,0,0,0,2024-12-12 12:00:00
2024-12-12 15:00:00,28.584511,77.205783,215,VIDP,,1.0,,2000,11.0,7.3,1018.3,0,0,0,0,0,2024-12-12 15:00:00
2024-12-12 18:00:00,28.584511,77.205783,215,VIDP,,0.0,,1000,10.0,7.5,1019.0,0,0,0,0,0,2024-12-12 18:00:00
2024-12-12 21:00:00,28.584511,77.205783,215,VIDP,,0.0,,1000,9.8,7.7,1018.7,0,0,0,0,0,2024-12-12 21:00:00
2024-12-13 00:00:00,28.584511,77.205783,215,VIDP,,1.0,,1000,9.8,6.8,1017.8,0,0,0,0,0,2024-12-13 00:00:00
2024-12-13 03:00:00,28.584511,77.205783,215,VIDP,320.0,2.1,,1000,11.0,4.3,1019.2,0,0,0,0,0,2024-12-13 03:00:00
2024-12-13 06:00:00,28.584511,77.205783,215,VIDP,290.0,5.1,,1000,18.6,4.4,1019.0,0,0,0,0,0,2024-12-13 06:00:00
2024-12-13 09:00:00,28.584511,77.205783,215,VIDP,290.0,4.1,,2000,22.2,0.9,1015.2,0,0,0,0,0,2024-12-13 09:00:00
2024-12-13 12:00:00,28.584511,77.205783,215,VIDP,270.0,1.5,,2000,19.0,6.1,1015.6,0,0,0,0,0,2024-12-13 12:00:00
2024-12-13 15:00:00,28.584511,77.205783,215,VIDP,,0.0,,2000,15.0,5.3,1017.6,0,0,0,0,0,2024-12-13 15:00:00
2024-12-13 18:00:00,28.584511,77.205783,215,VIDP,270.0,2.1,,2000,12.0,4.6,1018.1,0,0,0,0,0,2024-12-13 18:00:00
2024-12-13 21:00:00,28.584511,77.205783,215,VIDP,270.0,1.5,,2000,11.0,6.8,1017.9,0,0,0,0,0,2024-12-13 21:00:00
2024-12-14 00:00:00,28.584511,77.205783,215,VIDP,270.0,3.1,,2000,9.4,5.5,1017.2,0,0,0,0,0,2024-12-14 00:00:00
2024-12-14 03:00:00,28.584511,77.205783,215,VIDP,270.0,2.6,,2000,9.6,4.2,1019.5,0,0,0,0,0,2024-12-14 03:00:00
2024-12-14 06:00:00,28.584511,77.205783,215,VIDP,270.0,3.1,,2000,19.6,2.4,1019.2,0,0,0,0,0,2024-12-14 06:00:00
2024-12-14 09:00:00,28.584511,77.205783,215,VIDP,270.0,3.1,,4000,22.4,1.3,1016.5,0,0,0,0,0,2024-12-14 09:00:00
2024-12-14 12:00:00,28.584511,77.205783,215,VIDP,,0.0,,4000,19.0,6.7,1016.6,0,0,0,0,0,2024-12-14 12:00:00
2024-12-14 15:00:00,28.584511,77.205783,215,VIDP,,0.0,,4000,10.8,7.0,1018.8,0,0,0,0,0,2024-12-14 15:00:00
2024-12-14 18:00:00,28.584511,77.205783,215,VIDP,,0.0,,2000,8.0,6.7,1019.1,0,0,0,0,0,2024-12-14 18:00:00
2024-12-14 21:00:00,28.584511,77.205783,215,VIDP,,0.0,,2000,7.2,6.3,1018.5,0,0,0,0,0,2024-12-14 21:00:00
2024-12-15 00:00:00,28.584511,77.205783,215,VIDP,,0.0,,2000,6.0,5.1,1019.1,0,0,0,0,0,2024-12-15 00:00:00
2024-12-15 03:00:00,28.584511,77.205783,215,VIDP,,0.0,,1000,6.6,5.2,1022.0,0,0,0,0,0,2024-12-15 03:00:00
2024-12-15 06:00:00,28.584511,77.205783,215,VIDP,,0.0,,2000,19.0,5.6,1021.7,0,0,0,0,0,2024-12-15 06:00:00
2024-12-15 09:00:00,28.584511,77.205783,215,VIDP,270.0,1.5,,2000,22.2,3.0,1018.7,0,0,0,0,0,2024-12-15 09:00:00
2024-12-15 12:00:00,28.584511,77.205783,215,VIDP,,0.0,,2000,19.0,7.7,1017.9,0,0,0,0,0,2024-12-15 12:00:00
2024-12-15 15:00:00,28.584511,77.205783,215,VIDP,,0.0,,1000,10.2,7.3,1019.3,0,0,0,0,0,2024-12-15 15:00:00
2024-12-15 18:00:00,28.584511,77.205783,215,VIDP,,0.0,,1000,7.6,6.7,1019.6,0,0,0,0,0,2024-12-15 18:00:00
2024-12-15 21:00:00,28.584511,77.205783,215,VIDP,,0.0,,1000,6.2,5.8,1018.7,0,0,0,0,0,2024-12-15 21:00:00
2024-12-16 00:00:00,28.584511,77.205783,215,VIDP,,0.0,,500,5.0,4.5,1018.5,0,0,0,0,0,2024-12-16 00:00:00
2024-12-16 03:00:00,28.584511,77.205783,215,VIDP,,0.0,,1000,6.2,6.2,1020.7,0,0,0,0,0,2024-12-16 03:00:00
2024-12-16 06:00:00,28.584511,77.205783,215,VIDP,,0.0,,2000,19.0,7.2,1019.9,0,0,0,0,0,2024-12-16 06:00:00
2024-12-16 09:00:00,28.584511,77.205783,215,VIDP,,0.0,,1000,23.6,9.7,1015.7,0,0,0,0,0,2024-12-16 09:00:00
2024-12-16 12:00:00,28.584511,77.205783,215,VIDP,,0.0,,1000,18.6,12.1,1014.8,0,0,0,0,0,2024-12-16 12:00:00
2024-12-16 15:00:00,28.584511,77.205783,215,VIDP,,0.0,,500,11.2,8.4,1016.0,0,0,0,0,0,2024-12-16 15:00:00
2024-12-16 18:00:00,28.584511,77.205783,215,VIDP,,0.0,,500,9.2,8.4,1016.6,0,0,0,0,0,2024-12-16 18:00:00
2024-12-16 21:00:00,28.584511,77.205783,215,VIDP,,0.0,,200,7.4,6.5,1016.2,0,0,0,0,0,2024-12-16 21:00:00
2024-12-17 00:00:00,28.584511,77.205783,215,VIDP,,0.0,,200,7.0,6.1,1016.3,0,0,0,0,0,2024-12-17 00:00:00
2024-12-17 03:00:00,28.584511,77.205783,215,VIDP,,0.0,,200,7.0,6.6,1018.2,0,0,0,0,0,2024-12-17 03:00:00
2024-12-17 06:00:00,28.584511,77.205783,215,VIDP,140.0,1.5,,500,20.0,9.5,1017.5,0,0,0,0,0,2024-12-17 06:00:00
2024-12-17 08:30:00,28.584511,77.205783,215,VIDP,,1.0,22000.0,900,23.0,11.0,,0,0,0,1,0,2024-12-17 08:00:00
2024-12-17 09:00:00,28.584511,77.205783,215,VIDP,,1.0,,1000,23.2,9.1,1014.5,0,0,0,0,0,2024-12-17 09:00:00
2024-12-17 09:00:00,28.584511,77.205783,215,VIDP,,1.0,22000.0,1100,23.0,9.0,,0,0,0,1,0,2024-12-17 09:00:00
2024-12-17 12:00:00,28.584511,77.205783,215,VIDP,,0.0,,1000,17.8,11.6,1014.7,0,0,0,0,0,2024-12-17 12:00:00
2024-12-17 15:00:00,28.584511,77.205783,215,VIDP,,0.0,,1000,11.6,10.0,1016.7,0,0,0,0,0,2024-12-17 15:00:00
2024-12-17 18:00:00,28.584511,77.205783,215,VIDP,,0.0,,1000,9.2,8.8,1017.3,0,0,0,0,0,2024-12-17 18:00:00
2024-12-17 21:00:00,28.584511,77.205783,215,VIDP,,0.0,,500,8.0,7.6,1017.0,0,0,0,0,0,2024-12-17 21:00:00
2024-12-18 00:00:00,28.584511,77.205783,215,VIDP,,0.0,,50,8.4,8.4,1016.6,0,0,0,0,0,2024-12-18 00:00:00
2024-12-18 03:00:00,28.584511,77.205783,215,VIDP,,0.0,,200,7.8,6.7,1018.7,0,0,0,0,0,2024-12-18 03:00:00
2024-12-18 06:00:00,28.584511,77.205783,215,VIDP,,1.0,,500,17.2,10.9,1016.7,0,0,0,0,0,2024-12-18 06:00:00
2024-12-18 15:00:00,28.584511,77.205783,215,VIDP,,0.0,,200,11.2,10.4,1015.2,0,0,0,0,0,2024-12-18 15:00:00
2024-12-18 18:00:00,28.584511,77.205783,215,VIDP,,0.0,,200,9.0,8.6,1015.4,0,0,0,0,0,2024-12-18 18:00:00
2024-12-18 21:00:00,28.584511,77.205783,215,VIDP,,0.0,,200,7.8,7.8,1015.2,0,0,0,0,0,2024-12-18 21:00:00
2024-12-19 00:00:00,28.584511,77.205783,215,VIDP,,0.0,,200,6.2,6.2,1015.8,0,0,0,0,0,2024-12-19 00:00:00
2024-12-19 01:30:00,28.584511,77.205783,215,VIDP,0.0,0.0,22000.0,250,6.0,6.0,,0,0,0,0,0,2024-12-19 01:00:00
2024-12-19 02:00:00,28.584511,77.205783,215,VIDP,0.0,0.0,22000.0,250,6.0,6.0,,0,0,0,0,0,2024-12-19 02:00:00
2024-12-19 03:00:00,28.584511,77.205783,215,VIDP,,0.0,,200,6.4,6.4,1018.4,0,0,0,0,0,2024-12-19 03:00:00
2024-12-19 03:30:00,28.584511,77.205783,215,VIDP,0.0,0.0,22000.0,350,7.0,7.0,,0,0,0,0,0,2024-12-19 03:00:00
2024-12-19 06:00:00,28.584511,77.205783,215,VIDP,,1.0,,500,18.0,11.4,1018.1,0,0,0,0,0,2024-12-19 06:00:00
2024-12-19 09:00:00,28.584511,77.205783,215,VIDP,,1.0,,1000,22.4,9.0,1014.7,0,0,0,0,0,2024-12-19 09:00:00
2024-12-19 12:00:00,28.584511,77.205783,215,VIDP,,0.0,,1000,19.0,13.8,1013.9,0,0,0,0,0,2024-12-19 12:00:00
2024-12-19 15:00:00,28.584511,77.205783,215,VIDP,,0.0,,500,12.0,10.1,1015.4,0,0,0,0,0,2024-12-19 15:00:00
2024-12-19 18:00:00,28.584511,77.205783,215,VIDP,,0.0,,500,10.0,9.2,1016.1,0,0,0,0,0,2024-12-19 18:00:00
2024-12-19 21:00:00,28.584511,77.205783,215,VIDP,,0.0,,500,8.8,8.4,1015.9,0,0,0,0,0,2024-12-19 21:00:00
2024-12-20 00:00:00,28.584511,77.205783,215,VIDP,,0.0,,200,8.2,8.2,1016.0,0,0,0,0,0,2024-12-20 00:00:00
2024-12-20 03:00:00,28.584511,77.205783,215,VIDP,,0.0,,200,9.8,9.0,1017.8,0,0,0,0,0,2024-12-20 03:00:00
2024-12-20 06:00:00,28.584511,77.205783,215,VIDP,,0.0,,1000,20.4,12.2,1016.7,0,0,0,0,0,2024-12-20 06:00:00
2024-12-20 09:00:00,28.584511,77.205783,215,VIDP,,0.0,,1000,22.4,12.2,1013.6,0,0,0,0,0,2024-12-20 09:00:00
2024-12-20 12:00:00,28.584511,77.205783,215,VIDP,,0.0,,1000,18.6,13.3,1013.2,0,0,0,0,0,2024-12-20 12:00:00
2024-12-20 15:00:00,28.584511,77.205783,215,VIDP,,0.0,,1000,13.0,11.9,1014.9,0,0,0,0,0,2024-12-20 15:00:00
2024-12-20 18:00:00,28.584511,77.205783,215,VIDP,,0.0,,1000,10.8,10.4,1015.2,0,0,0,0,0,2024-12-20 18:00:00
2024-12-20 21:00:00,28.584511,77.205783,215,VIDP,,0.0,,500,9.8,9.8,1014.8,0,0,0,0,0,2024-12-20 21:00:00
2024-12-21 00:00:00,28.584511,77.205783,215,VIDP,,0.0,,200,8.0,8.0,1015.5,0,0,0,0,0,2024-12-21 00:00:00
2024-12-21 03:00:00,28.584511,77.205783,215,VIDP,,0.0,,200,9.0,9.0,1017.2,0,0,0,0,0,2024-12-21 03:00:00
2024-12-21 06:00:00,28.584511,77.205783,215,VIDP,,0.0,,500,19.8,9.7,1016.8,0,0,0,0,0,2024-12-21 06:00:00
2024-12-21 09:00:00,28.584511,77.205783,215,VIDP,,0.0,,1000,22.8,9.5,1014.2,0,0,0,0,0,2024-12-21 09:00:00
2024-12-21 12:00:00,28.584511,77.205783,215,VIDP,,0.0,,1000,19.4,12.3,1014.7,0,0,0,0,0,2024-12-21 12:00:00
2024-12-21 15:00:00,28.584511,77.205783,215,VIDP,,0.0,,1000,11.6,9.6,1016.9,0,0,0,0,0,2024-12-21 15:00:00
2024-12-21 18:00:00,28.584511,77.205783,215,VIDP,,0.0,,1000,9.6,9.2,1017.2,0,0,0,0,0,2024-12-21 18:00:00
2024-12-21 21:00:00,28.584511,77.205783,215,VIDP,,0.0,,500,8.0,8.0,1016.1,0,0,0,0,0,2024-12-21 21:00:00
2024-12-22 00:00:00,28.584511,77.205783,215,VIDP,,0.0,,500,8.0,8.0,1015.5,0,0,0,0,0,2024-12-22 00:00:00
2024-12-22 03:00:00,28.584511,77.205783,215,VIDP,,0.0,,500,8.6,8.2,1017.3,0,0,0,0,0,2024-12-22 03:00:00
2024-12-22 06:00:00,28.584511,77.205783,215,VIDP,,0.0,,1000,20.4,10.5,1016.8,0,0,0,0,0,2024-12-22 06:00:00
2024-12-22 09:00:00,28.584511,77.205783,215,VIDP,,1.0,,1000,23.2,11.9,1015.0,0,0,0,0,0,2024-12-22 09:00:00
2024-12-22 12:00:00,28.584511,77.205783,215,VIDP,,0.0,,1000,19.0,13.0,1013.7,0,0,0,0,0,2024-12-22 12:00:00
2024-12-22 15:00:00,28.584511,77.205783,215,VIDP,,0.0,,500,12.0,10.5,1015.7,0,0,0,0,0,2024-12-22 15:00:00
2024-12-22 18:00:00,28.584511,77.205783,215,VIDP,,0.0,,500,10.0,8.8,1015.8,0,0,0,0,0,2024-12-22 18:00:00
2024-12-22 21:00:00,28.584511,77.205783,215,VIDP,,0.0,,500,9.2,8.4,1014.8,0,0,0,0,0,2024-12-22 21:00:00
2024-12-23 00:00:00,28.584511,77.205783,215,VIDP,,0.0,,500,9.2,8.8,1014.2,0,0,0,0,0,2024-12-23 00:00:00
2024-12-23 03:00:00,28.584511,77.205783,215,VIDP,,0.0,3000.0,500,12.2,11.4,1016.8,0,0,0,0,0,2024-12-23 03:00:00
2024-12-23 06:00:00,28.584511,77.205783,215,VIDP,,1.0,3000.0,500,15.4,13.6,1018.1,0,0,0,0,0,2024-12-23 06:00:00
2024-12-23 09:00:00,28.584511,77.205783,215,VIDP,340.0,1.0,3000.0,500,18.0,12.6,1015.4,0,0,0,0,0,2024-12-23 09:00:00
2024-12-23 12:00:00,28.584511,77.205783,215,VIDP,,0.0,3000.0,500,16.0,12.4,1015.1,0,0,0,0,0,2024-12-23 12:00:00
2024-12-23 15:00:00,28.584511,77.205783,215,VIDP,,0.0,2700.0,500,14.2,13.5,1015.9,0,0,0,0,0,2024-12-23 15:00:00
2024-12-23 18:00:00,28.584511,77.205783,215,VIDP,,0.0,22000.0,500,12.2,11.8,1015.8,0,0,0,0,0,2024-12-23 18:00:00
2024-12-23 21:00:00,28.584511,77.205783,215,VIDP,,0.0,22000.0,200,11.6,11.2,1016.2,0,0,0,0,0,2024-12-23 21:00:00
2024-12-24 00:00:00,28.584511,77.205783,215,VIDP,,0.0,30.0,50,10.8,10.8,1016.3,0,0,0,0,0,2024-12-24 00:00:00
2024-12-24 03:00:00,28.584511,77.205783,215,VIDP,,0.0,3000.0,200,11.6,11.6,1017.9,0,0,0,0,0,2024-12-24 03:00:00
2024-12-24 06:00:00,28.584511,77.205783,215,VIDP,,0.0,22000.0,1000,18.2,11.2,1018.4,0,0,0,0,0,2024-12-24 06:00:00
2024-12-24 09:00:00,28.584511,77.205783,215,VIDP,70.0,1.0,3000.0,1000,20.4,10.9,1015.4,0,0,0,0,0,2024-12-24 09:00:00
2024-12-24 12:00:00,28.584511,77.205783,215,VIDP,,0.0,3000.0,1000,17.8,12.8,1015.4,0,0,0,0,0,2024-12-24 12:00:00
2024-12-24 15:00:00,28.584511,77.205783,215,VIDP,,0.0,3000.0,1000,14.6,14.3,1017.8,0,0,0,0,0,2024-12-24 15:00:00
2024-12-24 18:00:00,28.584511,77.205783,215,VIDP,,0.0,3000.0,200,12.6,12.6,1018.8,0,0,0,0,0,2024-12-24 18:00:00
2024-12-24 21:00:00,28.584511,77.205783,215,VIDP,,0.0,,200,10.8,10.8,1018.8,0,0,0,0,0,2024-12-24 21:00:00
2024-12-25 00:00:00,28.584511,77.205783,215,VIDP,,0.0,,50,9.6,9.6,1018.3,0,0,0,0,0,2024-12-25 00:00:00
2024-12-25 03:00:00,28.584511,77.205783,215,VIDP,,0.0,,50,9.8,9.8,1019.8,0,0,0,0,0,2024-12-25 03:00:00
2024-12-25 06:00:00,28.584511,77.205783,215,VIDP,250.0,1.5,,500,18.0,14.2,1019.8,0,0,0,0,0,2024-12-25 06:00:00
2024-12-25 09:00:00,28.584511,77.205783,215,VIDP,270.0,1.0,,1000,22.0,13.0,1017.2,0,0,0,0,0,2024-12-25 09:00:00
2024-12-25 12:00:00,28.584511,77.205783,215,VIDP,,0.0,,1000,19.4,13.1,1017.4,0,0,0,0,0,2024-12-25 12:00:00
2024-12-25 15:00:00,28.584511,77.205783,215,VIDP,,0.0,,1000,13.2,12.1,1019.8,0,0,0,0,0,2024-12-25 15:00:00
2024-12-25 18:00:00,28.584511,77.205783,215,VIDP,,0.0,,500,11.6,11.2,1021.0,0,0,0,0,0,2024-12-25 18:00:00
2024-12-25 21:00:00,28.584511,77.205783,215,VIDP,,0.0,,500,10.6,9.8,1020.3,0,0,0,0,0,2024-12-25 21:00:00
2024-12-26 00:00:00,28.584511,77.205783,215,VIDP,,0.0,,200,9.6,9.6,1020.2,0,0,0,0,0,2024-12-26 00:00:00
2024-12-26 03:00:00,28.584511,77.205783,215,VIDP,,0.0,,200,9.2,9.2,1023.1,0,0,0,0,0,2024-12-26 03:00:00
2024-12-26 06:00:00,28.584511,77.205783,215,VIDP,,0.0,,1000,20.2,11.6,1022.2,0,0,0,0,0,2024-12-26 06:00:00
2024-12-26 09:00:00,28.584511,77.205783,215,VIDP,,0.0,,1000,23.0,11.2,1019.7,0,0,0,0,0,2024-12-26 09:00:00
2024-12-26 12:00:00,28.584511,77.205783,215,VIDP,,0.0,,1000,19.6,14.5,1019.1,0,0,0,0,0,2024-12-26 12:00:00
2024-12-26 15:00:00,28.584511,77.205783,215,VIDP,,0.0,,1000,14.0,12.9,1020.6,0,0,0,0,0,2024-12-26 15:00:00
2024-12-26 18:00:00,28.584511,77.205783,215,VIDP,,0.0,22000.0,1000,13.6,12.9,1020.2,0,0,0,0,0,2024-12-26 18:00:00
2024-12-26 21:00:00,28.584511,77.205783,215,VIDP,,0.0,3000.0,1000,14.2,13.5,1019.2,0,0,0,0,0,2024-12-26 21:00:00
2024-12-27 00:00:00,28.584511,77.205783,215,VIDP,,0.0,3000.0,200,13.8,13.8,1017.5,0,0,0,0,0,2024-12-27 00:00:00
2024-12-27 03:00:00,28.584511,77.205783,215,VIDP,,1.0,1050.0,200,14.0,14.0,1021.3,0,0,0,0,0,2024-12-27 03:00:00
2024-12-27 06:00:00,28.584511,77.205783,215,VIDP,,1.0,1200.0,200,14.2,14.2,1022.5,0,0,0,0,0,2024-12-27 06:00:00
2024-12-27 09:00:00,28.584511,77.205783,215,VIDP,,0.0,1200.0,500,14.0,14.0,1019.7,0,0,0,0,0,2024-12-27 09:00:00
2024-12-27 12:00:00,28.584511,77.205783,215,VIDP,,0.0,900.0,500,14.0,14.0,1018.8,0,0,0,0,0,2024-12-27 12:00:00
2024-12-27 15:00:00,28.584511,77.205783,215,VIDP,,1.0,1050.0,1000,15.0,15.0,1019.0,0,0,0,0,0,2024-12-27 15:00:00
2024-12-27 18:00:00,28.584511,77.205783,215,VIDP,,0.0,1050.0,1000,14.6,14.6,1019.3,0,0,0,0,0,2024-12-27 18:00:00
2024-12-27 21:00:00,28.584511,77.205783,215,VIDP,200.0,1.5,1050.0,500,14.8,14.8,1017.6,0,0,0,0,0,2024-12-27 21:00:00
2024-12-28 00:00:00,28.584511,77.205783,215,VIDP,,0.0,3000.0,500,13.8,13.8,1017.2,0,0,0,0,0,2024-12-28 00:00:00
2024-12-28 03:00:00,28.584511,77.205783,215,VIDP,,0.0,1050.0,500,14.0,14.0,1019.9,0,0,0,0,0,2024-12-28 03:00:00
2024-12-28 06:00:00,28.584511,77.205783,215,VIDP,,0.0,2700.0,500,15.4,15.1,1020.1,0,0,0,0,0,2024-12-28 06:00:00
2024-12-28 09:00:00,28.584511,77.205783,215,VIDP,,1.0,2700.0,500,15.4,15.1,1017.9,0,0,0,0,0,2024-12-28 09:00:00
2024-12-28 11:00:00,28.584511,77.205783,215,VIDP,330.0,1.5,2743.0,800,16.0,15.0,,0,0,0,0,0,2024-12-28 11:00:00
2024-12-28 12:00:00,28.584511,77.205783,215,VIDP,320.0,1.5,2700.0,500,15.2,14.9,1018.5,0,0,0,0,0,2024-12-28 12:00:00
2024-12-28 15:00:00,28.584511,77.205783,215,VIDP,290.0,1.0,2700.0,500,14.8,14.8,1020.1,0,0,0,0,0,2024-12-28 15:00:00
2024-12-28 18:00:00,28.584511,77.205783,215,VIDP,250.0,1.0,2700.0,500,13.8,13.8,1020.6,0,0,0,0,0,2024-12-28 18:00:00
2024-12-28 21:00:00,28.584511,77.205783,215,VIDP,,0.0,2700.0,500,13.4,13.4,1019.8,0,0,0,0,0,2024-12-28 21:00:00
2024-12-29 00:00:00,28.584511,77.205783,215,VIDP,290.0,1.5,3000.0,500,13.8,13.8,1019.7,0,0,0,0,0,2024-12-29 00:00:00
2024-12-29 02:00:00,28.584511,77.205783,215,VIDP,280.0,1.5,3048.0,600,14.0,14.0,,0,0,0,0,0,2024-12-29 02:00:00
2024-12-29 03:00:00,28.584511,77.205783,215,VIDP,270.0,1.5,3000.0,500,14.2,13.5,1022.0,0,0,0,0,0,2024-12-29 03:00:00
2024-12-29 06:00:00,28.584511,77.205783,215,VIDP,270.0,2.1,,1000,17.0,13.1,1021.5,0,0,0,0,0,2024-12-29 06:00:00
2024-12-29 09:00:00,28.584511,77.205783,215,VIDP,270.0,4.1,2700.0,1000,15.2,12.3,1020.0,0,0,0,0,0,2024-12-29 09:00:00
2024-12-29 12:00:00,28.584511,77.205783,215,VIDP,270.0,1.5,2700.0,1000,13.2,11.7,1020.0,0,0,0,0,0,2024-12-29 12:00:00
2024-12-29 15:00:00,28.584511,77.205783,215,VIDP,270.0,2.6,2700.0,500,12.0,11.6,1020.9,0,0,0,0,0,2024-12-29 15:00:00
2024-12-29 18:00:00,28.584511,77.205783,215,VIDP,270.0,1.0,2700.0,500,12.0,11.6,1020.9,0,0,0,0,0,2024-12-29 18:00:00
2024-12-29 21:00:00,28.584511,77.205783,215,VIDP,270.0,1.0,2700.0,500,12.0,11.6,1019.6,0,0,0,0,0,2024-12-29 21:00:00
2024-12-30 00:00:00,28.584511,77.205783,215,VIDP,270.0,2.1,2700.0,500,12.0,11.6,1018.9,0,0,0,0,0,2024-12-30 00:00:00
2024-12-30 03:00:00,28.584511,77.205783,215,VIDP,250.0,3.1,2700.0,1000,11.0,9.0,1021.3,0,0,0,0,0,2024-12-30 03:00:00
2024-12-30 06:00:00,28.584511,77.205783,215,VIDP,270.0,4.1,2700.0,1000,12.2,9.0,1021.8,0,0,0,0,0,2024-12-30 06:00:00
2024-12-30 09:00:00,28.584511,77.205783,215,VIDP,270.0,1.5,2700.0,1000,14.4,9.8,1019.6,0,0,0,0,0,2024-12-30 09:00:00
2024-12-30 12:00:00,28.584511,77.205783,215,VIDP,,0.0,22000.0,1000,13.2,10.1,1019.8,0,0,0,0,0,2024-12-30 12:00:00
2024-12-30 15:00:00,28.584511,77.205783,215,VIDP,,0.0,22000.0,1000,10.8,9.6,1020.7,0,0,0,0,0,2024-12-30 15:00:00
2024-12-30 18:00:00,28.584511,77.205783,215,VIDP,,0.0,22000.0,500,10.6,9.8,1021.3,0,0,0,0,0,2024-12-30 18:00:00
2024-12-30 21:00:00,28.584511,77.205783,215,VIDP,250.0,1.5,22000.0,500,10.8,9.6,1021.0,0,0,0,0,0,2024-12-30 21:00:00
2024-12-31 00:00:00,28.584511,77.205783,215,VIDP,,1.0,,1000,10.2,8.6,1020.9,0,0,0,0,0,2024-12-31 00:00:00
2024-12-31 03:00:00,28.584511,77.205783,215,VIDP,,1.0,3000.0,1000,10.4,8.4,1022.9,0,0,0,0,0,2024-12-31 03:00:00
2024-12-31 06:00:00,28.584511,77.205783,215,VIDP,,0.0,3000.0,1000,13.0,8.2,1023.8,0,0,0,0,0,2024-12-31 06:00:00
2024-12-31 09:00:00,28.584511,77.205783,215,VIDP,,0.0,,1000,16.8,9.1,1019.7,0,0,0,0,0,2024-12-31 09:00:00
2024-12-31 12:00:00,28.584511,77.205783,215,VIDP,,0.0,,500,15.6,11.5,1019.4,0,0,0,0,0,2024-12-31 12:00:00
2024-12-31 15:00:00,28.584511,77.205783,215,VIDP,,0.0,,500,11.6,10.4,1021.2,0,0,0,0,0,2024-12-31 15:00:00
2024-12-31 18:00:00,28.584511,77.205783,215,VIDP,,0.0,22000.0,200,9.4,9.0,1021.1,0,0,0,0,0,2024-12-31 18:00:00
2024-12-31 21:00:00,28.584511,77.205783,215,VIDP,,0.0,60.0,200,8.0,7.6,1020.2,0,0,0,0,0,2024-12-31 21:00:00
