DATE,LATITUDE,LONGITUDE,ELEVATION,airport,wind_dir,wind_speed,cloud_base,visibility,temperature,dew_point,pressure,fog,haze,tempo,vrb,gusty
2024-01-01T00:00:00,19.088686,72.867919,11,VABB,,0.0,,2000,21.6,17.4,1012.0,0,0,0,0,0
2024-01-01T00:00:00,19.088686,72.867919,11,VABB,160,1.5,22000,2100,24.0,18.0,,0,1,0,0,0
2024-01-01T00:30:00,19.088686,72.867919,11,VABB,80,2.6,22000,2100,26.0,18.0,,0,1,0,0,0
2024-01-01T01:00:00,19.088686,72.867919,11,VABB,140,2.1,22000,2100,25.0,18.0,,0,1,0,0,0
2024-01-01T01:30:00,19.088686,72.867919,11,VABB,0,0.0,22000,1800,25.0,18.0,,0,1,0,0,0
2024-01-01T02:00:00,19.088686,72.867919,11,VABB,90,2.6,22000,1800,26.0,18.0,,0,1,0,0,0
2024-01-01T02:30:00,19.088686,72.867919,11,VABB,50,1.5,22000,1700,25.0,18.0,,0,1,0,0,0
2024-01-01T03:00:00,19.088686,72.867919,11,VABB,,0.0,,2000,22.2,19.1,1013.9,0,0,0,0,0
2024-01-01T03:00:00,19.088686,72.867919,11,VABB,0,0.0,22000,1700,26.0,19.0,,0,1,0,0,0
2024-01-01T03:30:00,19.088686,72.867919,11,VABB,40,3.1,22000,1700,27.0,18.0,,0,1,0,0,0
2024-01-01T04:00:00,19.088686,72.867919,11,VABB,150,2.1,22000,1700,27.0,18.0,,0,1,0,0,0
2024-01-01T04:30:00,19.088686,72.867919,11,VABB,120,2.1,22000,1700,28.0,18.0,,0,0,0,0,0
2024-01-01T05:00:00,19.088686,72.867919,11,VABB,150,2.6,22000,2100,29.0,17.0,,0,0,0,0,0
2024-01-01T05:30:00,19.088686,72.867919,11,VABB,160,2.6,22000,2100,29.0,16.0,,0,0,0,0,0
2024-01-01T06:00:00,19.088686,72.867919,11,VABB,,0.0,,2000,30.4,17.2,1013.9,0,0,0,0,0
2024-01-01T06:00:00,19.088686,72.867919,11,VABB,0,0.0,10000,2100,31.0,16.0,,0,0,0,0,0
2024-01-01T06:30:00,19.088686,72.867919,11,VABB,0,0.0,10000,2100,32.0,17.0,,0,0,0,0,0
2024-01-01T07:00:00,19.088686,72.867919,11,VABB,200,2.1,10000,2100,32.0,16.0,,0,0,0,0,0
2024-01-01T07:30:00,19.088686,72.867919,11,VABB,270,3.6,10000,2100,31.0,19.0,,0,0,0,0,0
2024-01-01T08:00:00,19.088686,72.867919,11,VABB,270,3.6,10000,2100,31.0,19.0,,0,0,0,0,0
2024-01-01T08:30:00,19.088686,72.867919,11,VABB,260,4.1,22000,2100,31.0,20.0,,0,0,0,0,0
2024-01-01T09:00:00,19.088686,72.867919,11,VABB,320,1.5,,2000,31.0,20.5,1011.3,0,0,0,0,0
2024-01-01T09:00:00,19.088686,72.867919,11,VABB,270,5.1,22000,2100,31.0,19.0,,0,0,0,0,0
2024-01-01T09:30:00,19.088686,72.867919,11,VABB,270,5.1,22000,2100,30.0,19.0,,0,0,0,0,0
2024-01-01T10:00:00,19.088686,72.867919,11,VABB,270,4.1,22000,2100,30.0,18.0,,0,0,0,0,0
2024-01-01T10:30:00,19.088686,72.867919,11,VABB,280,3.6,22000,2100,31.0,18.0,,0,0,0,0,0
2024-01-01T11:00:00,19.088686,72.867919,11,VABB,260,3.6,22000,2100,30.0,19.0,,0,0,0,0,0
2024-01-01T11:30:00,19.088686,72.867919,11,VABB,280,4.1,22000,2100,31.0,19.0,,0,0,0,0,0
2024-01-01T12:00:00,19.088686,72.867919,11,VABB,320,2.1,,2000,29.0,20.6,1010.8,0,0,0,0,0
2024-01-01T12:00:00,19.088686,72.867919,11,VABB,320,2.1,22000,2100,29.0,20.0,,0,0,0,0,0
2024-01-01T12:30:00,19.088686,72.867919,11,VABB,320,3.1,22000,2100,29.0,19.0,,0,0,0,0,0
2024-01-01T13:00:00,19.088686,72.867919,11,VABB,320,3.1,22000,2100,29.0,19.0,,0,0,0,0,0
2024-01-01T13:30:00,19.088686,72.867919,11,VABB,320,3.1,22000,2100,28.0,20.0,,0,0,0,0,0
2024-01-01T14:00:00,19.088686,72.867919,11,VABB,320,3.1,22000,2100,28.0,20.0,,0,0,0,0,0
2024-01-01T14:30:00,19.088686,72.867919,11,VABB,310,2.1,22000,2100,27.0,20.0,,0,0,0,0,0
2024-01-01T15:00:00,19.088686,72.867919,11,VABB,320,2.1,,2000,26.6,19.5,1013.1,0,0,0,0,0
2024-01-01T15:00:00,19.088686,72.867919,11,VABB,310,2.6,22000,2100,27.0,20.0,,0,1,0,0,0
2024-01-01T15:30:00,19.088686,72.867919,11,VABB,300,1.5,22000,1800,27.0,21.0,,0,1,0,0,0
2024-01-01T16:00:00,19.088686,72.867919,11,VABB,350,3.1,22000,1800,28.0,19.0,,0,1,0,0,0
2024-01-01T16:30:00,19.088686,72.867919,11,VABB,360,2.6,22000,1600,27.0,20.0,,0,1,0,0,0
2024-01-01T16:31:00,19.088686,72.867919,11,VABB,360,2.6,22000,1600,27.0,20.0,,0,1,0,0,0
2024-01-01T17:00:00,19.088686,72.867919,11,VABB,130,2.1,22000,1800,27.0,19.0,,0,1,0,0,0
2024-01-01T17:30:00,19.088686,72.867919,11,VABB,340,2.6,22000,1800,27.0,18.0,,0,1,0,0,0
2024-01-01T18:00:00,19.088686,72.867919,11,VABB,,0.0,,2000,24.0,19.3,1013.6,0,0,0,0,0
2024-01-01T18:00:00,19.088686,72.867919,11,VABB,40,2.1,22000,1600,27.0,19.0,,0,1,0,0,0
2024-01-01T18:30:00,19.088686,72.867919,11,VABB,0,0.0,22000,1600,27.0,19.0,,0,1,0,0,0
2024-01-01T19:00:00,19.088686,72.867919,11,VABB,340,1.5,22000,1600,26.0,19.0,,0,1,0,0,0
2024-01-01T19:30:00,19.088686,72.867919,11,VABB,10,1.5,22000,1600,26.0,19.0,,0,1,0,0,0
2024-01-01T20:00:00,19.088686,72.867919,11,VABB,0,0.0,22000,1600,25.0,19.0,,0,1,0,0,0
2024-01-01T20:30:00,19.088686,72.867919,11,VABB,0,0.0,22000,1600,25.0,19.0,,0,1,0,0,0
2024-01-01T21:00:00,19.088686,72.867919,11,VABB,,0.0,,2000,22.4,18.9,1012.1,0,0,0,0,0
2024-01-01T21:00:00,19.088686,72.867919,11,VABB,30,2.6,22000,1600,25.0,20.0,,0,1,0,0,0
2024-01-01T21:30:00,19.088686,72.867919,11,VABB,20,2.1,22000,1600,25.0,20.0,,0,1,0,0,0
2024-01-01T22:00:00,19.088686,72.867919,11,VABB,30,1.5,22000,1600,25.0,19.0,,0,1,0,0,0
2024-01-01T22:30:00,19.088686,72.867919,11,VABB,20,2.1,22000,1600,24.0,19.0,,0,1,0,0,0
2024-01-01T23:00:00,19.088686,72.867919,11,VABB,60,2.1,22000,1600,25.0,18.0,,0,1,0,0,0
2024-01-01T23:30:00,19.088686,72.867919,11,VABB,140,1.5,22000,1800,25.0,19.0,,0,1,0,0,0
2024-01-02T00:00:00,19.088686,72.867919,11,VABB,,0.0,,2000,21.6,18.8,1011.8,0,0,0,0,0
2024-01-02T00:00:00,19.088686,72.867919,11,VABB,0,0.0,22000,1800,24.0,19.0,,0,1,0,0,0
2024-01-02T00:30:00,19.088686,72.867919,11,VABB,100,2.1,22000,1600,24.0,19.0,,0,1,0,0,0
2024-01-02T01:00:00,19.088686,72.867919,11,VABB,140,1.5,22000,1600,24.0,19.0,,0,1,0,0,0
2024-01-02T01:30:00,19.088686,72.867919,11,VABB,140,2.1,22000,1400,24.0,19.0,,0,1,0,0,0
2024-01-02T02:00:00,19.088686,72.867919,11,VABB,180,1.5,22000,1200,25.0,19.0,,0,1,0,0,0
2024-01-02T02:30:00,19.088686,72.867919,11,VABB,140,2.1,22000,1200,25.0,19.0,,0,1,0,0,0
2024-01-02T03:00:00,19.088686,72.867919,11,VABB,,0.0,,2000,21.4,19.2,1013.2,0,0,0,0,0
2024-01-02T03:00:00,19.088686,72.867919,11,VABB,50,2.6,22000,1200,25.0,19.0,,0,1,0,0,0
2024-01-02T03:30:00,19.088686,72.867919,11,VABB,40,2.1,22000,1200,26.0,19.0,,0,1,0,0,0
2024-01-02T04:00:00,19.088686,72.867919,11,VABB,30,3.1,22000,1200,26.0,18.0,,0,1,0,0,0
2024-01-02T04:30:00,19.088686,72.867919,11,VABB,10,2.1,22000,1500,27.0,19.0,,0,1,0,0,0
2024-01-02T05:00:00,19.088686,72.867919,11,VABB,20,2.6,22000,1600,28.0,18.0,,0,1,0,0,0
2024-01-02T05:30:00,19.088686,72.867919,11,VABB,0,0.0,22000,1600,29.0,17.0,,0,0,0,0,0
2024-01-02T06:00:00,19.088686,72.867919,11,VABB,,0.0,,2000,29.8,20.1,1013.4,0,0,0,0,0
2024-01-02T06:00:00,19.088686,72.867919,11,VABB,150,3.1,22000,1700,30.0,18.0,,0,0,0,0,0
2024-01-02T06:30:00,19.088686,72.867919,11,VABB,200,1.5,22000,1700,32.0,18.0,,0,0,0,0,0
2024-01-02T07:00:00,19.088686,72.867919,11,VABB,270,4.1,22000,1700,30.0,20.0,,0,0,0,0,0
2024-01-02T07:30:00,19.088686,72.867919,11,VABB,260,3.6,22000,1700,30.0,20.0,,0,0,0,0,0
2024-01-02T08:00:00,19.088686,72.867919,11,VABB,230,3.1,22000,1700,30.0,20.0,,0,0,0,0,0
2024-01-02T08:30:00,19.088686,72.867919,11,VABB,270,3.6,22000,1700,31.0,20.0,,0,0,0,0,0
2024-01-02T09:00:00,19.088686,72.867919,11,VABB,270,1.5,,2000,30.8,19.5,1010.4,0,0,0,0,0
2024-01-02T09:00:00,19.088686,72.867919,11,VABB,240,4.1,22000,1700,30.0,20.0,,0,0,0,0,0
2024-01-02T09:30:00,19.088686,72.867919,11,VABB,270,4.6,22000,1600,31.0,20.0,,0,0,0,0,0
2024-01-02T10:00:00,19.088686,72.867919,11,VABB,280,4.6,22000,1600,30.0,20.0,,0,0,0,0,0
2024-01-02T10:30:00,19.088686,72.867919,11,VABB,300,5.1,22000,1800,30.0,20.0,,0,0,0,0,0
2024-01-02T11:00:00,19.088686,72.867919,11,VABB,290,4.6,22000,1800,30.0,20.0,,0,0,0,0,0
2024-01-02T11:30:00,19.088686,72.867919,11,VABB,330,3.6,22000,1800,29.0,20.0,,0,0,0,0,0
2024-01-02T12:00:00,19.088686,72.867919,11,VABB,320,2.1,,2000,28.4,20.9,1010.1,0,0,0,0,0
2024-01-02T12:00:00,19.088686,72.867919,11,VABB,320,4.1,22000,1600,28.0,21.0,,0,1,0,0,0
2024-01-02T12:30:00,19.088686,72.867919,11,VABB,330,3.6,22000,1600,28.0,21.0,,0,1,0,0,0
2024-01-02T13:00:00,19.088686,72.867919,11,VABB,360,2.6,22000,1600,28.0,20.0,,0,1,0,0,0
2024-01-02T13:30:00,19.088686,72.867919,11,VABB,310,3.6,22000,1600,27.0,21.0,,0,1,0,0,0
2024-01-02T14:00:00,19.088686,72.867919,11,VABB,350,3.6,22000,1600,27.0,20.0,,0,1,0,0,0
2024-01-02T14:30:00,19.088686,72.867919,11,VABB,340,5.1,22000,1600,27.0,18.0,,0,1,0,0,0
2024-01-02T15:00:00,19.088686,72.867919,11,VABB,360,1.5,,2000,25.6,18.7,1012.8,0,0,0,0,0
2024-01-02T15:00:00,19.088686,72.867919,11,VABB,360,3.1,22000,1800,26.0,17.0,,0,1,0,0,0
2024-01-02T15:30:00,19.088686,72.867919,11,VABB,340,4.1,22000,1800,26.0,17.0,,0,0,0,0,0
2024-01-02T16:00:00,19.088686,72.867919,11,VABB,350,3.6,22000,2100,26.0,15.0,,0,0,0,0,0
2024-01-02T16:30:00,19.088686,72.867919,11,VABB,30,3.1,22000,2200,26.0,14.0,,0,0,0,0,0
2024-01-02T17:00:00,19.088686,72.867919,11,VABB,10,2.6,22000,2200,26.0,14.0,,0,0,0,0,0
2024-01-02T17:30:00,19.088686,72.867919,11,VABB,100,2.1,22000,2200,26.0,13.0,,0,0,0,0,0
2024-01-02T18:00:00,19.088686,72.867919,11,VABB,,0.0,,2000,23.0,16.1,1013.2,0,0,0,0,0
2024-01-02T18:00:00,19.088686,72.867919,11,VABB,100,1.5,22000,2200,26.0,13.0,,0,0,0,0,0
2024-01-02T18:30:00,19.088686,72.867919,11,VABB,90,2.1,22000,2200,25.0,16.0,,0,0,0,0,0
2024-01-02T19:00:00,19.088686,72.867919,11,VABB,0,0.0,22000,2100,26.0,15.0,,0,0,0,0,0
2024-01-02T19:30:00,19.088686,72.867919,11,VABB,340,1.5,22000,2100,25.0,15.0,,0,0,0,0,0
2024-01-02T20:00:00,19.088686,72.867919,11,VABB,0,0.0,22000,2100,25.0,15.0,,0,0,0,0,0
2024-01-02T20:30:00,19.088686,72.867919,11,VABB,340,2.1,22000,2100,25.0,15.0,,0,0,0,0,0
2024-01-02T21:00:00,19.088686,72.867919,11,VABB,,0.0,,2000,21.0,16.4,1012.0,0,0,0,0,0
2024-01-02T21:00:00,19.088686,72.867919,11,VABB,330,2.6,22000,2100,25.0,15.0,,0,0,0,0,0
2024-01-02T21:30:00,19.088686,72.867919,11,VABB,0,0.0,22000,2100,25.0,15.0,,0,0,0,0,0
2024-01-02T22:00:00,19.088686,72.867919,11,VABB,20,1.5,22000,2100,24.0,15.0,,0,0,0,0,0
2024-01-02T22:30:00,19.088686,72.867919,11,VABB,350,1.5,22000,2100,24.0,15.0,,0,0,0,0,0
2024-01-02T23:00:00,19.088686,72.867919,11,VABB,140,2.1,22000,2100,24.0,16.0,,0,0,0,0,0
2024-01-02T23:30:00,19.088686,72.867919,11,VABB,0,0.0,22000,2100,23.0,15.0,,0,0,0,0,0
2024-01-03T00:00:00,19.088686,72.867919,11,VABB,,0.0,,2000,19.6,15.9,1011.2,0,0,0,0,0
2024-01-03T00:00:00,19.088686,72.867919,11,VABB,50,1.5,22000,2100,24.0,16.0,,0,0,0,0,0
2024-01-03T00:30:00,19.088686,72.867919,11,VABB,50,2.1,22000,2100,24.0,18.0,,0,1,0,0,0
2024-01-03T01:00:00,19.088686,72.867919,11,VABB,160,2.6,22000,2100,24.0,18.0,,0,1,0,0,0
2024-01-03T01:30:00,19.088686,72.867919,11,VABB,50,1.5,22000,1800,23.0,18.0,,0,1,1,0,0
2024-01-03T02:00:00,19.088686,72.867919,11,VABB,90,1.5,22000,1500,23.0,18.0,,0,1,0,0,0
2024-01-03T02:30:00,19.088686,72.867919,11,VABB,20,1.5,10000,1200,24.0,19.0,,0,1,0,0,0
2024-01-03T03:00:00,19.088686,72.867919,11,VABB,,0.0,,2000,20.2,17.6,1013.0,0,0,0,0,0
2024-01-03T03:00:00,19.088686,72.867919,11,VABB,50,2.1,10000,1200,24.0,19.0,,0,1,0,0,0
2024-01-03T03:30:00,19.088686,72.867919,11,VABB,10,1.5,10000,1300,24.0,18.0,,0,1,0,0,0
2024-01-03T04:00:00,19.088686,72.867919,11,VABB,10,1.5,10000,1400,25.0,19.0,,0,1,0,0,0
2024-01-03T04:30:00,19.088686,72.867919,11,VABB,0,0.0,10000,1300,27.0,20.0,,0,1,0,0,0
2024-01-03T05:00:00,19.088686,72.867919,11,VABB,0,0.0,10000,1300,28.0,20.0,,0,1,0,0,0
2024-01-03T05:30:00,19.088686,72.867919,11,VABB,160,2.6,10000,1300,29.0,19.0,,0,1,0,0,0
2024-01-03T06:00:00,19.088686,72.867919,11,VABB,,0.0,,2000,28.6,19.0,1012.9,0,0,0,0,0
2024-01-03T06:00:00,19.088686,72.867919,11,VABB,100,2.6,10000,1500,29.0,19.0,,0,1,0,0,0
2024-01-03T06:30:00,19.088686,72.867919,11,VABB,270,3.1,10000,1500,29.0,20.0,,0,1,0,0,0
2024-01-03T07:00:00,19.088686,72.867919,11,VABB,280,3.6,10000,1300,29.0,20.0,,0,1,0,0,0
2024-01-03T07:30:00,19.088686,72.867919,11,VABB,280,4.1,10000,1400,30.0,21.0,,0,1,0,0,0
2024-01-03T08:00:00,19.088686,72.867919,11,VABB,260,5.1,10000,1600,30.0,20.0,,0,0,0,0,0
2024-01-03T08:30:00,19.088686,72.867919,11,VABB,280,3.6,10000,1600,30.0,21.0,,0,0,0,0,0
2024-01-03T09:00:00,19.088686,72.867919,11,VABB,270,1.5,,2000,30.8,20.6,1009.7,0,0,0,0,0
2024-01-03T09:00:00,19.088686,72.867919,11,VABB,270,4.1,22000,1600,30.0,20.0,,0,0,0,0,0
2024-01-03T09:30:00,19.088686,72.867919,11,VABB,300,3.1,22000,1800,30.0,20.0,,0,0,0,0,0
2024-01-03T10:00:00,19.088686,72.867919,11,VABB,280,4.1,22000,1800,30.0,20.0,,0,0,0,0,0
2024-01-03T10:30:00,19.088686,72.867919,11,VABB,290,4.1,22000,1800,30.0,20.0,,0,0,0,0,0
2024-01-03T11:00:00,19.088686,72.867919,11,VABB,290,4.6,22000,2100,29.0,21.0,,0,0,0,0,0
2024-01-03T11:30:00,19.088686,72.867919,11,VABB,300,3.6,22000,1800,28.0,20.0,,0,0,0,0,0
2024-01-03T12:00:00,19.088686,72.867919,11,VABB,320,2.1,,2000,27.6,20.3,1009.3,0,0,0,0,0
2024-01-03T12:00:00,19.088686,72.867919,11,VABB,320,4.1,10000,1800,28.0,20.0,,0,1,0,0,0
2024-01-03T12:30:00,19.088686,72.867919,11,VABB,310,3.6,2000,1800,27.0,21.0,,0,1,0,0,0
2024-01-03T13:00:00,19.088686,72.867919,11,VABB,330,2.6,2000,1800,27.0,20.0,,0,1,0,0,0
2024-01-03T13:30:00,19.088686,72.867919,11,VABB,310,2.1,2000,1800,27.0,20.0,,0,1,0,0,0
2024-01-03T14:00:00,19.088686,72.867919,11,VABB,350,2.6,22000,1800,27.0,20.0,,0,1,0,0,0
2024-01-03T14:30:00,19.088686,72.867919,11,VABB,310,2.6,22000,1800,26.0,20.0,,0,1,0,0,0
2024-01-03T15:00:00,19.088686,72.867919,11,VABB,,0.0,22000,2000,25.6,20.7,1011.4,0,0,0,0,0
2024-01-03T15:00:00,19.088686,72.867919,11,VABB,340,2.6,22000,1800,27.0,21.0,,0,1,0,0,0
2024-01-03T15:30:00,19.088686,72.867919,11,VABB,340,2.6,22000,1800,26.0,21.0,,0,1,0,0,0
2024-01-03T16:00:00,19.088686,72.867919,11,VABB,330,1.5,22000,1800,26.0,21.0,,0,1,0,0,0
2024-01-03T16:30:00,19.088686,72.867919,11,VABB,360,1.5,22000,1800,26.0,21.0,,0,1,0,0,0
2024-01-03T17:00:00,19.088686,72.867919,11,VABB,20,2.6,22000,1800,26.0,21.0,,0,1,0,0,0
2024-01-03T17:30:00,19.088686,72.867919,11,VABB,330,1.5,22000,1800,26.0,20.0,,0,1,0,0,0
2024-01-03T18:00:00,19.088686,72.867919,11,VABB,,0.0,22000,2000,23.4,20.3,1011.7,0,0,0,0,0
2024-01-03T18:00:00,19.088686,72.867919,11,VABB,20,2.1,22000,1800,26.0,21.0,,0,1,0,0,0
2024-01-03T18:30:00,19.088686,72.867919,11,VABB,40,3.1,22000,1800,26.0,21.0,,0,1,0,0,0
2024-01-03T19:00:00,19.088686,72.867919,11,VABB,40,2.1,22000,1800,25.0,21.0,,0,1,0,0,0
2024-01-03T19:30:00,19.088686,72.867919,11,VABB,190,2.1,22000,1800,25.0,21.0,,0,1,0,0,0
2024-01-03T20:00:00,19.088686,72.867919,11,VABB,0,0.0,22000,1800,24.0,21.0,,0,1,0,0,0
2024-01-03T20:30:00,19.088686,72.867919,11,VABB,0,0.0,22000,1800,24.0,21.0,,0,1,0,0,0
2024-01-03T21:00:00,19.088686,72.867919,11,VABB,,0.0,,2000,22.0,19.5,1011.0,0,0,0,0,0
2024-01-03T21:00:00,19.088686,72.867919,11,VABB,0,0.0,22000,1800,24.0,21.0,,0,1,0,0,0
2024-01-03T21:30:00,19.088686,72.867919,11,VABB,30,1.5,22000,1800,24.0,21.0,,0,1,0,0,0
2024-01-03T22:00:00,19.088686,72.867919,11,VABB,0,0.0,22000,1700,24.0,21.0,,1,0,0,0,0
2024-01-03T23:00:00,19.088686,72.867919,11,VABB,170,3.1,22000,1700,24.0,21.0,,1,0,0,0,0
2024-01-03T23:30:00,19.088686,72.867919,11,VABB,150,2.1,22000,1600,24.0,20.0,,1,0,0,0,0
2024-01-04T00:00:00,19.088686,72.867919,11,VABB,,0.0,,2000,20.8,18.9,1011.2,0,0,0,0,0
2024-01-04T00:00:00,19.088686,72.867919,11,VABB,150,2.1,22000,1700,24.0,20.0,,1,0,0,0,0
2024-01-04T00:30:00,19.088686,72.867919,11,VABB,140,2.1,22000,1700,24.0,20.0,,1,0,0,0,0
2024-01-04T01:00:00,19.088686,72.867919,11,VABB,160,2.1,22000,1700,23.0,21.0,,1,0,1,0,0
2024-01-04T01:30:00,19.088686,72.867919,11,VABB,0,0.0,22000,1500,23.0,20.0,,1,0,0,0,0
2024-01-04T02:00:00,19.088686,72.867919,11,VABB,0,0.0,22000,1300,23.0,21.0,,1,0,0,0,0
2024-01-04T02:30:00,19.088686,72.867919,11,VABB,0,0.0,22000,1200,23.0,20.0,,1,0,0,0,0
2024-01-04T03:00:00,19.088686,72.867919,11,VABB,,0.0,,2000,21.0,19.4,1013.7,0,0,0,0,0
2024-01-04T03:00:00,19.088686,72.867919,11,VABB,0,0.0,22000,1100,24.0,21.0,,1,0,0,0,0
2024-01-04T03:30:00,19.088686,72.867919,11,VABB,0,0.0,22000,1100,24.0,21.0,,1,0,0,0,0
2024-01-04T04:00:00,19.088686,72.867919,11,VABB,350,1.5,22000,1100,25.0,21.0,,1,0,0,0,0
2024-01-04T04:30:00,19.088686,72.867919,11,VABB,0,0.0,22000,1200,26.0,20.0,,0,1,0,0,0
2024-01-04T05:00:00,19.088686,72.867919,11,VABB,300,2.1,22000,1200,27.0,20.0,,0,1,0,0,0
2024-01-04T05:30:00,19.088686,72.867919,11,VABB,270,2.1,22000,1300,28.0,20.0,,0,1,0,0,0
2024-01-04T06:00:00,19.088686,72.867919,11,VABB,,0.0,,2000,27.6,20.0,1014.1,0,0,0,0,0
2024-01-04T06:00:00,19.088686,72.867919,11,VABB,250,2.6,22000,1400,28.0,21.0,,0,1,0,0,0
2024-01-04T06:30:00,19.088686,72.867919,11,VABB,250,4.1,22000,1400,29.0,21.0,,0,1,0,0,0
2024-01-04T07:00:00,19.088686,72.867919,11,VABB,260,4.1,22000,1600,29.0,21.0,,0,1,0,0,0
2024-01-04T07:30:00,19.088686,72.867919,11,VABB,270,4.1,2000,1700,29.0,20.0,,0,1,0,0,0
2024-01-04T08:00:00,19.088686,72.867919,11,VABB,280,3.6,2000,2100,30.0,18.0,,0,0,0,0,0
2024-01-04T08:30:00,19.088686,72.867919,11,VABB,330,2.6,22000,2100,30.0,16.0,,0,0,0,0,0
2024-01-04T09:00:00,19.088686,72.867919,11,VABB,360,2.1,22000,2000,30.6,14.1,1010.4,0,0,0,0,0
2024-01-04T09:00:00,19.088686,72.867919,11,VABB,300,3.1,22000,2200,31.0,12.0,,0,0,0,0,0
2024-01-04T09:30:00,19.088686,72.867919,11,VABB,280,3.6,22000,2200,31.0,8.0,,0,0,0,0,0
2024-01-04T10:00:00,19.088686,72.867919,11,VABB,300,3.6,22000,2200,30.0,11.0,,0,0,0,0,0
2024-01-04T10:30:00,19.088686,72.867919,11,VABB,310,3.6,22000,2100,30.0,12.0,,0,0,0,0,0
2024-01-04T11:00:00,19.088686,72.867919,11,VABB,320,3.6,22000,2100,29.0,15.0,,0,0,0,0,0
2024-01-04T11:30:00,19.088686,72.867919,11,VABB,300,4.1,22000,2100,29.0,13.0,,0,0,0,0,0
2024-01-04T12:00:00,19.088686,72.867919,11,VABB,320,1.5,,2000,28.0,16.8,1009.9,0,0,0,0,0
2024-01-04T12:00:00,19.088686,72.867919,11,VABB,320,3.6,22000,1800,29.0,14.0,,0,0,0,0,0
2024-01-04T12:30:00,19.088686,72.867919,11,VABB,310,3.6,22000,1600,28.0,18.0,,0,0,0,0,0
2024-01-04T13:00:00,19.088686,72.867919,11,VABB,300,3.6,22000,1500,26.0,21.0,,0,1,0,0,0
2024-01-04T13:30:00,19.088686,72.867919,11,VABB,310,3.6,22000,1500,26.0,21.0,,1,0,0,0,0
2024-01-04T14:00:00,19.088686,72.867919,11,VABB,300,2.6,22000,1500,26.0,21.0,,1,0,0,0,0
2024-01-04T14:30:00,19.088686,72.867919,11,VABB,350,3.1,22000,1200,26.0,22.0,,1,0,0,0,0
2024-01-04T15:00:00,19.088686,72.867919,11,VABB,,0.0,,2000,24.6,21.6,1012.1,0,0,0,0,0
2024-01-04T15:00:00,19.088686,72.867919,11,VABB,360,2.6,22000,1200,26.0,23.0,,1,0,0,0,0
2024-01-04T15:30:00,19.088686,72.867919,11,VABB,350,3.6,22000,1200,25.0,23.0,,1,0,0,0,0
2024-01-04T16:00:00,19.088686,72.867919,11,VABB,330,2.6,22000,1200,25.0,22.0,,1,0,0,0,0
2024-01-04T16:30:00,19.088686,72.867919,11,VABB,350,2.6,22000,1200,25.0,21.0,,1,0,0,0,0
2024-01-04T17:00:00,19.088686,72.867919,11,VABB,20,3.1,22000,1200,25.0,22.0,,1,0,0,0,0
2024-01-04T17:30:00,19.088686,72.867919,11,VABB,280,1.5,22000,1100,24.0,21.0,,1,0,0,0,0
2024-01-04T18:00:00,19.088686,72.867919,11,VABB,,0.0,,2000,22.4,19.3,1012.1,0,0,0,0,0
2024-01-04T18:00:00,19.088686,72.867919,11,VABB,300,2.1,22000,1200,24.0,20.0,,1,0,0,0,0
2024-01-04T18:30:00,19.088686,72.867919,11,VABB,10,2.6,22000,1200,24.0,21.0,,1,0,0,0,0
2024-01-04T19:00:00,19.088686,72.867919,11,VABB,10,2.1,22000,1000,23.0,21.0,,1,0,0,0,0
2024-01-04T19:30:00,19.088686,72.867919,11,VABB,80,2.1,22000,1100,23.0,20.0,,1,0,0,0,0
2024-01-04T20:00:00,19.088686,72.867919,11,VABB,120,2.6,22000,1200,23.0,20.0,,1,0,0,0,0
2024-01-04T20:30:00,19.088686,72.867919,11,VABB,0,0.0,22000,1200,23.0,19.0,,1,0,0,0,0
2024-01-04T21:00:00,19.088686,72.867919,11,VABB,,0.0,,2000,20.4,18.2,1011.2,0,0,0,0,0
2024-01-04T21:00:00,19.088686,72.867919,11,VABB,60,3.1,22000,1200,23.0,20.0,,1,0,0,0,0
2024-01-04T21:30:00,19.088686,72.867919,11,VABB,30,2.1,22000,1200,23.0,20.0,,1,0,0,0,0
2024-01-04T22:00:00,19.088686,72.867919,11,VABB,360,2.1,22000,1200,23.0,20.0,,1,0,0,0,0
2024-01-04T22:30:00,19.088686,72.867919,11,VABB,0,0.0,22000,1200,22.0,19.0,,1,0,0,0,0
2024-01-04T23:00:00,19.088686,72.867919,11,VABB,0,0.0,22000,1200,22.0,20.0,,1,0,0,0,0
2024-01-04T23:30:00,19.088686,72.867919,11,VABB,0,0.0,22000,1200,23.0,20.0,,1,0,0,0,0
2024-01-05T00:00:00,19.088686,72.867919,11,VABB,,0.0,,2000,19.4,17.4,1011.2,0,0,0,0,0
2024-01-05T00:00:00,19.088686,72.867919,11,VABB,350,1.5,22000,1200,23.0,20.0,,1,0,0,0,0
2024-01-05T02:30:00,19.088686,72.867919,11,VABB,90,1.5,22000,800,22.0,20.0,,1,0,0,0,0
2024-01-05T03:00:00,19.088686,72.867919,11,VABB,,0.0,,2000,20.4,18.8,1013.4,0,0,0,0,0
2024-01-05T03:00:00,19.088686,72.867919,11,VABB,0,0.0,22000,800,23.0,20.0,,1,0,0,0,0
2024-01-05T03:30:00,19.088686,72.867919,11,VABB,0,0.0,22000,800,24.0,20.0,,1,0,0,0,0
2024-01-05T04:00:00,19.088686,72.867919,11,VABB,30,2.1,22000,1100,25.0,20.0,,1,0,0,0,0
2024-01-05T04:30:00,19.088686,72.867919,11,VABB,50,3.1,,1400,26.0,18.0,,0,1,0,0,0
2024-01-05T04:31:00,19.088686,72.867919,11,VABB,50,3.1,,1400,26.0,18.0,,0,1,0,0,0
2024-01-05T05:00:00,19.088686,72.867919,11,VABB,80,1.5,,1500,27.0,19.0,,0,1,0,0,0
2024-01-05T05:30:00,19.088686,72.867919,11,VABB,120,2.1,22000,1500,28.0,18.0,,0,1,0,0,0
2024-01-05T06:00:00,19.088686,72.867919,11,VABB,,0.0,,2000,28.2,17.1,1013.2,0,0,0,0,0
2024-01-05T06:00:00,19.088686,72.867919,11,VABB,340,2.1,22000,1700,29.0,16.0,,0,0,0,0,0
2024-01-05T06:30:00,19.088686,72.867919,11,VABB,30,1.5,22000,2100,30.0,12.0,,0,0,0,0,0
2024-01-05T07:00:00,19.088686,72.867919,11,VABB,220,1.5,22000,1800,31.0,9.0,,0,0,0,0,0
2024-01-05T07:30:00,19.088686,72.867919,11,VABB,250,3.1,22000,1600,29.0,20.0,,0,0,0,0,0
2024-01-05T08:00:00,19.088686,72.867919,11,VABB,260,2.6,22000,1600,29.0,19.0,,0,0,0,0,0
2024-01-05T08:30:00,19.088686,72.867919,11,VABB,260,3.1,22000,1500,29.0,19.0,,0,0,0,0,0
2024-01-05T09:00:00,19.088686,72.867919,11,VABB,270,2.1,,2000,30.4,20.8,1010.5,0,0,0,0,0
2024-01-05T09:00:00,19.088686,72.867919,11,VABB,270,3.6,22000,1600,29.0,18.0,,0,0,0,0,0
2024-01-05T09:30:00,19.088686,72.867919,11,VABB,260,4.1,22000,1600,29.0,18.0,,0,0,0,0,0
2024-01-05T10:00:00,19.088686,72.867919,11,VABB,280,2.6,22000,1800,29.0,17.0,,0,0,0,0,0
2024-01-05T10:30:00,19.088686,72.867919,11,VABB,290,3.1,22000,2100,29.0,17.0,,0,0,0,0,0
2024-01-05T11:00:00,19.088686,72.867919,11,VABB,290,4.1,22000,1800,29.0,19.0,,0,0,0,0,0
2024-01-05T11:30:00,19.088686,72.867919,11,VABB,300,3.6,22000,1800,29.0,19.0,,0,0,0,0,0
2024-01-05T12:00:00,19.088686,72.867919,11,VABB,320,1.5,,2000,27.6,19.3,1010.6,0,0,0,0,0
2024-01-05T12:00:00,19.088686,72.867919,11,VABB,310,3.1,22000,1600,28.0,19.0,,0,1,0,0,0
2024-01-05T12:30:00,19.088686,72.867919,11,VABB,300,3.1,22000,1400,27.0,20.0,,0,1,0,0,0
2024-01-05T13:00:00,19.088686,72.867919,11,VABB,320,1.5,22000,1500,27.0,20.0,,0,1,0,0,0
2024-01-05T13:30:00,19.088686,72.867919,11,VABB,310,2.6,22000,1500,27.0,20.0,,0,1,0,0,0
2024-01-05T14:00:00,19.088686,72.867919,11,VABB,320,2.1,22000,1600,27.0,21.0,,0,1,0,0,0
2024-01-05T14:30:00,19.088686,72.867919,11,VABB,300,1.5,22000,1600,26.0,21.0,,0,1,0,0,0
2024-01-05T15:00:00,19.088686,72.867919,11,VABB,,0.0,,2000,25.2,21.0,1012.9,0,0,0,0,0
2024-01-05T15:00:00,19.088686,72.867919,11,VABB,310,2.1,22000,1600,26.0,22.0,,1,0,0,0,0
2024-01-05T15:30:00,19.088686,72.867919,11,VABB,360,3.6,22000,1600,26.0,21.0,,0,1,0,0,0
2024-01-05T16:00:00,19.088686,72.867919,11,VABB,350,2.1,22000,1600,25.0,21.0,,0,1,0,0,0
2024-01-05T16:30:00,19.088686,72.867919,11,VABB,30,2.1,22000,1600,25.0,21.0,,0,1,0,0,0
2024-01-05T17:00:00,19.088686,72.867919,11,VABB,330,1.5,22000,1600,25.0,21.0,,0,1,0,0,0
2024-01-05T17:30:00,19.088686,72.867919,11,VABB,360,2.1,22000,1600,25.0,21.0,,0,1,0,0,0
2024-01-05T18:00:00,19.088686,72.867919,11,VABB,,0.0,,2000,22.6,19.5,1012.8,0,0,0,0,0
2024-01-05T18:00:00,19.088686,72.867919,11,VABB,360,2.1,22000,1600,25.0,22.0,,0,1,0,0,0
2024-01-05T18:30:00,19.088686,72.867919,11,VABB,60,3.1,22000,1600,25.0,21.0,,0,1,0,0,0
2024-01-05T19:00:00,19.088686,72.867919,11,VABB,190,2.1,22000,1600,25.0,21.0,,0,1,0,0,0
2024-01-05T19:30:00,19.088686,72.867919,11,VABB,60,4.1,22000,1600,26.0,21.0,,0,1,0,0,0
2024-01-05T20:00:00,19.088686,72.867919,11,VABB,30,3.1,22000,1600,24.0,21.0,,0,1,0,0,0
2024-01-05T20:30:00,19.088686,72.867919,11,VABB,30,2.1,22000,1600,23.0,21.0,,0,1,0,0,0
2024-01-05T21:00:00,19.088686,72.867919,11,VABB,,0.0,,2000,21.0,19.1,1012.0,0,0,0,0,0
2024-01-05T21:00:00,19.088686,72.867919,11,VABB,30,2.1,22000,1600,23.0,20.0,,0,1,0,0,0
2024-01-05T21:30:00,19.088686,72.867919,11,VABB,350,2.1,22000,1600,23.0,20.0,,0,1,0,0,0
2024-01-05T22:00:00,19.088686,72.867919,11,VABB,350,1.5,22000,1600,23.0,20.0,,1,0,0,0,0
2024-01-05T22:30:00,19.088686,72.867919,11,VABB,110,2.1,22000,1700,23.0,19.0,,1,0,0,0,0
2024-01-05T23:00:00,19.088686,72.867919,11,VABB,0,0.0,22000,1700,22.0,18.0,,1,0,0,0,0
2024-01-05T23:30:00,19.088686,72.867919,11,VABB,0,0.0,22000,1700,23.0,18.0,,0,1,0,0,0
2024-01-06T00:00:00,19.088686,72.867919,11,VABB,,0.0,,2000,19.4,17.4,1011.7,0,0,0,0,0
2024-01-06T00:00:00,19.088686,72.867919,11,VABB,0,0.0,22000,1800,22.0,17.0,,0,1,0,0,0
2024-01-06T00:30:00,19.088686,72.867919,11,VABB,210,1.5,22000,1900,22.0,17.0,,0,1,0,0,0
2024-01-06T01:00:00,19.088686,72.867919,11,VABB,110,1.5,22000,2100,23.0,16.0,,0,1,1,0,0
2024-01-06T01:30:00,19.088686,72.867919,11,VABB,190,1.5,22000,1700,23.0,16.0,,0,1,0,0,0
2024-01-06T02:00:00,19.088686,72.867919,11,VABB,0,0.0,22000,1900,23.0,15.0,,0,1,0,0,0
2024-01-06T02:30:00,19.088686,72.867919,11,VABB,80,2.1,22000,1700,24.0,15.0,,0,1,0,0,0
2024-01-06T03:00:00,19.088686,72.867919,11,VABB,,0.0,,2000,20.0,15.6,1013.4,0,0,0,0,0
2024-01-06T03:00:00,19.088686,72.867919,11,VABB,40,2.6,22000,1800,25.0,15.0,,0,1,0,0,0
2024-01-06T03:30:00,19.088686,72.867919,11,VABB,50,2.6,22000,1800,26.0,15.0,,0,0,0,0,0
2024-01-06T04:00:00,19.088686,72.867919,11,VABB,40,3.1,22000,1700,26.0,15.0,,0,0,0,0,0
2024-01-06T04:30:00,19.088686,72.867919,11,VABB,50,4.1,10000,1800,28.0,15.0,,0,0,0,0,0
2024-01-06T05:00:00,19.088686,72.867919,11,VABB,40,4.6,22000,1800,27.0,15.0,,0,0,0,0,0
2024-01-06T05:30:00,19.088686,72.867919,11,VABB,30,2.6,22000,1800,29.0,15.0,,0,0,0,0,0
2024-01-06T06:00:00,19.088686,72.867919,11,VABB,50,1.5,,2000,29.4,15.9,1013.4,0,0,0,0,0
2024-01-06T06:00:00,19.088686,72.867919,11,VABB,30,3.1,22000,1800,29.0,15.0,,0,0,0,0,0
2024-01-06T06:30:00,19.088686,72.867919,11,VABB,360,3.1,22000,2100,30.0,15.0,,0,0,0,0,0
2024-01-06T07:00:00,19.088686,72.867919,11,VABB,20,2.1,22000,2100,30.0,15.0,,0,0,0,0,0
2024-01-06T07:30:00,19.088686,72.867919,11,VABB,40,1.5,22000,2100,31.0,12.0,,0,0,0,0,0
2024-01-06T08:00:00,19.088686,72.867919,11,VABB,250,5.7,22000,2100,30.0,19.0,,0,0,0,0,0
2024-01-06T08:30:00,19.088686,72.867919,11,VABB,250,5.7,22000,2100,30.0,19.0,,0,0,0,0,0
2024-01-06T09:00:00,19.088686,72.867919,11,VABB,360,2.1,22000,2000,30.5,17.9,1010.1,0,0,0,0,0
2024-01-06T09:00:00,19.088686,72.867919,11,VABB,300,4.6,22000,2200,31.0,18.0,,0,0,0,0,0
2024-01-06T10:00:00,19.088686,72.867919,11,VABB,310,5.1,22000,2200,30.0,17.0,,0,0,0,0,0
2024-01-06T10:30:00,19.088686,72.867919,11,VABB,290,5.1,22000,2100,30.0,17.0,,0,0,0,0,0
2024-01-06T11:00:00,19.088686,72.867919,11,VABB,310,5.1,22000,2100,30.0,18.0,,0,0,0,0,0
2024-01-06T11:30:00,19.088686,72.867919,11,VABB,330,4.6,22000,2100,29.0,18.0,,0,0,0,0,0
2024-01-06T12:00:00,19.088686,72.867919,11,VABB,360,2.1,,2000,27.8,17.7,1010.3,0,0,0,0,0
2024-01-06T12:00:00,19.088686,72.867919,11,VABB,320,3.1,22000,2000,28.0,18.0,,0,0,0,0,0
2024-01-06T12:30:00,19.088686,72.867919,11,VABB,310,3.1,22000,1800,28.0,17.0,,0,0,1,0,0
2024-01-06T13:00:00,19.088686,72.867919,11,VABB,310,1.5,22000,1600,28.0,17.0,,0,0,0,0,0
2024-01-06T13:30:00,19.088686,72.867919,11,VABB,350,1.5,22000,2100,28.0,17.0,,0,0,0,0,0
2024-01-06T14:00:00,19.088686,72.867919,11,VABB,280,1.5,22000,1800,27.0,17.0,,0,0,0,0,0
2024-01-06T14:30:00,19.088686,72.867919,11,VABB,310,2.6,22000,2100,28.0,18.0,,0,0,0,0,0
2024-01-06T15:00:00,19.088686,72.867919,11,VABB,360,2.1,,1000,25.6,19.4,1012.8,0,0,0,0,0
2024-01-06T15:00:00,19.088686,72.867919,11,VABB,330,1.5,22000,1500,27.0,19.0,,0,1,0,0,0
2024-01-06T15:30:00,19.088686,72.867919,11,VABB,0,0.0,22000,1500,26.0,20.0,,0,1,0,0,0
2024-01-06T16:00:00,19.088686,72.867919,11,VABB,30,1.5,22000,1600,27.0,20.0,,0,1,0,0,0
2024-01-06T16:30:00,19.088686,72.867919,11,VABB,30,2.1,22000,1600,26.0,20.0,,0,1,0,0,0
2024-01-06T17:00:00,19.088686,72.867919,11,VABB,330,2.6,22000,1600,26.0,20.0,,0,1,0,0,0
2024-01-06T17:30:00,19.088686,72.867919,11,VABB,10,1.5,22000,1500,26.0,20.0,,0,1,0,0,0
2024-01-06T18:00:00,19.088686,72.867919,11,VABB,,0.0,,2000,23.4,18.7,1012.9,0,0,0,0,0
2024-01-06T18:00:00,19.088686,72.867919,11,VABB,30,2.1,22000,1500,25.0,20.0,,0,1,0,0,0
2024-01-06T18:30:00,19.088686,72.867919,11,VABB,340,2.1,22000,1500,25.0,20.0,,0,1,0,0,0
2024-01-06T19:00:00,19.088686,72.867919,11,VABB,90,1.5,22000,1300,25.0,20.0,,0,1,0,0,0
2024-01-06T19:30:00,19.088686,72.867919,11,VABB,0,0.0,22000,1300,25.0,20.0,,0,1,0,0,0
2024-01-06T20:00:00,19.088686,72.867919,11,VABB,210,2.6,22000,1300,25.0,20.0,,0,1,0,0,0
2024-01-06T20:30:00,19.088686,72.867919,11,VABB,220,2.6,22000,1300,24.0,20.0,,0,1,0,0,0
2024-01-06T21:00:00,19.088686,72.867919,11,VABB,,0.0,,2000,22.2,19.1,1011.6,0,0,0,0,0
2024-01-06T21:00:00,19.088686,72.867919,11,VABB,210,2.1,22000,1300,24.0,20.0,,0,1,0,0,0
2024-01-06T21:30:00,19.088686,72.867919,11,VABB,250,1.5,22000,1300,25.0,20.0,,0,1,0,0,0
2024-01-06T22:00:00,19.088686,72.867919,11,VABB,350,1.5,22000,1400,25.0,20.0,,0,1,0,0,0
2024-01-06T22:30:00,19.088686,72.867919,11,VABB,30,1.5,22000,1400,24.0,21.0,,1,0,0,0,0
2024-01-06T23:00:00,19.088686,72.867919,11,VABB,80,2.1,22000,1400,24.0,20.0,,1,0,0,0,0
2024-01-06T23:30:00,19.088686,72.867919,11,VABB,180,2.1,22000,1600,25.0,19.0,,0,1,0,0,0
2024-01-07T00:00:00,19.088686,72.867919,11,VABB,,0.0,22000,2000,22.8,19.4,1011.3,0,0,0,0,0
2024-01-07T00:00:00,19.088686,72.867919,11,VABB,0,0.0,22000,1600,25.0,19.0,,0,1,0,0,0
2024-01-07T00:30:00,19.088686,72.867919,11,VABB,140,1.5,22000,1800,25.0,19.0,,0,1,0,0,0
2024-01-07T01:00:00,19.088686,72.867919,11,VABB,150,2.1,22000,1800,25.0,19.0,,0,1,0,0,0
2024-01-07T01:30:00,19.088686,72.867919,11,VABB,0,0.0,22000,1600,24.0,19.0,,0,1,0,0,0
2024-01-07T02:00:00,19.088686,72.867919,11,VABB,100,2.1,10000,1600,25.0,19.0,,0,1,0,0,0
2024-01-07T02:30:00,19.088686,72.867919,11,VABB,110,2.1,3048,1500,25.0,19.0,,0,1,0,0,0
2024-01-07T03:00:00,19.088686,72.867919,11,VABB,,0.0,,2000,22.4,19.3,1013.5,0,0,0,0,0
2024-01-07T03:00:00,19.088686,72.867919,11,VABB,130,2.1,3048,1500,25.0,19.0,,0,1,0,0,0
2024-01-07T03:01:00,19.088686,72.867919,11,VABB,130,2.1,3048,1500,25.0,19.0,,0,1,0,0,0
2024-01-07T03:30:00,19.088686,72.867919,11,VABB,60,1.5,3048,1400,26.0,19.0,,0,1,0,0,0
2024-01-07T04:00:00,19.088686,72.867919,11,VABB,50,3.1,3048,1500,27.0,18.0,,0,0,0,0,0
2024-01-07T04:30:00,19.088686,72.867919,11,VABB,30,2.6,10000,1500,28.0,18.0,,0,0,0,0,0
2024-01-07T05:00:00,19.088686,72.867919,11,VABB,50,2.6,10000,1400,29.0,18.0,,0,0,0,0,0
2024-01-07T05:30:00,19.088686,72.867919,11,VABB,110,2.6,10000,1600,29.0,17.0,,0,0,0,0,0
2024-01-07T06:00:00,19.088686,72.867919,11,VABB,,0.0,22000,2000,29.6,18.1,1013.8,0,0,0,0,0
2024-01-07T06:00:00,19.088686,72.867919,11,VABB,140,2.6,22000,1800,30.0,17.0,,0,0,0,0,0
2024-01-07T06:30:00,19.088686,72.867919,11,VABB,160,3.1,22000,1800,31.0,17.0,,0,0,0,0,0
2024-01-07T07:00:00,19.088686,72.867919,11,VABB,200,1.5,22000,1800,31.0,17.0,,0,0,0,0,0
2024-01-07T07:30:00,19.088686,72.867919,11,VABB,0,0.0,22000,1800,31.0,17.0,,0,0,0,0,0
2024-01-07T08:00:00,19.088686,72.867919,11,VABB,0,0.0,22000,1600,31.0,20.0,,0,0,0,0,0
2024-01-07T08:30:00,19.088686,72.867919,11,VABB,270,4.1,22000,1700,31.0,19.0,,0,0,0,0,0
2024-01-07T09:00:00,19.088686,72.867919,11,VABB,250,2.6,,2000,31.6,19.1,1010.6,0,0,0,0,0
2024-01-07T09:00:00,19.088686,72.867919,11,VABB,260,4.1,22000,1900,31.0,18.0,,0,0,0,0,0
2024-01-07T09:30:00,19.088686,72.867919,11,VABB,270,5.1,22000,1800,31.0,19.0,,0,0,0,0,0
2024-01-07T10:00:00,19.088686,72.867919,11,VABB,270,4.1,22000,1800,31.0,19.0,,0,0,0,0,0
2024-01-07T10:30:00,19.088686,72.867919,11,VABB,320,3.6,22000,1800,31.0,18.0,,0,0,0,0,0
2024-01-07T11:00:00,19.088686,72.867919,11,VABB,320,1.5,22000,1800,30.0,19.0,,0,0,0,0,0
2024-01-07T11:30:00,19.088686,72.867919,11,VABB,310,4.1,10000,1700,29.0,20.0,,0,0,1,0,0
2024-01-07T12:00:00,19.088686,72.867919,11,VABB,340,1.5,22000,2000,28.4,19.5,1010.2,0,0,0,0,0
2024-01-07T12:00:00,19.088686,72.867919,11,VABB,340,3.1,10000,1600,29.0,20.0,,0,0,0,0,0
2024-01-07T12:30:00,19.088686,72.867919,11,VABB,300,3.1,2000,1700,28.0,19.0,,0,0,0,0,0
2024-01-07T13:00:00,19.088686,72.867919,11,VABB,320,3.1,10000,1700,28.0,19.0,,0,0,0,0,0
2024-01-07T13:30:00,19.088686,72.867919,11,VABB,310,2.6,22000,1600,28.0,19.0,,0,0,0,0,0
2024-01-07T14:00:00,19.088686,72.867919,11,VABB,340,4.6,22000,1700,28.0,18.0,,0,0,0,0,0
2024-01-07T14:30:00,19.088686,72.867919,11,VABB,330,2.1,22000,1700,28.0,18.0,,0,0,0,0,0
2024-01-07T15:00:00,19.088686,72.867919,11,VABB,360,1.5,22000,2000,27.0,18.9,1011.9,0,0,0,0,0
2024-01-07T15:00:00,19.088686,72.867919,11,VABB,330,2.6,22000,1700,28.0,18.0,,0,0,0,0,0
2024-01-07T15:30:00,19.088686,72.867919,11,VABB,360,2.6,10000,1700,28.0,18.0,,0,0,0,0,0
2024-01-07T16:00:00,19.088686,72.867919,11,VABB,10,2.6,10000,1800,27.0,18.0,,0,0,0,0,0
2024-01-07T16:30:00,19.088686,72.867919,11,VABB,20,3.1,10000,1800,28.0,18.0,,0,0,0,0,0
2024-01-07T17:00:00,19.088686,72.867919,11,VABB,140,2.1,10000,1800,28.0,18.0,,0,0,0,0,0
2024-01-07T17:30:00,19.088686,72.867919,11,VABB,130,2.6,10000,1800,28.0,18.0,,0,0,0,0,0
2024-01-07T18:00:00,19.088686,72.867919,11,VABB,,0.0,,2000,25.0,19.1,1012.6,0,0,0,0,0
2024-01-07T18:00:00,19.088686,72.867919,11,VABB,90,1.5,10000,1700,27.0,18.0,,0,0,0,0,0
2024-01-07T18:30:00,19.088686,72.867919,11,VABB,30,2.1,10000,1700,27.0,19.0,,0,0,0,0,0
2024-01-07T19:00:00,19.088686,72.867919,11,VABB,0,0.0,10000,1700,26.0,19.0,,0,1,0,0,0
2024-01-07T19:30:00,19.088686,72.867919,11,VABB,40,2.1,10000,1400,26.0,19.0,,0,1,0,0,0
2024-01-07T20:00:00,19.088686,72.867919,11,VABB,30,2.6,10000,1600,26.0,19.0,,0,1,0,0,0
2024-01-07T20:30:00,19.088686,72.867919,11,VABB,320,1.5,10000,1700,26.0,19.0,,0,1,0,0,0
2024-01-07T21:00:00,19.088686,72.867919,11,VABB,,0.0,,2000,23.8,19.4,1011.5,0,0,0,0,0
2024-01-07T21:00:00,19.088686,72.867919,11,VABB,40,2.1,10000,1800,26.0,19.0,,0,1,0,0,0
2024-01-07T21:30:00,19.088686,72.867919,11,VABB,30,2.6,10000,1700,26.0,19.0,,0,1,0,0,0
2024-01-07T22:00:00,19.088686,72.867919,11,VABB,40,2.6,10000,1700,26.0,19.0,,0,1,0,0,0
2024-01-07T22:30:00,19.088686,72.867919,11,VABB,100,2.6,10000,1600,25.0,19.0,,0,1,0,0,0
2024-01-07T23:00:00,19.088686,72.867919,11,VABB,0,0.0,10000,1700,26.0,19.0,,0,1,0,0,0
2024-01-07T23:30:00,19.088686,72.867919,11,VABB,0,0.0,10000,1800,26.0,19.0,,0,1,0,0,0
2024-01-08T00:00:00,19.088686,72.867919,11,VABB,,0.0,22000,2000,22.8,19.4,1011.6,0,0,0,0,0
2024-01-08T00:00:00,19.088686,72.867919,11,VABB,0,0.0,10000,1800,26.0,19.0,,0,1,0,0,0
2024-01-08T00:30:00,19.088686,72.867919,11,VABB,110,2.1,10000,1800,26.0,19.0,,0,1,0,0,0
2024-01-08T01:00:00,19.088686,72.867919,11,VABB,90,2.1,10000,1800,25.0,19.0,,0,1,0,0,0
2024-01-08T01:30:00,19.088686,72.867919,11,VABB,80,3.1,10000,1800,26.0,18.0,,0,1,0,0,0
2024-01-08T02:00:00,19.088686,72.867919,11,VABB,90,2.6,10000,1800,26.0,17.0,,0,0,0,0,0
2024-01-08T02:30:00,19.088686,72.867919,11,VABB,80,3.6,10000,1800,26.0,17.0,,0,0,0,0,0
2024-01-08T03:00:00,19.088686,72.867919,11,VABB,,0.0,22000,2000,23.2,19.1,1013.7,0,0,0,0,0
2024-01-08T03:00:00,19.088686,72.867919,11,VABB,90,3.6,10000,1800,27.0,17.0,,0,0,0,0,0
2024-01-08T03:30:00,19.088686,72.867919,11,VABB,100,3.1,22000,1800,28.0,17.0,,0,0,0,0,0
2024-01-08T04:00:00,19.088686,72.867919,11,VABB,110,3.6,22000,1800,29.0,17.0,,0,0,0,0,0
2024-01-08T04:30:00,19.088686,72.867919,11,VABB,120,3.1,22000,1800,29.0,17.0,,0,0,0,0,0
2024-01-08T05:00:00,19.088686,72.867919,11,VABB,90,3.6,22000,1800,30.0,17.0,,0,0,0,0,0
2024-01-08T05:30:00,19.088686,72.867919,11,VABB,90,4.6,22000,2100,31.0,15.0,,0,0,0,0,0
2024-01-08T06:00:00,19.088686,72.867919,11,VABB,50,2.1,,2000,31.0,16.0,1013.8,0,0,0,0,0
2024-01-08T06:00:00,19.088686,72.867919,11,VABB,100,5.7,22000,2200,32.0,15.0,,0,0,0,0,0
2024-01-08T06:30:00,19.088686,72.867919,11,VABB,110,4.1,22000,2200,32.0,14.0,,0,0,0,0,0
2024-01-08T07:00:00,19.088686,72.867919,11,VABB,80,4.1,10000,2200,33.0,14.0,,0,0,0,0,0
2024-01-08T07:30:00,19.088686,72.867919,11,VABB,110,2.6,10000,2200,33.0,13.0,,0,0,0,0,0
2024-01-08T08:00:00,19.088686,72.867919,11,VABB,110,3.6,22000,2200,34.0,13.0,,0,0,0,0,0
2024-01-08T08:30:00,19.088686,72.867919,11,VABB,140,3.1,10000,2500,33.0,13.0,,0,0,0,0,0
2024-01-08T09:00:00,19.088686,72.867919,11,VABB,,0.0,22000,2000,34.6,17.6,1010.6,0,0,0,0,0
2024-01-08T09:00:00,19.088686,72.867919,11,VABB,210,2.1,3048,3000,34.0,13.0,,0,0,0,0,0
2024-01-08T09:30:00,19.088686,72.867919,11,VABB,210,2.1,3048,3000,35.0,13.0,,0,0,0,0,0
2024-01-08T10:00:00,19.088686,72.867919,11,VABB,290,4.6,3048,3000,33.0,15.0,,0,0,0,0,0
2024-01-08T10:30:00,19.088686,72.867919,11,VABB,290,3.6,3048,3000,33.0,15.0,,0,0,0,0,0
2024-01-08T11:00:00,19.088686,72.867919,11,VABB,270,4.6,3048,3000,32.0,15.0,,0,0,0,0,0
2024-01-08T11:30:00,19.088686,72.867919,11,VABB,280,4.6,3048,3000,31.0,17.0,,0,0,0,0,0
2024-01-08T12:00:00,19.088686,72.867919,11,VABB,340,1.5,540,2000,30.6,17.0,1010.7,0,0,0,0,0
2024-01-08T12:00:00,19.088686,72.867919,11,VABB,290,4.1,3048,3000,31.0,16.0,,0,0,0,0,0
2024-01-08T12:30:00,19.088686,72.867919,11,VABB,320,3.6,3048,2500,30.0,20.0,,0,0,0,0,0
2024-01-08T13:00:00,19.088686,72.867919,11,VABB,330,4.1,10000,2500,29.0,19.0,,0,0,0,0,0
2024-01-08T13:30:00,19.088686,72.867919,11,VABB,330,3.1,10000,2500,29.0,19.0,,0,0,0,0,0
2024-01-08T14:00:00,19.088686,72.867919,11,VABB,320,2.6,10000,2500,29.0,20.0,,0,0,0,0,0
2024-01-08T14:30:00,19.088686,72.867919,11,VABB,330,4.6,10000,2500,29.0,19.0,,0,0,0,0,0
2024-01-08T15:00:00,19.088686,72.867919,11,VABB,360,1.5,22000,2000,27.8,18.4,1012.9,0,0,0,0,0
2024-01-08T15:00:00,19.088686,72.867919,11,VABB,340,3.6,10000,2500,29.0,17.0,,0,0,0,0,0
2024-01-08T15:30:00,19.088686,72.867919,11,VABB,360,3.6,10000,2500,30.0,17.0,,0,0,0,0,0
2024-01-08T16:00:00,19.088686,72.867919,11,VABB,360,2.1,10000,2500,29.0,17.0,,0,0,0,0,0
2024-01-08T16:30:00,19.088686,72.867919,11,VABB,40,2.6,10000,2500,29.0,17.0,,0,0,0,0,0
2024-01-08T17:00:00,19.088686,72.867919,11,VABB,40,2.1,10000,2500,29.0,17.0,,0,0,0,0,0
2024-01-08T17:30:00,19.088686,72.867919,11,VABB,50,2.1,10000,2500,29.0,16.0,,0,0,0,0,0
2024-01-08T18:00:00,19.088686,72.867919,11,VABB,,0.0,22000,2000,25.6,18.4,1013.5,0,0,0,0,0
2024-01-08T18:00:00,19.088686,72.867919,11,VABB,340,3.1,10000,2500,28.0,17.0,,0,0,0,0,0
2024-01-08T18:30:00,19.088686,72.867919,11,VABB,340,4.1,10000,2200,28.0,18.0,,0,0,0,0,0
2024-01-08T19:00:00,19.088686,72.867919,11,VABB,20,3.1,10000,2200,28.0,18.0,,0,0,0,0,0
2024-01-08T19:30:00,19.088686,72.867919,11,VABB,360,2.1,10000,2000,28.0,18.0,,0,0,0,0,0
2024-01-08T20:00:00,19.088686,72.867919,11,VABB,340,2.1,22000,2000,27.0,19.0,,0,0,0,0,0
2024-01-08T20:30:00,19.088686,72.867919,11,VABB,20,2.1,22000,2100,27.0,19.0,,0,1,0,0,0
2024-01-08T21:00:00,19.088686,72.867919,11,VABB,,0.0,,2000,24.6,19.6,,0,0,0,0,0
2024-01-08T21:00:00,19.088686,72.867919,11,VABB,360,2.1,22000,2100,26.0,19.0,,0,1,0,0,0
2024-01-08T21:30:00,19.088686,72.867919,11,VABB,60,1.5,22000,2100,26.0,19.0,,0,1,0,0,0
2024-01-08T22:00:00,19.088686,72.867919,11,VABB,90,2.6,22000,2100,26.0,18.0,,0,1,0,0,0
2024-01-08T22:30:00,19.088686,72.867919,11,VABB,110,2.1,22000,2100,26.0,19.0,,0,1,0,0,0
2024-01-08T23:00:00,19.088686,72.867919,11,VABB,150,2.6,22000,2100,26.0,19.0,,0,1,0,0,0
2024-01-08T23:30:00,19.088686,72.867919,11,VABB,90,3.1,22000,2100,26.0,19.0,,0,1,0,0,0
2024-01-09T00:00:00,19.088686,72.867919,11,VABB,,0.0,22000,2000,23.4,19.0,1011.3,0,0,0,0,0
2024-01-09T00:00:00,19.088686,72.867919,11,VABB,80,2.6,22000,2100,25.0,19.0,,0,1,0,0,0
2024-01-09T00:30:00,19.088686,72.867919,11,VABB,110,2.6,22000,2100,26.0,20.0,,0,1,0,0,0
2024-01-09T01:00:00,19.088686,72.867919,11,VABB,120,1.5,22000,2100,26.0,20.0,,0,1,0,0,0
2024-01-09T01:30:00,19.088686,72.867919,11,VABB,90,2.6,10000,1800,25.0,20.0,,0,1,0,0,0
2024-01-09T02:00:00,19.088686,72.867919,11,VABB,80,2.1,10000,1800,25.0,20.0,,0,1,0,0,0
2024-01-09T02:30:00,19.088686,72.867919,11,VABB,170,2.6,10000,2100,25.0,20.0,,0,1,1,0,0
2024-01-09T03:00:00,19.088686,72.867919,11,VABB,,0.0,22000,2000,23.4,20.0,1013.6,0,0,0,0,0
2024-01-09T03:00:00,19.088686,72.867919,11,VABB,110,3.1,10000,1600,26.0,20.0,,0,1,0,0,0
2024-01-09T03:30:00,19.088686,72.867919,11,VABB,90,1.5,10000,1200,27.0,20.0,,0,1,0,0,0
2024-01-09T04:00:00,19.088686,72.867919,11,VABB,70,2.1,10000,1400,27.0,20.0,,0,1,0,0,0
2024-01-09T04:30:00,19.088686,72.867919,11,VABB,110,2.1,10000,1300,29.0,19.0,,0,1,0,0,0
2024-01-09T05:00:00,19.088686,72.867919,11,VABB,140,2.1,10000,1600,29.0,19.0,,0,0,0,0,0
2024-01-09T05:30:00,19.088686,72.867919,11,VABB,150,1.5,10000,2100,30.0,19.0,,0,0,0,0,0
2024-01-09T06:00:00,19.088686,72.867919,11,VABB,,0.0,,2000,31.2,19.7,1013.8,0,0,0,0,0
2024-01-09T06:00:00,19.088686,72.867919,11,VABB,150,2.6,10000,2200,31.0,18.0,,0,0,0,0,0
2024-01-09T06:30:00,19.088686,72.867919,11,VABB,170,3.6,10000,2500,31.0,18.0,,0,0,0,0,0
2024-01-09T07:00:00,19.088686,72.867919,11,VABB,140,2.1,10000,2500,32.0,18.0,,0,0,0,0,0
2024-01-09T07:30:00,19.088686,72.867919,11,VABB,320,3.1,10000,2200,31.0,19.0,,0,0,0,0,0
2024-01-09T08:00:00,19.088686,72.867919,11,VABB,270,4.6,10000,2200,31.0,21.0,,0,0,0,0,0
2024-01-09T08:30:00,19.088686,72.867919,11,VABB,270,5.1,2000,2200,30.0,21.0,,0,0,0,0,0
2024-01-09T09:00:00,19.088686,72.867919,11,VABB,270,2.1,,2000,30.8,21.6,1011.4,0,0,0,0,0
2024-01-09T09:00:00,19.088686,72.867919,11,VABB,240,4.1,10000,2500,31.0,20.0,,0,0,0,0,0
2024-01-09T09:30:00,19.088686,72.867919,11,VABB,250,4.1,3048,2500,31.0,20.0,,0,0,0,0,0
2024-01-09T10:00:00,19.088686,72.867919,11,VABB,270,5.1,3048,2500,29.0,22.0,,0,1,0,0,0
2024-01-09T10:30:00,19.088686,72.867919,11,VABB,280,4.1,3048,2200,29.0,23.0,,0,1,0,0,0
2024-01-09T11:00:00,19.088686,72.867919,11,VABB,270,3.6,3048,2200,29.0,22.0,,0,1,0,0,0
2024-01-09T11:30:00,19.088686,72.867919,11,VABB,270,4.1,3048,2200,29.0,23.0,,0,1,0,0,0
2024-01-09T12:00:00,19.088686,72.867919,11,VABB,,0.0,3000,2000,29.0,22.5,1011.6,0,0,0,0,0
2024-01-09T12:00:00,19.088686,72.867919,11,VABB,290,2.6,3048,2200,29.0,23.0,,0,1,0,0,0
2024-01-09T12:30:00,19.088686,72.867919,11,VABB,290,2.1,3048,2200,29.0,23.0,,0,1,0,0,0
2024-01-09T13:00:00,19.088686,72.867919,11,VABB,290,1.5,3048,2200,29.0,23.0,,0,1,0,0,0
2024-01-09T13:30:00,19.088686,72.867919,11,VABB,280,2.6,3048,1800,29.0,23.0,,0,1,0,0,0
2024-01-09T14:00:00,19.088686,72.867919,11,VABB,300,2.1,3048,1800,28.0,23.0,,0,1,0,0,0
2024-01-09T14:30:00,19.088686,72.867919,11,VABB,340,2.1,3048,1800,28.0,23.0,,0,1,0,0,0
2024-01-09T15:00:00,19.088686,72.867919,11,VABB,,0.0,22000,2000,27.6,21.6,1013.9,0,0,0,0,0
2024-01-09T15:00:00,19.088686,72.867919,11,VABB,20,3.1,3048,1800,28.0,23.0,,0,1,0,0,0
2024-01-09T15:30:00,19.088686,72.867919,11,VABB,330,2.1,3048,1800,28.0,21.0,,0,1,0,0,0
2024-01-09T16:00:00,19.088686,72.867919,11,VABB,40,3.6,3048,1800,28.0,21.0,,0,1,0,0,0
2024-01-09T16:30:00,19.088686,72.867919,11,VABB,60,2.1,3048,1800,28.0,22.0,,0,0,0,0,0
2024-01-09T17:00:00,19.088686,72.867919,11,VABB,60,2.1,3048,1800,28.0,22.0,,0,0,0,0,0
2024-01-09T17:30:00,19.088686,72.867919,11,VABB,100,2.6,3048,1800,27.0,23.0,,1,0,0,0,0
2024-01-09T18:00:00,19.088686,72.867919,11,VABB,,0.0,,2000,27.0,21.9,1014.1,0,0,0,0,0
2024-01-09T18:30:00,19.088686,72.867919,11,VABB,110,3.1,3048,1800,28.0,22.0,,0,1,0,0,0
2024-01-09T19:00:00,19.088686,72.867919,11,VABB,60,3.1,3048,1900,27.0,22.0,,0,1,0,0,0
2024-01-09T19:30:00,19.088686,72.867919,11,VABB,110,4.1,3048,1900,27.0,22.0,,0,1,0,0,0
2024-01-09T20:00:00,19.088686,72.867919,11,VABB,80,3.1,3048,1900,26.0,21.0,,0,0,0,0,0
2024-01-09T20:30:00,19.088686,72.867919,11,VABB,80,2.6,3048,2100,26.0,21.0,,0,1,0,0,0
2024-01-09T21:00:00,19.088686,72.867919,11,VABB,,0.0,,2000,24.4,22.3,1013.1,0,0,0,0,0
2024-01-09T21:00:00,19.088686,72.867919,11,VABB,70,2.1,3048,2100,26.0,20.0,,0,1,0,0,0
2024-01-09T21:30:00,19.088686,72.867919,11,VABB,40,2.6,3048,2100,26.0,20.0,,0,1,0,0,0
2024-01-09T22:00:00,19.088686,72.867919,11,VABB,80,3.1,3048,2100,26.0,20.0,,0,1,0,0,0
2024-01-09T22:30:00,19.088686,72.867919,11,VABB,90,3.1,3048,2100,26.0,20.0,,0,1,0,0,0
2024-01-09T23:00:00,19.088686,72.867919,11,VABB,60,2.1,3048,2200,26.0,20.0,,0,1,0,0,0
2024-01-09T23:30:00,19.088686,72.867919,11,VABB,90,3.1,3048,2200,26.0,19.0,,0,1,0,0,0
2024-01-10T00:00:00,19.088686,72.867919,11,VABB,,0.0,,2000,23.4,20.6,1012.4,0,0,0,0,0
2024-01-10T00:00:00,19.088686,72.867919,11,VABB,90,2.6,3048,2200,26.0,19.0,,0,1,0,0,0
2024-01-10T00:30:00,19.088686,72.867919,11,VABB,40,2.1,3048,2500,26.0,18.0,,0,1,0,0,0
2024-01-10T01:00:00,19.088686,72.867919,11,VABB,50,4.1,10000,2500,26.0,19.0,,0,1,0,0,0
2024-01-10T01:30:00,19.088686,72.867919,11,VABB,40,3.1,10000,2500,26.0,18.0,,0,1,0,0,0
2024-01-10T02:00:00,19.088686,72.867919,11,VABB,90,3.1,2000,2500,26.0,18.0,,0,1,0,0,0
2024-01-10T02:30:00,19.088686,72.867919,11,VABB,90,3.1,2000,2500,26.0,17.0,,0,1,0,0,0
2024-01-10T03:00:00,19.088686,72.867919,11,VABB,,0.0,22000,2000,24.0,18.3,1013.9,0,0,0,0,0
2024-01-10T03:00:00,19.088686,72.867919,11,VABB,80,3.6,3048,2500,26.0,17.0,,0,1,0,0,0
2024-01-10T03:30:00,19.088686,72.867919,11,VABB,100,2.6,2000,2500,27.0,17.0,,0,1,0,0,0
2024-01-10T04:00:00,19.088686,72.867919,11,VABB,90,3.1,2000,2500,28.0,17.0,,0,1,0,0,0
2024-01-10T04:03:00,19.088686,72.867919,11,VABB,90,3.1,2000,2500,28.0,17.0,,0,1,0,0,0
2024-01-10T04:30:00,19.088686,72.867919,11,VABB,140,3.1,3048,2500,29.0,17.0,,0,1,0,0,0
2024-01-10T05:00:00,19.088686,72.867919,11,VABB,110,2.6,3048,2500,29.0,17.0,,0,1,0,0,0
2024-01-10T05:30:00,19.088686,72.867919,11,VABB,150,2.1,3048,2500,30.0,17.0,,0,1,0,0,0
2024-01-10T06:00:00,19.088686,72.867919,11,VABB,,0.0,22000,2000,29.6,18.8,1014.6,0,0,0,0,0
2024-01-10T06:00:00,19.088686,72.867919,11,VABB,,1.5,3048,2500,31.0,17.0,,0,1,0,1,0
2024-01-10T06:30:00,19.088686,72.867919,11,VABB,170,2.6,3048,2500,30.0,17.0,,0,1,0,0,0
2024-01-10T07:00:00,19.088686,72.867919,11,VABB,220,2.1,2438,2500,29.0,18.0,,0,1,0,0,0
2024-01-10T07:30:00,19.088686,72.867919,11,VABB,290,3.1,2438,2500,30.0,18.0,,0,1,0,0,0
2024-01-10T08:00:00,19.088686,72.867919,11,VABB,250,2.6,2438,2500,30.0,18.0,,0,1,0,0,0
2024-01-10T08:30:00,19.088686,72.867919,11,VABB,230,2.6,2438,2500,30.0,18.0,,0,0,0,0,0
2024-01-10T09:00:00,19.088686,72.867919,11,VABB,320,1.5,750,2000,30.4,19.8,1012.0,0,0,0,0,0
2024-01-10T09:00:00,19.088686,72.867919,11,VABB,290,2.6,2743,2500,30.0,19.0,,0,0,0,0,0
2024-01-10T09:30:00,19.088686,72.867919,11,VABB,260,2.1,2743,2500,30.0,19.0,,0,0,0,0,0
2024-01-10T10:00:00,19.088686,72.867919,11,VABB,270,2.1,2743,2500,31.0,19.0,,0,0,0,0,0
2024-01-10T10:30:00,19.088686,72.867919,11,VABB,290,2.6,3048,2500,30.0,20.0,,0,0,0,0,0
2024-01-10T11:00:00,19.088686,72.867919,11,VABB,240,3.1,3048,2500,30.0,20.0,,0,0,0,0,0
2024-01-10T11:30:00,19.088686,72.867919,11,VABB,90,2.6,10000,2500,31.0,18.0,,0,0,0,0,0
2024-01-10T12:00:00,19.088686,72.867919,11,VABB,,0.0,22000,2000,30.2,21.6,1011.0,0,0,0,0,0
2024-01-10T12:00:00,19.088686,72.867919,11,VABB,140,2.1,10000,2500,31.0,18.0,,0,0,0,0,0
2024-01-10T12:30:00,19.088686,72.867919,11,VABB,230,2.6,10000,2500,30.0,19.0,,0,0,0,0,0
2024-01-10T13:00:00,19.088686,72.867919,11,VABB,270,2.6,10000,2500,29.0,20.0,,0,0,0,0,0
2024-01-10T13:30:00,19.088686,72.867919,11,VABB,250,2.6,10000,2500,29.0,20.0,,0,0,0,0,0
2024-01-10T14:00:00,19.088686,72.867919,11,VABB,280,3.1,10000,2500,28.0,20.0,,0,1,0,0,0
2024-01-10T14:30:00,19.088686,72.867919,11,VABB,310,2.1,10000,2000,28.0,20.0,,0,1,0,0,0
2024-01-10T15:00:00,19.088686,72.867919,11,VABB,,0.0,22000,2000,27.0,21.0,1013.5,0,0,0,0,0
2024-01-10T15:00:00,19.088686,72.867919,11,VABB,340,3.1,10000,1800,28.0,20.0,,0,1,0,0,0
2024-01-10T15:30:00,19.088686,72.867919,11,VABB,340,2.1,10000,1800,28.0,20.0,,0,1,0,0,0
2024-01-10T16:00:00,19.088686,72.867919,11,VABB,30,3.1,3048,1800,28.0,20.0,,0,1,0,0,0
2024-01-10T16:30:00,19.088686,72.867919,11,VABB,350,3.1,3048,1800,28.0,19.0,,0,1,0,0,0
2024-01-10T17:00:00,19.088686,72.867919,11,VABB,350,3.1,3048,1800,28.0,19.0,,0,1,0,0,0
2024-01-10T17:30:00,19.088686,72.867919,11,VABB,100,3.1,3048,1800,29.0,19.0,,0,0,0,0,0
2024-01-10T18:00:00,19.088686,72.867919,11,VABB,,0.0,,2000,26.2,20.1,1014.2,0,0,0,0,0
2024-01-10T18:00:00,19.088686,72.867919,11,VABB,360,2.1,3048,1800,28.0,19.0,,0,0,0,0,0
2024-01-10T18:30:00,19.088686,72.867919,11,VABB,40,1.5,22000,1800,27.0,19.0,,0,1,0,0,0
2024-01-10T19:00:00,19.088686,72.867919,11,VABB,130,2.6,22000,1800,27.0,19.0,,0,1,0,0,0
2024-01-10T19:30:00,19.088686,72.867919,11,VABB,50,2.6,22000,1800,28.0,19.0,,0,1,0,0,0
2024-01-10T20:00:00,19.088686,72.867919,11,VABB,20,1.5,22000,1800,27.0,20.0,,0,1,0,0,0
2024-01-10T20:30:00,19.088686,72.867919,11,VABB,110,2.1,22000,1800,27.0,19.0,,0,1,0,0,0
2024-01-10T21:00:00,19.088686,72.867919,11,VABB,,0.0,,2000,24.4,19.8,1013.4,0,0,0,0,0
2024-01-10T21:00:00,19.088686,72.867919,11,VABB,110,3.6,22000,1800,27.0,19.0,,0,1,0,0,0
2024-01-10T21:30:00,19.088686,72.867919,11,VABB,50,2.6,22000,1800,27.0,19.0,,0,1,0,0,0
2024-01-10T22:00:00,19.088686,72.867919,11,VABB,30,2.6,22000,1800,26.0,19.0,,0,1,0,0,0
2024-01-10T22:30:00,19.088686,72.867919,11,VABB,0,0.0,22000,1800,25.0,20.0,,0,1,0,0,0
2024-01-10T23:00:00,19.088686,72.867919,11,VABB,0,0.0,22000,2100,26.0,20.0,,0,1,0,0,0
2024-01-10T23:30:00,19.088686,72.867919,11,VABB,80,2.1,22000,2100,26.0,19.0,,0,1,0,0,0
2024-01-11T00:00:00,19.088686,72.867919,11,VABB,,0.0,,2000,24.0,19.7,1012.8,0,0,0,0,0
2024-01-11T00:00:00,19.088686,72.867919,11,VABB,80,2.1,22000,2100,26.0,20.0,,0,1,0,0,0
2024-01-11T00:30:00,19.088686,72.867919,11,VABB,40,3.1,22000,1800,26.0,20.0,,0,1,0,0,0
2024-01-11T01:00:00,19.088686,72.867919,11,VABB,50,3.1,22000,1800,26.0,19.0,,0,1,0,0,0
2024-01-11T01:30:00,19.088686,72.867919,11,VABB,70,3.1,22000,1600,27.0,19.0,,0,1,0,0,0
2024-01-11T02:00:00,19.088686,72.867919,11,VABB,80,2.1,22000,1600,26.0,20.0,,0,1,0,0,0
2024-01-11T02:30:00,19.088686,72.867919,11,VABB,90,2.6,10000,2100,27.0,19.0,,0,1,0,0,0
2024-01-11T03:00:00,19.088686,72.867919,11,VABB,50,1.5,22000,2000,24.6,19.6,1015.0,0,0,0,0,0
2024-01-11T03:00:00,19.088686,72.867919,11,VABB,90,2.6,10000,2100,27.0,19.0,,0,1,0,0,0
2024-01-11T03:30:00,19.088686,72.867919,11,VABB,90,2.6,10000,2200,28.0,19.0,,0,0,0,0,0
2024-01-11T04:00:00,19.088686,72.867919,11,VABB,120,3.1,22000,2100,29.0,18.0,,0,0,0,0,0
2024-01-11T04:30:00,19.088686,72.867919,11,VABB,110,3.1,22000,2100,30.0,18.0,,0,0,0,0,0
2024-01-11T05:00:00,19.088686,72.867919,11,VABB,110,3.6,22000,2100,31.0,18.0,,0,0,0,0,0
2024-01-11T05:30:00,19.088686,72.867919,11,VABB,80,2.6,22000,2500,31.0,18.0,,0,0,0,0,0
2024-01-11T06:00:00,19.088686,72.867919,11,VABB,,0.0,,2000,31.6,17.6,1015.1,0,0,0,0,0
2024-01-11T06:00:00,19.088686,72.867919,11,VABB,110,3.1,22000,2500,32.0,17.0,,0,0,0,0,0
2024-01-11T06:30:00,19.088686,72.867919,11,VABB,140,2.6,22000,2500,32.0,16.0,,0,0,0,0,0
2024-01-11T07:00:00,19.088686,72.867919,11,VABB,100,2.1,22000,2500,32.0,16.0,,0,0,0,0,0
2024-01-11T07:30:00,19.088686,72.867919,11,VABB,0,0.0,22000,2500,33.0,16.0,,0,0,0,0,0
2024-01-11T08:00:00,19.088686,72.867919,11,VABB,240,2.6,22000,2500,31.0,19.0,,0,0,0,0,0
2024-01-11T08:30:00,19.088686,72.867919,11,VABB,240,2.6,22000,2500,31.0,19.0,,0,0,0,0,0
2024-01-11T09:00:00,19.088686,72.867919,11,VABB,320,1.5,,2000,33.0,19.4,1011.9,0,0,0,0,0
2024-01-11T09:00:00,19.088686,72.867919,11,VABB,270,3.6,22000,2500,32.0,18.0,,0,0,0,0,0
2024-01-11T09:30:00,19.088686,72.867919,11,VABB,270,3.1,22000,2500,32.0,17.0,,0,0,0,0,0
2024-01-11T10:00:00,19.088686,72.867919,11,VABB,290,4.1,22000,2500,32.0,17.0,,0,0,0,0,0
2024-01-11T10:30:00,19.088686,72.867919,11,VABB,280,4.1,22000,2500,32.0,18.0,,0,0,0,0,0
2024-01-11T11:00:00,19.088686,72.867919,11,VABB,310,4.6,22000,2500,31.0,20.0,,0,0,0,0,0
2024-01-11T11:30:00,19.088686,72.867919,11,VABB,320,3.6,22000,2500,31.0,20.0,,0,0,0,0,0
2024-01-11T12:00:00,19.088686,72.867919,11,VABB,320,2.1,,2000,30.0,21.0,1011.6,0,0,0,0,0
2024-01-11T12:00:00,19.088686,72.867919,11,VABB,300,4.6,22000,2500,30.0,21.0,,0,0,0,0,0
2024-01-11T12:30:00,19.088686,72.867919,11,VABB,300,3.6,22000,2500,30.0,20.0,,0,0,0,0,0
2024-01-11T13:00:00,19.088686,72.867919,11,VABB,320,3.1,22000,2100,30.0,20.0,,0,0,0,0,0
2024-01-11T13:30:00,19.088686,72.867919,11,VABB,310,2.1,22000,2100,29.0,20.0,,0,0,0,0,0
2024-01-11T14:00:00,19.088686,72.867919,11,VABB,350,3.1,22000,2200,29.0,20.0,,0,0,0,0,0
2024-01-11T14:30:00,19.088686,72.867919,11,VABB,320,2.6,22000,1800,29.0,20.0,,0,0,0,0,0
2024-01-11T15:00:00,19.088686,72.867919,11,VABB,360,1.5,,2000,28.0,20.4,1013.0,0,0,0,0,0
2024-01-11T15:00:00,19.088686,72.867919,11,VABB,10,2.1,22000,2200,29.0,20.0,,0,0,0,0,0
2024-01-11T15:30:00,19.088686,72.867919,11,VABB,350,3.1,22000,2100,29.0,21.0,,0,1,0,0,0
2024-01-11T16:00:00,19.088686,72.867919,11,VABB,40,1.5,22000,2100,29.0,22.0,,0,1,0,0,0
2024-01-11T16:30:00,19.088686,72.867919,11,VABB,200,1.5,22000,2200,28.0,22.0,,0,1,0,0,0
2024-01-11T17:00:00,19.088686,72.867919,11,VABB,0,0.0,22000,2200,29.0,21.0,,0,1,0,0,0
2024-01-11T17:30:00,19.088686,72.867919,11,VABB,180,1.5,22000,2400,29.0,21.0,,0,1,0,0,0
2024-01-11T18:00:00,19.088686,72.867919,11,VABB,,0.0,,2000,26.4,21.3,1013.2,0,0,0,0,0
2024-01-11T18:00:00,19.088686,72.867919,11,VABB,0,0.0,22000,2100,28.0,21.0,,0,1,0,0,0
2024-01-11T18:30:00,19.088686,72.867919,11,VABB,0,0.0,22000,2100,28.0,21.0,,0,1,0,0,0
2024-01-11T19:00:00,19.088686,72.867919,11,VABB,,1.5,22000,2100,28.0,21.0,,0,1,0,1,0
2024-01-11T19:30:00,19.088686,72.867919,11,VABB,0,0.0,22000,1800,28.0,21.0,,0,1,0,0,0
2024-01-11T20:00:00,19.088686,72.867919,11,VABB,0,0.0,22000,1800,27.0,22.0,,0,1,0,0,0
2024-01-11T20:30:00,19.088686,72.867919,11,VABB,0,0.0,22000,2100,28.0,22.0,,0,1,0,0,0
2024-01-11T21:00:00,19.088686,72.867919,11,VABB,,0.0,,2000,25.0,22.0,1012.1,0,0,0,0,0
2024-01-11T21:00:00,19.088686,72.867919,11,VABB,0,0.0,22000,2100,28.0,21.0,,0,1,0,0,0
2024-01-11T21:30:00,19.088686,72.867919,11,VABB,0,0.0,22000,2100,28.0,21.0,,0,1,0,0,0
2024-01-11T22:00:00,19.088686,72.867919,11,VABB,0,0.0,22000,2100,27.0,22.0,,0,1,0,0,0
2024-01-11T22:30:00,19.088686,72.867919,11,VABB,0,0.0,22000,2100,27.0,22.0,,0,1,0,0,0
2024-01-11T23:00:00,19.088686,72.867919,11,VABB,0,0.0,22000,2100,27.0,21.0,,0,1,0,0,0
2024-01-11T23:30:00,19.088686,72.867919,11,VABB,0,0.0,22000,2100,27.0,21.0,,0,1,0,0,0
2024-01-12T00:00:00,19.088686,72.867919,11,VABB,,0.0,,2000,24.0,20.6,1011.8,0,0,0,0,0
2024-01-12T00:00:00,19.088686,72.867919,11,VABB,90,3.6,22000,2100,26.0,21.0,,0,1,0,0,0
2024-01-12T00:30:00,19.088686,72.867919,11,VABB,90,3.1,22000,2200,26.0,21.0,,0,1,0,0,0
2024-01-12T01:00:00,19.088686,72.867919,11,VABB,70,1.5,22000,2200,26.0,21.0,,0,1,0,0,0
2024-01-12T01:30:00,19.088686,72.867919,11,VABB,70,2.1,22000,1600,26.0,20.0,,0,1,0,0,0
2024-01-12T02:00:00,19.088686,72.867919,11,VABB,0,0.0,10000,1700,26.0,21.0,,0,1,0,0,0
2024-01-12T02:30:00,19.088686,72.867919,11,VABB,0,0.0,10000,1700,26.0,20.0,,0,1,0,0,0
2024-01-12T03:00:00,19.088686,72.867919,11,VABB,,0.0,,2000,24.0,20.3,1013.6,0,0,0,0,0
2024-01-12T03:00:00,19.088686,72.867919,11,VABB,0,0.0,10000,1700,27.0,19.0,,0,1,0,0,0
2024-01-12T03:30:00,19.088686,72.867919,11,VABB,60,2.6,10000,1700,28.0,19.0,,0,1,0,0,0
2024-01-12T04:00:00,19.088686,72.867919,11,VABB,120,2.1,22000,1600,30.0,19.0,,0,0,0,0,0
2024-01-12T04:30:00,19.088686,72.867919,11,VABB,110,3.1,22000,1800,30.0,18.0,,0,0,0,0,0
2024-01-12T05:00:00,19.088686,72.867919,11,VABB,60,3.1,22000,1800,31.0,18.0,,0,0,0,0,0
2024-01-12T05:30:00,19.088686,72.867919,11,VABB,100,3.1,22000,2100,32.0,16.0,,0,0,0,0,0
2024-01-12T06:00:00,19.088686,72.867919,11,VABB,,0.0,,2000,31.8,17.8,1013.9,0,0,0,0,0
2024-01-12T06:00:00,19.088686,72.867919,11,VABB,130,2.6,22000,2100,33.0,17.0,,0,0,0,0,0
2024-01-12T06:30:00,19.088686,72.867919,11,VABB,100,2.6,22000,2100,33.0,16.0,,0,0,0,0,0
2024-01-12T07:00:00,19.088686,72.867919,11,VABB,160,2.1,22000,2100,34.0,16.0,,0,0,0,0,0
2024-01-12T07:30:00,19.088686,72.867919,11,VABB,170,2.1,22000,2500,34.0,16.0,,0,0,0,0,0
2024-01-12T08:00:00,19.088686,72.867919,11,VABB,260,1.5,22000,2500,35.0,15.0,,0,0,0,0,0
2024-01-12T08:30:00,19.088686,72.867919,11,VABB,290,3.6,22000,2500,35.0,19.0,,0,0,0,0,0
2024-01-12T09:00:00,19.088686,72.867919,11,VABB,320,1.0,,2000,33.8,18.5,1010.8,0,0,0,0,0
2024-01-12T09:00:00,19.088686,72.867919,11,VABB,250,4.6,2000,2500,33.0,18.0,,0,0,0,0,0
2024-01-12T09:30:00,19.088686,72.867919,11,VABB,270,4.1,22000,2500,34.0,18.0,,0,0,0,0,0
2024-01-12T10:00:00,19.088686,72.867919,11,VABB,260,3.6,22000,3000,33.0,17.0,,0,0,0,0,0
2024-01-12T10:30:00,19.088686,72.867919,11,VABB,280,4.6,22000,3000,34.0,17.0,,0,0,0,0,0
2024-01-12T11:00:00,19.088686,72.867919,11,VABB,270,4.1,22000,3000,33.0,17.0,,0,0,0,0,0
2024-01-12T11:30:00,19.088686,72.867919,11,VABB,310,3.6,22000,3000,32.0,19.0,,0,0,0,0,0
2024-01-12T12:00:00,19.088686,72.867919,11,VABB,320,2.1,,2000,31.2,19.3,1011.0,0,0,0,0,0
2024-01-12T12:00:00,19.088686,72.867919,11,VABB,310,2.6,22000,3000,32.0,19.0,,0,0,0,0,0
2024-01-12T12:30:00,19.088686,72.867919,11,VABB,330,4.1,22000,2500,31.0,20.0,,0,0,0,0,0
2024-01-12T13:00:00,19.088686,72.867919,11,VABB,330,3.1,22000,2100,30.0,20.0,,0,0,0,0,0
2024-01-12T13:30:00,19.088686,72.867919,11,VABB,320,2.6,22000,2100,30.0,20.0,,0,0,0,0,0
2024-01-12T14:00:00,19.088686,72.867919,11,VABB,350,3.6,22000,2100,29.0,20.0,,0,0,0,0,0
2024-01-12T14:30:00,19.088686,72.867919,11,VABB,330,2.1,22000,2100,29.0,19.0,,0,0,0,0,0
2024-01-12T15:00:00,19.088686,72.867919,11,VABB,,0.0,,2000,27.6,20.0,1013.0,0,0,0,0,0
2024-01-12T15:00:00,19.088686,72.867919,11,VABB,320,2.6,22000,2100,30.0,18.0,,0,0,0,0,0
2024-01-12T15:30:00,19.088686,72.867919,11,VABB,310,2.1,22000,2100,29.0,19.0,,0,0,0,0,0
2024-01-12T16:00:00,19.088686,72.867919,11,VABB,30,1.5,22000,2100,30.0,19.0,,0,0,0,0,0
2024-01-12T16:30:00,19.088686,72.867919,11,VABB,0,0.0,22000,2100,30.0,18.0,,0,0,0,0,0
2024-01-12T17:00:00,19.088686,72.867919,11,VABB,360,1.5,22000,2100,29.0,19.0,,0,0,0,0,0
2024-01-12T17:30:00,19.088686,72.867919,11,VABB,0,0.0,22000,1700,29.0,19.0,,0,0,0,0,0
2024-01-12T18:00:00,19.088686,72.867919,11,VABB,,0.0,,2000,25.4,19.9,1014.1,0,0,0,0,0
2024-01-12T18:30:00,19.088686,72.867919,11,VABB,170,1.5,22000,2100,29.0,19.0,,0,0,0,0,0
2024-01-12T19:00:00,19.088686,72.867919,11,VABB,160,1.5,22000,2100,28.0,19.0,,0,0,0,0,0
2024-01-12T19:30:00,19.088686,72.867919,11,VABB,120,1.5,22000,2100,29.0,18.0,,0,0,0,0,0
2024-01-12T20:00:00,19.088686,72.867919,11,VABB,160,2.1,22000,1600,28.0,19.0,,0,0,0,0,0
2024-01-12T20:30:00,19.088686,72.867919,11,VABB,160,1.5,22000,1800,27.0,20.0,,0,1,0,0,0
2024-01-12T21:00:00,19.088686,72.867919,11,VABB,,0.0,,2000,23.6,19.6,1013.1,0,0,0,0,0
2024-01-12T21:00:00,19.088686,72.867919,11,VABB,200,2.1,22000,1800,28.0,20.0,,0,1,0,0,0
2024-01-12T21:30:00,19.088686,72.867919,11,VABB,40,1.5,22000,1800,27.0,20.0,,0,1,0,0,0
2024-01-12T22:00:00,19.088686,72.867919,11,VABB,20,2.1,22000,1800,27.0,20.0,,0,1,0,0,0
2024-01-12T22:30:00,19.088686,72.867919,11,VABB,50,2.1,22000,1800,27.0,20.0,,0,1,0,0,0
2024-01-12T23:00:00,19.088686,72.867919,11,VABB,80,2.1,22000,1800,26.0,20.0,,0,1,0,0,0
2024-01-12T23:30:00,19.088686,72.867919,11,VABB,150,1.5,22000,1800,26.0,20.0,,0,1,0,0,0
2024-01-13T00:00:00,19.088686,72.867919,11,VABB,,0.0,,2000,22.6,19.2,1012.4,0,0,0,0,0
2024-01-13T00:00:00,19.088686,72.867919,11,VABB,100,2.1,22000,1800,25.0,20.0,,0,1,0,0,0
2024-01-13T00:30:00,19.088686,72.867919,11,VABB,80,2.6,22000,1800,25.0,20.0,,0,1,0,0,0
2024-01-13T01:00:00,19.088686,72.867919,11,VABB,0,0.0,22000,1800,25.0,20.0,,0,1,0,0,0
2024-01-13T01:30:00,19.088686,72.867919,11,VABB,80,2.6,22000,1600,26.0,20.0,,0,1,0,0,0
2024-01-13T02:00:00,19.088686,72.867919,11,VABB,100,3.1,22000,1600,26.0,19.0,,0,1,0,0,0
2024-01-13T02:30:00,19.088686,72.867919,11,VABB,110,3.6,22000,1600,26.0,19.0,,0,1,0,0,0
2024-01-13T03:00:00,19.088686,72.867919,11,VABB,,0.0,,2000,23.2,20.1,1014.1,0,0,0,0,0
2024-01-13T03:00:00,19.088686,72.867919,11,VABB,80,2.6,22000,1600,27.0,20.0,,0,1,0,0,0
2024-01-13T03:30:00,19.088686,72.867919,11,VABB,70,2.1,22000,1600,28.0,20.0,,0,1,0,0,0
2024-01-13T04:00:00,19.088686,72.867919,11,VABB,90,2.6,22000,1600,29.0,20.0,,0,0,0,0,0
2024-01-13T04:30:00,19.088686,72.867919,11,VABB,120,2.1,22000,1700,30.0,19.0,,0,0,0,0,0
2024-01-13T05:00:00,19.088686,72.867919,11,VABB,140,2.1,22000,1700,31.0,19.0,,0,0,0,0,0
2024-01-13T05:30:00,19.088686,72.867919,11,VABB,150,2.1,22000,1800,32.0,18.0,,0,0,0,0,0
2024-01-13T06:00:00,19.088686,72.867919,11,VABB,50,1.5,,2000,32.6,18.8,1015.1,0,0,0,0,0
2024-01-13T07:00:00,19.088686,72.867919,11,VABB,260,4.6,22000,1700,32.0,22.0,,0,0,0,0,0
2024-01-13T07:30:00,19.088686,72.867919,11,VABB,250,5.1,22000,1800,32.0,22.0,,0,0,0,0,0
2024-01-13T08:00:00,19.088686,72.867919,11,VABB,280,4.1,22000,1800,32.0,22.0,,0,0,0,0,0
2024-01-13T08:30:00,19.088686,72.867919,11,VABB,300,4.1,22000,1800,32.0,21.0,,0,0,0,0,0
2024-01-13T09:00:00,19.088686,72.867919,11,VABB,290,2.1,22000,2000,32.2,19.8,1012.6,0,0,0,0,0
2024-01-13T09:00:00,19.088686,72.867919,11,VABB,310,3.6,22000,2200,32.0,19.0,,0,0,0,0,0
2024-01-13T09:30:00,19.088686,72.867919,11,VABB,290,3.1,22000,2500,33.0,19.0,,0,0,0,0,0
2024-01-13T10:00:00,19.088686,72.867919,11,VABB,320,2.6,22000,2500,33.0,18.0,,0,0,0,0,0
2024-01-13T10:30:00,19.088686,72.867919,11,VABB,330,4.6,22000,2500,33.0,18.0,,0,0,0,0,0
2024-01-13T11:00:00,19.088686,72.867919,11,VABB,320,3.6,22000,2500,32.0,17.0,,0,0,0,0,0
2024-01-13T11:30:00,19.088686,72.867919,11,VABB,300,3.6,22000,2500,32.0,17.0,,0,0,0,0,0
2024-01-13T12:00:00,19.088686,72.867919,11,VABB,320,1.5,,2000,31.4,18.4,1012.4,0,0,0,0,0
2024-01-13T12:00:00,19.088686,72.867919,11,VABB,310,2.6,22000,2500,31.0,18.0,,0,0,0,0,0
2024-01-13T12:30:00,19.088686,72.867919,11,VABB,320,2.1,22000,2500,32.0,17.0,,0,0,0,0,0
2024-01-13T13:00:00,19.088686,72.867919,11,VABB,300,2.6,22000,2100,31.0,17.0,,0,0,0,0,0
2024-01-13T13:30:00,19.088686,72.867919,11,VABB,330,3.6,22000,2500,30.0,18.0,,0,0,0,0,0
2024-01-13T14:00:00,19.088686,72.867919,11,VABB,340,3.1,22000,2500,30.0,19.0,,0,0,0,0,0
2024-01-13T14:30:00,19.088686,72.867919,11,VABB,40,3.1,22000,2500,30.0,19.0,,0,0,0,0,0
2024-01-13T15:00:00,19.088686,72.867919,11,VABB,,0.0,,2000,27.8,19.9,1014.1,0,0,0,0,0
2024-01-13T15:00:00,19.088686,72.867919,11,VABB,50,3.1,22000,2500,30.0,19.0,,0,0,0,0,0
2024-01-13T15:30:00,19.088686,72.867919,11,VABB,360,2.1,22000,2500,29.0,18.0,,0,0,0,0,0
2024-01-13T16:00:00,19.088686,72.867919,11,VABB,,1.5,22000,2500,29.0,18.0,,0,0,0,1,0
2024-01-13T16:30:00,19.088686,72.867919,11,VABB,240,1.5,22000,2500,29.0,18.0,,0,0,0,0,0
2024-01-13T17:00:00,19.088686,72.867919,11,VABB,0,0.0,22000,2500,29.0,18.0,,0,0,0,0,0
2024-01-13T17:30:00,19.088686,72.867919,11,VABB,160,2.1,22000,2500,29.0,19.0,,0,0,0,0,0
2024-01-13T18:00:00,19.088686,72.867919,11,VABB,,0.0,,2000,24.8,19.5,1014.5,0,0,0,0,0
2024-01-13T18:00:00,19.088686,72.867919,11,VABB,90,1.5,22000,2500,28.0,19.0,,0,0,0,0,0
2024-01-13T18:30:00,19.088686,72.867919,11,VABB,110,1.5,22000,2500,28.0,19.0,,0,0,0,0,0
2024-01-13T19:00:00,19.088686,72.867919,11,VABB,140,2.1,22000,2500,28.0,19.0,,0,0,0,0,0
2024-01-13T19:30:00,19.088686,72.867919,11,VABB,0,0.0,22000,2500,28.0,19.0,,0,1,0,0,0
2024-01-13T20:00:00,19.088686,72.867919,11,VABB,350,2.1,22000,2500,27.0,19.0,,0,1,0,0,0
2024-01-13T20:30:00,19.088686,72.867919,11,VABB,60,1.5,22000,2200,27.0,19.0,,0,1,0,0,0
2024-01-13T21:00:00,19.088686,72.867919,11,VABB,,0.0,,2000,23.4,19.3,1013.6,0,0,0,0,0
2024-01-13T21:00:00,19.088686,72.867919,11,VABB,50,2.6,22000,2200,27.0,17.0,,0,1,0,0,0
2024-01-13T21:30:00,19.088686,72.867919,11,VABB,30,2.1,22000,2200,27.0,16.0,,0,1,0,0,0
2024-01-13T22:00:00,19.088686,72.867919,11,VABB,40,1.5,22000,2500,27.0,16.0,,0,0,0,0,0
2024-01-13T22:30:00,19.088686,72.867919,11,VABB,50,2.1,22000,2500,27.0,16.0,,0,0,0,0,0
2024-01-13T23:00:00,19.088686,72.867919,11,VABB,120,1.5,22000,2500,27.0,16.0,,0,0,0,0,0
2024-01-13T23:30:00,19.088686,72.867919,11,VABB,180,1.5,22000,2500,27.0,16.0,,0,0,0,0,0
2024-01-14T00:00:00,19.088686,72.867919,11,VABB,,0.0,,2000,22.0,17.8,1013.6,0,0,0,0,0
2024-01-14T00:00:00,19.088686,72.867919,11,VABB,0,0.0,22000,2500,26.0,16.0,,0,0,0,0,0
2024-01-14T00:30:00,19.088686,72.867919,11,VABB,70,2.1,22000,2500,27.0,15.0,,0,0,0,0,0
2024-01-14T01:00:00,19.088686,72.867919,11,VABB,150,2.6,22000,2500,25.0,17.0,,0,0,0,0,0
2024-01-14T01:30:00,19.088686,72.867919,11,VABB,80,2.6,22000,1900,25.0,17.0,,0,1,0,0,0
2024-01-14T02:00:00,19.088686,72.867919,11,VABB,0,0.0,22000,1800,25.0,16.0,,0,1,0,0,0
2024-01-14T02:30:00,19.088686,72.867919,11,VABB,0,0.0,22000,1800,26.0,17.0,,0,1,0,0,0
2024-01-14T03:00:00,19.088686,72.867919,11,VABB,,0.0,,2000,21.4,18.2,1015.7,0,0,0,0,0
2024-01-14T03:00:00,19.088686,72.867919,11,VABB,10,2.1,22000,1700,27.0,15.0,,0,1,0,0,0
2024-01-14T03:30:00,19.088686,72.867919,11,VABB,20,2.1,22000,1800,28.0,13.0,,0,0,0,0,0
2024-01-14T04:00:00,19.088686,72.867919,11,VABB,60,2.6,22000,2200,29.0,12.0,,0,0,0,0,0
2024-01-14T04:30:00,19.088686,72.867919,11,VABB,40,3.6,22000,2500,30.0,11.0,,0,0,0,0,0
2024-01-14T05:00:00,19.088686,72.867919,11,VABB,30,4.6,22000,3000,31.0,10.0,,0,0,0,0,0
2024-01-14T05:30:00,19.088686,72.867919,11,VABB,30,3.6,22000,3500,31.0,10.0,,0,0,0,0,0
2024-01-14T06:00:00,19.088686,72.867919,11,VABB,,0.0,,2000,32.4,13.1,1015.7,0,0,0,0,0
2024-01-14T06:00:00,19.088686,72.867919,11,VABB,50,2.1,22000,3500,32.0,11.0,,0,0,0,0,0
2024-01-14T06:30:00,19.088686,72.867919,11,VABB,50,2.6,22000,4000,32.0,10.0,,0,0,0,0,0
2024-01-14T07:00:00,19.088686,72.867919,11,VABB,350,3.1,22000,4000,33.0,10.0,,0,0,0,0,0
2024-01-14T07:30:00,19.088686,72.867919,11,VABB,50,1.5,22000,4000,33.0,10.0,,0,0,0,0,0
2024-01-14T08:00:00,19.088686,72.867919,11,VABB,340,2.6,22000,5000,34.0,11.0,,0,0,0,0,0
2024-01-14T08:30:00,19.088686,72.867919,11,VABB,30,3.1,22000,5000,34.0,11.0,,0,0,0,0,0
2024-01-14T09:00:00,19.088686,72.867919,11,VABB,320,2.1,,2000,34.0,15.1,1012.4,0,0,0,0,0
2024-01-14T09:00:00,19.088686,72.867919,11,VABB,340,4.1,22000,5000,34.0,10.0,,0,0,0,0,0
2024-01-14T09:30:00,19.088686,72.867919,11,VABB,300,4.6,22000,5000,34.0,15.0,,0,0,0,0,0
2024-01-14T10:00:00,19.088686,72.867919,11,VABB,310,3.1,22000,5000,34.0,15.0,,0,0,0,0,0
2024-01-14T10:30:00,19.088686,72.867919,11,VABB,310,4.1,22000,5000,33.0,15.0,,0,0,0,0,0
2024-01-14T11:00:00,19.088686,72.867919,11,VABB,320,3.6,22000,5000,33.0,15.0,,0,0,0,0,0
2024-01-14T11:30:00,19.088686,72.867919,11,VABB,310,4.6,22000,4000,32.0,14.0,,0,0,0,0,0
2024-01-14T12:00:00,19.088686,72.867919,11,VABB,360,2.1,,2000,30.8,14.4,1012.1,0,0,0,0,0
2024-01-14T12:00:00,19.088686,72.867919,11,VABB,340,5.7,22000,4000,31.0,14.0,,0,0,0,0,0
2024-01-14T12:30:00,19.088686,72.867919,11,VABB,10,4.1,22000,4000,31.0,15.0,,0,0,0,0,0
2024-01-14T13:00:00,19.088686,72.867919,11,VABB,10,4.1,22000,4000,30.0,15.0,,0,0,0,0,0
2024-01-14T13:30:00,19.088686,72.867919,11,VABB,340,4.1,22000,3000,30.0,14.0,,0,0,0,0,0
2024-01-14T14:00:00,19.088686,72.867919,11,VABB,360,3.6,22000,3000,30.0,13.0,,0,0,0,0,0
2024-01-14T14:30:00,19.088686,72.867919,11,VABB,340,4.6,22000,3000,29.0,12.0,,0,0,0,0,0
2024-01-14T15:00:00,19.088686,72.867919,11,VABB,360,2.1,,2000,28.0,12.7,1014.4,0,0,0,0,0
2024-01-14T15:00:00,19.088686,72.867919,11,VABB,120,4.1,22000,3000,29.0,11.0,,0,0,0,0,0
2024-01-14T15:30:00,19.088686,72.867919,11,VABB,10,4.6,22000,3000,29.0,11.0,,0,0,0,0,0
2024-01-14T16:00:00,19.088686,72.867919,11,VABB,350,3.6,22000,3000,28.0,11.0,,0,0,0,0,0
2024-01-14T16:30:00,19.088686,72.867919,11,VABB,360,3.1,22000,3000,28.0,11.0,,0,0,0,0,0
2024-01-14T17:00:00,19.088686,72.867919,11,VABB,340,2.6,22000,3000,28.0,11.0,,0,0,0,0,0
2024-01-14T17:30:00,19.088686,72.867919,11,VABB,340,2.1,22000,3000,27.0,11.0,,0,0,0,0,0
2024-01-14T18:00:00,19.088686,72.867919,11,VABB,,0.0,,2000,23.2,14.0,1014.8,0,0,0,0,0
2024-01-14T18:00:00,19.088686,72.867919,11,VABB,40,3.1,22000,3000,28.0,11.0,,0,0,0,0,0
2024-01-14T18:30:00,19.088686,72.867919,11,VABB,30,2.1,22000,3000,27.0,11.0,,0,0,0,0,0
2024-01-14T19:00:00,19.088686,72.867919,11,VABB,80,2.6,22000,3000,28.0,11.0,,0,0,0,0,0
2024-01-14T19:30:00,19.088686,72.867919,11,VABB,0,0.0,22000,3000,27.0,11.0,,0,0,0,0,0
2024-01-14T20:00:00,19.088686,72.867919,11,VABB,40,1.5,22000,3000,27.0,11.0,,0,0,0,0,0
2024-01-14T20:30:00,19.088686,72.867919,11,VABB,0,0.0,22000,3000,27.0,11.0,,0,0,0,0,0
2024-01-14T21:00:00,19.088686,72.867919,11,VABB,,0.0,,2000,21.0,10.4,1013.2,0,0,0,0,0
2024-01-14T21:00:00,19.088686,72.867919,11,VABB,40,2.1,22000,3000,26.0,11.0,,0,0,0,0,0
2024-01-14T21:30:00,19.088686,72.867919,11,VABB,20,2.6,22000,3000,26.0,11.0,,0,0,0,0,0
2024-01-14T22:00:00,19.088686,72.867919,11,VABB,30,1.5,22000,3000,26.0,11.0,,0,0,0,0,0
2024-01-14T22:30:00,19.088686,72.867919,11,VABB,40,4.1,22000,3000,26.0,10.0,,0,0,0,0,0
2024-01-14T23:00:00,19.088686,72.867919,11,VABB,40,3.6,22000,3000,26.0,10.0,,0,0,0,0,0
2024-01-14T23:30:00,19.088686,72.867919,11,VABB,40,3.6,22000,3000,26.0,10.0,,0,0,0,0,0
2024-01-15T00:00:00,19.088686,72.867919,11,VABB,,0.0,,2000,21.2,11.1,1013.3,0,0,0,0,0
2024-01-15T00:00:00,19.088686,72.867919,11,VABB,30,3.6,22000,3000,26.0,10.0,,0,0,0,0,0
2024-01-15T00:30:00,19.088686,72.867919,11,VABB,30,3.6,22000,3000,26.0,10.0,,0,0,0,0,0
2024-01-15T01:00:00,19.088686,72.867919,11,VABB,40,2.1,22000,3000,25.0,10.0,,0,0,0,0,0
2024-01-15T01:30:00,19.088686,72.867919,11,VABB,50,2.6,22000,3000,25.0,10.0,,0,0,0,0,0
2024-01-15T02:00:00,19.088686,72.867919,11,VABB,30,1.5,22000,3000,25.0,11.0,,0,0,0,0,0
2024-01-15T02:30:00,19.088686,72.867919,11,VABB,60,3.1,22000,3000,26.0,10.0,,0,0,0,0,0
2024-01-15T03:00:00,19.088686,72.867919,11,VABB,,0.0,,2000,19.6,13.7,1015.5,0,0,0,0,0
2024-01-15T03:00:00,19.088686,72.867919,11,VABB,30,2.1,22000,3000,26.0,10.0,,0,0,0,0,0
2024-01-15T03:30:00,19.088686,72.867919,11,VABB,40,2.6,22000,2500,27.0,10.0,,0,0,0,0,0
2024-01-15T04:00:00,19.088686,72.867919,11,VABB,340,3.6,22000,3000,28.0,9.0,,0,0,0,0,0
2024-01-15T04:30:00,19.088686,72.867919,11,VABB,340,4.1,22000,3000,28.0,9.0,,0,0,0,0,0
2024-01-15T05:00:00,19.088686,72.867919,11,VABB,330,3.6,22000,4000,29.0,9.0,,0,0,0,0,0
2024-01-15T05:05:00,19.088686,72.867919,11,VABB,330,3.6,22000,4000,29.0,9.0,,0,0,0,0,0
2024-01-15T05:30:00,19.088686,72.867919,11,VABB,30,2.6,22000,4000,29.0,9.0,,0,0,0,0,0
2024-01-15T06:00:00,19.088686,72.867919,11,VABB,340,1.5,,2000,30.0,13.3,1015.9,0,0,0,0,0
2024-01-15T06:00:00,19.088686,72.867919,11,VABB,350,3.6,22000,4000,30.0,7.0,,0,0,0,0,0
2024-01-15T06:30:00,19.088686,72.867919,11,VABB,330,4.1,22000,4000,30.0,8.0,,0,0,0,0,0
2024-01-15T07:00:00,19.088686,72.867919,11,VABB,310,2.6,22000,4000,30.0,7.0,,0,0,0,0,0
2024-01-15T09:00:00,19.088686,72.867919,11,VABB,340,3.1,,2000,30.8,11.1,1013.0,0,0,0,0,0
2024-01-15T09:30:00,19.088686,72.867919,11,VABB,290,4.1,22000,4000,30.0,10.0,,0,0,0,0,1
2024-01-15T10:00:00,19.088686,72.867919,11,VABB,300,5.7,22000,4000,30.0,10.0,,0,0,0,0,0
2024-01-15T10:30:00,19.088686,72.867919,11,VABB,320,5.7,22000,4000,30.0,10.0,,0,0,0,0,0
2024-01-15T11:00:00,19.088686,72.867919,11,VABB,280,4.6,22000,4000,29.0,12.0,,0,0,0,0,0
2024-01-15T11:30:00,19.088686,72.867919,11,VABB,300,4.1,22000,4000,29.0,12.0,,0,0,0,0,0
2024-01-15T12:00:00,19.088686,72.867919,11,VABB,320,3.1,,2000,27.8,13.7,1012.3,0,0,0,0,0
2024-01-15T12:00:00,19.088686,72.867919,11,VABB,330,4.6,22000,4000,28.0,11.0,,0,0,0,0,0
2024-01-15T12:30:00,19.088686,72.867919,11,VABB,310,3.6,22000,3500,28.0,11.0,,0,0,0,0,0
2024-01-15T13:00:00,19.088686,72.867919,11,VABB,300,4.6,22000,3500,27.0,12.0,,0,0,0,0,0
2024-01-15T13:30:00,19.088686,72.867919,11,VABB,310,4.1,22000,3000,26.0,14.0,,0,0,0,0,0
2024-01-15T14:00:00,19.088686,72.867919,11,VABB,310,3.1,22000,3000,26.0,15.0,,0,0,0,0,0
2024-01-15T14:30:00,19.088686,72.867919,11,VABB,320,3.6,22000,3000,26.0,14.0,,0,0,0,0,0
2024-01-15T15:00:00,19.088686,72.867919,11,VABB,360,3.1,,2000,25.0,15.8,1014.0,0,0,0,0,0
2024-01-15T15:00:00,19.088686,72.867919,11,VABB,330,2.6,22000,3000,26.0,15.0,,0,0,0,0,0
2024-01-15T15:30:00,19.088686,72.867919,11,VABB,30,2.1,22000,3000,26.0,15.0,,0,0,0,0,0
2024-01-15T16:00:00,19.088686,72.867919,11,VABB,350,3.1,22000,3000,25.0,15.0,,0,0,0,0,0
2024-01-15T16:30:00,19.088686,72.867919,11,VABB,350,2.1,22000,3000,25.0,15.0,,0,0,0,0,0
2024-01-15T17:00:00,19.088686,72.867919,11,VABB,60,4.1,22000,3000,25.0,15.0,,0,0,0,0,0
2024-01-15T17:30:00,19.088686,72.867919,11,VABB,50,3.6,22000,3000,25.0,15.0,,0,0,0,0,0
2024-01-15T18:00:00,19.088686,72.867919,11,VABB,,0.0,,2000,22.8,16.2,1014.1,0,0,0,0,0
2024-01-15T18:00:00,19.088686,72.867919,11,VABB,10,2.1,22000,3000,24.0,14.0,,0,0,0,0,0
2024-01-15T18:30:00,19.088686,72.867919,11,VABB,30,2.6,22000,3000,24.0,14.0,,0,0,0,0,0
2024-01-15T19:00:00,19.088686,72.867919,11,VABB,340,2.6,22000,3000,24.0,14.0,,0,0,0,0,0
2024-01-15T19:30:00,19.088686,72.867919,11,VABB,300,3.1,22000,3000,24.0,14.0,,0,0,0,0,0
2024-01-15T20:00:00,19.088686,72.867919,11,VABB,10,3.1,22000,3000,24.0,14.0,,0,0,0,0,0
2024-01-15T20:30:00,19.088686,72.867919,11,VABB,360,2.1,22000,3000,23.0,13.0,,0,0,0,0,0
2024-01-15T21:00:00,19.088686,72.867919,11,VABB,,0.0,,2000,19.0,13.8,1012.3,0,0,0,0,0
2024-01-15T21:00:00,19.088686,72.867919,11,VABB,360,2.6,22000,3000,24.0,12.0,,0,0,0,0,0
2024-01-15T21:30:00,19.088686,72.867919,11,VABB,350,2.1,22000,3000,23.0,11.0,,0,0,0,0,0
2024-01-15T22:00:00,19.088686,72.867919,11,VABB,360,2.6,22000,3000,23.0,11.0,,0,0,0,0,0
2024-01-15T22:30:00,19.088686,72.867919,11,VABB,30,2.1,22000,3000,22.0,10.0,,0,0,0,0,0
2024-01-15T23:00:00,19.088686,72.867919,11,VABB,20,2.6,22000,3000,22.0,11.0,,0,0,0,0,0
2024-01-15T23:30:00,19.088686,72.867919,11,VABB,340,2.6,22000,3000,23.0,11.0,,0,0,0,0,0
2024-01-16T00:00:00,19.088686,72.867919,11,VABB,,0.0,,2000,17.4,12.4,1011.5,0,0,0,0,0
2024-01-16T00:00:00,19.088686,72.867919,11,VABB,40,1.5,22000,3000,23.0,10.0,,0,0,0,0,0
2024-01-16T00:30:00,19.088686,72.867919,11,VABB,350,2.6,22000,3000,23.0,9.0,,0,0,0,0,0
2024-01-16T01:00:00,19.088686,72.867919,11,VABB,40,2.6,22000,3000,23.0,11.0,,0,0,0,0,0
2024-01-16T01:30:00,19.088686,72.867919,11,VABB,50,2.6,2000,2500,22.0,12.0,,0,0,0,0,0
2024-01-16T02:00:00,19.088686,72.867919,11,VABB,60,2.6,10000,2500,22.0,13.0,,0,0,0,0,0
2024-01-16T02:30:00,19.088686,72.867919,11,VABB,30,3.1,10000,2500,23.0,12.0,,0,0,0,0,0
2024-01-16T03:00:00,19.088686,72.867919,11,VABB,,0.0,,2000,17.4,12.2,1013.7,0,0,0,0,0
2024-01-16T03:00:00,19.088686,72.867919,11,VABB,30,2.1,22000,2500,23.0,11.0,,0,0,0,0,0
2024-01-16T03:30:00,19.088686,72.867919,11,VABB,10,2.1,22000,2500,23.0,10.0,,0,0,0,0,0
2024-01-16T04:00:00,19.088686,72.867919,11,VABB,50,2.1,22000,2500,25.0,11.0,,0,0,0,0,0
2024-01-16T04:30:00,19.088686,72.867919,11,VABB,310,1.5,22000,2500,26.0,11.0,,0,0,0,0,0
2024-01-16T05:00:00,19.088686,72.867919,11,VABB,150,2.6,22000,3000,27.0,11.0,,0,0,0,0,0
2024-01-16T05:30:00,19.088686,72.867919,11,VABB,20,2.1,22000,3000,27.0,11.0,,0,0,0,0,0
2024-01-16T06:00:00,19.088686,72.867919,11,VABB,,0.0,,2000,28.2,11.1,1013.6,0,0,0,0,0
2024-01-16T06:00:00,19.088686,72.867919,11,VABB,50,2.1,22000,3000,28.0,10.0,,0,0,0,0,0
2024-01-16T06:30:00,19.088686,72.867919,11,VABB,230,2.1,22000,3000,29.0,10.0,,0,0,0,0,0
2024-01-16T07:00:00,19.088686,72.867919,11,VABB,270,4.1,22000,3000,29.0,12.0,,0,0,0,0,0
2024-01-16T07:30:00,19.088686,72.867919,11,VABB,300,4.1,22000,4000,28.0,13.0,,0,0,0,0,0
2024-01-16T08:00:00,19.088686,72.867919,11,VABB,300,4.1,22000,4000,29.0,14.0,,0,0,0,0,1
2024-01-16T08:30:00,19.088686,72.867919,11,VABB,280,4.6,22000,4000,29.0,14.0,,0,0,0,0,0
2024-01-16T09:00:00,19.088686,72.867919,11,VABB,320,3.1,,2000,28.8,15.5,1010.5,0,0,0,0,0
2024-01-16T09:00:00,19.088686,72.867919,11,VABB,290,4.1,22000,4000,29.0,15.0,,0,0,0,0,0
2024-01-16T09:30:00,19.088686,72.867919,11,VABB,290,3.6,22000,4000,28.0,14.0,,0,0,0,0,0
2024-01-16T10:00:00,19.088686,72.867919,11,VABB,280,5.1,22000,4000,28.0,13.0,,0,0,0,0,0
2024-01-16T10:30:00,19.088686,72.867919,11,VABB,260,5.7,22000,4000,28.0,14.0,,0,0,0,0,0
2024-01-16T11:00:00,19.088686,72.867919,11,VABB,290,4.6,22000,4000,28.0,14.0,,0,0,0,0,0
2024-01-16T11:30:00,19.088686,72.867919,11,VABB,280,4.6,22000,4000,28.0,12.0,,0,0,0,0,0
2024-01-16T12:00:00,19.088686,72.867919,11,VABB,320,3.1,,2000,27.4,14.5,1010.2,0,0,0,0,0
2024-01-16T12:00:00,19.088686,72.867919,11,VABB,280,5.7,22000,4000,27.0,14.0,,0,0,0,0,0
2024-01-16T12:30:00,19.088686,72.867919,11,VABB,300,3.6,22000,4000,27.0,13.0,,0,0,0,0,0
2024-01-16T13:00:00,19.088686,72.867919,11,VABB,290,3.6,22000,4000,26.0,14.0,,0,0,0,0,0
2024-01-16T13:30:00,19.088686,72.867919,11,VABB,310,3.1,22000,3000,26.0,15.0,,0,0,0,0,0
2024-01-16T14:00:00,19.088686,72.867919,11,VABB,300,2.1,22000,3000,26.0,15.0,,0,0,0,0,0
2024-01-16T14:30:00,19.088686,72.867919,11,VABB,290,3.1,22000,3000,25.0,15.0,,0,0,0,0,0
2024-01-16T15:00:00,19.088686,72.867919,11,VABB,,0.0,,2000,24.2,14.5,1011.6,0,0,0,0,0
2024-01-16T15:00:00,19.088686,72.867919,11,VABB,300,2.6,22000,3000,25.0,14.0,,0,0,0,0,0
2024-01-16T15:30:00,19.088686,72.867919,11,VABB,330,2.6,22000,3000,25.0,15.0,,0,0,0,0,0
2024-01-16T16:00:00,19.088686,72.867919,11,VABB,340,2.1,22000,3000,25.0,15.0,,0,0,0,0,0
2024-01-16T16:30:00,19.088686,72.867919,11,VABB,20,1.5,22000,3000,25.0,15.0,,0,0,0,0,0
2024-01-16T17:00:00,19.088686,72.867919,11,VABB,50,2.6,22000,3000,25.0,15.0,,0,0,0,0,0
2024-01-16T17:30:00,19.088686,72.867919,11,VABB,330,2.1,22000,3000,24.0,14.0,,0,0,0,0,0
2024-01-16T18:00:00,19.088686,72.867919,11,VABB,360,2.1,,2000,21.2,15.1,1012.2,0,0,0,0,0
2024-01-16T18:00:00,19.088686,72.867919,11,VABB,50,2.6,22000,3000,25.0,15.0,,0,0,0,0,0
2024-01-16T18:30:00,19.088686,72.867919,11,VABB,330,3.1,22000,3000,24.0,14.0,,0,0,0,0,0
2024-01-16T19:00:00,19.088686,72.867919,11,VABB,260,2.6,22000,3000,24.0,14.0,,0,0,0,0,0
2024-01-16T19:30:00,19.088686,72.867919,11,VABB,40,1.5,22000,3000,24.0,14.0,,0,0,0,0,0
2024-01-16T20:00:00,19.088686,72.867919,11,VABB,10,1.5,22000,3000,24.0,14.0,,0,0,0,0,0
2024-01-16T20:30:00,19.088686,72.867919,11,VABB,360,1.5,22000,3000,23.0,14.0,,0,0,0,0,0
2024-01-16T21:00:00,19.088686,72.867919,11,VABB,,0.0,,2000,19.6,14.8,1010.9,0,0,0,0,0
2024-01-16T21:00:00,19.088686,72.867919,11,VABB,0,0.0,22000,3000,23.0,14.0,,0,0,0,0,0
2024-01-16T21:30:00,19.088686,72.867919,11,VABB,60,2.6,22000,3000,23.0,14.0,,0,0,0,0,0
2024-01-16T22:00:00,19.088686,72.867919,11,VABB,40,1.5,22000,3000,23.0,14.0,,0,0,0,0,0
2024-01-16T22:30:00,19.088686,72.867919,11,VABB,70,1.5,22000,3000,23.0,15.0,,0,0,0,0,0
2024-01-16T23:00:00,19.088686,72.867919,11,VABB,80,2.1,22000,3000,23.0,15.0,,0,0,0,0,0
2024-01-16T23:30:00,19.088686,72.867919,11,VABB,0,0.0,22000,3000,23.0,14.0,,0,0,0,0,0
2024-01-17T00:00:00,19.088686,72.867919,11,VABB,,0.0,,2000,18.0,14.6,1010.4,0,0,0,0,0
2024-01-17T00:00:00,19.088686,72.867919,11,VABB,80,1.5,22000,3000,22.0,15.0,,0,1,0,0,0
2024-01-17T00:30:00,19.088686,72.867919,11,VABB,0,0.0,22000,3000,22.0,16.0,,0,1,0,0,0
2024-01-17T01:00:00,19.088686,72.867919,11,VABB,80,1.5,22000,2500,22.0,16.0,,0,1,0,0,0
2024-01-17T01:30:00,19.088686,72.867919,11,VABB,100,2.1,22000,2500,22.0,15.0,,0,1,0,0,0
2024-01-17T02:00:00,19.088686,72.867919,11,VABB,140,2.6,22000,2100,22.0,14.0,,0,1,0,0,0
2024-01-17T02:30:00,19.088686,72.867919,11,VABB,130,2.1,22000,1800,22.0,14.0,,0,1,1,0,0
2024-01-17T03:00:00,19.088686,72.867919,11,VABB,,0.0,,2000,18.0,15.3,1012.4,0,0,0,0,0
2024-01-17T03:00:00,19.088686,72.867919,11,VABB,90,1.5,22000,1500,23.0,14.0,,0,1,0,0,0
2024-01-17T03:30:00,19.088686,72.867919,11,VABB,130,2.1,22000,1500,24.0,14.0,,0,1,0,0,0
2024-01-17T04:00:00,19.088686,72.867919,11,VABB,70,2.1,22000,1800,25.0,13.0,,0,1,0,0,0
2024-01-17T04:30:00,19.088686,72.867919,11,VABB,80,3.1,22000,2100,25.0,12.0,,0,0,0,0,0
2024-01-17T05:00:00,19.088686,72.867919,11,VABB,50,2.6,22000,2100,26.0,12.0,,0,0,0,0,0
2024-01-17T05:30:00,19.088686,72.867919,11,VABB,330,1.5,22000,2100,26.0,11.0,,0,0,0,0,0
2024-01-17T06:00:00,19.088686,72.867919,11,VABB,,0.0,,2000,27.0,12.2,1012.4,0,0,0,0,0
2024-01-17T06:00:00,19.088686,72.867919,11,VABB,360,1.0,22000,2100,27.0,11.0,,0,0,0,0,0
2024-01-17T06:30:00,19.088686,72.867919,11,VABB,290,2.1,22000,2500,28.0,12.0,,0,0,0,0,0
2024-01-17T07:00:00,19.088686,72.867919,11,VABB,270,5.1,22000,2500,28.0,13.0,,0,0,0,0,0
2024-01-17T07:30:00,19.088686,72.867919,11,VABB,270,5.1,22000,2500,28.0,13.0,,0,0,0,0,0
2024-01-17T08:00:00,19.088686,72.867919,11,VABB,270,4.6,22000,2500,28.0,14.0,,0,0,0,0,0
2024-01-17T08:30:00,19.088686,72.867919,11,VABB,270,4.1,22000,2500,28.0,13.0,,0,0,0,0,0
2024-01-17T09:00:00,19.088686,72.867919,11,VABB,320,1.5,,2000,28.8,13.8,1009.9,0,0,0,0,0
2024-01-17T09:00:00,19.088686,72.867919,11,VABB,290,3.6,22000,3000,27.0,14.0,,0,0,0,0,0
2024-01-17T09:30:00,19.088686,72.867919,11,VABB,280,4.1,22000,3000,28.0,15.0,,0,0,0,0,0
2024-01-17T10:00:00,19.088686,72.867919,11,VABB,280,5.1,22000,4000,27.0,15.0,,0,0,0,0,0
2024-01-17T10:30:00,19.088686,72.867919,11,VABB,300,4.6,22000,4000,27.0,16.0,,0,0,0,0,0
2024-01-17T11:00:00,19.088686,72.867919,11,VABB,270,5.7,22000,4000,27.0,16.0,,0,0,0,0,0
2024-01-17T11:30:00,19.088686,72.867919,11,VABB,280,4.6,22000,3500,26.0,16.0,,0,0,0,0,0
2024-01-17T12:00:00,19.088686,72.867919,11,VABB,340,1.5,,2000,26.8,16.9,1010.0,0,0,0,0,0
2024-01-17T12:00:00,19.088686,72.867919,11,VABB,290,5.7,22000,3500,26.0,17.0,,0,0,0,0,0
2024-01-17T12:30:00,19.088686,72.867919,11,VABB,280,5.7,22000,3500,25.0,17.0,,0,0,0,0,0
2024-01-17T13:00:00,19.088686,72.867919,11,VABB,300,2.6,22000,3000,25.0,17.0,,0,0,0,0,0
2024-01-17T13:30:00,19.088686,72.867919,11,VABB,300,3.1,22000,3000,25.0,17.0,,0,1,0,0,0
2024-01-17T14:00:00,19.088686,72.867919,11,VABB,290,3.1,22000,3000,25.0,17.0,,0,1,0,0,0
2024-01-17T14:30:00,19.088686,72.867919,11,VABB,300,2.1,22000,3000,25.0,17.0,,0,1,0,0,0
2024-01-17T15:00:00,19.088686,72.867919,11,VABB,,0.0,,2000,24.0,17.6,1012.4,0,0,0,0,0
2024-01-17T15:00:00,19.088686,72.867919,11,VABB,310,2.6,22000,3000,26.0,17.0,,0,1,0,0,0
2024-01-17T15:30:00,19.088686,72.867919,11,VABB,10,3.1,22000,3000,25.0,17.0,,0,1,0,0,0
2024-01-17T16:00:00,19.088686,72.867919,11,VABB,340,2.6,22000,3000,25.0,17.0,,0,1,0,0,0
2024-01-17T16:30:00,19.088686,72.867919,11,VABB,320,1.5,22000,3000,25.0,16.0,,0,1,0,0,0
2024-01-17T17:00:00,19.088686,72.867919,11,VABB,320,1.5,22000,3000,24.0,16.0,,0,1,0,0,0
2024-01-17T17:30:00,19.088686,72.867919,11,VABB,40,2.1,22000,2500,25.0,16.0,,0,1,0,0,0
2024-01-17T18:00:00,19.088686,72.867919,11,VABB,,0.0,,2000,22.2,17.0,1012.9,0,0,0,0,0
2024-01-17T18:00:00,19.088686,72.867919,11,VABB,60,2.6,22000,2500,25.0,16.0,,0,1,0,0,0
2024-01-17T18:30:00,19.088686,72.867919,11,VABB,40,2.6,22000,2500,25.0,16.0,,0,0,0,0,0
2024-01-17T19:00:00,19.088686,72.867919,11,VABB,0,0.0,22000,2500,24.0,16.0,,0,0,0,0,0
2024-01-17T19:30:00,19.088686,72.867919,11,VABB,10,2.6,22000,2500,24.0,15.0,,0,0,0,0,0
2024-01-17T20:00:00,19.088686,72.867919,11,VABB,40,1.5,22000,2500,23.0,16.0,,0,1,0,0,0
2024-01-17T20:30:00,19.088686,72.867919,11,VABB,40,2.1,22000,2500,23.0,16.0,,0,1,0,0,0
2024-01-17T21:00:00,19.088686,72.867919,11,VABB,,0.0,,2000,19.8,15.1,1011.9,0,0,0,0,0
2024-01-17T21:00:00,19.088686,72.867919,11,VABB,50,1.5,22000,2500,23.0,16.0,,0,1,0,0,0
2024-01-17T21:30:00,19.088686,72.867919,11,VABB,90,2.1,22000,2500,23.0,15.0,,0,1,0,0,0
2024-01-17T22:00:00,19.088686,72.867919,11,VABB,0,0.0,22000,2500,23.0,15.0,,0,1,0,0,0
2024-01-17T22:30:00,19.088686,72.867919,11,VABB,0,0.0,22000,2500,22.0,15.0,,0,1,0,0,0
2024-01-17T23:00:00,19.088686,72.867919,11,VABB,200,2.1,22000,2500,23.0,15.0,,0,1,0,0,0
2024-01-17T23:30:00,19.088686,72.867919,11,VABB,0,0.0,22000,2500,23.0,15.0,,0,1,0,0,0
2024-01-18T00:00:00,19.088686,72.867919,11,VABB,,0.0,22000,2000,18.6,15.2,1011.7,0,0,0,0,0
2024-01-18T00:00:00,19.088686,72.867919,11,VABB,140,2.6,22000,2500,23.0,15.0,,0,1,0,0,0
2024-01-18T00:30:00,19.088686,72.867919,11,VABB,40,1.5,22000,2500,23.0,15.0,,0,1,0,0,0
2024-01-18T01:00:00,19.088686,72.867919,11,VABB,190,1.5,22000,2500,22.0,15.0,,0,1,0,0,0
2024-01-18T01:30:00,19.088686,72.867919,11,VABB,200,2.1,22000,2200,22.0,15.0,,0,1,0,0,0
2024-01-18T02:00:00,19.088686,72.867919,11,VABB,170,1.5,22000,2200,22.0,16.0,,0,1,0,0,0
2024-01-18T02:30:00,19.088686,72.867919,11,VABB,190,2.1,22000,1700,22.0,16.0,,0,1,0,0,0
2024-01-18T03:00:00,19.088686,72.867919,11,VABB,,0.0,,2000,18.6,15.9,1014.4,0,0,0,0,0
2024-01-18T03:00:00,19.088686,72.867919,11,VABB,190,2.1,22000,1700,23.0,16.0,,0,1,0,0,0
2024-01-18T03:30:00,19.088686,72.867919,11,VABB,0,0.0,22000,1800,24.0,15.0,,0,1,0,0,0
2024-01-18T04:00:00,19.088686,72.867919,11,VABB,330,1.5,22000,2100,25.0,12.0,,0,1,0,0,0
2024-01-18T04:30:00,19.088686,72.867919,11,VABB,40,3.6,22000,2100,25.0,12.0,,0,1,0,0,0
2024-01-18T05:00:00,19.088686,72.867919,11,VABB,80,3.1,22000,2100,27.0,13.0,,0,1,0,0,0
2024-01-18T05:30:00,19.088686,72.867919,11,VABB,50,3.1,22000,2500,26.0,11.0,,0,1,0,0,0
2024-01-18T06:00:00,19.088686,72.867919,11,VABB,50,1.5,,2000,27.0,12.2,1014.8,0,0,0,0,0
2024-01-18T06:00:00,19.088686,72.867919,11,VABB,30,4.1,22000,3000,27.0,12.0,,0,1,0,0,0
2024-01-18T06:30:00,19.088686,72.867919,11,VABB,170,3.1,22000,3000,28.0,12.0,,0,1,0,0,0
2024-01-18T07:30:00,19.088686,72.867919,11,VABB,230,3.6,22000,3000,28.0,14.0,,0,1,0,0,0
2024-01-18T09:00:00,19.088686,72.867919,11,VABB,270,2.1,22000,2000,28.2,13.8,1011.3,0,0,0,0,0
2024-01-18T09:00:00,19.088686,72.867919,11,VABB,250,4.1,22000,3000,27.0,13.0,,0,0,0,0,0
2024-01-18T09:30:00,19.088686,72.867919,11,VABB,270,5.1,22000,3000,27.0,13.0,,0,0,0,0,0
2024-01-18T11:00:00,19.088686,72.867919,11,VABB,260,4.6,22000,3000,27.0,13.0,,0,0,0,0,0
2024-01-18T11:30:00,19.088686,72.867919,11,VABB,290,3.1,22000,3000,27.0,13.0,,0,0,0,0,0
2024-01-18T12:00:00,19.088686,72.867919,11,VABB,270,1.5,,2000,27.2,13.8,1011.2,0,0,0,0,0
2024-01-18T12:00:00,19.088686,72.867919,11,VABB,290,3.1,22000,3000,27.0,13.0,,0,0,0,0,0
2024-01-18T12:30:00,19.088686,72.867919,11,VABB,340,3.1,22000,3000,26.0,14.0,,0,0,0,0,0
2024-01-18T13:00:00,19.088686,72.867919,11,VABB,320,4.1,22000,3000,26.0,14.0,,0,0,0,0,0
2024-01-18T13:30:00,19.088686,72.867919,11,VABB,310,3.1,22000,3000,25.0,14.0,,0,0,0,0,0
2024-01-18T14:00:00,19.088686,72.867919,11,VABB,300,3.6,22000,3000,25.0,14.0,,0,0,0,0,0
2024-01-18T14:30:00,19.088686,72.867919,11,VABB,330,3.6,22000,3000,25.0,14.0,,0,0,0,0,0
2024-01-18T15:00:00,19.088686,72.867919,11,VABB,270,1.5,,2000,24.2,14.0,1013.4,0,0,0,0,0
2024-01-18T15:00:00,19.088686,72.867919,11,VABB,320,2.1,22000,3000,25.0,13.0,,0,0,0,0,0
2024-01-18T15:30:00,19.088686,72.867919,11,VABB,300,2.1,22000,3000,25.0,13.0,,0,0,0,0,0
2024-01-18T16:00:00,19.088686,72.867919,11,VABB,340,3.1,22000,3000,25.0,13.0,,0,0,0,0,0
2024-01-18T16:30:00,19.088686,72.867919,11,VABB,20,3.6,22000,3000,24.0,14.0,,0,0,0,0,0
2024-01-18T17:00:00,19.088686,72.867919,11,VABB,10,3.1,22000,3000,24.0,14.0,,0,0,0,0,0
2024-01-18T17:30:00,19.088686,72.867919,11,VABB,30,2.6,22000,3000,24.0,13.0,,0,0,0,0,0
2024-01-18T18:00:00,19.088686,72.867919,11,VABB,,0.0,,2000,21.8,14.3,1013.7,0,0,0,0,0
2024-01-18T18:00:00,19.088686,72.867919,11,VABB,100,2.1,22000,3000,23.0,13.0,,0,0,0,0,0
2024-01-18T18:30:00,19.088686,72.867919,11,VABB,90,3.6,22000,3000,23.0,13.0,,0,0,0,0,0
2024-01-18T19:00:00,19.088686,72.867919,11,VABB,100,3.6,22000,3000,23.0,13.0,,0,0,0,0,0
2024-01-18T19:30:00,19.088686,72.867919,11,VABB,90,3.1,22000,3000,23.0,13.0,,0,0,0,0,0
2024-01-18T20:00:00,19.088686,72.867919,11,VABB,110,2.6,22000,3000,22.0,13.0,,0,0,0,0,0
2024-01-18T20:30:00,19.088686,72.867919,11,VABB,80,2.6,22000,3000,22.0,13.0,,0,0,0,0,0
2024-01-18T21:00:00,19.088686,72.867919,11,VABB,,0.0,,2000,19.4,13.8,1012.2,0,0,0,0,0
2024-01-18T21:00:00,19.088686,72.867919,11,VABB,50,2.1,22000,2500,23.0,13.0,,0,0,0,0,0
2024-01-18T21:30:00,19.088686,72.867919,11,VABB,0,0.0,22000,2500,23.0,14.0,,0,0,0,0,0
2024-01-18T22:00:00,19.088686,72.867919,11,VABB,0,0.0,22000,2500,22.0,14.0,,0,0,0,0,0
2024-01-18T22:30:00,19.088686,72.867919,11,VABB,100,1.5,22000,2500,21.0,14.0,,0,1,0,0,0
2024-01-18T23:00:00,19.088686,72.867919,11,VABB,80,2.1,22000,2500,22.0,14.0,,0,1,0,0,0
2024-01-18T23:30:00,19.088686,72.867919,11,VABB,90,2.1,22000,2500,22.0,14.0,,0,1,0,0,0
2024-01-19T00:00:00,19.088686,72.867919,11,VABB,,0.0,,2000,18.2,14.0,1011.9,0,0,0,0,0
2024-01-19T00:00:00,19.088686,72.867919,11,VABB,120,2.6,22000,2500,22.0,14.0,,0,1,0,0,0
2024-01-19T00:30:00,19.088686,72.867919,11,VABB,0,0.0,22000,2500,22.0,14.0,,0,1,0,0,0
2024-01-19T01:00:00,19.088686,72.867919,11,VABB,160,1.5,22000,2500,22.0,14.0,,0,1,0,0,0
2024-01-19T01:30:00,19.088686,72.867919,11,VABB,160,2.1,22000,2100,22.0,14.0,,0,1,1,0,0
2024-01-19T02:00:00,19.088686,72.867919,11,VABB,170,2.1,10000,2100,22.0,14.0,,0,1,0,0,0
2024-01-19T02:30:00,19.088686,72.867919,11,VABB,160,2.1,10000,1800,22.0,14.0,,0,1,0,0,0
2024-01-19T03:00:00,19.088686,72.867919,11,VABB,,0.0,,2000,17.8,14.7,1014.1,0,0,0,0,0
2024-01-19T03:00:00,19.088686,72.867919,11,VABB,0,0.0,10000,1700,23.0,15.0,,0,1,0,0,0
2024-01-19T03:30:00,19.088686,72.867919,11,VABB,140,1.5,10000,1700,23.0,15.0,,0,1,0,0,0
2024-01-19T04:00:00,19.088686,72.867919,11,VABB,160,2.1,22000,1800,24.0,15.0,,0,0,0,0,0
2024-01-19T04:30:00,19.088686,72.867919,11,VABB,180,1.5,22000,1800,25.0,14.0,,0,0,0,0,0
2024-01-19T05:00:00,19.088686,72.867919,11,VABB,120,2.6,22000,2100,26.0,14.0,,0,0,0,0,0
2024-01-19T05:30:00,19.088686,72.867919,11,VABB,0,0.0,22000,2100,27.0,14.0,,0,0,0,0,0
2024-01-19T06:00:00,19.088686,72.867919,11,VABB,,0.0,,2000,26.8,13.7,1014.0,0,0,0,0,0
2024-01-19T06:00:00,19.088686,72.867919,11,VABB,250,3.6,22000,2200,27.0,13.0,,0,0,0,0,0
2024-01-19T06:30:00,19.088686,72.867919,11,VABB,280,3.6,22000,2500,27.0,13.0,,0,0,0,0,0
2024-01-19T07:00:00,19.088686,72.867919,11,VABB,250,4.1,22000,2500,27.0,14.0,,0,0,0,0,0
2024-01-19T07:30:00,19.088686,72.867919,11,VABB,270,4.1,22000,2500,27.0,14.0,,0,0,0,0,0
2024-01-19T08:00:00,19.088686,72.867919,11,VABB,270,5.1,22000,2500,28.0,14.0,,0,0,0,0,0
2024-01-19T08:30:00,19.088686,72.867919,11,VABB,260,4.6,22000,2500,28.0,12.0,,0,0,0,0,0
2024-01-19T09:00:00,19.088686,72.867919,11,VABB,290,2.1,,2000,28.6,14.4,1011.2,0,0,0,0,0
2024-01-19T09:00:00,19.088686,72.867919,11,VABB,270,4.6,22000,2500,28.0,13.0,,0,0,0,0,0
2024-01-19T09:30:00,19.088686,72.867919,11,VABB,270,4.1,22000,3000,28.0,14.0,,0,0,0,0,0
2024-01-19T10:00:00,19.088686,72.867919,11,VABB,270,5.1,22000,2500,28.0,15.0,,0,0,0,0,0
2024-01-19T10:30:00,19.088686,72.867919,11,VABB,290,4.1,22000,2500,27.0,16.0,,0,0,0,0,0
2024-01-19T11:00:00,19.088686,72.867919,11,VABB,280,4.1,22000,2200,27.0,18.0,,0,0,0,0,0
2024-01-19T11:30:00,19.088686,72.867919,11,VABB,290,4.6,22000,2200,27.0,18.0,,0,1,0,0,0
2024-01-19T12:00:00,19.088686,72.867919,11,VABB,270,1.5,,2000,26.6,18.5,1010.9,0,0,0,0,0
2024-01-19T12:00:00,19.088686,72.867919,11,VABB,270,5.1,22000,2200,26.0,18.0,,0,1,0,0,0
2024-01-19T12:30:00,19.088686,72.867919,11,VABB,280,3.6,22000,2200,26.0,17.0,,0,0,0,0,0
2024-01-19T13:00:00,19.088686,72.867919,11,VABB,280,3.6,22000,2200,26.0,18.0,,0,0,0,0,0
2024-01-19T13:30:00,19.088686,72.867919,11,VABB,270,2.6,22000,2200,26.0,17.0,,0,0,0,0,0
2024-01-19T14:00:00,19.088686,72.867919,11,VABB,300,1.5,22000,2100,25.0,18.0,,0,1,0,0,0
2024-01-19T14:30:00,19.088686,72.867919,11,VABB,40,2.6,22000,2100,26.0,18.0,,0,1,0,0,0
2024-01-19T15:00:00,19.088686,72.867919,11,VABB,,0.0,,2000,23.6,18.5,1013.1,0,0,0,0,0
2024-01-19T15:00:00,19.088686,72.867919,11,VABB,0,0.0,22000,2100,26.0,17.0,,0,0,0,0,0
2024-01-19T15:30:00,19.088686,72.867919,11,VABB,20,2.1,22000,2100,26.0,17.0,,0,0,0,0,0
2024-01-19T16:00:00,19.088686,72.867919,11,VABB,230,1.5,22000,2100,25.0,17.0,,0,0,0,0,0
2024-01-19T16:30:00,19.088686,72.867919,11,VABB,30,1.5,22000,2100,25.0,17.0,,0,0,0,0,0
2024-01-19T17:00:00,19.088686,72.867919,11,VABB,40,2.6,22000,2100,25.0,17.0,,0,0,0,0,0
2024-01-19T17:30:00,19.088686,72.867919,11,VABB,0,0.0,22000,2100,24.0,17.0,,0,1,0,0,0
2024-01-19T18:00:00,19.088686,72.867919,11,VABB,,0.0,,2000,21.0,16.7,1013.5,0,0,0,0,0
2024-01-19T18:00:00,19.088686,72.867919,11,VABB,100,1.5,22000,2100,24.0,18.0,,0,1,0,0,0
2024-01-19T18:30:00,19.088686,72.867919,11,VABB,90,1.5,22000,2100,24.0,18.0,,0,1,0,0,0
2024-01-19T19:00:00,19.088686,72.867919,11,VABB,150,2.1,22000,2100,24.0,17.0,,0,1,0,0,0
2024-01-19T19:30:00,19.088686,72.867919,11,VABB,190,1.5,22000,2100,24.0,18.0,,0,1,0,0,0
2024-01-19T20:00:00,19.088686,72.867919,11,VABB,160,2.6,22000,2100,24.0,18.0,,0,1,0,0,0
2024-01-19T20:30:00,19.088686,72.867919,11,VABB,140,2.6,22000,2100,24.0,17.0,,0,1,0,0,0
2024-01-19T21:00:00,19.088686,72.867919,11,VABB,,0.0,,2000,19.8,16.8,1012.5,0,0,0,0,0
2024-01-19T21:00:00,19.088686,72.867919,11,VABB,140,2.6,22000,2100,24.0,17.0,,0,1,0,0,0
2024-01-19T21:30:00,19.088686,72.867919,11,VABB,160,2.6,22000,2100,24.0,17.0,,0,1,0,0,0
2024-01-19T22:00:00,19.088686,72.867919,11,VABB,110,1.5,22000,2100,23.0,17.0,,0,1,0,0,0
2024-01-19T22:30:00,19.088686,72.867919,11,VABB,80,1.5,22000,1800,22.0,18.0,,0,1,0,0,0
2024-01-19T22:42:00,19.088686,72.867919,11,VABB,80,1.5,22000,1800,22.0,18.0,,0,1,0,0,0
2024-01-19T23:00:00,19.088686,72.867919,11,VABB,150,1.5,22000,1600,23.0,19.0,,0,1,0,0,0
2024-01-19T23:30:00,19.088686,72.867919,11,VABB,130,2.1,22000,1600,23.0,19.0,,0,1,0,0,0
2024-01-20T00:00:00,19.088686,72.867919,11,VABB,,0.0,,2000,19.2,17.2,1012.4,0,0,0,0,0
2024-01-20T00:30:00,19.088686,72.867919,11,VABB,40,2.1,22000,1600,22.0,18.0,,1,0,0,0,0
2024-01-20T01:00:00,19.088686,72.867919,11,VABB,0,0.0,22000,1600,22.0,18.0,,1,0,0,0,0
2024-01-20T01:30:00,19.088686,72.867919,11,VABB,0,0.0,22000,1600,22.0,18.0,,1,0,0,0,0
2024-01-20T02:00:00,19.088686,72.867919,11,VABB,330,1.5,22000,1700,22.0,17.0,,1,0,0,0,0
2024-01-20T02:30:00,19.088686,72.867919,11,VABB,140,1.5,22000,1500,22.0,17.0,,1,0,0,0,0
2024-01-20T03:00:00,19.088686,72.867919,11,VABB,,0.0,,2000,18.6,17.0,1015.0,0,0,0,0,0
2024-01-20T03:00:00,19.088686,72.867919,11,VABB,110,2.6,,1200,23.0,17.0,,0,1,0,0,0
2024-01-20T03:30:00,19.088686,72.867919,11,VABB,0,0.0,,1200,23.0,17.0,,0,1,0,0,0
2024-01-20T04:00:00,19.088686,72.867919,11,VABB,90,2.1,,1200,24.0,17.0,,0,1,0,0,0
2024-01-20T04:30:00,19.088686,72.867919,11,VABB,100,2.6,,1200,25.0,17.0,,0,1,0,0,0
2024-01-20T05:00:00,19.088686,72.867919,11,VABB,120,2.1,22000,1500,26.0,17.0,,0,0,0,0,0
2024-01-20T05:30:00,19.088686,72.867919,11,VABB,190,2.1,22000,1500,27.0,16.0,,0,0,0,0,0
2024-01-20T06:00:00,19.088686,72.867919,11,VABB,,0.0,,2000,27.4,16.5,1015.8,0,0,0,0,0
2024-01-20T06:00:00,19.088686,72.867919,11,VABB,110,1.5,22000,1600,27.0,15.0,,0,0,0,0,0
2024-01-20T06:30:00,19.088686,72.867919,11,VABB,170,1.5,22000,1600,29.0,15.0,,0,0,0,0,0
2024-01-20T07:00:00,19.088686,72.867919,11,VABB,260,4.6,22000,1600,28.0,17.0,,0,0,0,0,0
2024-01-20T07:30:00,19.088686,72.867919,11,VABB,260,4.6,22000,1600,27.0,18.0,,0,0,0,0,0
2024-01-20T08:00:00,19.088686,72.867919,11,VABB,260,5.7,22000,1800,28.0,17.0,,0,0,0,0,0
2024-01-20T08:30:00,19.088686,72.867919,11,VABB,260,5.1,22000,2100,28.0,16.0,,0,0,0,0,0
2024-01-20T09:00:00,19.088686,72.867919,11,VABB,320,3.1,,2000,28.2,15.9,1013.1,0,0,0,0,0
2024-01-20T09:00:00,19.088686,72.867919,11,VABB,270,5.1,22000,2500,28.0,16.0,,0,0,0,0,0
2024-01-20T09:30:00,19.088686,72.867919,11,VABB,280,4.1,22000,2500,28.0,16.0,,0,0,0,0,0
2024-01-20T10:00:00,19.088686,72.867919,11,VABB,310,4.6,22000,2500,28.0,16.0,,0,0,0,0,0
2024-01-20T10:30:00,19.088686,72.867919,11,VABB,300,5.1,22000,2500,28.0,15.0,,0,0,0,0,0
2024-01-20T11:00:00,19.088686,72.867919,11,VABB,300,5.7,22000,3000,28.0,15.0,,0,0,0,0,0
2024-01-20T11:30:00,19.088686,72.867919,11,VABB,320,4.6,22000,3000,27.0,17.0,,0,0,0,0,0
2024-01-20T12:00:00,19.088686,72.867919,11,VABB,360,3.1,,2000,26.4,16.0,1012.7,0,0,0,0,0
2024-01-20T12:00:00,19.088686,72.867919,11,VABB,320,4.1,22000,3000,27.0,16.0,,0,0,0,0,0
2024-01-20T12:30:00,19.088686,72.867919,11,VABB,310,3.1,22000,3000,27.0,16.0,,0,0,0,0,0
2024-01-20T13:00:00,19.088686,72.867919,11,VABB,320,3.1,22000,2500,26.0,16.0,,0,0,0,0,0
2024-01-20T13:30:00,19.088686,72.867919,11,VABB,30,2.1,22000,2500,26.0,17.0,,0,0,0,0,0
2024-01-20T14:00:00,19.088686,72.867919,11,VABB,340,3.1,22000,2500,25.0,16.0,,0,0,0,0,0
2024-01-20T14:30:00,19.088686,72.867919,11,VABB,70,3.6,22000,2500,25.0,16.0,,0,0,0,0,0
2024-01-20T15:00:00,19.088686,72.867919,11,VABB,360,2.1,,2000,24.4,15.5,1014.1,0,0,0,0,0
2024-01-20T15:00:00,19.088686,72.867919,11,VABB,30,2.1,22000,2500,25.0,16.0,,0,0,0,0,0
2024-01-20T15:30:00,19.088686,72.867919,11,VABB,10,2.6,22000,2500,25.0,16.0,,0,0,0,0,0
2024-01-20T16:00:00,19.088686,72.867919,11,VABB,330,3.1,22000,2500,25.0,15.0,,0,0,0,0,0
2024-01-20T16:30:00,19.088686,72.867919,11,VABB,350,2.6,22000,2500,25.0,14.0,,0,0,0,0,0
2024-01-20T17:00:00,19.088686,72.867919,11,VABB,10,3.6,22000,2500,25.0,14.0,,0,0,0,0,0
2024-01-20T17:30:00,19.088686,72.867919,11,VABB,30,3.1,22000,2500,24.0,14.0,,0,0,0,0,0
2024-01-20T18:00:00,19.088686,72.867919,11,VABB,,0.0,,2000,22.0,15.3,1014.9,0,0,0,0,0
2024-01-20T18:00:00,19.088686,72.867919,11,VABB,10,2.1,22000,2500,24.0,14.0,,0,0,0,0,0
2024-01-20T18:30:00,19.088686,72.867919,11,VABB,90,3.1,22000,2500,24.0,14.0,,0,0,0,0,0
2024-01-20T19:00:00,19.088686,72.867919,11,VABB,10,3.1,22000,2500,24.0,13.0,,0,0,0,0,0
2024-01-20T19:30:00,19.088686,72.867919,11,VABB,40,1.5,22000,2500,24.0,13.0,,0,0,0,0,0
2024-01-20T20:00:00,19.088686,72.867919,11,VABB,10,2.1,22000,2500,24.0,13.0,,0,0,0,0,0
2024-01-20T20:30:00,19.088686,72.867919,11,VABB,340,1.5,22000,2500,24.0,13.0,,0,0,0,0,0
2024-01-20T21:00:00,19.088686,72.867919,11,VABB,,0.0,,2000,18.8,13.9,1013.7,0,0,0,0,0
2024-01-20T21:00:00,19.088686,72.867919,11,VABB,0,0.0,22000,2500,23.0,12.0,,0,0,0,0,0
2024-01-20T21:30:00,19.088686,72.867919,11,VABB,0,0.0,22000,2500,23.0,12.0,,0,0,0,0,0
2024-01-20T22:00:00,19.088686,72.867919,11,VABB,0,0.0,22000,2500,22.0,13.0,,0,0,0,0,0
2024-01-20T22:30:00,19.088686,72.867919,11,VABB,0,0.0,22000,2500,21.0,14.0,,0,1,0,0,0
2024-01-20T23:00:00,19.088686,72.867919,11,VABB,180,2.6,22000,2500,22.0,12.0,,0,0,0,0,0
2024-01-20T23:30:00,19.088686,72.867919,11,VABB,220,2.6,22000,2500,22.0,12.0,,0,0,0,0,0
2024-01-21T00:00:00,19.088686,72.867919,11,VABB,,0.0,,2000,17.2,12.9,1013.0,0,0,0,0,0
2024-01-21T00:00:00,19.088686,72.867919,11,VABB,140,2.1,22000,2500,22.0,11.0,,0,0,0,0,0
2024-01-21T00:30:00,19.088686,72.867919,11,VABB,90,2.1,22000,2500,22.0,10.0,,0,0,0,0,0
2024-01-21T01:00:00,19.088686,72.867919,11,VABB,110,2.6,22000,2200,21.0,10.0,,0,0,0,0,0
2024-01-21T01:30:00,19.088686,72.867919,11,VABB,100,1.5,22000,2200,21.0,10.0,,0,0,0,0,0
2024-01-21T02:00:00,19.088686,72.867919,11,VABB,90,1.5,22000,2200,22.0,11.0,,0,0,0,0,0
2024-01-21T02:30:00,19.088686,72.867919,11,VABB,110,1.5,22000,2200,22.0,11.0,,0,0,0,0,0
2024-01-21T03:00:00,19.088686,72.867919,11,VABB,,0.0,,2000,17.6,13.0,1014.9,0,0,0,0,0
2024-01-21T03:00:00,19.088686,72.867919,11,VABB,90,1.5,22000,2200,23.0,12.0,,0,0,0,0,0
2024-01-21T03:30:00,19.088686,72.867919,11,VABB,30,4.1,22000,2200,24.0,12.0,,0,0,0,0,0
2024-01-21T04:00:00,19.088686,72.867919,11,VABB,40,3.6,22000,2100,24.0,13.0,,0,0,0,0,0
2024-01-21T04:30:00,19.088686,72.867919,11,VABB,40,4.6,22000,2200,25.0,13.0,,0,0,0,0,0
2024-01-21T05:00:00,19.088686,72.867919,11,VABB,40,4.1,22000,2200,26.0,14.0,,0,0,0,0,0
2024-01-21T05:30:00,19.088686,72.867919,11,VABB,60,5.1,22000,2200,27.0,13.0,,0,0,0,0,0
2024-01-21T06:00:00,19.088686,72.867919,11,VABB,50,2.1,,2000,28.6,15.2,1015.1,0,0,0,0,0
2024-01-21T06:00:00,19.088686,72.867919,11,VABB,50,4.6,22000,2500,28.0,14.0,,0,0,0,0,0
2024-01-21T06:30:00,19.088686,72.867919,11,VABB,20,3.6,22000,2500,29.0,13.0,,0,0,0,0,0
2024-01-21T07:00:00,19.088686,72.867919,11,VABB,40,3.6,22000,2500,29.0,13.0,,0,0,0,0,0
2024-01-21T07:30:00,19.088686,72.867919,11,VABB,20,3.1,22000,2500,30.0,13.0,,0,0,0,0,0
2024-01-21T08:00:00,19.088686,72.867919,11,VABB,20,4.1,22000,3000,31.0,13.0,,0,0,0,0,0
2024-01-21T08:30:00,19.088686,72.867919,11,VABB,100,2.1,22000,3000,31.0,13.0,,0,0,0,0,0
2024-01-21T09:00:00,19.088686,72.867919,11,VABB,320,2.6,,2000,31.4,15.7,1011.9,0,0,0,0,0
2024-01-21T09:00:00,19.088686,72.867919,11,VABB,250,5.1,22000,3000,30.0,15.0,,0,0,0,0,0
2024-01-21T09:30:00,19.088686,72.867919,11,VABB,300,4.1,22000,3000,30.0,16.0,,0,0,0,0,0
2024-01-21T10:00:00,19.088686,72.867919,11,VABB,280,5.7,22000,3000,30.0,16.0,,0,0,0,0,0
2024-01-21T10:30:00,19.088686,72.867919,11,VABB,290,4.1,22000,3500,30.0,17.0,,0,0,0,0,0
2024-01-21T11:00:00,19.088686,72.867919,11,VABB,320,3.6,22000,4000,29.0,16.0,,0,0,0,0,0
2024-01-21T11:30:00,19.088686,72.867919,11,VABB,310,4.1,22000,4000,29.0,16.0,,0,0,0,0,0
2024-01-21T12:00:00,19.088686,72.867919,11,VABB,320,3.1,,2000,28.4,15.8,1011.0,0,0,0,0,0
2024-01-21T12:00:00,19.088686,72.867919,11,VABB,300,4.1,22000,4000,29.0,15.0,,0,0,0,0,0
2024-01-21T12:30:00,19.088686,72.867919,11,VABB,310,3.1,22000,4000,28.0,15.0,,0,0,0,0,0
2024-01-21T13:00:00,19.088686,72.867919,11,VABB,290,2.6,22000,4000,28.0,15.0,,0,0,0,0,0
2024-01-21T13:30:00,19.088686,72.867919,11,VABB,310,2.1,22000,3000,28.0,15.0,,0,0,0,0,0
2024-01-21T14:00:00,19.088686,72.867919,11,VABB,340,2.6,22000,3000,27.0,15.0,,0,0,0,0,0
2024-01-21T14:30:00,19.088686,72.867919,11,VABB,40,2.6,22000,3000,28.0,15.0,,0,0,0,0,0
2024-01-21T15:00:00,19.088686,72.867919,11,VABB,,0.0,,2000,24.6,16.1,1013.2,0,0,0,0,0
2024-01-21T15:30:00,19.088686,72.867919,11,VABB,330,1.5,22000,3000,27.0,15.0,,0,0,0,0,0
2024-01-21T16:00:00,19.088686,72.867919,11,VABB,350,1.5,22000,3000,26.0,15.0,,0,0,0,0,0
2024-01-21T16:30:00,19.088686,72.867919,11,VABB,0,0.0,22000,3000,26.0,15.0,,0,0,0,0,0
2024-01-21T17:00:00,19.088686,72.867919,11,VABB,40,2.1,22000,3000,26.0,15.0,,0,0,0,0,0
2024-01-21T17:30:00,19.088686,72.867919,11,VABB,40,1.5,22000,3000,25.0,15.0,,0,0,0,0,0
2024-01-21T18:00:00,19.088686,72.867919,11,VABB,,0.0,,2000,21.6,15.6,1013.6,0,0,0,0,0
2024-01-21T18:00:00,19.088686,72.867919,11,VABB,0,0.0,22000,2500,25.0,15.0,,0,0,0,0,0
2024-01-21T18:30:00,19.088686,72.867919,11,VABB,0,0.0,22000,2500,24.0,15.0,,0,0,0,0,0
2024-01-21T19:00:00,19.088686,72.867919,11,VABB,0,0.0,22000,2500,25.0,15.0,,0,0,0,0,0
2024-01-21T19:30:00,19.088686,72.867919,11,VABB,130,2.1,22000,2500,25.0,16.0,,0,0,0,0,0
2024-01-21T20:00:00,19.088686,72.867919,11,VABB,110,2.1,22000,2200,25.0,16.0,,0,1,0,0,0
2024-01-21T20:30:00,19.088686,72.867919,11,VABB,110,3.6,22000,2200,24.0,17.0,,0,1,0,0,0
2024-01-21T21:00:00,19.088686,72.867919,11,VABB,,0.0,,2000,20.0,16.7,1013.0,0,0,0,0,0
2024-01-21T21:00:00,19.088686,72.867919,11,VABB,120,1.5,22000,2200,24.0,15.0,,0,0,0,0,0
2024-01-21T21:30:00,19.088686,72.867919,11,VABB,160,2.1,22000,2200,24.0,15.0,,0,0,0,0,0
2024-01-21T22:00:00,19.088686,72.867919,11,VABB,120,3.1,22000,2200,23.0,14.0,,0,0,0,0,0
2024-01-21T22:30:00,19.088686,72.867919,11,VABB,100,2.1,22000,2200,22.0,13.0,,0,1,0,0,0
2024-01-21T23:00:00,19.088686,72.867919,11,VABB,140,2.6,22000,2200,23.0,13.0,,0,1,0,0,0
2024-01-21T23:30:00,19.088686,72.867919,11,VABB,50,1.5,22000,2200,23.0,13.0,,0,1,0,0,0
2024-01-22T00:00:00,19.088686,72.867919,11,VABB,,0.0,,2000,18.4,14.2,1012.8,0,0,0,0,0
2024-01-22T00:00:00,19.088686,72.867919,11,VABB,100,1.5,22000,2200,23.0,13.0,,0,1,0,0,0
2024-01-22T00:30:00,19.088686,72.867919,11,VABB,110,2.1,22000,2200,23.0,13.0,,0,1,0,0,0
2024-01-22T01:00:00,19.088686,72.867919,11,VABB,120,2.1,22000,2200,23.0,13.0,,0,1,0,0,0
2024-01-22T01:30:00,19.088686,72.867919,11,VABB,140,2.1,10000,2200,23.0,14.0,,0,1,0,0,0
2024-01-22T02:00:00,19.088686,72.867919,11,VABB,70,2.1,10000,1800,24.0,14.0,,0,1,1,0,0
2024-01-22T02:30:00,19.088686,72.867919,11,VABB,110,2.1,10000,1600,23.0,14.0,,0,0,0,0,0
2024-01-22T03:00:00,19.088686,72.867919,11,VABB,,0.0,22000,2000,18.4,14.2,1014.7,0,0,0,0,0
2024-01-22T03:00:00,19.088686,72.867919,11,VABB,160,1.5,10000,1600,24.0,14.0,,0,0,0,0,0
2024-01-22T03:30:00,19.088686,72.867919,11,VABB,90,2.1,10000,1600,25.0,14.0,,0,0,0,0,0
2024-01-22T04:00:00,19.088686,72.867919,11,VABB,110,2.6,10000,1600,26.0,13.0,,0,0,0,0,0
2024-01-22T04:30:00,19.088686,72.867919,11,VABB,120,2.6,22000,2100,27.0,13.0,,0,0,0,0,0
2024-01-22T05:00:00,19.088686,72.867919,11,VABB,90,2.6,22000,2200,27.0,12.0,,0,0,0,0,0
2024-01-22T05:30:00,19.088686,72.867919,11,VABB,220,1.5,22000,2200,29.0,13.0,,0,0,0,0,0
2024-01-22T06:00:00,19.088686,72.867919,11,VABB,,0.0,22000,2000,29.8,13.4,1015.5,0,0,0,0,0
2024-01-22T06:30:00,19.088686,72.867919,11,VABB,160,2.1,22000,2500,29.0,12.0,,0,0,0,0,0
2024-01-22T07:00:00,19.088686,72.867919,11,VABB,160,2.6,22000,2500,30.0,12.0,,0,0,0,0,0
2024-01-22T07:30:00,19.088686,72.867919,11,VABB,300,5.1,22000,2500,30.0,13.0,,0,0,0,0,0
2024-01-22T08:00:00,19.088686,72.867919,11,VABB,270,6.2,22000,2500,30.0,13.0,,0,0,0,0,0
2024-01-22T08:30:00,19.088686,72.867919,11,VABB,260,5.1,22000,2500,29.0,13.0,,0,0,0,0,0
2024-01-22T09:00:00,19.088686,72.867919,11,VABB,360,2.1,,2000,29.6,16.1,1012.8,0,0,0,0,0
2024-01-22T09:00:00,19.088686,72.867919,11,VABB,270,5.1,22000,2500,29.0,16.0,,0,0,0,0,0
2024-01-22T09:30:00,19.088686,72.867919,11,VABB,290,4.6,22000,2500,29.0,15.0,,0,0,0,0,0
2024-01-22T10:00:00,19.088686,72.867919,11,VABB,250,4.6,22000,2500,29.0,16.0,,0,0,0,0,0
2024-01-22T10:30:00,19.088686,72.867919,11,VABB,270,5.1,22000,2500,29.0,16.0,,0,0,0,0,0
2024-01-22T11:00:00,19.088686,72.867919,11,VABB,280,5.1,22000,2500,29.0,16.0,,0,0,0,0,0
2024-01-22T11:30:00,19.088686,72.867919,11,VABB,310,3.6,22000,2500,28.0,16.0,,0,0,0,0,0
2024-01-22T12:00:00,19.088686,72.867919,11,VABB,360,2.1,,2000,27.4,16.5,1012.9,0,0,0,0,0
2024-01-22T12:00:00,19.088686,72.867919,11,VABB,320,3.1,22000,2500,27.0,16.0,,0,0,0,0,0
2024-01-22T12:30:00,19.088686,72.867919,11,VABB,320,3.6,10000,3000,27.0,16.0,,0,0,0,0,0
2024-01-22T13:00:00,19.088686,72.867919,11,VABB,300,2.6,10000,3000,27.0,15.0,,0,0,0,0,0
2024-01-22T13:30:00,19.088686,72.867919,11,VABB,310,2.6,10000,3000,26.0,14.0,,0,0,0,0,0
2024-01-22T14:00:00,19.088686,72.867919,11,VABB,300,3.1,10000,3000,26.0,15.0,,0,0,0,0,0
2024-01-22T14:30:00,19.088686,72.867919,11,VABB,350,2.6,10000,3000,25.0,17.0,,0,0,0,0,0
2024-01-22T15:00:00,19.088686,72.867919,11,VABB,,0.0,,2000,24.2,17.8,1015.1,0,0,0,0,0
2024-01-22T15:00:00,19.088686,72.867919,11,VABB,40,2.6,22000,2500,26.0,17.0,,0,0,0,0,0
2024-01-22T15:30:00,19.088686,72.867919,11,VABB,330,2.6,22000,2500,26.0,16.0,,0,0,0,0,0
2024-01-22T16:00:00,19.088686,72.867919,11,VABB,40,3.1,22000,2500,26.0,16.0,,0,0,0,0,0
2024-01-22T16:30:00,19.088686,72.867919,11,VABB,350,3.6,22000,2200,25.0,15.0,,0,0,0,0,0
2024-01-22T17:00:00,19.088686,72.867919,11,VABB,360,3.6,22000,2200,25.0,14.0,,0,0,0,0,0
2024-01-22T17:30:00,19.088686,72.867919,11,VABB,30,3.1,22000,2200,25.0,10.0,,0,0,0,0,0
2024-01-22T18:00:00,19.088686,72.867919,11,VABB,,0.0,,2000,20.8,14.3,1015.9,0,0,0,0,0
2024-01-22T18:00:00,19.088686,72.867919,11,VABB,0,0.0,22000,2200,25.0,11.0,,0,0,0,0,0
2024-01-22T18:30:00,19.088686,72.867919,11,VABB,70,2.1,22000,2200,25.0,10.0,,0,0,0,0,0
2024-01-22T19:00:00,19.088686,72.867919,11,VABB,240,2.6,22000,2200,25.0,7.0,,0,0,0,0,0
2024-01-22T19:30:00,19.088686,72.867919,11,VABB,40,2.6,22000,2200,25.0,7.0,,0,0,0,0,0
2024-01-22T20:00:00,19.088686,72.867919,11,VABB,30,1.5,22000,2200,24.0,6.0,,0,0,0,0,0
2024-01-22T20:30:00,19.088686,72.867919,11,VABB,50,1.5,22000,2200,24.0,7.0,,0,0,0,0,0
2024-01-22T21:00:00,19.088686,72.867919,11,VABB,,0.0,,2000,17.8,11.2,1015.1,0,0,0,0,0
2024-01-22T21:30:00,19.088686,72.867919,11,VABB,30,1.5,22000,2200,23.0,8.0,,0,0,0,0,0
2024-01-22T22:00:00,19.088686,72.867919,11,VABB,40,3.1,22000,2200,25.0,6.0,,0,0,0,0,0
2024-01-22T22:30:00,19.088686,72.867919,11,VABB,0,0.0,22000,2200,23.0,6.0,,0,0,0,0,0
2024-01-22T23:00:00,19.088686,72.867919,11,VABB,350,1.5,22000,2200,25.0,5.0,,0,0,0,0,0
2024-01-22T23:30:00,19.088686,72.867919,11,VABB,100,1.5,22000,2200,23.0,5.0,,0,0,0,0,0
2024-01-23T00:00:00,19.088686,72.867919,11,VABB,,0.0,,2000,16.2,8.8,1014.4,0,0,0,0,0
2024-01-23T00:00:00,19.088686,72.867919,11,VABB,40,2.1,22000,2200,24.0,6.0,,0,0,0,0,0
2024-01-23T00:30:00,19.088686,72.867919,11,VABB,0,0.0,22000,2200,23.0,5.0,,0,0,0,0,0
2024-01-23T01:00:00,19.088686,72.867919,11,VABB,50,3.1,22000,2200,24.0,4.0,,0,0,0,0,0
2024-01-23T01:30:00,19.088686,72.867919,11,VABB,60,2.6,10000,2500,23.0,4.0,,0,0,0,0,0
2024-01-23T02:00:00,19.088686,72.867919,11,VABB,70,2.1,10000,2500,24.0,3.0,,0,0,0,0,0
2024-01-23T02:30:00,19.088686,72.867919,11,VABB,50,2.1,10000,3000,24.0,3.0,,0,0,0,0,0
2024-01-23T03:00:00,19.088686,72.867919,11,VABB,,0.0,22000,2000,,9.0,1016.0,0,0,0,0,0
2024-01-23T03:00:00,19.088686,72.867919,11,VABB,70,3.1,10000,3500,25.0,3.0,,0,0,0,0,0
2024-01-23T03:30:00,19.088686,72.867919,11,VABB,30,3.1,10000,3500,26.0,2.0,,0,0,0,0,0
2024-01-23T04:00:00,19.088686,72.867919,11,VABB,10,3.1,10000,3500,26.0,2.0,,0,0,0,0,0
2024-01-23T04:30:00,19.088686,72.867919,11,VABB,10,4.1,10000,3500,27.0,1.0,,0,0,0,0,0
2024-01-23T05:00:00,19.088686,72.867919,11,VABB,330,3.6,10000,3500,27.0,0.0,,0,0,0,0,0
2024-01-23T05:30:00,19.088686,72.867919,11,VABB,350,4.1,10000,4000,28.0,-1.0,,0,0,0,0,0
2024-01-23T06:00:00,19.088686,72.867919,11,VABB,50,2.1,22000,2000,28.4,7.2,1015.9,0,0,0,0,0
2024-01-23T06:00:00,19.088686,72.867919,11,VABB,320,3.1,10000,4000,28.0,1.0,,0,0,0,0,0
2024-01-23T06:30:00,19.088686,72.867919,11,VABB,340,2.6,10000,4000,29.0,1.0,,0,0,0,0,0
2024-01-23T07:00:00,19.088686,72.867919,11,VABB,70,4.1,10000,4000,30.0,0.0,,0,0,0,0,0
2024-01-23T07:30:00,19.088686,72.867919,11,VABB,300,4.6,10000,4000,28.0,7.0,,0,0,0,0,0
2024-01-23T08:00:00,19.088686,72.867919,11,VABB,300,5.1,10000,4000,28.0,8.0,,0,0,0,0,0
2024-01-23T08:30:00,19.088686,72.867919,11,VABB,290,6.2,10000,4000,29.0,9.0,,0,0,0,0,0
2024-01-23T09:00:00,19.088686,72.867919,11,VABB,320,3.1,22000,2000,28.6,10.2,1012.9,0,0,0,0,0
2024-01-23T09:00:00,19.088686,72.867919,11,VABB,330,4.1,10000,4000,30.0,9.0,,0,0,0,0,0
2024-01-23T09:30:00,19.088686,72.867919,11,VABB,300,4.1,10000,4000,28.0,9.0,,0,0,0,0,1
2024-01-23T10:00:00,19.088686,72.867919,11,VABB,320,3.6,10000,4000,28.0,9.0,,0,0,0,0,1
2024-01-23T10:30:00,19.088686,72.867919,11,VABB,330,5.1,10000,4000,29.0,10.0,,0,0,0,0,0
2024-01-23T11:00:00,19.088686,72.867919,11,VABB,330,5.7,10000,4000,28.0,10.0,,0,0,0,0,0
2024-01-23T11:30:00,19.088686,72.867919,11,VABB,320,5.7,10000,4000,27.0,12.0,,0,0,0,0,0
2024-01-23T12:00:00,19.088686,72.867919,11,VABB,320,3.1,22000,2000,26.6,12.1,1012.2,0,0,0,0,0
2024-01-23T12:00:00,19.088686,72.867919,11,VABB,310,3.6,10000,4000,27.0,12.0,,0,0,0,0,0
2024-01-23T12:30:00,19.088686,72.867919,11,VABB,320,3.6,10000,4000,26.0,13.0,,0,0,0,0,0
2024-01-23T13:00:00,19.088686,72.867919,11,VABB,350,4.1,10000,4000,26.0,14.0,,0,0,1,0,0
2024-01-23T13:30:00,19.088686,72.867919,11,VABB,320,4.1,10000,3000,25.0,15.0,,0,0,0,0,0
2024-01-23T14:00:00,19.088686,72.867919,11,VABB,340,4.6,22000,3000,25.0,14.0,,0,0,0,0,0
2024-01-23T14:30:00,19.088686,72.867919,11,VABB,340,5.1,22000,3000,25.0,13.0,,0,0,0,0,0
2024-01-23T15:00:00,19.088686,72.867919,11,VABB,320,4.1,,2000,24.2,12.4,1013.6,0,0,0,0,0
2024-01-23T15:00:00,19.088686,72.867919,11,VABB,340,3.1,22000,3000,25.0,13.0,,0,0,0,0,0
2024-01-23T15:30:00,19.088686,72.867919,11,VABB,10,3.1,22000,3000,24.0,13.0,,0,0,0,0,0
2024-01-23T16:00:00,19.088686,72.867919,11,VABB,60,2.6,22000,3000,24.0,13.0,,0,0,0,0,0
2024-01-23T16:30:00,19.088686,72.867919,11,VABB,20,2.1,22000,2500,24.0,12.0,,0,0,0,0,0
2024-01-23T17:00:00,19.088686,72.867919,11,VABB,50,3.1,22000,2500,24.0,12.0,,0,0,0,0,0
2024-01-23T17:30:00,19.088686,72.867919,11,VABB,20,1.5,22000,2500,24.0,11.0,,0,0,0,0,0
2024-01-23T18:00:00,19.088686,72.867919,11,VABB,,0.0,,2000,22.0,11.2,1014.3,0,0,0,0,0
2024-01-23T18:00:00,19.088686,72.867919,11,VABB,10,2.1,22000,2500,24.0,11.0,,0,0,0,0,0
2024-01-23T18:30:00,19.088686,72.867919,11,VABB,20,1.5,22000,2500,23.0,11.0,,0,0,0,0,0
2024-01-23T19:00:00,19.088686,72.867919,11,VABB,20,3.6,22000,2500,24.0,10.0,,0,0,0,0,0
2024-01-23T19:30:00,19.088686,72.867919,11,VABB,20,2.6,22000,2500,23.0,9.0,,0,0,0,0,0
2024-01-23T20:00:00,19.088686,72.867919,11,VABB,40,3.1,22000,2500,23.0,9.0,,0,0,0,0,0
2024-01-23T20:30:00,19.088686,72.867919,11,VABB,10,2.1,22000,2500,23.0,8.0,,0,0,0,0,0
2024-01-23T21:00:00,19.088686,72.867919,11,VABB,,0.0,,2000,18.6,10.9,1013.8,0,0,0,0,0
2024-01-23T21:00:00,19.088686,72.867919,11,VABB,20,1.5,22000,2500,23.0,8.0,,0,0,0,0,0
2024-01-23T21:30:00,19.088686,72.867919,11,VABB,50,1.5,22000,2500,22.0,8.0,,0,0,0,0,0
2024-01-23T22:00:00,19.088686,72.867919,11,VABB,350,2.1,22000,2500,22.0,7.0,,0,0,0,0,0
2024-01-23T22:30:00,19.088686,72.867919,11,VABB,0,0.0,22000,2500,21.0,9.0,,0,0,0,0,0
2024-01-23T23:00:00,19.088686,72.867919,11,VABB,160,1.5,22000,2500,22.0,9.0,,0,0,0,0,0
2024-01-23T23:30:00,19.088686,72.867919,11,VABB,0,0.0,22000,2500,21.0,9.0,,0,0,0,0,0
2024-01-24T00:00:00,19.088686,72.867919,11,VABB,,0.0,,2000,16.6,10.6,1013.1,0,0,0,0,0
2024-01-24T00:00:00,19.088686,72.867919,11,VABB,140,1.5,22000,2500,21.0,10.0,,0,0,0,0,0
2024-01-24T00:30:00,19.088686,72.867919,11,VABB,0,0.0,22000,2500,20.0,8.0,,0,0,0,0,0
2024-01-24T01:00:00,19.088686,72.867919,11,VABB,240,2.1,22000,2500,21.0,9.0,,0,0,0,0,0
2024-01-24T01:30:00,19.088686,72.867919,11,VABB,90,2.1,10000,2200,21.0,8.0,,0,0,0,0,0
2024-01-24T02:00:00,19.088686,72.867919,11,VABB,110,1.5,10000,2100,21.0,8.0,,0,0,0,0,0
2024-01-24T02:30:00,19.088686,72.867919,11,VABB,80,1.5,10000,2100,21.0,7.0,,0,0,1,0,0
2024-01-24T03:00:00,19.088686,72.867919,11,VABB,,0.0,22000,2000,16.4,12.0,1015.7,0,0,0,0,0
2024-01-24T03:00:00,19.088686,72.867919,11,VABB,40,2.1,10000,1800,23.0,6.0,,0,0,0,0,0
2024-01-24T03:30:00,19.088686,72.867919,11,VABB,50,3.1,10000,2200,24.0,5.0,,0,0,0,0,0
2024-01-24T04:00:00,19.088686,72.867919,11,VABB,40,4.1,10000,2200,25.0,4.0,,0,0,0,0,0
2024-01-24T04:30:00,19.088686,72.867919,11,VABB,40,3.1,10000,2500,25.0,5.0,,0,0,0,0,0
2024-01-24T05:00:00,19.088686,72.867919,11,VABB,30,4.6,10000,2500,26.0,5.0,,0,0,0,0,0
2024-01-24T05:30:00,19.088686,72.867919,11,VABB,50,4.1,10000,2500,28.0,6.0,,0,0,0,0,0
2024-01-24T06:00:00,19.088686,72.867919,11,VABB,50,2.1,22000,2000,28.0,6.5,1015.9,0,0,0,0,0
2024-01-24T06:00:00,19.088686,72.867919,11,VABB,100,4.6,10000,2500,28.0,5.0,,0,0,0,0,0
2024-01-24T06:30:00,19.088686,72.867919,11,VABB,80,3.6,10000,2500,29.0,6.0,,0,0,0,0,0
2024-01-24T07:00:00,19.088686,72.867919,11,VABB,50,3.6,10000,2500,29.0,5.0,,0,0,0,0,0
2024-01-24T07:30:00,19.088686,72.867919,11,VABB,360,4.1,10000,2500,30.0,6.0,,0,0,0,0,0
2024-01-24T08:00:00,19.088686,72.867919,11,VABB,20,3.6,10000,2500,30.0,6.0,,0,0,0,0,0
2024-01-24T08:30:00,19.088686,72.867919,11,VABB,290,4.1,10000,2500,30.0,11.0,,0,0,0,0,0
2024-01-24T09:00:00,19.088686,72.867919,11,VABB,320,3.1,,2000,29.6,12.2,1012.7,0,0,0,0,0
2024-01-24T09:00:00,19.088686,72.867919,11,VABB,290,5.7,10000,2200,29.0,12.0,,0,0,0,0,0
2024-01-24T09:30:00,19.088686,72.867919,11,VABB,300,4.1,10000,2200,29.0,11.0,,0,0,0,0,0
2024-01-24T10:00:00,19.088686,72.867919,11,VABB,300,4.6,10000,2100,29.0,10.0,,0,0,0,0,0
2024-01-24T10:30:00,19.088686,72.867919,11,VABB,300,3.6,10000,2500,29.0,13.0,,0,0,0,0,0
2024-01-24T11:00:00,19.088686,72.867919,11,VABB,190,2.6,10000,2500,29.0,12.0,,0,0,0,0,0
2024-01-24T11:30:00,19.088686,72.867919,11,VABB,310,4.1,10000,2500,29.0,10.0,,0,0,0,0,0
2024-01-24T12:00:00,19.088686,72.867919,11,VABB,320,3.1,22000,2000,28.2,10.6,1011.9,0,0,0,0,0
2024-01-24T12:00:00,19.088686,72.867919,11,VABB,290,4.6,10000,2500,28.0,10.0,,0,0,0,0,0
2024-01-24T12:30:00,19.088686,72.867919,11,VABB,320,3.1,10000,2500,28.0,10.0,,0,0,0,0,0
2024-01-24T13:00:00,19.088686,72.867919,11,VABB,330,3.1,10000,2500,27.0,10.0,,0,0,0,0,0
2024-01-24T13:30:00,19.088686,72.867919,11,VABB,330,3.1,10000,2500,26.0,12.0,,0,0,0,0,0
2024-01-24T14:00:00,19.088686,72.867919,11,VABB,340,5.1,10000,2500,26.0,12.0,,0,0,0,0,0
2024-01-24T14:30:00,19.088686,72.867919,11,VABB,330,3.6,10000,2500,26.0,13.0,,0,0,0,0,0
2024-01-24T15:00:00,19.088686,72.867919,11,VABB,320,3.1,,2000,24.6,14.1,1013.6,0,0,0,0,0
2024-01-24T15:00:00,19.088686,72.867919,11,VABB,330,3.6,10000,2500,26.0,14.0,,0,0,0,0,0
2024-01-24T15:30:00,19.088686,72.867919,11,VABB,350,2.6,10000,2200,25.0,14.0,,0,0,0,0,0
2024-01-24T16:00:00,19.088686,72.867919,11,VABB,360,4.1,10000,2200,25.0,13.0,,0,0,0,0,0
2024-01-24T16:30:00,19.088686,72.867919,11,VABB,10,3.1,10000,2200,24.0,13.0,,0,0,0,0,0
2024-01-24T17:00:00,19.088686,72.867919,11,VABB,10,2.1,10000,2200,24.0,13.0,,0,0,0,0,0
2024-01-24T17:30:00,19.088686,72.867919,11,VABB,10,2.1,10000,2200,24.0,13.0,,0,0,0,0,0
2024-01-24T18:00:00,19.088686,72.867919,11,VABB,,0.0,,2000,21.4,13.4,1014.4,0,0,0,0,0
2024-01-24T18:00:00,19.088686,72.867919,11,VABB,50,1.5,10000,2500,24.0,12.0,,0,0,0,0,0
2024-01-24T18:30:00,19.088686,72.867919,11,VABB,180,2.1,22000,2500,24.0,12.0,,0,0,0,0,0
2024-01-24T19:00:00,19.088686,72.867919,11,VABB,170,1.5,22000,2500,24.0,12.0,,0,0,0,0,0
2024-01-24T19:30:00,19.088686,72.867919,11,VABB,0,0.0,22000,2500,24.0,12.0,,0,0,0,0,0
2024-01-24T20:00:00,19.088686,72.867919,11,VABB,60,2.1,22000,2500,25.0,7.0,,0,0,0,0,0
2024-01-24T20:30:00,19.088686,72.867919,11,VABB,60,2.1,22000,2500,25.0,5.0,,0,0,0,0,0
2024-01-24T21:00:00,19.088686,72.867919,11,VABB,,0.0,,2000,18.6,,1013.6,0,0,0,0,0
2024-01-24T21:00:00,19.088686,72.867919,11,VABB,50,3.1,22000,2500,25.0,4.0,,0,0,0,0,0
2024-01-24T21:30:00,19.088686,72.867919,11,VABB,60,3.1,22000,2500,25.0,4.0,,0,0,0,0,0
2024-01-24T22:00:00,19.088686,72.867919,11,VABB,40,1.5,22000,2500,25.0,4.0,,0,0,0,0,0
2024-01-24T22:30:00,19.088686,72.867919,11,VABB,50,2.1,22000,2500,24.0,4.0,,0,0,0,0,0
2024-01-24T23:00:00,19.088686,72.867919,11,VABB,60,3.1,22000,2500,24.0,4.0,,0,0,0,0,0
2024-01-24T23:30:00,19.088686,72.867919,11,VABB,90,2.6,22000,2500,24.0,4.0,,0,0,0,0,0
2024-01-25T00:00:00,19.088686,72.867919,11,VABB,,0.0,,2000,21.4,4.2,1013.7,0,0,0,0,0
2024-01-25T00:00:00,19.088686,72.867919,11,VABB,110,2.1,22000,2500,24.0,4.0,,0,0,0,0,0
2024-01-25T00:30:00,19.088686,72.867919,11,VABB,80,1.5,22000,2500,23.0,4.0,,0,0,0,0,0
2024-01-25T01:00:00,19.088686,72.867919,11,VABB,80,2.1,22000,2500,23.0,4.0,,0,0,0,0,0
2024-01-25T01:30:00,19.088686,72.867919,11,VABB,90,3.1,22000,2500,23.0,5.0,,0,0,0,0,0
2024-01-25T02:00:00,19.088686,72.867919,11,VABB,90,2.6,22000,2500,23.0,5.0,,0,0,0,0,0
2024-01-25T02:30:00,19.088686,72.867919,11,VABB,90,2.1,22000,2200,23.0,5.0,,0,0,0,0,0
2024-01-25T03:00:00,19.088686,72.867919,11,VABB,,0.0,22000,2000,19.8,7.8,1016.4,0,0,0,0,0
2024-01-25T03:00:00,19.088686,72.867919,11,VABB,80,2.6,22000,2200,24.0,5.0,,0,0,0,0,0
2024-01-25T03:30:00,19.088686,72.867919,11,VABB,90,2.1,22000,2200,25.0,5.0,,0,0,0,0,0
2024-01-25T04:00:00,19.088686,72.867919,11,VABB,70,2.1,22000,2200,26.0,6.0,,0,0,0,0,0
2024-01-25T04:30:00,19.088686,72.867919,11,VABB,110,3.1,22000,2500,27.0,6.0,,0,0,0,0,0
2024-01-25T05:00:00,19.088686,72.867919,11,VABB,120,4.1,22000,2500,28.0,6.0,,0,0,0,0,0
2024-01-25T05:30:00,19.088686,72.867919,11,VABB,100,3.1,22000,2500,29.0,6.0,,0,0,0,0,0
2024-01-25T06:00:00,19.088686,72.867919,11,VABB,,0.0,,2000,29.6,7.5,1016.9,0,0,0,0,0
2024-01-25T06:00:00,19.088686,72.867919,11,VABB,80,3.1,22000,2500,30.0,6.0,,0,0,0,0,0
2024-01-25T06:30:00,19.088686,72.867919,11,VABB,70,2.6,22000,2500,30.0,5.0,,0,0,0,0,0
2024-01-25T07:00:00,19.088686,72.867919,11,VABB,50,3.1,22000,2500,31.0,7.0,,0,0,0,0,0
2024-01-25T07:30:00,19.088686,72.867919,11,VABB,60,3.1,22000,2500,30.0,5.0,,0,0,0,0,0
2024-01-25T08:00:00,19.088686,72.867919,11,VABB,0,0.0,22000,2500,31.0,5.0,,0,0,0,0,0
2024-01-25T08:30:00,19.088686,72.867919,11,VABB,290,3.1,22000,3000,30.0,8.0,,0,0,0,0,0
2024-01-25T09:00:00,19.088686,72.867919,11,VABB,320,1.5,,2000,31.4,12.1,1013.8,0,0,0,0,0
2024-01-25T09:00:00,19.088686,72.867919,11,VABB,280,3.1,22000,3000,31.0,11.0,,0,0,0,0,0
2024-01-25T09:30:00,19.088686,72.867919,11,VABB,270,3.6,22000,3000,31.0,11.0,,0,0,0,0,0
2024-01-25T10:00:00,19.088686,72.867919,11,VABB,260,3.6,22000,3000,30.0,13.0,,0,0,0,0,0
2024-01-25T10:30:00,19.088686,72.867919,11,VABB,270,3.6,22000,3000,30.0,11.0,,0,0,0,0,0
2024-01-25T11:00:00,19.088686,72.867919,11,VABB,290,3.6,22000,3000,30.0,10.0,,0,0,0,0,0
2024-01-25T11:30:00,19.088686,72.867919,11,VABB,320,4.1,22000,3000,30.0,11.0,,0,0,0,0,0
2024-01-25T12:00:00,19.088686,72.867919,11,VABB,360,1.5,22000,2000,28.8,12.9,1013.5,0,0,0,0,0
2024-01-25T12:00:00,19.088686,72.867919,11,VABB,300,3.6,22000,3000,29.0,12.0,,0,0,0,0,0
2024-01-25T12:30:00,19.088686,72.867919,11,VABB,290,3.1,2000,3000,28.0,11.0,,0,0,0,0,0
2024-01-25T13:00:00,19.088686,72.867919,11,VABB,280,3.1,10000,3000,28.0,12.0,,0,0,0,0,0
2024-01-25T13:30:00,19.088686,72.867919,11,VABB,330,3.1,10000,3000,27.0,11.0,,0,0,0,0,0
2024-01-25T14:00:00,19.088686,72.867919,11,VABB,330,2.1,10000,2500,27.0,10.0,,0,0,0,0,0
2024-01-25T14:30:00,19.088686,72.867919,11,VABB,20,3.1,10000,2500,27.0,10.0,,0,0,0,0,0
2024-01-25T15:00:00,19.088686,72.867919,11,VABB,,0.0,,2000,25.6,12.5,1015.0,0,0,0,0,0
2024-01-25T15:00:00,19.088686,72.867919,11,VABB,0,0.0,10000,2500,26.0,10.0,,0,0,0,0,0
2024-01-25T15:30:00,19.088686,72.867919,11,VABB,0,0.0,22000,2500,26.0,10.0,,0,0,0,0,0
2024-01-25T16:00:00,19.088686,72.867919,11,VABB,0,0.0,22000,2500,26.0,10.0,,0,0,0,0,0
2024-01-25T16:30:00,19.088686,72.867919,11,VABB,0,0.0,22000,2500,26.0,11.0,,0,0,0,0,0
2024-01-25T17:00:00,19.088686,72.867919,11,VABB,140,2.1,22000,2500,26.0,9.0,,0,0,0,0,0
2024-01-25T17:30:00,19.088686,72.867919,11,VABB,0,0.0,22000,2500,26.0,10.0,,0,0,0,0,0
2024-01-25T18:00:00,19.088686,72.867919,11,VABB,,0.0,,2000,21.0,12.1,1016.0,0,0,0,0,0
2024-01-25T18:00:00,19.088686,72.867919,11,VABB,110,3.1,22000,2500,25.0,10.0,,0,0,0,0,0
2024-01-25T18:30:00,19.088686,72.867919,11,VABB,130,1.5,22000,2500,25.0,11.0,,0,0,0,0,0
2024-01-25T19:00:00,19.088686,72.867919,11,VABB,150,2.6,22000,2500,25.0,11.0,,0,0,0,0,0
2024-01-25T19:30:00,19.088686,72.867919,11,VABB,110,2.1,22000,2500,25.0,11.0,,0,0,0,0,0
2024-01-25T20:00:00,19.088686,72.867919,11,VABB,0,0.0,22000,2500,24.0,12.0,,0,0,0,0,0
2024-01-25T20:30:00,19.088686,72.867919,11,VABB,90,1.5,22000,2500,24.0,11.0,,0,0,0,0,0
2024-01-25T21:00:00,19.088686,72.867919,11,VABB,,0.0,,2000,19.0,12.2,1014.9,0,0,0,0,0
2024-01-25T21:00:00,19.088686,72.867919,11,VABB,0,0.0,22000,2500,23.0,10.0,,0,0,0,0,0
2024-01-25T21:30:00,19.088686,72.867919,11,VABB,200,2.1,22000,2500,24.0,11.0,,0,0,0,0,0
2024-01-25T22:00:00,19.088686,72.867919,11,VABB,0,0.0,22000,2500,23.0,12.0,,0,0,0,0,0
2024-01-25T22:30:00,19.088686,72.867919,11,VABB,0,0.0,22000,2500,21.0,12.0,,0,0,0,0,0
2024-01-25T23:00:00,19.088686,72.867919,11,VABB,170,1.5,22000,2500,22.0,11.0,,0,0,0,0,0
2024-01-25T23:30:00,19.088686,72.867919,11,VABB,180,1.5,22000,2500,23.0,11.0,,0,0,0,0,0
2024-01-26T00:00:00,19.088686,72.867919,11,VABB,,0.0,,2000,17.6,12.6,1014.3,0,0,0,0,0
2024-01-26T00:00:00,19.088686,72.867919,11,VABB,0,0.0,22000,2500,22.0,9.0,,0,0,0,0,0
2024-01-26T00:30:00,19.088686,72.867919,11,VABB,90,1.5,22000,2500,23.0,10.0,,0,0,0,0,0
2024-01-26T01:00:00,19.088686,72.867919,11,VABB,180,1.5,22000,2500,23.0,10.0,,0,0,0,0,0
2024-01-26T01:30:00,19.088686,72.867919,11,VABB,170,2.1,22000,2500,23.0,10.0,,0,0,0,0,0
2024-01-26T02:00:00,19.088686,72.867919,11,VABB,160,2.1,10000,2500,23.0,10.0,,0,0,0,0,0
2024-01-26T02:30:00,19.088686,72.867919,11,VABB,0,0.0,10000,2100,24.0,9.0,,0,0,0,0,0
2024-01-26T03:00:00,19.088686,72.867919,11,VABB,,0.0,22000,2000,17.4,12.4,1017.0,0,0,0,0,0
2024-01-26T03:00:00,19.088686,72.867919,11,VABB,110,2.1,10000,1800,24.0,9.0,,0,0,0,0,0
2024-01-26T03:30:00,19.088686,72.867919,11,VABB,90,1.5,10000,1800,25.0,9.0,,0,0,0,0,0
2024-01-26T04:00:00,19.088686,72.867919,11,VABB,110,1.5,10000,2100,26.0,10.0,,0,0,0,0,0
2024-01-26T04:30:00,19.088686,72.867919,11,VABB,140,2.1,10000,2100,27.0,8.0,,0,0,0,0,0
2024-01-26T05:00:00,19.088686,72.867919,11,VABB,130,2.6,10000,2100,27.0,8.0,,0,0,0,0,0
2024-01-26T05:30:00,19.088686,72.867919,11,VABB,120,3.1,10000,2100,30.0,8.0,,0,0,0,0,0
2024-01-26T06:00:00,19.088686,72.867919,11,VABB,,0.0,22000,2000,30.2,13.1,1017.9,0,0,0,0,0
2024-01-26T06:00:00,19.088686,72.867919,11,VABB,140,1.5,10000,2500,29.0,8.0,,0,0,0,0,0
2024-01-26T06:30:00,19.088686,72.867919,11,VABB,130,3.6,10000,2500,31.0,9.0,,0,0,0,0,0
2024-01-26T07:00:00,19.088686,72.867919,11,VABB,40,2.1,10000,2500,32.0,9.0,,0,0,0,0,0
2024-01-26T07:30:00,19.088686,72.867919,11,VABB,150,2.1,10000,2500,32.0,9.0,,0,0,0,0,0
2024-01-26T08:00:00,19.088686,72.867919,11,VABB,250,2.1,10000,2500,33.0,9.0,,0,0,0,0,0
2024-01-26T08:30:00,19.088686,72.867919,11,VABB,250,4.1,10000,2500,33.0,12.0,,0,0,0,0,0
2024-01-26T09:00:00,19.088686,72.867919,11,VABB,320,1.5,22000,2000,32.4,12.5,1014.6,0,0,0,0,0
2024-01-26T09:00:00,19.088686,72.867919,11,VABB,260,4.6,10000,2500,32.0,13.0,,0,0,0,0,0
2024-01-26T09:30:00,19.088686,72.867919,11,VABB,270,5.1,10000,2500,32.0,12.0,,0,0,0,0,0
2024-01-26T10:00:00,19.088686,72.867919,11,VABB,260,5.1,10000,3000,31.0,12.0,,0,0,0,0,0
2024-01-26T10:30:00,19.088686,72.867919,11,VABB,300,3.1,10000,3000,31.0,13.0,,0,0,0,0,0
2024-01-26T11:00:00,19.088686,72.867919,11,VABB,280,4.6,10000,3000,30.0,13.0,,0,0,0,0,0
2024-01-26T11:30:00,19.088686,72.867919,11,VABB,320,3.1,10000,3000,31.0,12.0,,0,0,0,0,0
2024-01-26T12:00:00,19.088686,72.867919,11,VABB,320,1.5,22000,2000,29.4,14.6,1014.6,0,0,0,0,0
2024-01-26T12:00:00,19.088686,72.867919,11,VABB,300,4.1,10000,3000,30.0,14.0,,0,0,0,0,0
2024-01-26T12:30:00,19.088686,72.867919,11,VABB,300,3.6,10000,2500,29.0,14.0,,0,0,0,0,0
2024-01-26T13:00:00,19.088686,72.867919,11,VABB,320,2.6,10000,2500,28.0,15.0,,0,0,0,0,0
2024-01-26T13:30:00,19.088686,72.867919,11,VABB,320,1.5,10000,2500,28.0,14.0,,0,0,0,0,0
2024-01-26T14:00:00,19.088686,72.867919,11,VABB,320,2.1,10000,2500,27.0,12.0,,0,0,0,0,0
2024-01-26T14:30:00,19.088686,72.867919,11,VABB,340,2.1,10000,2500,27.0,12.0,,0,0,0,0,0
2024-01-26T15:00:00,19.088686,72.867919,11,VABB,,0.0,,2000,25.2,12.8,1016.6,0,0,0,0,0
2024-01-26T15:00:00,19.088686,72.867919,11,VABB,300,2.1,10000,2500,27.0,12.0,,0,0,0,0,0
2024-01-26T15:30:00,19.088686,72.867919,11,VABB,340,2.1,10000,2500,27.0,13.0,,0,0,0,0,0
2024-01-26T16:00:00,19.088686,72.867919,11,VABB,40,2.1,10000,2500,27.0,13.0,,0,0,0,0,0
2024-01-26T16:02:00,19.088686,72.867919,11,VABB,40,2.1,10000,2500,27.0,13.0,,0,0,0,0,0
2024-01-26T16:30:00,19.088686,72.867919,11,VABB,50,1.5,10000,2500,27.0,13.0,,0,0,0,0,0
2024-01-26T17:00:00,19.088686,72.867919,11,VABB,160,1.5,10000,2500,27.0,13.0,,0,0,0,0,0
2024-01-26T17:30:00,19.088686,72.867919,11,VABB,110,2.1,10000,2500,26.0,12.0,,0,0,0,0,0
2024-01-26T18:00:00,19.088686,72.867919,11,VABB,,0.0,,2000,22.2,15.2,1017.3,0,0,0,0,0
2024-01-26T18:00:00,19.088686,72.867919,11,VABB,110,1.5,10000,2500,25.0,11.0,,0,0,0,0,0
2024-01-26T18:30:00,19.088686,72.867919,11,VABB,110,1.5,10000,2500,25.0,11.0,,0,0,0,0,0
2024-01-26T19:00:00,19.088686,72.867919,11,VABB,80,2.1,22000,2500,26.0,11.0,,0,0,0,0,0
2024-01-26T19:30:00,19.088686,72.867919,11,VABB,50,3.6,22000,2500,27.0,10.0,,0,0,0,0,0
2024-01-26T20:00:00,19.088686,72.867919,11,VABB,60,2.6,22000,2500,26.0,10.0,,0,0,0,0,0
2024-01-26T20:30:00,19.088686,72.867919,11,VABB,0,0.0,22000,2500,26.0,10.0,,0,0,0,0,0
2024-01-26T21:00:00,19.088686,72.867919,11,VABB,,0.0,,2000,20.6,13.3,1016.3,0,0,0,0,0
2024-01-26T21:00:00,19.088686,72.867919,11,VABB,40,2.6,22000,2500,26.0,10.0,,0,0,0,0,0
2024-01-26T21:30:00,19.088686,72.867919,11,VABB,40,2.1,22000,2500,26.0,10.0,,0,0,0,0,0
2024-01-26T22:00:00,19.088686,72.867919,11,VABB,80,1.5,22000,2500,25.0,10.0,,0,0,0,0,0
2024-01-26T22:30:00,19.088686,72.867919,11,VABB,0,0.0,22000,2500,25.0,10.0,,0,0,0,0,0
2024-01-26T23:00:00,19.088686,72.867919,11,VABB,170,1.5,22000,2500,24.0,11.0,,0,0,0,0,0
2024-01-26T23:30:00,19.088686,72.867919,11,VABB,150,2.1,22000,2500,25.0,10.0,,0,0,0,0,0
2024-01-27T00:00:00,19.088686,72.867919,11,VABB,,0.0,,2000,19.2,13.2,1015.0,0,0,0,0,0
2024-01-27T00:00:00,19.088686,72.867919,11,VABB,160,2.1,22000,2500,25.0,10.0,,0,0,0,0,0
2024-01-27T00:30:00,19.088686,72.867919,11,VABB,140,1.5,22000,2500,25.0,10.0,,0,0,0,0,0
2024-01-27T01:00:00,19.088686,72.867919,11,VABB,200,2.1,22000,2500,25.0,10.0,,0,0,0,0,0
2024-01-27T01:30:00,19.088686,72.867919,11,VABB,200,1.5,22000,2500,25.0,9.0,,0,0,0,0,0
2024-01-27T02:00:00,19.088686,72.867919,11,VABB,120,2.1,22000,2500,26.0,9.0,,0,0,0,0,0
2024-01-27T02:30:00,19.088686,72.867919,11,VABB,140,2.6,22000,2500,24.0,9.0,,0,0,0,0,0
2024-01-27T03:00:00,19.088686,72.867919,11,VABB,,0.0,22000,2000,21.0,12.1,1016.8,0,0,0,0,0
2024-01-27T03:00:00,19.088686,72.867919,11,VABB,100,2.6,22000,2500,24.0,9.0,,0,0,0,0,0
2024-01-27T03:30:00,19.088686,72.867919,11,VABB,80,2.6,22000,2500,26.0,10.0,,0,0,0,0,0
2024-01-27T04:00:00,19.088686,72.867919,11,VABB,100,2.6,22000,2500,27.0,10.0,,0,0,0,0,0
2024-01-27T04:30:00,19.088686,72.867919,11,VABB,100,2.1,22000,2500,29.0,11.0,,0,0,0,0,0
2024-01-27T05:00:00,19.088686,72.867919,11,VABB,30,2.6,22000,2500,30.0,10.0,,0,0,0,0,0
2024-01-27T05:30:00,19.088686,72.867919,11,VABB,50,2.1,22000,2500,30.0,10.0,,0,0,0,0,0
2024-01-27T06:00:00,19.088686,72.867919,11,VABB,50,1.5,,2000,31.8,11.7,1017.6,0,0,0,0,0
2024-01-27T06:00:00,19.088686,72.867919,11,VABB,60,2.6,22000,2500,30.0,10.0,,0,0,0,0,0
2024-01-27T06:30:00,19.088686,72.867919,11,VABB,20,2.1,22000,2500,32.0,11.0,,0,0,0,0,0
2024-01-27T07:00:00,19.088686,72.867919,11,VABB,40,3.1,22000,3000,32.0,11.0,,0,0,0,0,0
2024-01-27T07:30:00,19.088686,72.867919,11,VABB,50,1.5,22000,3000,33.0,10.0,,0,0,0,0,0
2024-01-27T08:00:00,19.088686,72.867919,11,VABB,50,1.5,22000,3000,34.0,10.0,,0,0,0,0,0
2024-01-27T08:30:00,19.088686,72.867919,11,VABB,260,5.7,22000,3000,32.0,15.0,,0,0,0,0,0
2024-01-27T09:00:00,19.088686,72.867919,11,VABB,,0.0,,2000,32.8,16.8,1014.6,0,0,0,0,0
2024-01-27T09:00:00,19.088686,72.867919,11,VABB,240,5.7,22000,3000,32.0,15.0,,0,0,0,0,0
2024-01-27T09:30:00,19.088686,72.867919,11,VABB,270,4.6,22000,3000,32.0,13.0,,0,0,0,0,0
2024-01-27T10:00:00,19.088686,72.867919,11,VABB,150,1.5,22000,3000,32.0,13.0,,0,0,0,0,0
2024-01-27T10:30:00,19.088686,72.867919,11,VABB,270,4.6,22000,3000,32.0,14.0,,0,0,0,0,0
2024-01-27T11:00:00,19.088686,72.867919,11,VABB,270,4.1,22000,3000,32.0,13.0,,0,0,0,0,0
2024-01-27T11:30:00,19.088686,72.867919,11,VABB,310,3.6,22000,3000,32.0,10.0,,0,0,0,0,0
2024-01-27T12:00:00,19.088686,72.867919,11,VABB,,0.0,,2000,31.4,12.6,1013.9,0,0,0,0,0
2024-01-27T12:00:00,19.088686,72.867919,11,VABB,320,3.6,22000,3000,32.0,10.0,,0,0,0,0,0
2024-01-27T12:30:00,19.088686,72.867919,11,VABB,330,2.1,22000,3000,30.0,11.0,,0,0,0,0,0
2024-01-27T13:00:00,19.088686,72.867919,11,VABB,280,3.1,22000,3000,30.0,13.0,,0,0,0,0,0
2024-01-27T14:00:00,19.088686,72.867919,11,VABB,320,1.5,22000,3000,28.0,12.0,,0,0,0,0,0
2024-01-27T14:30:00,19.088686,72.867919,11,VABB,320,1.5,22000,3000,28.0,13.0,,0,0,0,0,0
2024-01-27T15:00:00,19.088686,72.867919,11,VABB,,0.0,,2000,27.0,13.1,1015.8,0,0,0,0,0
2024-01-27T15:00:00,19.088686,72.867919,11,VABB,360,2.1,22000,3000,29.0,12.0,,0,0,0,0,0
2024-01-27T15:30:00,19.088686,72.867919,11,VABB,340,2.1,22000,3000,28.0,11.0,,0,0,0,0,0
2024-01-27T16:00:00,19.088686,72.867919,11,VABB,20,1.5,22000,3000,28.0,10.0,,0,0,0,0,0
2024-01-27T16:30:00,19.088686,72.867919,11,VABB,0,0.0,22000,3000,28.0,11.0,,0,0,0,0,0
2024-01-27T17:00:00,19.088686,72.867919,11,VABB,80,3.1,22000,3000,28.0,10.0,,0,0,0,0,0
2024-01-27T17:30:00,19.088686,72.867919,11,VABB,50,1.5,22000,3000,28.0,9.0,,0,0,0,0,0
2024-01-27T18:00:00,19.088686,72.867919,11,VABB,,0.0,,2000,23.2,12.8,1016.9,0,0,0,0,0
2024-01-27T18:00:00,19.088686,72.867919,11,VABB,120,1.5,22000,3000,28.0,7.0,,0,0,0,0,0
2024-01-27T18:30:00,19.088686,72.867919,11,VABB,0,0.0,22000,3000,27.0,8.0,,0,0,0,0,0
2024-01-27T19:00:00,19.088686,72.867919,11,VABB,0,0.0,22000,3000,27.0,8.0,,0,0,0,0,0
2024-01-27T19:30:00,19.088686,72.867919,11,VABB,0,0.0,22000,3000,26.0,11.0,,0,0,0,0,0
2024-01-27T20:00:00,19.088686,72.867919,11,VABB,0,0.0,22000,3000,25.0,10.0,,0,0,0,0,0
2024-01-27T20:30:00,19.088686,72.867919,11,VABB,0,0.0,22000,3000,25.0,10.0,,0,0,0,0,0
2024-01-27T21:00:00,19.088686,72.867919,11,VABB,,0.0,,2000,20.2,12.4,1015.3,0,0,0,0,0
2024-01-27T21:00:00,19.088686,72.867919,11,VABB,120,1.5,22000,2500,27.0,8.0,,0,0,0,0,0
2024-01-27T21:30:00,19.088686,72.867919,11,VABB,0,0.0,22000,2500,25.0,9.0,,0,0,0,0,0
2024-01-27T22:00:00,19.088686,72.867919,11,VABB,0,0.0,22000,2500,23.0,10.0,,0,0,0,0,0
2024-01-27T23:30:00,19.088686,72.867919,11,VABB,220,1.5,22000,2500,25.0,8.0,,0,0,0,0,0
2024-01-28T00:00:00,19.088686,72.867919,11,VABB,,0.0,,2000,19.0,13.8,1014.7,0,0,0,0,0
2024-01-28T00:00:00,19.088686,72.867919,11,VABB,0,0.0,22000,2500,24.0,10.0,,0,0,0,0,0
2024-01-28T00:30:00,19.088686,72.867919,11,VABB,200,1.5,22000,2500,24.0,10.0,,0,0,0,0,0
2024-01-28T01:00:00,19.088686,72.867919,11,VABB,0,0.0,22000,2500,24.0,8.0,,0,0,0,0,0
2024-01-28T01:30:00,19.088686,72.867919,11,VABB,0,0.0,10000,2100,23.0,9.0,,0,0,0,0,0
2024-01-28T02:00:00,19.088686,72.867919,11,VABB,0,0.0,10000,1800,24.0,10.0,,0,0,0,0,0
2024-01-28T02:30:00,19.088686,72.867919,11,VABB,130,2.6,10000,1800,24.0,12.0,,0,0,0,0,0
2024-01-28T03:00:00,19.088686,72.867919,11,VABB,,0.0,,2000,18.8,13.9,1016.5,0,0,0,0,0
2024-01-28T03:00:00,19.088686,72.867919,11,VABB,120,3.1,22000,1800,25.0,11.0,,0,0,0,0,0
2024-01-28T03:30:00,19.088686,72.867919,11,VABB,80,1.5,22000,1800,26.0,11.0,,0,0,0,0,0
2024-01-28T04:00:00,19.088686,72.867919,11,VABB,140,2.6,22000,2100,28.0,12.0,,0,0,0,0,0
2024-01-28T04:30:00,19.088686,72.867919,11,VABB,110,1.5,22000,2100,28.0,11.0,,0,0,0,0,0
2024-01-28T05:00:00,19.088686,72.867919,11,VABB,100,3.1,22000,2200,32.0,10.0,,0,0,0,0,0
2024-01-28T05:30:00,19.088686,72.867919,11,VABB,130,2.1,22000,2500,32.0,8.0,,0,0,0,0,0
2024-01-28T06:00:00,19.088686,72.867919,11,VABB,70,1.5,,2000,33.2,13.9,1017.1,0,0,0,0,0
2024-01-28T06:00:00,19.088686,72.867919,11,VABB,40,2.6,22000,2500,33.0,6.0,,0,0,0,0,0
2024-01-28T06:30:00,19.088686,72.867919,11,VABB,110,2.1,22000,3000,33.0,8.0,,0,0,0,0,0
2024-01-28T07:00:00,19.088686,72.867919,11,VABB,10,2.1,22000,3000,34.0,8.0,,0,0,0,0,0
2024-01-28T07:30:00,19.088686,72.867919,11,VABB,260,5.7,22000,3000,33.0,12.0,,0,0,0,0,0
2024-01-28T08:00:00,19.088686,72.867919,11,VABB,270,5.7,22000,3000,33.0,10.0,,0,0,0,0,0
2024-01-28T08:30:00,19.088686,72.867919,11,VABB,320,4.1,22000,3000,32.0,8.0,,0,0,0,0,0
2024-01-28T09:00:00,19.088686,72.867919,11,VABB,320,1.5,,2000,32.8,6.8,1014.0,0,0,0,0,0
2024-01-28T09:00:00,19.088686,72.867919,11,VABB,320,4.6,22000,3000,33.0,6.0,,0,0,0,0,0
2024-01-28T09:30:00,19.088686,72.867919,11,VABB,320,4.1,22000,3000,32.0,6.0,,0,0,0,0,0
2024-01-28T10:00:00,19.088686,72.867919,11,VABB,330,3.6,22000,3000,32.0,7.0,,0,0,0,0,0
2024-01-28T10:30:00,19.088686,72.867919,11,VABB,290,4.1,22000,3000,32.0,7.0,,0,0,0,0,0
2024-01-28T11:00:00,19.088686,72.867919,11,VABB,300,4.6,22000,3500,32.0,8.0,,0,0,0,0,0
2024-01-28T11:30:00,19.088686,72.867919,11,VABB,320,3.6,22000,4000,32.0,7.0,,0,0,0,0,0
2024-01-28T12:00:00,19.088686,72.867919,11,VABB,320,2.1,,2000,30.6,7.6,1013.8,0,0,0,0,0
2024-01-28T12:00:00,19.088686,72.867919,11,VABB,320,4.1,22000,4000,31.0,6.0,,0,0,0,0,0
2024-01-28T12:30:00,19.088686,72.867919,11,VABB,310,5.7,22000,4000,31.0,6.0,,0,0,0,0,0
2024-01-28T13:00:00,19.088686,72.867919,11,VABB,330,3.6,22000,3500,30.0,8.0,,0,0,1,0,0
2024-01-28T13:30:00,19.088686,72.867919,11,VABB,350,3.6,22000,3000,29.0,9.0,,0,0,0,0,0
2024-01-28T14:00:00,19.088686,72.867919,11,VABB,310,3.6,22000,3000,29.0,9.0,,0,0,0,0,0
2024-01-28T14:30:00,19.088686,72.867919,11,VABB,330,3.1,22000,3000,28.0,9.0,,0,0,0,0,0
2024-01-28T15:00:00,19.088686,72.867919,11,VABB,360,2.1,,2000,27.4,9.4,1015.5,0,0,0,0,0
2024-01-28T15:00:00,19.088686,72.867919,11,VABB,310,2.6,22000,3000,28.0,9.0,,0,0,0,0,0
2024-01-28T15:30:00,19.088686,72.867919,11,VABB,10,3.1,22000,3000,28.0,8.0,,0,0,0,0,0
2024-01-28T16:00:00,19.088686,72.867919,11,VABB,10,2.6,22000,3000,28.0,8.0,,0,0,0,0,0
2024-01-28T16:30:00,19.088686,72.867919,11,VABB,50,2.6,22000,3000,28.0,7.0,,0,0,0,0,0
2024-01-28T17:00:00,19.088686,72.867919,11,VABB,50,2.6,22000,3000,29.0,5.0,,0,0,0,0,0
2024-01-28T17:30:00,19.088686,72.867919,11,VABB,150,1.5,22000,3000,28.0,5.0,,0,0,0,0,0
2024-01-28T18:00:00,19.088686,72.867919,11,VABB,,0.0,,2000,23.6,9.7,1016.4,0,0,0,0,0
2024-01-28T18:00:00,19.088686,72.867919,11,VABB,140,2.6,22000,3000,27.0,6.0,,0,0,0,0,0
2024-01-28T18:30:00,19.088686,72.867919,11,VABB,90,2.6,22000,3000,27.0,5.0,,0,0,0,0,0
2024-01-28T19:00:00,19.088686,72.867919,11,VABB,130,3.6,22000,3000,27.0,6.0,,0,0,0,0,0
2024-01-28T19:30:00,19.088686,72.867919,11,VABB,140,1.5,22000,3000,27.0,6.0,,0,0,0,0,0
2024-01-28T20:00:00,19.088686,72.867919,11,VABB,0,0.0,22000,2500,26.0,7.0,,0,0,0,0,0
2024-01-28T20:30:00,19.088686,72.867919,11,VABB,0,0.0,22000,2500,25.0,8.0,,0,0,0,0,0
2024-01-28T21:00:00,19.088686,72.867919,11,VABB,,0.0,,2000,21.0,10.8,1015.4,0,0,0,0,0
2024-01-28T21:00:00,19.088686,72.867919,11,VABB,340,2.1,22000,2500,26.0,9.0,,0,0,0,0,0
2024-01-28T21:30:00,19.088686,72.867919,11,VABB,30,2.6,22000,2500,26.0,9.0,,0,0,0,0,0
2024-01-28T22:00:00,19.088686,72.867919,11,VABB,40,1.5,22000,2500,25.0,9.0,,0,0,0,0,0
2024-01-28T22:30:00,19.088686,72.867919,11,VABB,270,2.1,22000,2500,25.0,9.0,,0,0,0,0,0
2024-01-28T23:00:00,19.088686,72.867919,11,VABB,0,0.0,22000,2500,25.0,9.0,,0,0,0,0,0
2024-01-28T23:30:00,19.088686,72.867919,11,VABB,0,0.0,22000,2500,25.0,8.0,,0,0,0,0,0
2024-01-29T00:00:00,19.088686,72.867919,11,VABB,,0.0,,2000,20.0,12.2,1014.5,0,0,0,0,0
2024-01-29T00:00:00,19.088686,72.867919,11,VABB,,1.5,22000,2500,25.0,8.0,,0,0,0,1,0
2024-01-29T00:30:00,19.088686,72.867919,11,VABB,0,0.0,22000,2500,24.0,9.0,,0,0,0,0,0
2024-01-29T01:00:00,19.088686,72.867919,11,VABB,0,0.0,22000,2500,24.0,9.0,,0,0,0,0,0
2024-01-29T01:30:00,19.088686,72.867919,11,VABB,,1.5,22000,2500,24.0,9.0,,0,0,0,1,0
2024-01-29T02:00:00,19.088686,72.867919,11,VABB,160,2.6,22000,2100,24.0,9.0,,0,0,0,0,0
2024-01-29T02:30:00,19.088686,72.867919,11,VABB,180,2.1,22000,1800,24.0,9.0,,0,0,0,0,0
2024-01-29T03:00:00,19.088686,72.867919,11,VABB,,0.0,,2000,19.8,13.9,1016.8,0,0,0,0,0
2024-01-29T03:00:00,19.088686,72.867919,11,VABB,150,2.6,22000,1600,24.0,10.0,,0,0,0,0,0
2024-01-29T03:30:00,19.088686,72.867919,11,VABB,190,2.6,22000,1400,25.0,10.0,,0,0,0,0,0
2024-01-29T04:00:00,19.088686,72.867919,11,VABB,200,2.1,22000,1400,27.0,10.0,,0,0,0,0,0
2024-01-29T04:30:00,19.088686,72.867919,11,VABB,20,2.1,22000,1800,29.0,6.0,,0,0,0,0,0
2024-01-29T05:00:00,19.088686,72.867919,11,VABB,30,2.1,22000,2100,31.0,7.0,,0,0,0,0,0
2024-01-29T05:30:00,19.088686,72.867919,11,VABB,50,2.6,22000,2100,31.0,6.0,,0,0,0,0,0
2024-01-29T06:00:00,19.088686,72.867919,11,VABB,320,1.5,22000,2000,30.4,15.1,1017.5,0,0,0,0,0
2024-01-29T06:00:00,19.088686,72.867919,11,VABB,290,3.6,22000,2100,31.0,10.0,,0,0,0,0,0
2024-01-29T06:30:00,19.088686,72.867919,11,VABB,290,3.1,22000,2500,32.0,10.0,,0,0,0,0,0
2024-01-29T07:00:00,19.088686,72.867919,11,VABB,10,5.7,22000,2500,32.0,8.0,,0,0,0,0,0
2024-01-29T07:30:00,19.088686,72.867919,11,VABB,350,3.1,22000,2500,32.0,9.0,,0,0,0,0,0
2024-01-29T08:00:00,19.088686,72.867919,11,VABB,20,3.6,22000,3000,32.0,8.0,,0,0,0,0,0
2024-01-29T08:30:00,19.088686,72.867919,11,VABB,310,5.1,22000,3000,32.0,8.0,,0,0,0,0,0
2024-01-29T09:00:00,19.088686,72.867919,11,VABB,320,2.1,,2000,32.0,12.0,1014.3,0,0,0,0,0
2024-01-29T09:00:00,19.088686,72.867919,11,VABB,280,5.1,22000,3000,32.0,12.0,,0,0,0,0,0
2024-01-29T09:30:00,19.088686,72.867919,11,VABB,310,3.6,22000,3000,32.0,12.0,,0,0,0,0,0
2024-01-29T10:00:00,19.088686,72.867919,11,VABB,320,4.6,22000,3500,32.0,11.0,,0,0,0,0,0
2024-01-29T10:30:00,19.088686,72.867919,11,VABB,310,5.1,22000,3500,31.0,12.0,,0,0,0,0,0
2024-01-29T11:00:00,19.088686,72.867919,11,VABB,330,5.7,22000,4000,31.0,12.0,,0,0,0,0,0
2024-01-29T11:30:00,19.088686,72.867919,11,VABB,320,4.6,22000,4000,31.0,12.0,,0,0,0,0,0
2024-01-29T12:00:00,19.088686,72.867919,11,VABB,360,3.1,22000,2000,30.0,12.3,1013.7,0,0,0,0,0
2024-01-29T12:00:00,19.088686,72.867919,11,VABB,320,4.1,22000,4000,30.0,12.0,,0,0,0,0,0
2024-01-29T12:30:00,19.088686,72.867919,11,VABB,330,4.6,22000,4000,30.0,12.0,,0,0,0,0,0
2024-01-29T13:00:00,19.088686,72.867919,11,VABB,330,4.6,22000,4000,29.0,12.0,,0,0,0,0,0
2024-01-29T13:30:00,19.088686,72.867919,11,VABB,330,4.6,22000,3000,29.0,12.0,,0,0,0,0,0
2024-01-29T14:00:00,19.088686,72.867919,11,VABB,10,4.1,22000,3000,29.0,11.0,,0,0,0,0,0
2024-01-29T14:30:00,19.088686,72.867919,11,VABB,340,4.1,22000,3000,29.0,11.0,,0,0,0,0,0
2024-01-29T15:00:00,19.088686,72.867919,11,VABB,360,2.1,,2000,27.4,11.8,1015.3,0,0,0,0,0
2024-01-29T15:00:00,19.088686,72.867919,11,VABB,340,3.6,22000,3000,29.0,12.0,,0,0,0,0,0
2024-01-29T15:30:00,19.088686,72.867919,11,VABB,360,3.6,22000,3000,28.0,12.0,,0,0,0,0,0
2024-01-29T16:00:00,19.088686,72.867919,11,VABB,0,0.0,22000,2500,27.0,13.0,,0,0,0,0,0
2024-01-29T16:30:00,19.088686,72.867919,11,VABB,20,2.6,22000,2500,27.0,13.0,,0,0,0,0,0
2024-01-29T17:00:00,19.088686,72.867919,11,VABB,80,2.6,22000,2500,27.0,13.0,,0,0,0,0,0
2024-01-29T17:30:00,19.088686,72.867919,11,VABB,70,2.1,22000,2500,27.0,14.0,,0,0,0,0,0
2024-01-29T18:00:00,19.088686,72.867919,11,VABB,,0.0,,2000,24.4,14.3,1016.0,0,0,0,0,0
2024-01-29T18:00:00,19.088686,72.867919,11,VABB,20,2.6,22000,2500,26.0,14.0,,0,0,0,0,0
2024-01-29T18:30:00,19.088686,72.867919,11,VABB,360,3.1,22000,2200,26.0,12.0,,0,0,0,0,0
2024-01-29T19:00:00,19.088686,72.867919,11,VABB,10,3.1,22000,2200,26.0,11.0,,0,0,0,0,0
2024-01-29T19:30:00,19.088686,72.867919,11,VABB,350,2.1,22000,2200,26.0,10.0,,0,0,0,0,0
2024-01-29T20:00:00,19.088686,72.867919,11,VABB,10,1.5,22000,2200,26.0,11.0,,0,0,0,0,0
2024-01-29T20:30:00,19.088686,72.867919,11,VABB,130,1.5,22000,2200,25.0,11.0,,0,0,0,0,0
2024-01-29T21:00:00,19.088686,72.867919,11,VABB,,0.0,,2000,21.0,13.7,1014.0,0,0,0,0,0
2024-01-29T21:00:00,19.088686,72.867919,11,VABB,0,0.0,22000,2200,25.0,11.0,,0,0,0,0,0
2024-01-29T21:30:00,19.088686,72.867919,11,VABB,0,0.0,22000,2200,25.0,12.0,,0,0,0,0,0
2024-01-29T22:00:00,19.088686,72.867919,11,VABB,230,1.5,22000,2200,25.0,12.0,,0,0,0,0,0
2024-01-29T22:30:00,19.088686,72.867919,11,VABB,0,0.0,22000,2200,23.0,13.0,,0,0,0,0,0
2024-01-29T23:00:00,19.088686,72.867919,11,VABB,30,2.6,22000,2200,24.0,13.0,,0,0,0,0,0
2024-01-29T23:30:00,19.088686,72.867919,11,VABB,20,2.1,22000,2200,25.0,12.0,,0,0,0,0,0
2024-01-30T00:00:00,19.088686,72.867919,11,VABB,,0.0,,2000,19.6,14.5,1013.8,0,0,0,0,0
2024-01-30T00:00:00,19.088686,72.867919,11,VABB,330,1.5,22000,2200,24.0,12.0,,0,0,0,0,0
2024-01-30T00:30:00,19.088686,72.867919,11,VABB,0,0.0,22000,2200,23.0,12.0,,0,0,0,0,0
2024-01-30T01:00:00,19.088686,72.867919,11,VABB,40,2.1,22000,2100,24.0,12.0,,0,0,0,0,0
2024-01-30T01:30:00,19.088686,72.867919,11,VABB,160,1.5,10000,2100,24.0,13.0,,0,0,0,0,0
2024-01-30T02:00:00,19.088686,72.867919,11,VABB,0,0.0,10000,2100,24.0,13.0,,0,0,0,0,0
2024-01-30T02:30:00,19.088686,72.867919,11,VABB,30,1.5,10000,1800,24.0,13.0,,0,0,0,0,0
2024-01-30T03:00:00,19.088686,72.867919,11,VABB,,0.0,22000,2000,19.6,14.5,1015.9,0,0,0,0,0
2024-01-30T03:00:00,19.088686,72.867919,11,VABB,30,2.1,22000,1700,24.0,12.0,,0,0,0,0,0
2024-01-30T03:30:00,19.088686,72.867919,11,VABB,0,0.0,22000,1700,25.0,13.0,,0,0,0,0,0
2024-01-30T04:00:00,19.088686,72.867919,11,VABB,0,0.0,22000,1800,26.0,13.0,,0,0,0,0,0
2024-01-30T04:30:00,19.088686,72.867919,11,VABB,330,2.1,22000,1800,27.0,12.0,,0,0,0,0,0
2024-01-30T05:00:00,19.088686,72.867919,11,VABB,350,1.5,22000,2100,29.0,12.0,,0,0,0,0,0
2024-01-30T05:30:00,19.088686,72.867919,11,VABB,320,1.5,22000,2100,29.0,12.0,,0,0,0,0,0
2024-01-30T06:00:00,19.088686,72.867919,11,VABB,,0.0,22000,2000,30.4,15.6,1015.8,0,0,0,0,0
2024-01-30T06:00:00,19.088686,72.867919,11,VABB,340,2.6,22000,2100,30.0,12.0,,0,0,0,0,0
2024-01-30T06:30:00,19.088686,72.867919,11,VABB,60,2.1,22000,2500,32.0,12.0,,0,0,0,0,0
2024-01-30T07:00:00,19.088686,72.867919,11,VABB,230,4.6,22000,2500,31.0,14.0,,0,0,0,0,0
2024-01-30T07:30:00,19.088686,72.867919,11,VABB,250,5.7,22000,2500,31.0,16.0,,0,0,0,0,0
2024-01-30T08:00:00,19.088686,72.867919,11,VABB,240,5.7,22000,3000,30.0,16.0,,0,0,0,0,0
2024-01-30T08:30:00,19.088686,72.867919,11,VABB,260,4.6,22000,3000,30.0,16.0,,0,0,0,0,0
2024-01-30T09:00:00,19.088686,72.867919,11,VABB,320,2.1,,2000,30.0,15.4,1013.1,0,0,0,0,0
2024-01-30T09:00:00,19.088686,72.867919,11,VABB,290,4.6,22000,3000,30.0,15.0,,0,0,0,0,0
2024-01-30T09:30:00,19.088686,72.867919,11,VABB,320,3.1,22000,3000,30.0,16.0,,0,0,0,0,0
2024-01-30T10:00:00,19.088686,72.867919,11,VABB,310,4.1,22000,3000,30.0,15.0,,0,0,0,0,0
2024-01-30T10:30:00,19.088686,72.867919,11,VABB,300,4.1,22000,3000,29.0,15.0,,0,0,0,0,0
2024-01-30T11:00:00,19.088686,72.867919,11,VABB,310,4.1,22000,3000,29.0,15.0,,0,0,0,0,0
2024-01-30T11:30:00,19.088686,72.867919,11,VABB,290,4.1,22000,3000,29.0,14.0,,0,0,0,0,0
2024-01-30T12:00:00,19.088686,72.867919,11,VABB,320,2.1,22000,2000,27.8,15.0,1012.4,0,0,0,0,0
2024-01-30T12:00:00,19.088686,72.867919,11,VABB,300,3.1,22000,3000,28.0,15.0,,0,0,0,0,0
2024-01-30T12:30:00,19.088686,72.867919,11,VABB,300,3.6,10000,3000,28.0,15.0,,0,0,0,0,0
2024-01-30T13:00:00,19.088686,72.867919,11,VABB,300,3.1,10000,3000,27.0,15.0,,0,0,0,0,0
2024-01-30T13:30:00,19.088686,72.867919,11,VABB,330,2.6,10000,3000,27.0,16.0,,0,0,0,0,0
2024-01-30T14:00:00,19.088686,72.867919,11,VABB,290,2.6,22000,3000,26.0,17.0,,0,0,0,0,0
2024-01-30T14:30:00,19.088686,72.867919,11,VABB,310,2.1,22000,2500,26.0,17.0,,0,0,0,0,0
2024-01-30T15:00:00,19.088686,72.867919,11,VABB,,0.0,22000,2000,24.6,17.9,1014.3,0,0,0,0,0
2024-01-30T15:00:00,19.088686,72.867919,11,VABB,290,2.6,22000,2500,26.0,17.0,,0,0,0,0,0
2024-01-30T15:30:00,19.088686,72.867919,11,VABB,0,0.0,22000,2500,26.0,17.0,,0,0,0,0,0
2024-01-30T16:00:00,19.088686,72.867919,11,VABB,270,2.1,22000,2500,26.0,17.0,,0,0,0,0,0
2024-01-30T16:30:00,19.088686,72.867919,11,VABB,280,1.5,22000,2500,25.0,18.0,,0,0,0,0,0
2024-01-30T17:00:00,19.088686,72.867919,11,VABB,270,2.1,22000,2500,25.0,18.0,,0,1,0,0,0
2024-01-30T17:30:00,19.088686,72.867919,11,VABB,290,2.1,22000,2500,25.0,18.0,,0,1,0,0,0
2024-01-30T18:00:00,19.088686,72.867919,11,VABB,,0.0,,2000,22.2,17.4,1015.0,0,0,0,0,0
2024-01-30T18:00:00,19.088686,72.867919,11,VABB,0,0.0,22000,2500,25.0,18.0,,0,1,0,0,0
2024-01-30T18:30:00,19.088686,72.867919,11,VABB,0,0.0,22000,2500,25.0,16.0,,0,1,0,0,0
2024-01-30T19:00:00,19.088686,72.867919,11,VABB,0,0.0,22000,2500,25.0,16.0,,0,1,0,0,0
2024-01-30T19:30:00,19.088686,72.867919,11,VABB,320,1.5,22000,2500,25.0,17.0,,0,1,0,0,0
2024-01-30T20:00:00,19.088686,72.867919,11,VABB,0,0.0,22000,2500,24.0,16.0,,0,1,0,0,0
2024-01-30T20:30:00,19.088686,72.867919,11,VABB,350,2.6,22000,2500,25.0,13.0,,0,0,0,0,0
2024-01-30T21:00:00,19.088686,72.867919,11,VABB,,0.0,,2000,20.4,16.1,1014.0,0,0,0,0,0
2024-01-30T21:00:00,19.088686,72.867919,11,VABB,300,2.1,22000,2500,24.0,15.0,,0,0,0,0,0
2024-01-30T21:30:00,19.088686,72.867919,11,VABB,330,3.1,22000,2500,24.0,14.0,,0,0,0,0,0
2024-01-30T22:00:00,19.088686,72.867919,11,VABB,350,2.6,22000,2500,24.0,14.0,,0,0,0,0,0
2024-01-30T22:30:00,19.088686,72.867919,11,VABB,360,1.5,22000,2500,23.0,14.0,,0,0,0,0,0
2024-01-30T23:00:00,19.088686,72.867919,11,VABB,360,2.6,22000,2500,23.0,15.0,,0,0,0,0,0
2024-01-30T23:30:00,19.088686,72.867919,11,VABB,10,3.1,22000,2500,24.0,16.0,,0,0,0,0,0
2024-01-31T00:00:00,19.088686,72.867919,11,VABB,360,2.1,,2000,22.2,16.3,1013.3,0,0,0,0,0
2024-01-31T00:00:00,19.088686,72.867919,11,VABB,10,2.1,22000,2500,23.0,16.0,,0,0,0,0,0
2024-01-31T00:30:00,19.088686,72.867919,11,VABB,360,2.6,22000,2200,23.0,15.0,,0,0,0,0,0
2024-01-31T01:00:00,19.088686,72.867919,11,VABB,350,2.6,22000,2200,23.0,15.0,,0,0,0,0,0
2024-01-31T01:30:00,19.088686,72.867919,11,VABB,30,2.1,10000,2200,24.0,15.0,,0,0,0,0,0
2024-01-31T02:00:00,19.088686,72.867919,11,VABB,340,2.1,10000,2100,23.0,15.0,,0,0,0,0,0
2024-01-31T02:30:00,19.088686,72.867919,11,VABB,30,2.1,10000,2100,24.0,14.0,,0,0,0,0,0
2024-01-31T03:00:00,19.088686,72.867919,11,VABB,,0.0,22000,2000,20.6,16.3,1015.9,0,0,0,0,0
2024-01-31T03:00:00,19.088686,72.867919,11,VABB,30,3.1,10000,2100,24.0,14.0,,0,0,0,0,0
2024-01-31T03:30:00,19.088686,72.867919,11,VABB,160,1.5,10000,2100,24.0,15.0,,0,0,0,0,0
2024-01-31T04:00:00,19.088686,72.867919,11,VABB,140,2.1,10000,2100,25.0,15.0,,0,0,0,0,0
2024-01-31T04:30:00,19.088686,72.867919,11,VABB,140,2.1,10000,1800,26.0,14.0,,0,0,0,0,0
2024-01-31T05:00:00,19.088686,72.867919,11,VABB,360,3.1,10000,2100,29.0,13.0,,0,0,0,0,0
2024-01-31T05:30:00,19.088686,72.867919,11,VABB,50,2.6,10000,2500,29.0,13.0,,0,0,0,0,0
2024-01-31T06:00:00,19.088686,72.867919,11,VABB,,0.0,22000,2000,29.4,13.8,1015.7,0,0,0,0,0
2024-01-31T06:00:00,19.088686,72.867919,11,VABB,60,2.6,10000,2500,29.0,14.0,,0,0,0,0,0
2024-01-31T06:30:00,19.088686,72.867919,11,VABB,260,1.5,22000,2500,30.0,15.0,,0,0,0,0,0
2024-01-31T07:00:00,19.088686,72.867919,11,VABB,250,4.1,22000,2500,30.0,15.0,,0,0,0,0,0
2024-01-31T07:30:00,19.088686,72.867919,11,VABB,270,4.6,22000,2500,30.0,15.0,,0,0,0,0,0
2024-01-31T08:00:00,19.088686,72.867919,11,VABB,250,5.7,22000,3000,30.0,16.0,,0,0,0,0,0
2024-01-31T08:30:00,19.088686,72.867919,11,VABB,240,6.2,22000,3500,29.0,16.0,,0,0,0,0,0
2024-01-31T09:00:00,19.088686,72.867919,11,VABB,320,2.1,,2000,30.6,17.0,1012.6,0,0,0,0,0
2024-01-31T09:00:00,19.088686,72.867919,11,VABB,270,6.2,22000,3500,30.0,17.0,,0,0,0,0,0
2024-01-31T09:30:00,19.088686,72.867919,11,VABB,250,6.7,22000,3500,29.0,16.0,,0,0,0,0,0
2024-01-31T10:00:00,19.088686,72.867919,11,VABB,330,4.6,22000,3500,29.0,14.0,,0,0,0,0,0
2024-01-31T10:30:00,19.088686,72.867919,11,VABB,320,4.6,22000,3500,29.0,15.0,,0,0,0,0,0
2024-01-31T11:00:00,19.088686,72.867919,11,VABB,330,5.7,22000,3500,29.0,14.0,,0,0,0,0,0
2024-01-31T11:30:00,19.088686,72.867919,11,VABB,320,5.1,22000,3500,30.0,14.0,,0,0,0,0,0
2024-01-31T12:00:00,19.088686,72.867919,11,VABB,360,3.1,22000,2000,28.4,14.1,1012.7,0,0,0,0,0
2024-01-31T12:00:00,19.088686,72.867919,11,VABB,310,4.1,22000,4000,29.0,13.0,,0,0,0,0,0
2024-01-31T12:30:00,19.088686,72.867919,11,VABB,310,4.1,22000,4000,28.0,13.0,,0,0,0,0,0
2024-01-31T13:00:00,19.088686,72.867919,11,VABB,300,3.6,22000,4000,27.0,14.0,,0,0,0,0,0
2024-01-31T13:30:00,19.088686,72.867919,11,VABB,360,3.1,22000,3500,27.0,15.0,,0,0,0,0,0
2024-01-31T14:00:00,19.088686,72.867919,11,VABB,310,3.1,10000,3500,27.0,15.0,,0,0,0,0,0
2024-01-31T14:30:00,19.088686,72.867919,11,VABB,310,2.6,10000,3000,26.0,15.0,,0,0,0,0,0
2024-01-31T15:00:00,19.088686,72.867919,11,VABB,320,2.1,,2000,25.6,16.6,1014.5,0,0,0,0,0
2024-01-31T15:00:00,19.088686,72.867919,11,VABB,310,2.6,22000,3000,26.0,14.0,,0,0,0,0,0
2024-01-31T15:30:00,19.088686,72.867919,11,VABB,290,2.1,22000,3000,26.0,15.0,,0,0,0,0,0
2024-01-31T16:00:00,19.088686,72.867919,11,VABB,300,1.5,22000,3000,25.0,15.0,,0,0,0,0,0
2024-01-31T16:30:00,19.088686,72.867919,11,VABB,280,1.5,22000,3000,26.0,15.0,,0,0,0,0,0
2024-01-31T17:00:00,19.088686,72.867919,11,VABB,320,2.1,22000,2500,25.0,16.0,,0,0,0,0,0
2024-01-31T17:30:00,19.088686,72.867919,11,VABB,300,1.5,22000,2500,25.0,17.0,,0,1,0,0,0
2024-01-31T18:00:00,19.088686,72.867919,11,VABB,,0.0,,2000,21.6,17.1,1015.2,0,0,0,0,0
2024-01-31T18:00:00,19.088686,72.867919,11,VABB,300,1.5,22000,2500,25.0,18.0,,0,1,0,0,0
2024-01-31T18:30:00,19.088686,72.867919,11,VABB,330,1.5,22000,2500,25.0,19.0,,0,1,0,0,0
2024-01-31T19:00:00,19.088686,72.867919,11,VABB,350,2.1,22000,2500,25.0,19.0,,0,1,0,0,0
2024-01-31T19:30:00,19.088686,72.867919,11,VABB,350,1.5,22000,2200,25.0,19.0,,0,1,0,0,0
2024-01-31T20:00:00,19.088686,72.867919,11,VABB,340,2.1,22000,2200,24.0,19.0,,0,1,0,0,0
2024-01-31T20:30:00,19.088686,72.867919,11,VABB,350,2.6,22000,2200,24.0,20.0,,0,1,0,0,0
2024-01-31T21:00:00,19.088686,72.867919,11,VABB,,0.0,,2000,21.0,18.1,1014.6,0,0,0,0,0
2024-01-31T21:00:00,19.088686,72.867919,11,VABB,20,2.1,22000,2200,24.0,19.0,,0,1,0,0,0
2024-01-31T21:30:00,19.088686,72.867919,11,VABB,350,2.1,22000,2200,24.0,20.0,,0,1,0,0,0
2024-01-31T22:00:00,19.088686,72.867919,11,VABB,360,2.1,22000,2100,24.0,20.0,,1,0,0,0,0
2024-01-31T22:30:00,19.088686,72.867919,11,VABB,10,2.1,22000,2100,23.0,20.0,,1,0,0,0,0
2024-01-31T23:00:00,19.088686,72.867919,11,VABB,20,2.1,22000,2100,23.0,20.0,,1,0,0,0,0
2024-01-31T23:30:00,19.088686,72.867919,11,VABB,40,3.1,22000,2100,24.0,20.0,,1,0,0,0,0
2024-02-01T00:00:00,19.088686,72.867919,11,VABB,,0.0,,2000,20.4,17.8,1014.0,0,0,0,0,0
2024-02-01T00:00:00,19.088686,72.867919,11,VABB,360,1.5,22000,2100,23.0,20.0,,1,0,0,0,0
2024-02-01T00:30:00,19.088686,72.867919,11,VABB,10,2.1,22000,2100,23.0,20.0,,1,0,0,0,0
2024-02-01T01:00:00,19.088686,72.867919,11,VABB,90,2.1,22000,2100,23.0,20.0,,1,0,0,0,0
2024-02-01T01:30:00,19.088686,72.867919,11,VABB,100,2.6,2000,2100,23.0,19.0,,1,0,0,0,0
2024-02-01T02:00:00,19.088686,72.867919,11,VABB,80,3.1,10000,1800,22.0,18.0,,1,0,0,0,0
2024-02-01T02:30:00,19.088686,72.867919,11,VABB,100,3.1,10000,1800,23.0,17.0,,1,0,0,0,0
2024-02-01T02:35:00,19.088686,72.867919,11,VABB,100,3.1,10000,1800,23.0,17.0,,1,0,0,0,0
2024-02-01T03:00:00,19.088686,72.867919,11,VABB,,0.0,22000,2000,21.6,18.1,1016.7,0,0,0,0,0
2024-02-01T03:00:00,19.088686,72.867919,11,VABB,100,2.1,10000,1800,24.0,18.0,,1,0,0,0,0
2024-02-01T03:30:00,19.088686,72.867919,11,VABB,100,2.6,10000,1800,25.0,19.0,,0,1,0,0,0
2024-02-01T04:00:00,19.088686,72.867919,11,VABB,0,0.0,10000,1800,25.0,20.0,,0,1,0,0,0
2024-02-01T04:30:00,19.088686,72.867919,11,VABB,40,3.6,3048,2200,26.0,20.0,,0,1,0,0,0
2024-02-01T05:00:00,19.088686,72.867919,11,VABB,50,2.6,3048,2200,26.0,20.0,,0,1,0,0,0
2024-02-01T05:30:00,19.088686,72.867919,11,VABB,320,2.6,2000,2500,26.0,17.0,,0,1,0,0,0
2024-02-01T06:00:00,19.088686,72.867919,11,VABB,50,1.5,22000,2000,27.6,15.1,1015.2,0,0,0,0,0
2024-02-01T06:00:00,19.088686,72.867919,11,VABB,330,4.1,2000,2500,28.0,16.0,,0,0,0,0,0
2024-02-01T06:30:00,19.088686,72.867919,11,VABB,270,5.1,2000,2500,27.0,18.0,,0,0,0,0,0
2024-02-01T07:00:00,19.088686,72.867919,11,VABB,270,3.6,2000,3000,27.0,18.0,,0,0,0,0,0
2024-02-01T07:30:00,19.088686,72.867919,11,VABB,270,5.7,2000,4000,28.0,17.0,,0,0,0,0,0
2024-02-01T08:00:00,19.088686,72.867919,11,VABB,270,5.7,2000,4000,29.0,15.0,,0,0,0,0,0
2024-02-01T08:30:00,19.088686,72.867919,11,VABB,300,5.1,2000,4000,29.0,14.0,,0,0,0,0,0
2024-02-01T09:00:00,19.088686,72.867919,11,VABB,360,2.1,,2000,28.6,12.6,1014.3,0,0,0,0,0
2024-02-01T09:00:00,19.088686,72.867919,11,VABB,310,4.6,2000,4000,28.0,13.0,,0,0,0,0,0
2024-02-01T09:30:00,19.088686,72.867919,11,VABB,270,6.2,2000,4000,28.0,14.0,,0,0,0,0,0
2024-02-01T10:00:00,19.088686,72.867919,11,VABB,290,6.2,2000,4000,28.0,12.0,,0,0,0,0,0
2024-02-01T10:30:00,19.088686,72.867919,11,VABB,300,4.1,2000,4000,28.0,14.0,,0,0,0,0,0
2024-02-01T11:00:00,19.088686,72.867919,11,VABB,310,4.6,22000,4000,27.0,13.0,,0,0,0,0,0
2024-02-01T11:30:00,19.088686,72.867919,11,VABB,340,3.6,22000,4000,27.0,14.0,,0,0,0,0,0
2024-02-01T12:00:00,19.088686,72.867919,11,VABB,320,1.5,,2000,27.2,13.6,1013.5,0,0,0,0,0
2024-02-01T12:00:00,19.088686,72.867919,11,VABB,340,3.1,22000,4000,26.0,14.0,,0,0,0,0,0
2024-02-01T12:30:00,19.088686,72.867919,11,VABB,290,4.6,22000,4000,27.0,13.0,,0,0,0,0,0
2024-02-01T13:00:00,19.088686,72.867919,11,VABB,340,3.1,22000,3000,26.0,13.0,,0,0,0,0,0
2024-02-01T13:30:00,19.088686,72.867919,11,VABB,320,2.6,10000,3000,26.0,14.0,,0,0,0,0,0
2024-02-01T14:00:00,19.088686,72.867919,11,VABB,310,2.6,10000,3000,26.0,15.0,,0,0,0,0,0
2024-02-01T14:30:00,19.088686,72.867919,11,VABB,310,2.1,22000,3000,25.0,16.0,,0,0,0,0,0
2024-02-01T15:00:00,19.088686,72.867919,11,VABB,320,1.5,,2000,24.8,17.1,1015.3,0,0,0,0,0
2024-02-01T15:00:00,19.088686,72.867919,11,VABB,330,3.1,22000,3000,26.0,16.0,,0,0,0,0,0
2024-02-01T15:30:00,19.088686,72.867919,11,VABB,330,1.5,22000,3000,26.0,16.0,,0,0,0,0,0
2024-02-01T16:00:00,19.088686,72.867919,11,VABB,330,2.6,22000,3000,25.0,16.0,,0,0,0,0,0
2024-02-01T16:30:00,19.088686,72.867919,11,VABB,330,2.1,22000,3000,25.0,17.0,,0,0,0,0,0
2024-02-01T17:00:00,19.088686,72.867919,11,VABB,30,3.1,22000,3000,25.0,17.0,,0,0,0,0,0
2024-02-01T17:30:00,19.088686,72.867919,11,VABB,60,2.6,22000,3000,25.0,18.0,,0,1,0,0,0
2024-02-01T18:00:00,19.088686,72.867919,11,VABB,,0.0,,2000,22.4,17.9,1016.2,0,0,0,0,0
2024-02-01T18:00:00,19.088686,72.867919,11,VABB,80,3.1,22000,3000,25.0,18.0,,0,1,0,0,0
2024-02-01T18:30:00,19.088686,72.867919,11,VABB,340,2.6,22000,3000,25.0,16.0,,0,1,0,0,0
2024-02-01T19:00:00,19.088686,72.867919,11,VABB,10,2.6,22000,2500,24.0,16.0,,0,1,0,0,0
2024-02-01T19:30:00,19.088686,72.867919,11,VABB,10,1.5,22000,2500,24.0,17.0,,0,1,0,0,0
2024-02-01T20:00:00,19.088686,72.867919,11,VABB,20,2.1,22000,2500,24.0,18.0,,0,1,0,0,0
2024-02-01T20:30:00,19.088686,72.867919,11,VABB,350,2.1,22000,2500,24.0,18.0,,0,1,0,0,0
2024-02-01T21:00:00,19.088686,72.867919,11,VABB,,0.0,,2000,20.2,17.3,1015.4,0,0,0,0,0
2024-02-01T21:00:00,19.088686,72.867919,11,VABB,350,2.6,22000,2500,24.0,18.0,,0,1,0,0,0
2024-02-01T21:30:00,19.088686,72.867919,11,VABB,50,3.1,22000,2500,24.0,18.0,,0,1,0,0,0
2024-02-01T22:00:00,19.088686,72.867919,11,VABB,10,2.1,22000,2500,24.0,17.0,,0,1,0,0,0
2024-02-01T22:30:00,19.088686,72.867919,11,VABB,360,1.5,22000,2500,23.0,16.0,,0,1,0,0,0
2024-02-01T23:00:00,19.088686,72.867919,11,VABB,50,3.6,22000,2500,24.0,16.0,,0,1,0,0,0
2024-02-01T23:30:00,19.088686,72.867919,11,VABB,350,2.1,22000,2500,24.0,17.0,,0,1,0,0,0
2024-02-02T00:00:00,19.088686,72.867919,11,VABB,,0.0,,2000,19.8,16.8,1014.8,0,0,0,0,0
2024-02-02T00:00:00,19.088686,72.867919,11,VABB,340,2.6,22000,2500,23.0,17.0,,0,1,0,0,0
2024-02-02T00:30:00,19.088686,72.867919,11,VABB,20,3.1,22000,2500,23.0,17.0,,0,1,0,0,0
2024-02-02T01:00:00,19.088686,72.867919,11,VABB,120,1.5,22000,2500,22.0,16.0,,0,1,0,0,0
2024-02-02T01:30:00,19.088686,72.867919,11,VABB,190,2.1,22000,2500,23.0,16.0,,0,1,0,0,0
2024-02-02T02:00:00,19.088686,72.867919,11,VABB,190,1.5,22000,2500,23.0,16.0,,0,1,0,0,0
2024-02-02T02:30:00,19.088686,72.867919,11,VABB,160,2.1,22000,2500,23.0,16.0,,0,1,0,0,0
2024-02-02T03:00:00,19.088686,72.867919,11,VABB,,0.0,,2000,20.0,17.1,1016.7,0,0,0,0,0
2024-02-02T03:00:00,19.088686,72.867919,11,VABB,0,0.0,22000,2500,24.0,17.0,,0,1,0,0,0
2024-02-02T03:30:00,19.088686,72.867919,11,VABB,260,2.6,22000,2500,25.0,16.0,,0,1,0,0,0
2024-02-02T04:00:00,19.088686,72.867919,11,VABB,90,2.1,22000,3000,26.0,16.0,,0,1,0,0,0
2024-02-02T04:30:00,19.088686,72.867919,11,VABB,60,2.1,22000,3000,26.0,16.0,,0,1,0,0,0
2024-02-02T05:00:00,19.088686,72.867919,11,VABB,40,3.1,22000,3000,27.0,15.0,,0,0,0,0,0
2024-02-02T05:30:00,19.088686,72.867919,11,VABB,30,2.1,22000,3000,28.0,15.0,,0,0,0,0,0
2024-02-02T06:00:00,19.088686,72.867919,11,VABB,,0.0,,2000,28.8,14.2,1017.1,0,0,0,0,0
2024-02-02T06:00:00,19.088686,72.867919,11,VABB,60,4.1,22000,3000,29.0,14.0,,0,0,0,0,0
2024-02-02T06:30:00,19.088686,72.867919,11,VABB,50,3.6,22000,3000,29.0,15.0,,0,0,0,0,0
2024-02-02T07:00:00,19.088686,72.867919,11,VABB,40,3.6,22000,3000,30.0,14.0,,0,0,0,0,0
2024-02-02T07:30:00,19.088686,72.867919,11,VABB,20,2.6,22000,3500,31.0,13.0,,0,0,0,0,0
2024-02-02T08:00:00,19.088686,72.867919,11,VABB,40,3.6,22000,4000,31.0,13.0,,0,0,0,0,0
2024-02-02T08:30:00,19.088686,72.867919,11,VABB,10,4.6,22000,4000,32.0,12.0,,0,0,0,0,0
2024-02-02T09:00:00,19.088686,72.867919,11,VABB,320,2.6,,2000,30.8,18.1,1014.2,0,0,0,0,0
2024-02-02T09:00:00,19.088686,72.867919,11,VABB,290,5.1,22000,3000,30.0,17.0,,0,0,0,0,0
2024-02-02T09:30:00,19.088686,72.867919,11,VABB,270,6.2,22000,3000,29.0,18.0,,0,0,0,0,0
2024-02-02T10:00:00,19.088686,72.867919,11,VABB,280,6.2,22000,3000,29.0,19.0,,0,0,0,0,0
2024-02-02T10:30:00,19.088686,72.867919,11,VABB,290,5.1,22000,3000,29.0,18.0,,0,0,0,0,0
2024-02-02T11:00:00,19.088686,72.867919,11,VABB,300,5.7,22000,3000,29.0,17.0,,0,0,0,0,0
2024-02-02T11:30:00,19.088686,72.867919,11,VABB,300,4.6,22000,3000,28.0,16.0,,0,0,0,0,0
2024-02-02T12:00:00,19.088686,72.867919,11,VABB,320,3.1,,2000,28.0,15.7,1012.9,0,0,0,0,0
2024-02-02T12:00:00,19.088686,72.867919,11,VABB,330,3.6,22000,3000,28.0,16.0,,0,0,0,0,0
2024-02-02T12:30:00,19.088686,72.867919,11,VABB,340,4.1,22000,3000,28.0,16.0,,0,0,0,0,0
2024-02-02T13:00:00,19.088686,72.867919,11,VABB,340,4.1,22000,3000,27.0,15.0,,0,0,0,0,0
2024-02-02T13:30:00,19.088686,72.867919,11,VABB,320,2.6,22000,3000,26.0,16.0,,0,0,0,0,0
2024-02-02T14:00:00,19.088686,72.867919,11,VABB,320,3.1,22000,3000,26.0,16.0,,0,0,0,0,0
2024-02-02T14:30:00,19.088686,72.867919,11,VABB,320,3.1,22000,3000,27.0,16.0,,0,0,0,0,0
2024-02-02T15:00:00,19.088686,72.867919,11,VABB,,0.0,,2000,25.4,15.9,1014.3,0,0,0,0,0
2024-02-02T15:00:00,19.088686,72.867919,11,VABB,350,3.1,22000,3000,26.0,16.0,,0,0,0,0,0
2024-02-02T15:30:00,19.088686,72.867919,11,VABB,320,2.6,22000,3000,26.0,16.0,,0,0,0,0,0
2024-02-02T16:00:00,19.088686,72.867919,11,VABB,340,3.1,22000,3000,26.0,17.0,,0,0,0,0,0
2024-02-02T16:30:00,19.088686,72.867919,11,VABB,360,2.6,22000,3000,25.0,17.0,,0,0,0,0,0
2024-02-02T17:00:00,19.088686,72.867919,11,VABB,10,2.6,22000,3000,26.0,17.0,,0,0,0,0,0
2024-02-02T17:30:00,19.088686,72.867919,11,VABB,20,2.1,22000,3000,26.0,17.0,,0,0,0,0,0
2024-02-02T18:00:00,19.088686,72.867919,11,VABB,,0.0,,2000,23.6,16.8,1015.5,0,0,0,0,0
2024-02-02T18:00:00,19.088686,72.867919,11,VABB,350,2.1,22000,3000,25.0,16.0,,0,0,0,0,0
2024-02-02T18:30:00,19.088686,72.867919,11,VABB,50,2.1,22000,3000,25.0,16.0,,0,0,0,0,0
2024-02-02T19:00:00,19.088686,72.867919,11,VABB,10,2.6,22000,3000,26.0,16.0,,0,0,0,0,0
2024-02-02T19:30:00,19.088686,72.867919,11,VABB,130,2.6,22000,3000,25.0,16.0,,0,0,0,0,0
2024-02-02T20:00:00,19.088686,72.867919,11,VABB,140,2.1,22000,3000,25.0,16.0,,0,0,0,0,0
2024-02-02T20:30:00,19.088686,72.867919,11,VABB,300,2.1,22000,2500,25.0,16.0,,0,0,0,0,0
2024-02-02T21:00:00,19.088686,72.867919,11,VABB,,0.0,,2000,21.4,16.5,1014.1,0,0,0,0,0
2024-02-02T21:00:00,19.088686,72.867919,11,VABB,0,0.0,22000,2500,25.0,16.0,,0,0,0,0,0
2024-02-02T21:30:00,19.088686,72.867919,11,VABB,30,2.1,22000,2500,25.0,16.0,,0,0,0,0,0
2024-02-02T22:00:00,19.088686,72.867919,11,VABB,0,0.0,22000,2100,24.0,16.0,,0,0,0,0,0
2024-02-02T22:30:00,19.088686,72.867919,11,VABB,100,2.1,22000,2100,24.0,16.0,,0,1,0,0,0
2024-02-02T23:00:00,19.088686,72.867919,11,VABB,80,1.5,22000,2100,24.0,16.0,,0,1,0,0,0
2024-02-02T23:30:00,19.088686,72.867919,11,VABB,70,1.5,22000,2100,24.0,16.0,,0,1,0,0,0
2024-02-03T00:00:00,19.088686,72.867919,11,VABB,,0.0,,2000,20.2,15.9,1013.5,0,0,0,0,0
2024-02-03T00:00:00,19.088686,72.867919,11,VABB,130,2.1,22000,2100,24.0,16.0,,0,1,0,0,0
2024-02-03T00:30:00,19.088686,72.867919,11,VABB,0,0.0,22000,2100,24.0,15.0,,0,1,0,0,0
2024-02-03T01:00:00,19.088686,72.867919,11,VABB,120,2.1,22000,2100,24.0,15.0,,0,1,0,0,0
2024-02-03T01:30:00,19.088686,72.867919,11,VABB,140,2.1,22000,2100,24.0,15.0,,0,1,0,0,0
2024-02-03T02:00:00,19.088686,72.867919,11,VABB,100,2.1,22000,2100,24.0,15.0,,0,0,0,0,0
2024-02-03T02:30:00,19.088686,72.867919,11,VABB,110,2.6,22000,2500,25.0,15.0,,0,0,0,0,0
2024-02-03T03:00:00,19.088686,72.867919,11,VABB,,0.0,,2000,22.4,15.8,1015.6,0,0,0,0,0
2024-02-03T03:00:00,19.088686,72.867919,11,VABB,120,3.6,22000,2500,25.0,15.0,,0,0,0,0,0
2024-02-03T03:30:00,19.088686,72.867919,11,VABB,120,3.1,22000,2500,26.0,15.0,,0,0,0,0,0
2024-02-03T04:00:00,19.088686,72.867919,11,VABB,120,3.1,22000,2500,27.0,15.0,,0,0,0,0,0
2024-02-03T04:30:00,19.088686,72.867919,11,VABB,130,2.6,22000,2500,27.0,15.0,,0,0,0,0,0
2024-02-03T05:30:00,19.088686,72.867919,11,VABB,120,5.1,22000,2500,30.0,14.0,,0,0,0,0,0
2024-02-03T06:00:00,19.088686,72.867919,11,VABB,70,2.1,,2000,31.2,15.4,1016.1,0,0,0,0,0
2024-02-03T06:00:00,19.088686,72.867919,11,VABB,110,4.6,22000,3000,31.0,14.0,,0,0,0,0,0
2024-02-03T06:30:00,19.088686,72.867919,11,VABB,110,3.6,22000,3000,32.0,14.0,,0,0,0,0,0
2024-02-03T07:00:00,19.088686,72.867919,11,VABB,130,4.1,22000,3000,33.0,12.0,,0,0,0,0,0
2024-02-03T07:30:00,19.088686,72.867919,11,VABB,140,4.6,22000,3000,34.0,12.0,,0,0,0,0,0
2024-02-03T08:00:00,19.088686,72.867919,11,VABB,90,1.5,22000,3000,35.0,11.0,,0,0,0,0,0
2024-02-03T08:30:00,19.088686,72.867919,11,VABB,130,2.1,22000,3500,35.0,10.0,,0,0,0,0,0
2024-02-03T09:00:00,19.088686,72.867919,11,VABB,,0.0,,2000,35.8,12.2,1012.9,0,0,0,0,0
2024-02-03T09:00:00,19.088686,72.867919,11,VABB,120,2.1,22000,3500,35.0,10.0,,0,0,0,0,0
2024-02-03T09:30:00,19.088686,72.867919,11,VABB,270,3.1,22000,3500,35.0,13.0,,0,0,0,0,0
2024-02-03T10:00:00,19.088686,72.867919,11,VABB,280,4.6,22000,3500,34.0,13.0,,0,0,0,0,0
2024-02-03T10:30:00,19.088686,72.867919,11,VABB,290,4.6,22000,3500,34.0,13.0,,0,0,0,0,0
2024-02-03T11:00:00,19.088686,72.867919,11,VABB,270,4.6,22000,3500,34.0,14.0,,0,0,0,0,0
2024-02-03T11:30:00,19.088686,72.867919,11,VABB,310,4.1,22000,3500,33.0,14.0,,0,0,0,0,0
2024-02-03T12:00:00,19.088686,72.867919,11,VABB,340,2.1,,2000,31.6,16.4,1012.6,0,0,0,0,0
2024-02-03T12:00:00,19.088686,72.867919,11,VABB,300,4.6,22000,3500,32.0,14.0,,0,0,0,0,0
2024-02-03T12:30:00,19.088686,72.867919,11,VABB,330,3.6,22000,3500,30.0,17.0,,0,0,0,0,0
2024-02-03T13:00:00,19.088686,72.867919,11,VABB,310,2.1,22000,3000,29.0,18.0,,0,0,0,0,0
2024-02-03T13:30:00,19.088686,72.867919,11,VABB,310,2.6,22000,3000,29.0,17.0,,0,0,0,0,0
2024-02-03T14:00:00,19.088686,72.867919,11,VABB,340,3.6,22000,2500,30.0,16.0,,0,0,0,0,0
2024-02-03T14:30:00,19.088686,72.867919,11,VABB,330,4.1,22000,2500,29.0,14.0,,0,0,0,0,0
2024-02-03T15:00:00,19.088686,72.867919,11,VABB,360,3.1,,2000,28.2,13.8,1014.5,0,0,0,0,0
2024-02-03T15:00:00,19.088686,72.867919,11,VABB,40,3.6,22000,2500,29.0,13.0,,0,0,0,0,0
2024-02-03T15:30:00,19.088686,72.867919,11,VABB,30,3.1,22000,3000,29.0,14.0,,0,0,0,0,0
2024-02-03T16:00:00,19.088686,72.867919,11,VABB,340,3.6,22000,3000,29.0,13.0,,0,0,0,0,0
2024-02-03T16:30:00,19.088686,72.867919,11,VABB,30,3.1,22000,3000,28.0,13.0,,0,0,0,0,0
2024-02-03T17:00:00,19.088686,72.867919,11,VABB,40,4.1,22000,2500,29.0,12.0,,0,0,0,0,0
2024-02-03T17:30:00,19.088686,72.867919,11,VABB,140,3.1,22000,2500,28.0,12.0,,0,0,0,0,0
2024-02-03T18:00:00,19.088686,72.867919,11,VABB,,0.0,,2000,25.0,15.0,1015.7,0,0,0,0,0
2024-02-03T18:00:00,19.088686,72.867919,11,VABB,150,2.6,22000,2500,28.0,13.0,,0,0,0,0,0
2024-02-03T18:30:00,19.088686,72.867919,11,VABB,150,2.6,22000,2500,28.0,13.0,,0,0,0,0,0
2024-02-03T19:00:00,19.088686,72.867919,11,VABB,140,2.6,22000,2500,28.0,13.0,,0,0,0,0,0
2024-02-03T19:30:00,19.088686,72.867919,11,VABB,130,2.1,22000,2500,28.0,14.0,,0,0,0,0,0
2024-02-03T20:00:00,19.088686,72.867919,11,VABB,0,0.0,22000,2500,27.0,14.0,,0,0,0,0,0
2024-02-03T20:30:00,19.088686,72.867919,11,VABB,30,1.5,22000,2500,26.0,15.0,,0,0,0,0,0
2024-02-03T21:00:00,19.088686,72.867919,11,VABB,,0.0,,2000,22.8,15.5,1014.7,0,0,0,0,0
2024-02-03T21:00:00,19.088686,72.867919,11,VABB,0,0.0,22000,2200,26.0,15.0,,0,0,0,0,0
2024-02-03T21:30:00,19.088686,72.867919,11,VABB,0,0.0,22000,2200,27.0,14.0,,0,0,0,0,0
2024-02-03T22:00:00,19.088686,72.867919,11,VABB,0,0.0,22000,2100,25.0,15.0,,0,0,0,0,0
2024-02-03T22:30:00,19.088686,72.867919,11,VABB,0,0.0,22000,2100,24.0,15.0,,0,0,0,0,0
2024-02-03T23:00:00,19.088686,72.867919,11,VABB,0,0.0,22000,2100,25.0,15.0,,0,0,0,0,0
2024-02-03T23:30:00,19.088686,72.867919,11,VABB,0,0.0,22000,2100,26.0,15.0,,0,0,0,0,0
2024-02-04T00:00:00,19.088686,72.867919,11,VABB,,0.0,,2000,21.4,15.7,1014.7,0,0,0,0,0
2024-02-04T00:00:00,19.088686,72.867919,11,VABB,0,0.0,22000,2100,25.0,15.0,,0,0,0,0,0
2024-02-04T00:30:00,19.088686,72.867919,11,VABB,190,2.6,22000,2100,25.0,15.0,,0,0,0,0,0
2024-02-04T01:00:00,19.088686,72.867919,11,VABB,150,2.1,22000,2100,26.0,14.0,,0,0,0,0,0
2024-02-04T01:30:00,19.088686,72.867919,11,VABB,210,2.1,22000,2100,25.0,15.0,,0,0,0,0,0
2024-02-04T02:00:00,19.088686,72.867919,11,VABB,200,2.1,22000,2100,25.0,15.0,,0,0,0,0,0
2024-02-04T02:30:00,19.088686,72.867919,11,VABB,160,2.6,22000,2100,25.0,15.0,,0,0,0,0,0
2024-02-04T03:00:00,19.088686,72.867919,11,VABB,,0.0,,2000,21.4,16.8,1016.4,0,0,0,0,0
2024-02-04T03:00:00,19.088686,72.867919,11,VABB,100,3.6,22000,1800,26.0,15.0,,0,0,0,0,0
2024-02-04T03:30:00,19.088686,72.867919,11,VABB,110,3.1,22000,2100,27.0,14.0,,0,0,0,0,0
2024-02-04T04:00:00,19.088686,72.867919,11,VABB,80,2.6,22000,2100,28.0,14.0,,0,0,0,0,0
2024-02-04T04:30:00,19.088686,72.867919,11,VABB,100,2.6,22000,2200,30.0,14.0,,0,0,0,0,0
2024-02-04T05:00:00,19.088686,72.867919,11,VABB,180,1.5,22000,2200,31.0,14.0,,0,0,0,0,0
2024-02-04T05:30:00,19.088686,72.867919,11,VABB,120,1.5,22000,2500,32.0,14.0,,0,0,0,0,0
2024-02-04T06:00:00,19.088686,72.867919,11,VABB,90,1.5,,2000,32.8,15.5,1016.7,0,0,0,0,0
2024-02-04T06:00:00,19.088686,72.867919,11,VABB,130,2.6,22000,2500,33.0,15.0,,0,0,0,0,0
2024-02-04T06:30:00,19.088686,72.867919,11,VABB,140,2.1,22000,2500,33.0,15.0,,0,0,0,0,0
2024-02-04T07:00:00,19.088686,72.867919,11,VABB,130,1.5,22000,2500,34.0,14.0,,0,0,0,0,0
2024-02-04T07:30:00,19.088686,72.867919,11,VABB,220,2.6,22000,2500,35.0,14.0,,0,0,0,0,0
2024-02-04T08:00:00,19.088686,72.867919,11,VABB,260,4.6,22000,2200,34.0,17.0,,0,0,0,0,0
2024-02-04T08:30:00,19.088686,72.867919,11,VABB,250,6.2,22000,2200,32.0,18.0,,0,0,0,0,0
2024-02-04T09:00:00,19.088686,72.867919,11,VABB,,0.0,,2000,32.4,17.8,1013.9,0,0,0,0,0
2024-02-04T09:00:00,19.088686,72.867919,11,VABB,260,5.1,22000,2500,32.0,17.0,,0,0,0,0,0
2024-02-04T09:30:00,19.088686,72.867919,11,VABB,260,4.1,22000,2500,32.0,18.0,,0,0,0,0,0
2024-02-04T10:00:00,19.088686,72.867919,11,VABB,270,5.1,22000,2500,31.0,19.0,,0,0,0,0,0
2024-02-04T10:30:00,19.088686,72.867919,11,VABB,270,4.1,22000,2500,31.0,19.0,,0,0,0,0,0
2024-02-04T11:00:00,19.088686,72.867919,11,VABB,270,4.6,22000,2500,31.0,17.0,,0,0,0,0,0
2024-02-04T11:30:00,19.088686,72.867919,11,VABB,260,4.6,22000,2500,31.0,18.0,,0,0,0,0,0
2024-02-04T12:00:00,19.088686,72.867919,11,VABB,320,1.5,,2000,31.4,18.1,1013.5,0,0,0,0,0
2024-02-04T12:00:00,19.088686,72.867919,11,VABB,260,3.6,22000,2500,30.0,19.0,,0,0,0,0,0
2024-02-04T12:30:00,19.088686,72.867919,11,VABB,270,4.1,22000,2500,30.0,18.0,,0,0,0,0,0
2024-02-04T13:00:00,19.088686,72.867919,11,VABB,280,3.6,22000,2500,29.0,17.0,,0,0,0,0,0
2024-02-04T13:30:00,19.088686,72.867919,11,VABB,290,1.5,22000,2500,29.0,17.0,,0,0,0,0,0
2024-02-04T14:00:00,19.088686,72.867919,11,VABB,330,2.1,22000,2500,29.0,17.0,,0,0,0,0,0
2024-02-04T14:30:00,19.088686,72.867919,11,VABB,310,1.5,22000,2500,29.0,16.0,,0,0,0,0,0
2024-02-04T15:00:00,19.088686,72.867919,11,VABB,,0.0,,2000,27.0,18.6,1015.2,0,0,0,0,0
2024-02-04T15:00:00,19.088686,72.867919,11,VABB,340,1.5,22000,2500,29.0,16.0,,0,0,0,0,0
2024-02-04T15:30:00,19.088686,72.867919,11,VABB,340,1.5,22000,2500,29.0,16.0,,0,0,0,0,0
2024-02-04T16:00:00,19.088686,72.867919,11,VABB,10,2.1,22000,2500,29.0,15.0,,0,0,0,0,0
2024-02-04T16:30:00,19.088686,72.867919,11,VABB,30,2.1,22000,2500,29.0,16.0,,0,0,0,0,0
2024-02-04T17:00:00,19.088686,72.867919,11,VABB,180,2.1,22000,2500,29.0,15.0,,0,0,0,0,0
2024-02-04T17:30:00,19.088686,72.867919,11,VABB,160,2.1,22000,2500,28.0,15.0,,0,0,0,0,0
2024-02-04T18:00:00,19.088686,72.867919,11,VABB,,0.0,,2000,24.0,17.2,1015.9,0,0,0,0,0
2024-02-04T18:00:00,19.088686,72.867919,11,VABB,110,1.5,22000,2500,28.0,16.0,,0,0,0,0,0
2024-02-04T18:30:00,19.088686,72.867919,11,VABB,150,1.5,22000,2500,28.0,16.0,,0,0,0,0,0
2024-02-04T19:00:00,19.088686,72.867919,11,VABB,150,2.1,22000,2500,28.0,16.0,,0,0,0,0,0
2024-02-04T19:30:00,19.088686,72.867919,11,VABB,200,1.5,22000,2500,27.0,16.0,,0,0,0,0,0
2024-02-04T20:00:00,19.088686,72.867919,11,VABB,0,0.0,22000,2500,27.0,16.0,,0,0,0,0,0
2024-02-04T20:30:00,19.088686,72.867919,11,VABB,0,0.0,22000,2500,26.0,17.0,,0,0,0,0,0
2024-02-04T21:00:00,19.088686,72.867919,11,VABB,,0.0,,2000,23.0,17.5,1015.2,0,0,0,0,0
2024-02-04T21:00:00,19.088686,72.867919,11,VABB,0,0.0,22000,2500,27.0,16.0,,0,0,0,0,0
2024-02-04T21:30:00,19.088686,72.867919,11,VABB,0,0.0,22000,2500,27.0,16.0,,0,0,0,0,0
2024-02-04T22:00:00,19.088686,72.867919,11,VABB,0,0.0,22000,2500,26.0,16.0,,0,0,0,0,0
2024-02-04T22:30:00,19.088686,72.867919,11,VABB,0,0.0,22000,2200,25.0,17.0,,0,0,0,0,0
2024-02-04T23:00:00,19.088686,72.867919,11,VABB,0,0.0,22000,2200,25.0,14.0,,0,0,0,0,0
2024-02-04T23:30:00,19.088686,72.867919,11,VABB,30,1.5,22000,2100,25.0,14.0,,0,0,0,0,0
2024-02-05T00:00:00,19.088686,72.867919,11,VABB,,0.0,,2000,21.6,16.3,1014.8,0,0,0,0,0
2024-02-05T00:00:00,19.088686,72.867919,11,VABB,0,0.0,22000,2100,25.0,15.0,,0,0,0,0,0
2024-02-05T00:30:00,19.088686,72.867919,11,VABB,0,0.0,22000,2200,25.0,16.0,,0,0,0,0,0
2024-02-05T01:00:00,19.088686,72.867919,11,VABB,0,0.0,22000,2200,25.0,15.0,,0,0,0,0,0
2024-02-05T01:30:00,19.088686,72.867919,11,VABB,180,1.5,22000,2200,25.0,16.0,,0,0,0,0,0
2024-02-05T02:00:00,19.088686,72.867919,11,VABB,240,2.1,22000,1800,25.0,15.0,,0,0,0,0,0
2024-02-05T02:30:00,19.088686,72.867919,11,VABB,200,1.5,22000,1800,25.0,15.0,,0,0,0,0,0
2024-02-05T03:00:00,19.088686,72.867919,11,VABB,,0.0,,2000,21.6,17.4,1016.6,0,0,0,0,0
2024-02-05T03:00:00,19.088686,72.867919,11,VABB,190,2.1,22000,1700,26.0,15.0,,0,0,0,0,0
2024-02-05T03:30:00,19.088686,72.867919,11,VABB,200,2.6,22000,1800,27.0,16.0,,0,0,0,0,0
2024-02-05T04:00:00,19.088686,72.867919,11,VABB,70,1.5,22000,1800,28.0,15.0,,0,0,0,0,0
2024-02-05T04:30:00,19.088686,72.867919,11,VABB,50,2.1,22000,1900,29.0,14.0,,0,0,0,0,0
2024-02-05T05:00:00,19.088686,72.867919,11,VABB,140,1.5,22000,1900,31.0,15.0,,0,0,0,0,0
2024-02-05T05:30:00,19.088686,72.867919,11,VABB,0,0.0,22000,2100,32.0,14.0,,0,0,0,0,0
2024-02-05T06:00:00,19.088686,72.867919,11,VABB,,0.0,,2000,31.4,17.3,1017.9,0,0,0,0,0
2024-02-05T06:00:00,19.088686,72.867919,11,VABB,50,1.5,22000,2100,32.0,14.0,,0,0,0,0,0
2024-02-05T06:30:00,19.088686,72.867919,11,VABB,320,1.5,22000,2500,32.0,13.0,,0,0,0,0,0
2024-02-05T07:00:00,19.088686,72.867919,11,VABB,310,2.6,22000,2500,33.0,13.0,,0,0,0,0,0
2024-02-05T07:30:00,19.088686,72.867919,11,VABB,270,4.1,22000,2500,33.0,17.0,,0,0,0,0,0
2024-02-05T08:00:00,19.088686,72.867919,11,VABB,300,4.1,22000,2500,33.0,17.0,,0,0,0,0,0
2024-02-05T08:30:00,19.088686,72.867919,11,VABB,290,4.6,22000,3000,33.0,17.0,,0,0,0,0,0
2024-02-05T09:00:00,19.088686,72.867919,11,VABB,320,1.5,,2000,32.4,16.2,1014.4,0,0,0,0,0
2024-02-05T09:00:00,19.088686,72.867919,11,VABB,270,5.1,22000,3000,33.0,17.0,,0,0,0,0,0
2024-02-05T09:30:00,19.088686,72.867919,11,VABB,290,5.1,22000,3000,33.0,17.0,,0,0,0,0,0
2024-02-05T10:00:00,19.088686,72.867919,11,VABB,310,4.1,22000,3000,32.0,16.0,,0,0,0,0,0
2024-02-05T10:30:00,19.088686,72.867919,11,VABB,300,5.1,22000,4000,32.0,16.0,,0,0,0,0,0
2024-02-05T11:00:00,19.088686,72.867919,11,VABB,320,4.6,22000,4000,32.0,15.0,,0,0,0,0,0
2024-02-05T11:30:00,19.088686,72.867919,11,VABB,310,4.1,22000,4000,32.0,14.0,,0,0,0,0,0
2024-02-05T12:00:00,19.088686,72.867919,11,VABB,360,2.1,,2000,30.6,14.1,1013.5,0,0,0,0,0
2024-02-05T12:00:00,19.088686,72.867919,11,VABB,250,3.1,22000,4000,31.0,14.0,,0,0,0,0,0
2024-02-05T12:30:00,19.088686,72.867919,11,VABB,290,2.6,22000,3500,30.0,15.0,,0,0,0,0,0
2024-02-05T13:00:00,19.088686,72.867919,11,VABB,310,3.1,22000,3000,30.0,15.0,,0,0,0,0,0
2024-02-05T13:30:00,19.088686,72.867919,11,VABB,310,3.6,22000,3000,29.0,13.0,,0,0,0,0,0
2024-02-05T14:00:00,19.088686,72.867919,11,VABB,310,2.6,22000,3000,29.0,13.0,,0,0,0,0,0
2024-02-05T14:30:00,19.088686,72.867919,11,VABB,340,2.1,22000,2500,29.0,13.0,,0,0,0,0,0
2024-02-05T15:00:00,19.088686,72.867919,11,VABB,,0.0,,2000,26.6,15.9,1015.0,0,0,0,0,0
2024-02-05T15:00:00,19.088686,72.867919,11,VABB,350,2.6,22000,2500,29.0,13.0,,0,0,0,0,0
2024-02-05T15:30:00,19.088686,72.867919,11,VABB,80,2.1,22000,2500,29.0,15.0,,0,0,0,0,0
2024-02-05T16:00:00,19.088686,72.867919,11,VABB,50,2.6,22000,2500,28.0,14.0,,0,0,0,0,0
2024-02-05T16:30:00,19.088686,72.867919,11,VABB,30,2.6,22000,2500,28.0,13.0,,0,0,0,0,0
2024-02-05T17:00:00,19.088686,72.867919,11,VABB,70,2.6,22000,2500,29.0,11.0,,0,0,0,0,0
2024-02-05T17:30:00,19.088686,72.867919,11,VABB,0,0.0,22000,2500,28.0,11.0,,0,0,0,0,0
2024-02-05T18:00:00,19.088686,72.867919,11,VABB,,0.0,,2000,23.4,14.3,1016.3,0,0,0,0,0
2024-02-05T18:00:00,19.088686,72.867919,11,VABB,,1.5,22000,2500,29.0,10.0,,0,0,0,1,0
2024-02-05T18:30:00,19.088686,72.867919,11,VABB,,1.5,22000,2500,28.0,11.0,,0,0,0,1,0
2024-02-05T19:00:00,19.088686,72.867919,11,VABB,10,2.1,22000,2500,27.0,13.0,,0,0,0,0,0
2024-02-05T19:30:00,19.088686,72.867919,11,VABB,170,2.6,22000,2500,27.0,13.0,,0,0,0,0,0
2024-02-05T20:00:00,19.088686,72.867919,11,VABB,160,2.1,22000,2500,27.0,13.0,,0,0,0,0,0
2024-02-05T20:30:00,19.088686,72.867919,11,VABB,,1.5,22000,2500,26.0,14.0,,0,0,0,1,0
2024-02-05T21:00:00,19.088686,72.867919,11,VABB,,0.0,,2000,21.8,15.1,1014.8,0,0,0,0,0
2024-02-05T21:00:00,19.088686,72.867919,11,VABB,200,2.6,22000,2500,26.0,14.0,,0,0,0,0,0
2024-02-05T21:30:00,19.088686,72.867919,11,VABB,60,2.1,22000,2500,26.0,15.0,,0,0,0,0,0
2024-02-05T22:00:00,19.088686,72.867919,11,VABB,330,2.1,22000,2500,25.0,15.0,,0,0,0,0,0
2024-02-05T22:30:00,19.088686,72.867919,11,VABB,350,2.1,22000,2500,25.0,16.0,,0,0,0,0,0
2024-02-05T23:00:00,19.088686,72.867919,11,VABB,0,0.0,22000,2200,25.0,17.0,,0,1,0,0,0
2024-02-05T23:30:00,19.088686,72.867919,11,VABB,340,2.6,22000,2200,25.0,17.0,,0,1,0,0,0
2024-02-06T00:00:00,19.088686,72.867919,11,VABB,,0.0,,2000,21.4,17.5,1014.3,0,0,0,0,0
2024-02-06T00:00:00,19.088686,72.867919,11,VABB,10,2.1,22000,2200,25.0,16.0,,0,1,0,0,0
2024-02-06T00:30:00,19.088686,72.867919,11,VABB,60,2.1,22000,2200,24.0,15.0,,0,0,0,0,0
2024-02-06T01:00:00,19.088686,72.867919,11,VABB,0,0.0,22000,2200,24.0,14.0,,0,0,0,0,0
2024-02-06T01:30:00,19.088686,72.867919,11,VABB,190,1.5,22000,2200,24.0,15.0,,0,0,1,0,0
2024-02-06T02:00:00,19.088686,72.867919,11,VABB,160,2.1,22000,2200,24.0,14.0,,0,0,1,0,0
2024-02-06T02:30:00,19.088686,72.867919,11,VABB,170,1.5,22000,2000,25.0,14.0,,0,0,1,0,0
2024-02-06T03:00:00,19.088686,72.867919,11,VABB,,0.0,,2000,20.2,15.9,1016.8,0,0,0,0,0
2024-02-06T03:00:00,19.088686,72.867919,11,VABB,160,2.1,22000,2000,25.0,14.0,,0,0,1,0,0
2024-02-06T03:30:00,19.088686,72.867919,11,VABB,0,0.0,22000,2000,27.0,14.0,,0,0,0,0,0
2024-02-06T04:00:00,19.088686,72.867919,11,VABB,0,0.0,22000,2200,28.0,14.0,,0,0,0,0,0
2024-02-06T04:30:00,19.088686,72.867919,11,VABB,60,2.1,22000,2200,30.0,14.0,,0,0,0,0,0
2024-02-06T05:00:00,19.088686,72.867919,11,VABB,30,1.5,22000,2200,30.0,13.0,,0,0,0,0,0
2024-02-06T05:30:00,19.088686,72.867919,11,VABB,50,3.1,22000,2200,32.0,12.0,,0,0,0,0,0
2024-02-06T06:00:00,19.088686,72.867919,11,VABB,50,1.5,,2000,31.6,16.8,1017.3,0,0,0,0,0
2024-02-06T06:00:00,19.088686,72.867919,11,VABB,60,1.5,22000,2500,32.0,13.0,,0,0,0,0,0
2024-02-06T06:30:00,19.088686,72.867919,11,VABB,30,2.6,22000,2500,33.0,13.0,,0,0,0,0,0
2024-02-06T07:00:00,19.088686,72.867919,11,VABB,240,6.2,22000,2500,32.0,17.0,,0,0,0,0,0
2024-02-06T07:30:00,19.088686,72.867919,11,VABB,260,5.1,22000,2500,32.0,16.0,,0,0,0,0,0
2024-02-06T08:00:00,19.088686,72.867919,11,VABB,260,5.7,22000,2500,32.0,17.0,,0,0,0,0,0
2024-02-06T08:30:00,19.088686,72.867919,11,VABB,240,6.7,22000,2500,32.0,18.0,,0,0,0,0,0
2024-02-06T09:00:00,19.088686,72.867919,11,VABB,320,2.1,,2000,33.2,18.5,1014.2,0,0,0,0,0
2024-02-06T09:00:00,19.088686,72.867919,11,VABB,260,6.2,22000,3000,32.0,19.0,,0,0,0,0,0
2024-02-06T09:30:00,19.088686,72.867919,11,VABB,290,4.6,22000,3000,32.0,17.0,,0,0,0,0,0
2024-02-06T10:00:00,19.088686,72.867919,11,VABB,300,4.6,22000,3000,32.0,17.0,,0,0,0,0,0
2024-02-06T10:30:00,19.088686,72.867919,11,VABB,310,4.6,22000,3000,32.0,18.0,,0,0,0,0,0
2024-02-06T11:00:00,19.088686,72.867919,11,VABB,320,4.6,22000,3500,32.0,14.0,,0,0,0,0,0
2024-02-06T11:30:00,19.088686,72.867919,11,VABB,310,4.6,22000,3500,31.0,15.0,,0,0,0,0,0
2024-02-06T12:00:00,19.088686,72.867919,11,VABB,320,3.1,,2000,30.2,16.1,1013.7,0,0,0,0,0
2024-02-06T12:00:00,19.088686,72.867919,11,VABB,310,4.1,22000,3500,31.0,16.0,,0,0,0,0,0
2024-02-06T12:30:00,19.088686,72.867919,11,VABB,300,4.1,22000,3500,30.0,17.0,,0,0,0,0,0
2024-02-06T13:00:00,19.088686,72.867919,11,VABB,310,3.1,22000,3500,29.0,17.0,,0,0,0,0,0
2024-02-06T13:30:00,19.088686,72.867919,11,VABB,300,3.1,22000,3000,29.0,17.0,,0,0,0,0,0
2024-02-06T14:00:00,19.088686,72.867919,11,VABB,310,3.1,22000,3000,29.0,16.0,,0,0,0,0,0
2024-02-06T14:30:00,19.088686,72.867919,11,VABB,300,1.5,22000,2700,28.0,17.0,,0,0,0,0,0
2024-02-06T15:00:00,19.088686,72.867919,11,VABB,320,3.1,,2000,27.2,18.1,1015.4,0,0,0,0,0
2024-02-06T15:00:00,19.088686,72.867919,11,VABB,350,2.6,22000,2700,28.0,18.0,,0,0,0,0,0
2024-02-06T15:30:00,19.088686,72.867919,11,VABB,320,1.5,22000,3000,28.0,19.0,,0,0,0,0,0
2024-02-06T16:00:00,19.088686,72.867919,11,VABB,330,2.1,22000,2500,28.0,19.0,,0,0,0,0,0
2024-02-06T16:30:00,19.088686,72.867919,11,VABB,360,1.5,22000,2500,27.0,19.0,,0,0,0,0,0
2024-02-06T17:00:00,19.088686,72.867919,11,VABB,30,2.6,22000,2500,28.0,19.0,,0,0,0,0,0
2024-02-06T17:30:00,19.088686,72.867919,11,VABB,20,2.1,22000,2500,27.0,19.0,,0,0,0,0,0
2024-02-06T18:00:00,19.088686,72.867919,11,VABB,,0.0,,2000,24.6,19.3,1016.4,0,0,0,0,0
2024-02-06T18:00:00,19.088686,72.867919,11,VABB,0,0.0,22000,2500,27.0,19.0,,0,1,0,0,0
2024-02-06T18:30:00,19.088686,72.867919,11,VABB,350,3.1,22000,2500,27.0,18.0,,0,1,0,0,0
2024-02-06T19:00:00,19.088686,72.867919,11,VABB,50,2.1,22000,2500,26.0,19.0,,0,1,0,0,0
2024-02-06T19:30:00,19.088686,72.867919,11,VABB,350,2.1,22000,2500,26.0,19.0,,0,1,0,0,0
2024-02-06T20:00:00,19.088686,72.867919,11,VABB,340,3.1,22000,2500,25.0,18.0,,0,1,0,0,0
2024-02-06T20:30:00,19.088686,72.867919,11,VABB,340,3.6,22000,2500,25.0,18.0,,0,1,0,0,0
2024-02-06T21:00:00,19.088686,72.867919,11,VABB,360,1.5,,2000,24.6,19.0,1015.4,0,0,0,0,0
2024-02-06T21:00:00,19.088686,72.867919,11,VABB,330,3.1,22000,2500,26.0,18.0,,0,1,0,0,0
2024-02-06T21:30:00,19.088686,72.867919,11,VABB,340,3.1,22000,2500,26.0,19.0,,0,1,0,0,0
2024-02-06T22:00:00,19.088686,72.867919,11,VABB,340,3.1,22000,2500,25.0,19.0,,0,1,0,0,0
2024-02-06T22:30:00,19.088686,72.867919,11,VABB,340,3.1,22000,2500,24.0,19.0,,0,1,0,0,0
2024-02-06T23:00:00,19.088686,72.867919,11,VABB,360,2.1,22000,2500,24.0,19.0,,0,1,0,0,0
2024-02-06T23:30:00,19.088686,72.867919,11,VABB,360,2.1,22000,2500,25.0,19.0,,0,1,0,0,0
2024-02-07T00:00:00,19.088686,72.867919,11,VABB,,0.0,,2000,23.6,19.2,1015.1,0,0,0,0,0
2024-02-07T00:00:00,19.088686,72.867919,11,VABB,360,3.1,22000,2500,24.0,19.0,,0,1,0,0,0
2024-02-07T00:30:00,19.088686,72.867919,11,VABB,350,2.6,22000,2500,24.0,19.0,,0,1,0,0,0
2024-02-07T01:00:00,19.088686,72.867919,11,VABB,10,2.6,22000,2500,24.0,19.0,,0,1,0,0,0
2024-02-07T01:30:00,19.088686,72.867919,11,VABB,10,2.6,22000,2200,25.0,19.0,,0,1,0,0,0
2024-02-07T02:00:00,19.088686,72.867919,11,VABB,360,2.6,22000,2200,24.0,18.0,,0,1,0,0,0
2024-02-07T02:30:00,19.088686,72.867919,11,VABB,40,1.5,22000,1900,24.0,19.0,,0,1,0,0,0
2024-02-07T03:00:00,19.088686,72.867919,11,VABB,50,1.5,,2000,22.4,19.6,1017.5,0,0,0,0,0
2024-02-07T03:00:00,19.088686,72.867919,11,VABB,20,1.5,22000,1900,25.0,19.0,,0,1,0,0,0
2024-02-07T03:30:00,19.088686,72.867919,11,VABB,50,3.1,22000,1800,26.0,19.0,,0,1,0,0,0
2024-02-07T04:00:00,19.088686,72.867919,11,VABB,100,1.5,22000,1800,27.0,19.0,,0,0,0,0,0
2024-02-07T04:30:00,19.088686,72.867919,11,VABB,360,1.5,22000,1800,28.0,18.0,,0,0,0,0,0
2024-02-07T05:00:00,19.088686,72.867919,11,VABB,340,2.6,22000,2100,30.0,17.0,,0,0,0,0,0
2024-02-07T05:30:00,19.088686,72.867919,11,VABB,80,2.1,22000,2200,30.0,17.0,,0,0,0,0,0
2024-02-07T06:00:00,19.088686,72.867919,11,VABB,50,1.5,22000,2000,30.6,20.0,1018.5,0,0,0,0,0
2024-02-07T06:00:00,19.088686,72.867919,11,VABB,180,1.5,22000,2200,31.0,18.0,,0,0,0,0,0
2024-02-07T06:30:00,19.088686,72.867919,11,VABB,340,2.6,22000,2500,32.0,17.0,,0,0,0,0,0
2024-02-07T07:00:00,19.088686,72.867919,11,VABB,10,4.1,10000,2500,33.0,15.0,,0,0,0,0,0
2024-02-07T07:30:00,19.088686,72.867919,11,VABB,40,3.1,10000,2500,33.0,14.0,,0,0,0,0,0
2024-02-07T08:00:00,19.088686,72.867919,11,VABB,320,2.1,22000,2500,34.0,15.0,,0,0,0,0,0
2024-02-07T08:30:00,19.088686,72.867919,11,VABB,310,5.1,22000,2500,33.0,19.0,,0,0,0,0,0
2024-02-07T09:00:00,19.088686,72.867919,11,VABB,320,2.1,,2000,32.2,17.2,1014.9,0,0,0,0,0
2024-02-07T09:00:00,19.088686,72.867919,11,VABB,280,6.7,22000,2500,32.0,18.0,,0,0,0,0,0
2024-02-07T09:30:00,19.088686,72.867919,11,VABB,300,4.1,22000,2500,32.0,19.0,,0,0,0,0,1
2024-02-07T10:00:00,19.088686,72.867919,11,VABB,300,3.6,22000,2500,30.0,19.0,,0,0,0,0,1
2024-02-07T10:30:00,19.088686,72.867919,11,VABB,310,5.1,22000,2500,31.0,18.0,,0,0,0,0,0
2024-02-07T11:00:00,19.088686,72.867919,11,VABB,300,6.2,22000,2500,31.0,17.0,,0,0,0,0,1
2024-02-07T11:30:00,19.088686,72.867919,11,VABB,310,5.1,22000,2500,31.0,17.0,,0,0,0,0,0
2024-02-07T12:00:00,19.088686,72.867919,11,VABB,360,2.1,,2000,29.4,17.1,1013.9,0,0,0,0,0
2024-02-07T12:00:00,19.088686,72.867919,11,VABB,10,2.1,22000,2500,30.0,17.0,,0,0,0,0,0
2024-02-07T12:30:00,19.088686,72.867919,11,VABB,330,3.6,22000,2500,29.0,16.0,,0,0,0,0,1
2024-02-07T13:00:00,19.088686,72.867919,11,VABB,320,4.1,22000,2500,28.0,17.0,,0,0,0,0,0
2024-02-07T13:30:00,19.088686,72.867919,11,VABB,320,3.6,22000,2500,28.0,18.0,,0,0,0,0,0
2024-02-07T14:00:00,19.088686,72.867919,11,VABB,330,4.6,22000,2500,28.0,17.0,,0,0,0,0,0
2024-02-07T14:30:00,19.088686,72.867919,11,VABB,180,4.6,22000,2500,28.0,17.0,,0,0,0,0,0
2024-02-07T15:00:00,19.088686,72.867919,11,VABB,50,2.1,,2000,26.6,16.2,1015.8,0,0,0,0,0
2024-02-07T15:00:00,19.088686,72.867919,11,VABB,330,4.6,22000,2500,27.0,16.0,,0,0,0,0,0
2024-02-07T15:30:00,19.088686,72.867919,11,VABB,10,2.6,22000,2500,27.0,16.0,,0,0,0,0,0
2024-02-07T16:00:00,19.088686,72.867919,11,VABB,260,3.1,22000,2500,27.0,15.0,,0,0,0,0,0
2024-02-07T16:30:00,19.088686,72.867919,11,VABB,30,1.5,22000,2500,27.0,15.0,,0,0,0,0,0
2024-02-07T17:00:00,19.088686,72.867919,11,VABB,340,4.1,22000,2500,26.0,15.0,,0,0,0,0,0
2024-02-07T17:30:00,19.088686,72.867919,11,VABB,20,3.1,22000,2500,26.0,15.0,,0,0,0,0,0
2024-02-07T18:00:00,19.088686,72.867919,11,VABB,,0.0,,2000,24.0,15.8,1016.2,0,0,0,0,0
2024-02-07T18:00:00,19.088686,72.867919,11,VABB,10,2.1,22000,2500,27.0,15.0,,0,0,0,0,0
2024-02-07T18:30:00,19.088686,72.867919,11,VABB,30,2.1,22000,2500,26.0,14.0,,0,0,0,0,0
2024-02-07T19:00:00,19.088686,72.867919,11,VABB,20,1.5,22000,2500,25.0,14.0,,0,0,0,0,0
2024-02-07T19:30:00,19.088686,72.867919,11,VABB,10,1.5,22000,2500,25.0,14.0,,0,0,0,0,0
2024-02-07T20:00:00,19.088686,72.867919,11,VABB,10,1.5,22000,2500,24.0,14.0,,0,0,0,0,0
2024-02-07T20:30:00,19.088686,72.867919,11,VABB,0,0.0,22000,2500,24.0,14.0,,0,0,0,0,0
2024-02-07T21:00:00,19.088686,72.867919,11,VABB,,0.0,,2000,21.4,15.0,1014.8,0,0,0,0,0
2024-02-07T21:00:00,19.088686,72.867919,11,VABB,0,0.0,22000,2500,24.0,14.0,,0,0,0,0,0
2024-02-07T21:30:00,19.088686,72.867919,11,VABB,0,0.0,22000,2500,24.0,14.0,,0,0,0,0,0
2024-02-07T22:00:00,19.088686,72.867919,11,VABB,0,0.0,22000,2500,24.0,14.0,,0,0,0,0,0
2024-02-07T22:30:00,19.088686,72.867919,11,VABB,0,0.0,22000,2500,23.0,14.0,,0,0,0,0,0
2024-02-07T23:00:00,19.088686,72.867919,11,VABB,10,2.1,22000,2500,23.0,14.0,,0,0,0,0,0
2024-02-07T23:30:00,19.088686,72.867919,11,VABB,70,2.1,22000,2500,24.0,14.0,,0,0,0,0,0
2024-02-08T00:00:00,19.088686,72.867919,11,VABB,,0.0,,2000,20.2,15.1,1014.4,0,0,0,0,0
2024-02-08T00:00:00,19.088686,72.867919,11,VABB,0,0.0,22000,2500,23.0,14.0,,0,0,0,0,0
2024-02-08T00:30:00,19.088686,72.867919,11,VABB,0,0.0,22000,2500,23.0,14.0,,0,0,0,0,0
2024-02-08T01:00:00,19.088686,72.867919,11,VABB,0,0.0,22000,2500,23.0,14.0,,0,0,0,0,0
2024-02-08T01:30:00,19.088686,72.867919,11,VABB,70,2.6,22000,2500,24.0,14.0,,0,0,0,0,0
2024-02-08T02:00:00,19.088686,72.867919,11,VABB,40,1.5,22000,2100,23.0,14.0,,0,0,0,0,0
2024-02-08T02:30:00,19.088686,72.867919,11,VABB,290,2.6,22000,1800,24.0,15.0,,0,0,0,0,0
2024-02-08T03:00:00,19.088686,72.867919,11,VABB,,0.0,22000,2000,20.6,15.6,1016.7,0,0,0,0,0
2024-02-08T03:00:00,19.088686,72.867919,11,VABB,80,3.1,22000,1800,25.0,14.0,,0,0,0,0,0
2024-02-08T03:30:00,19.088686,72.867919,11,VABB,340,1.5,22000,2100,25.0,14.0,,0,0,0,0,0
2024-02-08T04:00:00,19.088686,72.867919,11,VABB,10,2.6,22000,2100,27.0,14.0,,0,0,0,0,0
2024-02-08T04:30:00,19.088686,72.867919,11,VABB,20,2.1,22000,2100,28.0,14.0,,0,0,0,0,0
2024-02-08T05:00:00,19.088686,72.867919,11,VABB,60,3.6,22000,2100,29.0,14.0,,0,0,0,0,0
2024-02-08T05:30:00,19.088686,72.867919,11,VABB,30,2.6,22000,2100,30.0,14.0,,0,0,0,0,0
2024-02-08T06:00:00,19.088686,72.867919,11,VABB,50,1.5,,2000,30.4,14.3,1017.4,0,0,0,0,0
2024-02-08T06:00:00,19.088686,72.867919,11,VABB,40,3.1,22000,2500,31.0,14.0,,0,0,0,0,0
2024-02-08T06:30:00,19.088686,72.867919,11,VABB,330,1.0,22000,2500,32.0,12.0,,0,0,0,0,0
2024-02-08T07:00:00,19.088686,72.867919,11,VABB,0,0.0,22000,2500,32.0,11.0,,0,0,0,0,0
2024-02-08T07:30:00,19.088686,72.867919,11,VABB,290,3.1,22000,2500,32.0,16.0,,0,0,0,0,0
2024-02-08T08:00:00,19.088686,72.867919,11,VABB,280,4.1,22000,2500,32.0,16.0,,0,0,0,0,0
2024-02-08T08:30:00,19.088686,72.867919,11,VABB,280,5.7,22000,3000,32.0,16.0,,0,0,0,0,0
2024-02-08T09:00:00,19.088686,72.867919,11,VABB,320,2.1,,2000,32.0,16.5,1013.8,0,0,0,0,0
2024-02-08T09:00:00,19.088686,72.867919,11,VABB,260,6.2,22000,3000,32.0,16.0,,0,0,0,0,0
2024-02-08T09:30:00,19.088686,72.867919,11,VABB,280,5.1,22000,3000,32.0,15.0,,0,0,0,0,0
2024-02-08T10:00:00,19.088686,72.867919,11,VABB,270,6.2,22000,3500,31.0,16.0,,0,0,0,0,0
2024-02-08T10:30:00,19.088686,72.867919,11,VABB,300,3.6,22000,3500,31.0,17.0,,0,0,0,0,0
2024-02-08T11:00:00,19.088686,72.867919,11,VABB,290,5.7,22000,3500,31.0,16.0,,0,0,0,0,0
2024-02-08T11:30:00,19.088686,72.867919,11,VABB,310,5.1,22000,3500,30.0,16.0,,0,0,0,0,0
2024-02-08T12:00:00,19.088686,72.867919,11,VABB,320,2.6,,2000,29.6,16.5,1012.6,0,0,0,0,0
2024-02-08T12:00:00,19.088686,72.867919,11,VABB,310,4.1,22000,4000,30.0,16.0,,0,0,0,0,0
2024-02-08T12:30:00,19.088686,72.867919,11,VABB,320,4.1,22000,4000,29.0,16.0,,0,0,0,0,0
2024-02-08T13:00:00,19.088686,72.867919,11,VABB,320,2.6,22000,4000,29.0,16.0,,0,0,0,0,0
2024-02-08T13:30:00,19.088686,72.867919,11,VABB,300,2.6,22000,3500,28.0,16.0,,0,0,0,0,0
2024-02-08T14:00:00,19.088686,72.867919,11,VABB,360,2.1,22000,3500,28.0,17.0,,0,0,0,0,0
2024-02-08T14:30:00,19.088686,72.867919,11,VABB,310,2.1,22000,3500,28.0,17.0,,0,0,0,0,0
2024-02-08T15:00:00,19.088686,72.867919,11,VABB,320,2.6,,2000,26.6,18.1,1013.8,0,0,0,0,0
2024-02-08T15:00:00,19.088686,72.867919,11,VABB,320,3.1,22000,3500,27.0,18.0,,0,0,0,0,0
2024-02-08T15:30:00,19.088686,72.867919,11,VABB,350,3.6,22000,3500,28.0,17.0,,0,0,0,0,0
2024-02-08T16:00:00,19.088686,72.867919,11,VABB,170,3.1,22000,3000,28.0,17.0,,0,0,0,0,0
2024-02-08T16:30:00,19.088686,72.867919,11,VABB,360,2.6,22000,3000,27.0,17.0,,0,0,0,0,0
2024-02-08T17:00:00,19.088686,72.867919,11,VABB,320,2.1,22000,3000,27.0,17.0,,0,0,0,0,0
2024-02-08T17:30:00,19.088686,72.867919,11,VABB,300,1.5,22000,3000,26.0,17.0,,0,0,0,0,0
2024-02-08T18:00:00,19.088686,72.867919,11,VABB,,0.0,,2000,24.0,17.6,1014.9,0,0,0,0,0
2024-02-08T18:00:00,19.088686,72.867919,11,VABB,20,1.5,22000,3000,25.0,16.0,,0,0,0,0,0
2024-02-08T18:30:00,19.088686,72.867919,11,VABB,350,1.5,22000,3000,26.0,16.0,,0,0,0,0,0
2024-02-08T19:00:00,19.088686,72.867919,11,VABB,0,0.0,22000,2500,25.0,16.0,,0,0,0,0,0
2024-02-08T19:30:00,19.088686,72.867919,11,VABB,350,1.5,22000,2500,25.0,16.0,,0,0,0,0,0
2024-02-08T20:00:00,19.088686,72.867919,11,VABB,0,0.0,22000,2500,24.0,16.0,,0,0,0,0,0
2024-02-08T20:30:00,19.088686,72.867919,11,VABB,0,0.0,22000,2500,24.0,16.0,,0,1,0,0,0
2024-02-08T21:00:00,19.088686,72.867919,11,VABB,,0.0,,2000,21.8,16.6,1013.3,0,0,0,0,0
2024-02-08T21:00:00,19.088686,72.867919,11,VABB,0,0.0,22000,2500,24.0,16.0,,0,1,0,0,0
2024-02-08T21:30:00,19.088686,72.867919,11,VABB,30,2.1,22000,2500,25.0,17.0,,0,1,0,0,0
2024-02-08T22:00:00,19.088686,72.867919,11,VABB,20,1.5,22000,2500,25.0,17.0,,0,1,0,0,0
2024-02-08T22:30:00,19.088686,72.867919,11,VABB,0,0.0,22000,2500,23.0,17.0,,0,1,0,0,0
2024-02-08T23:00:00,19.088686,72.867919,11,VABB,0,0.0,22000,2500,24.0,17.0,,0,1,0,0,0
2024-02-08T23:30:00,19.088686,72.867919,11,VABB,0,0.0,22000,2500,25.0,17.0,,0,1,0,0,0
2024-02-09T00:00:00,19.088686,72.867919,11,VABB,,0.0,,2000,20.2,16.6,1013.3,0,0,0,0,0
2024-02-09T00:00:00,19.088686,72.867919,11,VABB,180,2.1,22000,2500,24.0,17.0,,0,1,0,0,0
2024-02-09T00:30:00,19.088686,72.867919,11,VABB,220,1.5,22000,2500,24.0,16.0,,0,1,0,0,0
2024-02-09T01:00:00,19.088686,72.867919,11,VABB,0,0.0,22000,2500,24.0,16.0,,0,1,0,0,0
2024-02-09T01:30:00,19.088686,72.867919,11,VABB,330,1.5,22000,2100,24.0,16.0,,0,1,0,0,0
2024-02-09T02:00:00,19.088686,72.867919,11,VABB,280,2.1,22000,2100,24.0,16.0,,0,1,0,0,0
2024-02-09T02:30:00,19.088686,72.867919,11,VABB,40,2.6,22000,1800,25.0,17.0,,0,1,0,0,0
2024-02-09T03:00:00,19.088686,72.867919,11,VABB,,0.0,22000,2000,21.2,17.3,1015.7,0,0,0,0,0
2024-02-09T03:00:00,19.088686,72.867919,11,VABB,80,2.1,22000,1800,25.0,18.0,,0,1,0,0,0
2024-02-09T03:30:00,19.088686,72.867919,11,VABB,50,2.1,22000,1800,25.0,17.0,,0,1,0,0,0
2024-02-09T04:00:00,19.088686,72.867919,11,VABB,60,2.1,22000,2100,25.0,17.0,,0,1,0,0,0
2024-02-09T04:30:00,19.088686,72.867919,11,VABB,200,1.5,22000,2100,28.0,16.0,,0,1,0,0,0
2024-02-09T05:00:00,19.088686,72.867919,11,VABB,140,2.1,22000,2100,30.0,16.0,,0,1,0,0,0
2024-02-09T05:30:00,19.088686,72.867919,11,VABB,40,2.6,22000,2100,30.0,16.0,,0,0,0,0,0
2024-02-09T06:00:00,19.088686,72.867919,11,VABB,320,1.5,,2000,30.6,16.2,1016.4,0,0,0,0,0
2024-02-09T06:00:00,19.088686,72.867919,11,VABB,350,2.6,22000,2200,31.0,16.0,,0,0,0,0,0
2024-02-09T06:30:00,19.088686,72.867919,11,VABB,260,4.6,22000,2200,30.0,16.0,,0,0,0,0,0
2024-02-09T07:00:00,19.088686,72.867919,11,VABB,250,5.1,22000,2200,31.0,17.0,,0,0,0,0,0
2024-02-09T07:30:00,19.088686,72.867919,11,VABB,270,5.7,22000,2500,31.0,17.0,,0,0,0,0,0
2024-02-09T08:00:00,19.088686,72.867919,11,VABB,300,4.1,22000,2500,31.0,16.0,,0,0,0,0,0
2024-02-09T08:30:00,19.088686,72.867919,11,VABB,310,3.6,22000,2800,31.0,14.0,,0,0,0,0,0
2024-02-09T09:00:00,19.088686,72.867919,11,VABB,320,3.1,,2000,31.6,15.9,1013.6,0,0,0,0,0
2024-02-09T09:00:00,19.088686,72.867919,11,VABB,310,5.1,22000,2800,31.0,15.0,,0,0,0,0,0
2024-02-09T09:30:00,19.088686,72.867919,11,VABB,300,4.6,22000,3000,32.0,16.0,,0,0,0,0,0
2024-02-09T10:00:00,19.088686,72.867919,11,VABB,310,4.6,22000,3500,32.0,15.0,,0,0,0,0,0
2024-02-09T10:30:00,19.088686,72.867919,11,VABB,310,4.6,22000,3500,31.0,14.0,,0,0,0,0,0
2024-02-09T11:00:00,19.088686,72.867919,11,VABB,320,4.6,22000,3500,31.0,12.0,,0,0,0,0,0
2024-02-09T11:30:00,19.088686,72.867919,11,VABB,300,4.6,22000,3500,31.0,13.0,,0,0,0,0,0
2024-02-09T12:00:00,19.088686,72.867919,11,VABB,320,3.1,,2000,29.6,12.7,1012.7,0,0,0,0,0
2024-02-09T12:00:00,19.088686,72.867919,11,VABB,330,3.6,22000,3500,30.0,14.0,,0,0,0,0,0
2024-02-09T12:30:00,19.088686,72.867919,11,VABB,320,3.1,22000,3500,29.0,13.0,,0,0,0,0,0
2024-02-09T13:00:00,19.088686,72.867919,11,VABB,310,3.1,22000,3000,28.0,14.0,,0,0,0,0,0
2024-02-09T13:30:00,19.088686,72.867919,11,VABB,310,2.6,22000,3000,27.0,14.0,,0,0,0,0,0
2024-02-09T14:00:00,19.088686,72.867919,11,VABB,310,3.1,22000,3000,27.0,14.0,,0,0,0,0,0
2024-02-09T14:30:00,19.088686,72.867919,11,VABB,310,2.6,22000,3000,27.0,15.0,,0,0,0,0,0
2024-02-09T15:00:00,19.088686,72.867919,11,VABB,320,3.1,,2000,25.8,15.6,1015.0,0,0,0,0,0
2024-02-09T15:00:00,19.088686,72.867919,11,VABB,330,2.1,22000,3000,26.0,16.0,,0,0,0,0,0
2024-02-09T15:30:00,19.088686,72.867919,11,VABB,350,2.1,22000,3000,26.0,13.0,,0,0,0,0,0
2024-02-09T16:00:00,19.088686,72.867919,11,VABB,0,0.0,22000,3000,26.0,13.0,,0,0,0,0,0
2024-02-09T16:30:00,19.088686,72.867919,11,VABB,60,1.5,22000,2500,26.0,14.0,,0,0,0,0,0
2024-02-09T17:00:00,19.088686,72.867919,11,VABB,10,3.1,22000,2500,26.0,13.0,,0,0,0,0,0
2024-02-09T17:30:00,19.088686,72.867919,11,VABB,30,4.6,22000,2500,27.0,11.0,,0,0,0,0,0
2024-02-09T18:00:00,19.088686,72.867919,11,VABB,,0.0,,2000,22.0,14.2,1016.3,0,0,0,0,0
2024-02-09T18:00:00,19.088686,72.867919,11,VABB,350,2.1,22000,2500,26.0,11.0,,0,0,0,0,0
2024-02-09T18:30:00,19.088686,72.867919,11,VABB,50,4.6,22000,2500,27.0,12.0,,0,0,0,0,0
2024-02-09T19:00:00,19.088686,72.867919,11,VABB,20,2.1,22000,2500,26.0,11.0,,0,0,0,0,0
2024-02-09T19:30:00,19.088686,72.867919,11,VABB,20,3.1,22000,2500,25.0,11.0,,0,0,0,0,0
2024-02-09T20:00:00,19.088686,72.867919,11,VABB,10,2.6,22000,2500,25.0,11.0,,0,0,0,0,0
2024-02-09T20:30:00,19.088686,72.867919,11,VABB,10,2.6,22000,2500,25.0,11.0,,0,0,0,0,0
2024-02-09T21:00:00,19.088686,72.867919,11,VABB,,0.0,,2000,19.8,12.3,1015.1,0,0,0,0,0
2024-02-09T21:00:00,19.088686,72.867919,11,VABB,350,4.6,22000,2500,25.0,10.0,,0,0,0,0,0
2024-02-09T21:30:00,19.088686,72.867919,11,VABB,360,2.6,22000,2500,25.0,10.0,,0,0,0,0,0
2024-02-09T22:00:00,19.088686,72.867919,11,VABB,20,2.6,22000,2500,24.0,11.0,,0,0,0,0,0
2024-02-09T22:30:00,19.088686,72.867919,11,VABB,20,2.1,22000,2500,24.0,11.0,,0,0,0,0,0
2024-02-09T23:00:00,19.088686,72.867919,11,VABB,120,2.1,22000,2500,24.0,12.0,,0,0,0,0,0
2024-02-09T23:30:00,19.088686,72.867919,11,VABB,0,0.0,22000,2500,24.0,13.0,,0,0,0,0,0
2024-02-10T00:00:00,19.088686,72.867919,11,VABB,,0.0,,2000,18.6,12.1,1014.7,0,0,0,0,0
2024-02-10T00:00:00,19.088686,72.867919,11,VABB,0,0.0,22000,2500,24.0,13.0,,0,0,0,0,0
2024-02-10T00:30:00,19.088686,72.867919,11,VABB,230,2.1,22000,2500,23.0,12.0,,0,0,0,0,0
2024-02-10T01:00:00,19.088686,72.867919,11,VABB,220,2.1,22000,2500,23.0,12.0,,0,0,0,0,0
2024-02-10T01:30:00,19.088686,72.867919,11,VABB,0,0.0,22000,2500,23.0,12.0,,0,0,0,0,0
2024-02-10T02:00:00,19.088686,72.867919,11,VABB,0,0.0,22000,2100,23.0,12.0,,0,0,0,0,0
2024-02-10T02:30:00,19.088686,72.867919,11,VABB,350,1.5,22000,1800,24.0,13.0,,0,0,0,0,0
2024-02-10T03:00:00,19.088686,72.867919,11,VABB,,0.0,,2000,19.0,14.5,1016.6,0,0,0,0,0
2024-02-10T03:00:00,19.088686,72.867919,11,VABB,50,2.1,22000,1800,25.0,13.0,,0,0,0,0,0
2024-02-10T03:30:00,19.088686,72.867919,11,VABB,20,2.1,22000,2100,25.0,12.0,,0,0,0,0,0
2024-02-10T04:00:00,19.088686,72.867919,11,VABB,30,3.6,22000,2100,27.0,11.0,,0,0,0,0,0
2024-02-10T04:30:00,19.088686,72.867919,11,VABB,300,1.5,22000,2100,27.0,11.0,,0,0,0,0,0
2024-02-10T05:00:00,19.088686,72.867919,11,VABB,30,2.6,22000,2200,29.0,11.0,,0,0,0,0,0
2024-02-10T05:30:00,19.088686,72.867919,11,VABB,260,2.1,22000,2200,29.0,11.0,,0,0,0,0,0
2024-02-10T06:00:00,19.088686,72.867919,11,VABB,,0.0,,2000,29.2,12.1,1016.9,0,0,0,0,0
2024-02-10T06:00:00,19.088686,72.867919,11,VABB,330,2.1,22000,2200,30.0,12.0,,0,0,0,0,0
2024-02-10T06:30:00,19.088686,72.867919,11,VABB,20,3.6,22000,2200,31.0,10.0,,0,0,0,0,0
2024-02-10T07:00:00,19.088686,72.867919,11,VABB,250,5.1,22000,2200,30.0,15.0,,0,0,0,0,0
2024-02-10T07:30:00,19.088686,72.867919,11,VABB,300,4.6,22000,2500,31.0,13.0,,0,0,0,0,0
2024-02-10T08:00:00,19.088686,72.867919,11,VABB,270,5.1,22000,2500,31.0,13.0,,0,0,0,0,0
2024-02-10T08:30:00,19.088686,72.867919,11,VABB,290,6.7,22000,2200,31.0,13.0,,0,0,0,0,0
2024-02-10T09:00:00,19.088686,72.867919,11,VABB,320,2.6,,2000,30.4,14.3,1014.6,0,0,0,0,0
2024-02-10T09:00:00,19.088686,72.867919,11,VABB,290,5.7,22000,2500,31.0,13.0,,0,0,0,0,0
2024-02-10T09:30:00,19.088686,72.867919,11,VABB,310,4.1,22000,3000,31.0,9.0,,0,0,0,0,0
2024-02-10T10:00:00,19.088686,72.867919,11,VABB,320,5.1,22000,3000,30.0,11.0,,0,0,0,0,0
2024-02-10T10:30:00,19.088686,72.867919,11,VABB,310,6.7,22000,3000,30.0,12.0,,0,0,0,0,0
2024-02-10T11:00:00,19.088686,72.867919,11,VABB,320,5.1,22000,3000,29.0,11.0,,0,0,0,0,0
2024-02-10T11:30:00,19.088686,72.867919,11,VABB,330,4.6,22000,3000,29.0,12.0,,0,0,0,0,0
2024-02-10T12:00:00,19.088686,72.867919,11,VABB,320,4.1,,2000,28.4,13.7,1014.3,0,0,0,0,0
2024-02-10T12:00:00,19.088686,72.867919,11,VABB,350,2.6,22000,4000,28.0,10.0,,0,0,0,0,0
2024-02-10T12:30:00,19.088686,72.867919,11,VABB,340,2.6,22000,4000,27.0,11.0,,0,0,0,0,0
2024-02-10T13:00:00,19.088686,72.867919,11,VABB,10,2.1,22000,3500,27.0,11.0,,0,0,0,0,0
2024-02-10T13:30:00,19.088686,72.867919,11,VABB,10,2.6,22000,3500,27.0,10.0,,0,0,0,0,0
2024-02-10T14:00:00,19.088686,72.867919,11,VABB,350,1.5,22000,3000,26.0,9.0,,0,0,0,0,0
2024-02-10T14:30:00,19.088686,72.867919,11,VABB,330,3.1,22000,3000,27.0,9.0,,0,0,0,0,0
2024-02-10T15:00:00,19.088686,72.867919,11,VABB,50,1.5,,2000,24.6,13.3,1016.3,0,0,0,0,0
2024-02-10T15:00:00,19.088686,72.867919,11,VABB,330,4.1,22000,3000,27.0,9.0,,0,0,0,0,0
2024-02-10T15:30:00,19.088686,72.867919,11,VABB,320,2.6,22000,3000,26.0,10.0,,0,0,0,0,0
2024-02-10T16:00:00,19.088686,72.867919,11,VABB,160,2.6,22000,3000,26.0,13.0,,0,0,0,0,0
2024-02-10T16:30:00,19.088686,72.867919,11,VABB,40,2.6,22000,2500,25.0,13.0,,0,0,0,0,0
2024-02-10T17:00:00,19.088686,72.867919,11,VABB,10,2.6,22000,2500,25.0,12.0,,0,0,0,0,0
2024-02-10T17:30:00,19.088686,72.867919,11,VABB,50,3.6,22000,2500,26.0,9.0,,0,0,0,0,0
2024-02-10T18:00:00,19.088686,72.867919,11,VABB,,0.0,,2000,21.4,13.8,1017.0,0,0,0,0,0
2024-02-10T18:00:00,19.088686,72.867919,11,VABB,70,1.5,22000,2500,25.0,8.0,,0,0,0,0,0
2024-02-10T18:30:00,19.088686,72.867919,11,VABB,120,2.6,22000,2500,25.0,8.0,,0,0,0,0,0
2024-02-10T19:00:00,19.088686,72.867919,11,VABB,150,3.1,22000,2500,25.0,9.0,,0,0,0,0,0
2024-02-10T19:30:00,19.088686,72.867919,11,VABB,140,1.5,22000,2500,25.0,9.0,,0,0,0,0,0
2024-02-10T20:00:00,19.088686,72.867919,11,VABB,310,2.1,22000,2500,24.0,9.0,,0,0,0,0,0
2024-02-10T20:30:00,19.088686,72.867919,11,VABB,0,0.0,22000,2500,24.0,9.0,,0,0,0,0,0
2024-02-10T21:00:00,19.088686,72.867919,11,VABB,,0.0,,2000,19.0,11.8,1015.6,0,0,0,0,0
2024-02-10T21:00:00,19.088686,72.867919,11,VABB,60,2.1,22000,2500,22.0,10.0,,0,0,0,0,0
2024-02-10T21:30:00,19.088686,72.867919,11,VABB,20,2.1,22000,2500,23.0,10.0,,0,0,0,0,0
2024-02-10T22:00:00,19.088686,72.867919,11,VABB,0,0.0,22000,2500,22.0,9.0,,0,0,0,0,0
2024-02-10T22:30:00,19.088686,72.867919,11,VABB,0,0.0,22000,2500,21.0,11.0,,0,0,0,0,0
2024-02-10T23:00:00,19.088686,72.867919,11,VABB,30,2.6,22000,2500,24.0,10.0,,0,0,0,0,0
2024-02-10T23:30:00,19.088686,72.867919,11,VABB,50,2.6,22000,2500,23.0,8.0,,0,0,0,0,0
2024-02-11T00:00:00,19.088686,72.867919,11,VABB,,0.0,,2000,17.4,11.6,1014.3,0,0,0,0,0
2024-02-11T00:00:00,19.088686,72.867919,11,VABB,350,2.1,22000,2500,23.0,9.0,,0,0,0,0,0
2024-02-11T00:30:00,19.088686,72.867919,11,VABB,0,0.0,22000,2500,22.0,8.0,,0,0,0,0,0
2024-02-11T01:00:00,19.088686,72.867919,11,VABB,100,2.1,22000,2500,23.0,9.0,,0,0,0,0,0
2024-02-11T01:30:00,19.088686,72.867919,11,VABB,100,2.1,22000,2100,22.0,10.0,,0,0,0,0,0
2024-02-11T02:00:00,19.088686,72.867919,11,VABB,150,1.5,22000,1800,22.0,11.0,,0,0,0,0,0
2024-02-11T02:30:00,19.088686,72.867919,11,VABB,60,2.1,22000,2200,23.0,11.0,,0,0,0,0,0
2024-02-11T03:00:00,19.088686,72.867919,11,VABB,,0.0,,2000,18.4,13.5,1016.6,0,0,0,0,0
2024-02-11T03:00:00,19.088686,72.867919,11,VABB,120,1.5,22000,2200,24.0,11.0,,0,0,0,0,0
2024-02-11T03:30:00,19.088686,72.867919,11,VABB,,1.5,22000,2200,24.0,11.0,,0,0,0,1,0
2024-02-11T04:00:00,19.088686,72.867919,11,VABB,0,0.0,22000,2200,25.0,11.0,,0,0,0,0,0
2024-02-11T04:30:00,19.088686,72.867919,11,VABB,0,0.0,22000,2200,27.0,11.0,,0,0,0,0,0
2024-02-11T05:00:00,19.088686,72.867919,11,VABB,50,2.1,22000,2200,28.0,11.0,,0,0,0,0,0
2024-02-11T05:30:00,19.088686,72.867919,11,VABB,50,2.6,22000,2200,29.0,11.0,,0,0,0,0,0
2024-02-11T06:00:00,19.088686,72.867919,11,VABB,,0.0,,2000,30.0,13.3,1017.9,0,0,0,0,0
2024-02-11T06:00:00,19.088686,72.867919,11,VABB,100,1.5,22000,2500,31.0,12.0,,0,0,0,0,0
2024-02-11T06:30:00,19.088686,72.867919,11,VABB,30,3.1,22000,2500,31.0,10.0,,0,0,0,0,0
2024-02-11T07:00:00,19.088686,72.867919,11,VABB,270,4.1,22000,2500,30.0,14.0,,0,0,0,0,0
2024-02-11T07:30:00,19.088686,72.867919,11,VABB,260,5.7,22000,2500,30.0,15.0,,0,0,0,0,0
2024-02-11T08:00:00,19.088686,72.867919,11,VABB,260,4.6,22000,2500,31.0,15.0,,0,0,0,0,0
2024-02-11T08:30:00,19.088686,72.867919,11,VABB,270,5.1,22000,2500,31.0,16.0,,0,0,0,0,0
2024-02-11T09:00:00,19.088686,72.867919,11,VABB,320,2.1,,2000,32.2,15.9,1014.7,0,0,0,0,0
2024-02-11T09:00:00,19.088686,72.867919,11,VABB,270,5.1,22000,2500,31.0,15.0,,0,0,0,0,0
2024-02-11T09:30:00,19.088686,72.867919,11,VABB,290,5.1,22000,2500,31.0,16.0,,0,0,0,0,0
2024-02-11T10:00:00,19.088686,72.867919,11,VABB,310,4.6,22000,3000,31.0,15.0,,0,0,0,0,0
2024-02-11T10:30:00,19.088686,72.867919,11,VABB,280,5.7,22000,3500,30.0,15.0,,0,0,0,0,0
2024-02-11T11:00:00,19.088686,72.867919,11,VABB,320,5.1,22000,4000,29.0,14.0,,0,0,0,0,0
2024-02-11T11:30:00,19.088686,72.867919,11,VABB,320,5.1,22000,4000,29.0,15.0,,0,0,0,0,0
2024-02-11T12:00:00,19.088686,72.867919,11,VABB,320,3.1,22000,2000,28.6,16.8,1014.2,0,0,0,0,0
2024-02-11T12:00:00,19.088686,72.867919,11,VABB,340,5.1,22000,4000,28.0,15.0,,0,0,0,0,0
2024-02-11T12:30:00,19.088686,72.867919,11,VABB,320,4.1,10000,4000,27.0,14.0,,0,0,0,0,0
2024-02-11T13:00:00,19.088686,72.867919,11,VABB,300,4.6,10000,3500,27.0,15.0,,0,0,0,0,0
2024-02-11T13:30:00,19.088686,72.867919,11,VABB,320,3.1,10000,3500,26.0,15.0,,0,0,0,0,0
2024-02-11T14:00:00,19.088686,72.867919,11,VABB,330,3.1,22000,3000,27.0,15.0,,0,0,0,0,0
2024-02-11T14:30:00,19.088686,72.867919,11,VABB,310,2.1,22000,3000,26.0,15.0,,0,0,0,0,0
2024-02-11T15:00:00,19.088686,72.867919,11,VABB,,0.0,,2000,25.2,16.1,1016.0,0,0,0,0,0
2024-02-11T15:00:00,19.088686,72.867919,11,VABB,40,1.5,22000,3000,26.0,14.0,,0,0,0,0,0
2024-02-11T15:30:00,19.088686,72.867919,11,VABB,20,3.1,22000,3000,26.0,14.0,,0,0,0,0,0
2024-02-11T16:00:00,19.088686,72.867919,11,VABB,30,2.6,22000,3000,26.0,14.0,,0,0,0,0,0
2024-02-11T16:30:00,19.088686,72.867919,11,VABB,10,2.1,22000,3000,26.0,13.0,,0,0,0,0,0
2024-02-11T17:00:00,19.088686,72.867919,11,VABB,130,2.1,22000,3000,26.0,11.0,,0,0,0,0,0
2024-02-11T17:30:00,19.088686,72.867919,11,VABB,190,1.5,22000,3000,26.0,11.0,,0,0,0,0,0
2024-02-11T18:00:00,19.088686,72.867919,11,VABB,,0.0,,2000,21.2,14.4,1017.1,0,0,0,0,0
2024-02-11T18:00:00,19.088686,72.867919,11,VABB,180,1.5,22000,3000,26.0,11.0,,0,0,0,0,0
2024-02-11T18:30:00,19.088686,72.867919,11,VABB,0,0.0,22000,3000,26.0,11.0,,0,0,0,0,0
2024-02-11T19:00:00,19.088686,72.867919,11,VABB,0,0.0,22000,3000,24.0,13.0,,0,0,0,0,0
2024-02-11T19:30:00,19.088686,72.867919,11,VABB,0,0.0,22000,2500,24.0,12.0,,0,0,0,0,0
2024-02-11T20:00:00,19.088686,72.867919,11,VABB,0,0.0,22000,2500,23.0,13.0,,0,0,0,0,0
2024-02-11T20:30:00,19.088686,72.867919,11,VABB,0,0.0,22000,2500,22.0,12.0,,0,0,0,0,0
2024-02-11T21:00:00,19.088686,72.867919,11,VABB,,0.0,,2000,19.4,14.2,1015.2,0,0,0,0,0
2024-02-11T21:00:00,19.088686,72.867919,11,VABB,0,0.0,22000,2500,23.0,12.0,,0,0,0,0,0
2024-02-11T21:30:00,19.088686,72.867919,11,VABB,0,0.0,22000,2500,23.0,12.0,,0,0,0,0,0
2024-02-11T22:00:00,19.088686,72.867919,11,VABB,330,2.1,22000,2500,24.0,13.0,,0,0,0,0,0
2024-02-11T22:30:00,19.088686,72.867919,11,VABB,0,0.0,22000,2500,22.0,13.0,,0,0,0,0,0
2024-02-11T23:00:00,19.088686,72.867919,11,VABB,0,0.0,22000,2500,23.0,13.0,,0,0,0,0,0
2024-02-11T23:30:00,19.088686,72.867919,11,VABB,0,0.0,22000,2500,22.0,13.0,,0,0,0,0,0
2024-02-12T00:00:00,19.088686,72.867919,11,VABB,,0.0,,2000,18.2,14.8,1014.7,0,0,0,0,0
2024-02-12T00:00:00,19.088686,72.867919,11,VABB,30,2.1,22000,2500,23.0,12.0,,0,0,0,0,0
2024-02-12T00:30:00,19.088686,72.867919,11,VABB,20,2.1,22000,2200,22.0,13.0,,0,0,0,0,0
2024-02-12T01:00:00,19.088686,72.867919,11,VABB,70,1.5,22000,2200,23.0,14.0,,0,0,0,0,0
2024-02-12T01:30:00,19.088686,72.867919,11,VABB,0,0.0,22000,1500,23.0,14.0,,0,0,0,0,0
2024-02-12T02:00:00,19.088686,72.867919,11,VABB,90,2.1,22000,1600,23.0,14.0,,0,0,0,0,0
2024-02-12T02:30:00,19.088686,72.867919,11,VABB,0,0.0,22000,1800,24.0,14.0,,0,0,0,0,0
2024-02-12T03:00:00,19.088686,72.867919,11,VABB,,0.0,22000,2000,18.4,15.4,1016.5,0,0,0,0,0
2024-02-12T03:00:00,19.088686,72.867919,11,VABB,0,0.0,10000,1900,24.0,14.0,,0,0,0,0,0
2024-02-12T03:30:00,19.088686,72.867919,11,VABB,70,2.1,22000,1800,25.0,14.0,,0,0,0,0,0
2024-02-12T04:00:00,19.088686,72.867919,11,VABB,110,3.1,22000,1800,26.0,14.0,,0,0,0,0,0
2024-02-12T04:30:00,19.088686,72.867919,11,VABB,90,2.1,22000,1700,27.0,14.0,,0,0,0,0,0
2024-02-12T05:00:00,19.088686,72.867919,11,VABB,40,2.6,22000,2100,28.0,14.0,,0,0,0,0,0
2024-02-12T05:30:00,19.088686,72.867919,11,VABB,350,2.6,22000,2100,29.0,13.0,,0,0,0,0,0
2024-02-12T06:00:00,19.088686,72.867919,11,VABB,,0.0,22000,2000,29.8,12.5,1017.1,0,0,0,0,0
2024-02-12T06:00:00,19.088686,72.867919,11,VABB,340,1.5,22000,2200,30.0,12.0,,0,0,0,0,0
2024-02-12T06:30:00,19.088686,72.867919,11,VABB,280,3.1,22000,2200,30.0,16.0,,0,0,0,0,0
2024-02-12T07:00:00,19.088686,72.867919,11,VABB,260,4.1,22000,2200,30.0,16.0,,0,0,0,0,0
2024-02-12T07:30:00,19.088686,72.867919,11,VABB,270,4.1,22000,2200,31.0,16.0,,0,0,0,0,0
2024-02-12T08:00:00,19.088686,72.867919,11,VABB,260,4.6,22000,2500,31.0,16.0,,0,0,0,0,0
2024-02-12T08:30:00,19.088686,72.867919,11,VABB,250,4.6,22000,2500,32.0,12.0,,0,0,0,0,0
2024-02-12T09:00:00,19.088686,72.867919,11,VABB,230,1.5,22000,2000,32.0,18.5,1014.2,0,0,0,0,0
2024-02-12T09:00:00,19.088686,72.867919,11,VABB,250,5.7,10000,2500,32.0,16.0,,0,0,0,0,0
2024-02-12T09:30:00,19.088686,72.867919,11,VABB,260,4.6,10000,2500,32.0,10.0,,0,0,0,0,0
2024-02-12T10:00:00,19.088686,72.867919,11,VABB,280,4.1,10000,3000,32.0,9.0,,0,0,0,0,0
2024-02-12T10:30:00,19.088686,72.867919,11,VABB,240,4.6,10000,3000,32.0,11.0,,0,0,0,0,0
2024-02-12T11:00:00,19.088686,72.867919,11,VABB,250,5.7,10000,3000,31.0,12.0,,0,0,0,0,0
2024-02-12T11:30:00,19.088686,72.867919,11,VABB,240,6.2,10000,3000,30.0,15.0,,0,0,0,0,0
2024-02-12T12:00:00,19.088686,72.867919,11,VABB,,0.0,7500,2000,30.0,18.2,1013.3,0,0,0,0,0
2024-02-12T12:00:00,19.088686,72.867919,11,VABB,300,4.1,10000,2500,29.0,17.0,,0,0,0,0,0
2024-02-12T12:30:00,19.088686,72.867919,11,VABB,280,3.6,10000,2500,29.0,18.0,,0,0,0,0,0
2024-02-12T13:00:00,19.088686,72.867919,11,VABB,310,3.6,10000,2500,27.0,19.0,,0,0,0,0,0
2024-02-12T13:30:00,19.088686,72.867919,11,VABB,350,3.1,10000,2100,27.0,19.0,,0,0,0,0,0
2024-02-12T14:00:00,19.088686,72.867919,11,VABB,330,3.1,10000,2100,27.0,18.0,,0,0,0,0,0
2024-02-12T14:30:00,19.088686,72.867919,11,VABB,310,3.1,10000,2100,27.0,16.0,,0,0,0,0,0
2024-02-12T15:00:00,19.088686,72.867919,11,VABB,320,2.6,,2000,25.6,17.3,1015.5,0,0,0,0,0
2024-02-12T15:00:00,19.088686,72.867919,11,VABB,340,2.6,10000,2100,27.0,16.0,,0,0,0,0,0
2024-02-12T15:30:00,19.088686,72.867919,11,VABB,10,3.1,10000,2100,26.0,15.0,,0,0,0,0,0
2024-02-12T16:00:00,19.088686,72.867919,11,VABB,310,2.6,22000,2300,26.0,15.0,,0,0,0,0,0
2024-02-12T16:30:00,19.088686,72.867919,11,VABB,10,3.1,22000,2300,26.0,16.0,,0,0,0,0,0
2024-02-12T18:00:00,19.088686,72.867919,11,VABB,,0.0,,2000,22.6,16.0,1016.4,0,0,0,0,0
2024-02-12T18:30:00,19.088686,72.867919,11,VABB,30,2.1,22000,2300,26.0,14.0,,0,0,0,0,0
2024-02-12T19:00:00,19.088686,72.867919,11,VABB,10,2.1,22000,2300,26.0,13.0,,0,0,0,0,0
2024-02-12T19:30:00,19.088686,72.867919,11,VABB,70,2.1,22000,2300,25.0,12.0,,0,0,0,0,0
2024-02-12T20:00:00,19.088686,72.867919,11,VABB,0,0.0,22000,2500,25.0,11.0,,0,0,0,0,0
2024-02-12T20:30:00,19.088686,72.867919,11,VABB,0,0.0,22000,2500,24.0,12.0,,0,0,0,0,0
2024-02-12T21:00:00,19.088686,72.867919,11,VABB,,0.0,,2000,20.0,14.9,1014.9,0,0,0,0,0
2024-02-12T21:00:00,19.088686,72.867919,11,VABB,0,0.0,22000,2500,24.0,12.0,,0,0,0,0,0
2024-02-12T21:30:00,19.088686,72.867919,11,VABB,240,2.1,22000,2500,25.0,12.0,,0,0,0,0,0
2024-02-12T22:00:00,19.088686,72.867919,11,VABB,0,0.0,22000,2500,24.0,13.0,,0,0,0,0,0
2024-02-12T22:30:00,19.088686,72.867919,11,VABB,0,0.0,22000,2500,24.0,13.0,,0,0,0,0,0
2024-02-12T23:00:00,19.088686,72.867919,11,VABB,330,2.1,22000,2200,24.0,13.0,,0,0,0,0,0
2024-02-12T23:30:00,19.088686,72.867919,11,VABB,70,1.5,22000,2200,23.0,12.0,,0,0,0,0,0
2024-02-13T00:00:00,19.088686,72.867919,11,VABB,,0.0,,2000,18.8,14.7,1014.4,0,0,0,0,0
2024-02-13T00:00:00,19.088686,72.867919,11,VABB,340,1.5,22000,2200,23.0,12.0,,0,0,0,0,0
2024-02-13T00:30:00,19.088686,72.867919,11,VABB,360,2.1,22000,2200,23.0,11.0,,0,0,0,0,0
2024-02-13T01:00:00,19.088686,72.867919,11,VABB,110,1.5,22000,2200,23.0,11.0,,0,0,1,0,0
2024-02-13T01:30:00,19.088686,72.867919,11,VABB,350,1.5,22000,2200,24.0,10.0,,0,0,1,0,0
2024-02-13T02:00:00,19.088686,72.867919,11,VABB,100,2.1,10000,2200,23.0,11.0,,0,0,0,0,0
2024-02-13T02:30:00,19.088686,72.867919,11,VABB,20,1.5,10000,1800,23.0,12.0,,0,0,0,0,0
2024-02-13T03:00:00,19.088686,72.867919,11,VABB,,0.0,22000,2000,19.2,14.0,1016.5,0,0,0,0,0
2024-02-13T03:00:00,19.088686,72.867919,11,VABB,80,2.1,10000,1800,24.0,12.0,,0,0,0,0,0
2024-02-13T03:30:00,19.088686,72.867919,11,VABB,40,2.1,10000,1800,25.0,11.0,,0,0,0,0,0
2024-02-13T04:00:00,19.088686,72.867919,11,VABB,340,2.1,10000,1800,25.0,10.0,,0,0,0,0,0
2024-02-13T04:30:00,19.088686,72.867919,11,VABB,60,3.1,10000,2200,27.0,9.0,,0,0,0,0,0
2024-02-13T05:00:00,19.088686,72.867919,11,VABB,50,3.1,10000,2500,29.0,9.0,,0,0,0,0,0
2024-02-13T05:30:00,19.088686,72.867919,11,VABB,50,4.1,10000,2500,30.0,8.0,,0,0,0,0,0
2024-02-13T06:00:00,19.088686,72.867919,11,VABB,50,1.5,22000,2000,30.2,9.7,1016.3,0,0,0,0,0
2024-02-13T06:00:00,19.088686,72.867919,11,VABB,50,4.1,10000,2500,30.0,6.0,,0,0,0,0,0
2024-02-13T06:30:00,19.088686,72.867919,11,VABB,100,2.6,22000,2500,30.0,6.0,,0,0,0,0,0
2024-02-13T07:00:00,19.088686,72.867919,11,VABB,90,2.1,22000,2500,31.0,6.0,,0,0,0,0,0
2024-02-13T07:30:00,19.088686,72.867919,11,VABB,170,2.1,22000,3000,31.0,6.0,,0,0,0,0,0
2024-02-13T08:00:00,19.088686,72.867919,11,VABB,300,4.1,22000,3000,30.0,14.0,,0,0,0,0,0
2024-02-13T09:00:00,19.088686,72.867919,11,VABB,270,2.1,7500,2000,31.4,15.3,1013.5,0,0,0,0,0
2024-02-13T09:30:00,19.088686,72.867919,11,VABB,280,6.2,22000,3000,30.0,15.0,,0,0,0,0,0
2024-02-13T10:00:00,19.088686,72.867919,11,VABB,310,4.6,22000,3000,30.0,13.0,,0,0,0,0,0
2024-02-13T10:30:00,19.088686,72.867919,11,VABB,290,5.1,22000,3000,29.0,14.0,,0,0,0,0,0
2024-02-13T11:00:00,19.088686,72.867919,11,VABB,310,5.7,22000,3000,29.0,14.0,,0,0,0,0,0
2024-02-13T11:30:00,19.088686,72.867919,11,VABB,320,6.2,22000,3000,29.0,12.0,,0,0,0,0,0
2024-02-13T12:00:00,19.088686,72.867919,11,VABB,320,2.1,7500,2000,28.4,13.2,1013.1,0,0,0,0,0
2024-02-13T12:00:00,19.088686,72.867919,11,VABB,310,3.1,22000,3000,29.0,13.0,,0,0,0,0,0
2024-02-13T12:30:00,19.088686,72.867919,11,VABB,320,3.1,22000,3000,28.0,14.0,,0,0,0,0,0
2024-02-13T13:00:00,19.088686,72.867919,11,VABB,320,2.1,22000,3000,28.0,13.0,,0,0,0,0,0
2024-02-13T13:30:00,19.088686,72.867919,11,VABB,340,2.6,22000,3000,27.0,14.0,,0,0,0,0,0
2024-02-13T14:00:00,19.088686,72.867919,11,VABB,330,2.6,22000,3000,27.0,14.0,,0,0,0,0,0
2024-02-13T14:30:00,19.088686,72.867919,11,VABB,350,4.1,22000,3000,27.0,14.0,,0,0,0,0,0
2024-02-13T15:00:00,19.088686,72.867919,11,VABB,360,2.1,,2000,26.0,15.5,1015.0,0,0,0,0,0
2024-02-13T15:00:00,19.088686,72.867919,11,VABB,340,3.1,22000,2500,27.0,14.0,,0,0,0,0,0
2024-02-13T15:30:00,19.088686,72.867919,11,VABB,60,2.1,22000,2500,27.0,14.0,,0,0,0,0,0
2024-02-13T16:00:00,19.088686,72.867919,11,VABB,60,3.1,22000,2500,27.0,14.0,,0,0,0,0,0
2024-02-13T16:30:00,19.088686,72.867919,11,VABB,50,2.6,22000,2500,26.0,11.0,,0,0,0,0,0
2024-02-13T17:00:00,19.088686,72.867919,11,VABB,10,1.5,22000,2500,26.0,10.0,,0,0,0,0,0
2024-02-13T17:30:00,19.088686,72.867919,11,VABB,40,2.6,22000,2500,27.0,9.0,,0,0,0,0,0
2024-02-13T18:00:00,19.088686,72.867919,11,VABB,,0.0,,2000,22.4,13.0,1015.9,0,0,0,0,0
2024-02-13T18:00:00,19.088686,72.867919,11,VABB,20,2.1,22000,3000,26.0,9.0,,0,0,0,0,0
2024-02-13T18:30:00,19.088686,72.867919,11,VABB,20,3.1,22000,3000,26.0,8.0,,0,0,0,0,0
2024-02-13T19:00:00,19.088686,72.867919,11,VABB,50,1.5,22000,3000,25.0,8.0,,0,0,0,0,0
2024-02-13T19:30:00,19.088686,72.867919,11,VABB,30,1.5,22000,3000,26.0,8.0,,0,0,0,0,0
2024-02-13T20:00:00,19.088686,72.867919,11,VABB,330,2.6,22000,3000,25.0,9.0,,0,0,0,0,0
2024-02-13T20:30:00,19.088686,72.867919,11,VABB,340,3.1,22000,3000,25.0,9.0,,0,0,0,0,0
2024-02-13T21:00:00,19.088686,72.867919,11,VABB,,0.0,,2000,20.2,12.0,1014.6,0,0,0,0,0
2024-02-13T21:00:00,19.088686,72.867919,11,VABB,30,2.1,22000,3000,25.0,10.0,,0,0,0,0,0
2024-02-13T21:30:00,19.088686,72.867919,11,VABB,0,0.0,22000,3000,24.0,10.0,,0,0,0,0,0
2024-02-13T22:00:00,19.088686,72.867919,11,VABB,10,2.6,22000,3000,24.0,11.0,,0,0,0,0,0
2024-02-13T22:30:00,19.088686,72.867919,11,VABB,0,0.0,22000,3000,23.0,11.0,,0,0,0,0,0
2024-02-13T23:00:00,19.088686,72.867919,11,VABB,0,0.0,22000,3000,23.0,12.0,,0,0,0,0,0
2024-02-13T23:30:00,19.088686,72.867919,11,VABB,0,0.0,22000,3000,24.0,11.0,,0,0,0,0,0
2024-02-14T00:00:00,19.088686,72.867919,11,VABB,,0.0,,2000,19.4,12.7,1014.2,0,0,0,0,0
2024-02-14T00:00:00,19.088686,72.867919,11,VABB,60,2.1,22000,2500,24.0,11.0,,0,0,0,0,0
2024-02-14T00:30:00,19.088686,72.867919,11,VABB,50,1.5,22000,2500,24.0,11.0,,0,0,0,0,0
2024-02-14T01:00:00,19.088686,72.867919,11,VABB,0,0.0,22000,2500,24.0,11.0,,0,0,0,0,0
2024-02-14T01:30:00,19.088686,72.867919,11,VABB,10,2.6,10000,2200,25.0,11.0,,0,0,0,0,0
2024-02-14T02:00:00,19.088686,72.867919,11,VABB,330,2.6,10000,2200,24.0,11.0,,0,0,0,0,0
2024-02-14T02:30:00,19.088686,72.867919,11,VABB,30,2.6,10000,1800,25.0,11.0,,0,0,0,0,0
2024-02-14T03:00:00,19.088686,72.867919,11,VABB,,0.0,7500,2000,19.8,14.3,1016.1,0,0,0,0,0
2024-02-14T03:00:00,19.088686,72.867919,11,VABB,0,0.0,10000,1800,24.0,11.0,,0,0,0,0,0
2024-02-14T03:30:00,19.088686,72.867919,11,VABB,50,3.6,3048,1800,27.0,11.0,,0,0,0,0,0
2024-02-14T04:00:00,19.088686,72.867919,11,VABB,50,2.6,3048,2500,27.0,11.0,,0,0,0,0,0
2024-02-14T04:30:00,19.088686,72.867919,11,VABB,50,3.6,10000,2500,27.0,9.0,,0,0,0,0,0
2024-02-14T05:00:00,19.088686,72.867919,11,VABB,40,5.7,10000,2500,29.0,9.0,,0,0,0,0,0
2024-02-14T05:30:00,19.088686,72.867919,11,VABB,40,3.6,10000,2500,30.0,9.0,,0,0,0,0,0
2024-02-14T06:00:00,19.088686,72.867919,11,VABB,,0.0,22000,2000,30.2,10.7,1016.3,0,0,0,0,0
2024-02-14T06:00:00,19.088686,72.867919,11,VABB,50,3.6,10000,2500,31.0,8.0,,0,0,0,0,0
2024-02-14T06:30:00,19.088686,72.867919,11,VABB,40,3.1,10000,2500,32.0,8.0,,0,0,0,0,0
2024-02-14T07:00:00,19.088686,72.867919,11,VABB,90,2.6,10000,2500,32.0,9.0,,0,0,0,0,0
2024-02-14T07:30:00,19.088686,72.867919,11,VABB,350,3.1,10000,3000,33.0,8.0,,0,0,0,0,0
2024-02-14T08:00:00,19.088686,72.867919,11,VABB,30,2.1,10000,3000,32.0,8.0,,0,0,0,0,0
2024-02-14T08:30:00,19.088686,72.867919,11,VABB,320,5.1,10000,3000,32.0,13.0,,0,0,0,0,0
2024-02-14T09:00:00,19.088686,72.867919,11,VABB,320,3.1,22000,2000,31.4,14.4,1013.2,0,0,0,0,0
2024-02-14T09:00:00,19.088686,72.867919,11,VABB,290,4.6,10000,3000,31.0,16.0,,0,0,0,0,0
2024-02-14T09:30:00,19.088686,72.867919,11,VABB,290,5.1,10000,3000,31.0,16.0,,0,0,0,0,0
2024-02-14T10:00:00,19.088686,72.867919,11,VABB,340,5.1,10000,3000,30.0,14.0,,0,0,0,0,0
2024-02-14T10:30:00,19.088686,72.867919,11,VABB,290,5.7,10000,3000,31.0,14.0,,0,0,0,0,0
2024-02-14T11:00:00,19.088686,72.867919,11,VABB,350,3.1,10000,3000,31.0,15.0,,0,0,0,0,0
2024-02-14T11:30:00,19.088686,72.867919,11,VABB,310,3.1,10000,3000,31.0,15.0,,0,0,0,0,0
2024-02-14T12:00:00,19.088686,72.867919,11,VABB,320,3.1,22000,2000,29.6,14.9,1012.3,0,0,0,0,0
2024-02-14T12:00:00,19.088686,72.867919,11,VABB,340,3.6,10000,3000,30.0,15.0,,0,0,0,0,0
2024-02-14T12:30:00,19.088686,72.867919,11,VABB,330,2.1,10000,3000,28.0,15.0,,0,0,0,0,0
2024-02-14T13:00:00,19.088686,72.867919,11,VABB,350,2.1,10000,2500,27.0,15.0,,0,0,0,0,0
2024-02-14T13:30:00,19.088686,72.867919,11,VABB,350,1.5,10000,2200,27.0,16.0,,0,0,0,0,0
2024-02-14T14:00:00,19.088686,72.867919,11,VABB,310,3.1,10000,2500,27.0,16.0,,0,0,0,0,0
2024-02-14T14:30:00,19.088686,72.867919,11,VABB,340,2.1,10000,2500,26.0,15.0,,0,0,0,0,0
2024-02-14T15:00:00,19.088686,72.867919,11,VABB,320,1.5,,2000,25.8,15.3,1014.1,0,0,0,0,0
2024-02-14T15:00:00,19.088686,72.867919,11,VABB,300,3.1,10000,2200,26.0,15.0,,0,0,0,0,0
2024-02-14T15:30:00,19.088686,72.867919,11,VABB,330,2.6,10000,2200,26.0,14.0,,0,0,0,0,0
2024-02-14T16:00:00,19.088686,72.867919,11,VABB,340,3.6,10000,2300,26.0,13.0,,0,0,0,0,0
2024-02-14T16:30:00,19.088686,72.867919,11,VABB,70,2.6,10000,2300,26.0,13.0,,0,0,0,0,0
2024-02-14T17:00:00,19.088686,72.867919,11,VABB,350,3.1,10000,2300,26.0,12.0,,0,0,0,0,0
2024-02-14T17:30:00,19.088686,72.867919,11,VABB,70,4.1,10000,2300,27.0,12.0,,0,0,0,0,0
2024-02-14T18:00:00,19.088686,72.867919,11,VABB,,0.0,,2000,23.6,14.1,1014.6,0,0,0,0,0
2024-02-14T18:00:00,19.088686,72.867919,11,VABB,10,2.6,10000,2300,26.0,12.0,,0,0,0,0,0
2024-02-14T18:30:00,19.088686,72.867919,11,VABB,30,3.1,22000,2300,26.0,11.0,,0,0,0,0,0
2024-02-14T19:00:00,19.088686,72.867919,11,VABB,340,3.1,22000,2300,25.0,11.0,,0,0,0,0,0
2024-02-14T19:31:00,19.088686,72.867919,11,VABB,340,3.1,22000,2300,25.0,11.0,,0,0,0,0,0
2024-02-14T20:00:00,19.088686,72.867919,11,VABB,340,2.1,22000,2300,25.0,11.0,,0,0,0,0,0
2024-02-14T20:30:00,19.088686,72.867919,11,VABB,20,2.1,22000,2300,25.0,11.0,,0,0,0,0,0
2024-02-14T21:00:00,19.088686,72.867919,11,VABB,,0.0,,2000,21.2,13.6,1013.4,0,0,0,0,0
2024-02-14T21:00:00,19.088686,72.867919,11,VABB,50,3.1,22000,2300,25.0,11.0,,0,0,0,0,0
2024-02-14T21:30:00,19.088686,72.867919,11,VABB,50,3.1,22000,2300,25.0,10.0,,0,0,0,0,0
2024-02-14T22:00:00,19.088686,72.867919,11,VABB,40,1.5,10000,2200,24.0,10.0,,0,0,0,0,0
2024-02-14T22:30:00,19.088686,72.867919,11,VABB,20,1.5,10000,2200,24.0,10.0,,0,0,0,0,0
2024-02-14T23:00:00,19.088686,72.867919,11,VABB,40,1.5,10000,2200,23.0,9.0,,0,0,0,0,0
2024-02-14T23:30:00,19.088686,72.867919,11,VABB,80,1.5,10000,2200,23.0,10.0,,0,0,0,0,0
2024-02-15T00:00:00,19.088686,72.867919,11,VABB,,0.0,,2000,19.2,12.2,1013.0,0,0,0,0,0
2024-02-15T00:00:00,19.088686,72.867919,11,VABB,0,0.0,10000,2200,23.0,9.0,,0,0,0,0,0
2024-02-15T00:30:00,19.088686,72.867919,11,VABB,40,1.5,22000,2200,24.0,10.0,,0,0,0,0,0
2024-02-15T01:00:00,19.088686,72.867919,11,VABB,60,1.5,22000,2200,23.0,11.0,,0,0,0,0,0
2024-02-15T01:30:00,19.088686,72.867919,11,VABB,0,0.0,10000,2200,23.0,10.0,,0,0,0,0,0
2024-02-15T02:00:00,19.088686,72.867919,11,VABB,0,0.0,10000,2100,24.0,11.0,,0,0,0,0,0
2024-02-15T02:30:00,19.088686,72.867919,11,VABB,0,0.0,10000,2100,24.0,11.0,,0,0,0,0,0
2024-02-15T03:00:00,19.088686,72.867919,11,VABB,,0.0,,2000,19.4,13.8,1015.1,0,0,0,0,0
2024-02-15T03:00:00,19.088686,72.867919,11,VABB,170,2.1,10000,2100,24.0,10.0,,0,0,0,0,0
2024-02-15T03:30:00,19.088686,72.867919,11,VABB,160,1.5,10000,2100,25.0,10.0,,0,0,0,0,0
2024-02-15T04:00:00,19.088686,72.867919,11,VABB,50,2.1,10000,2200,27.0,10.0,,0,0,0,0,0
2024-02-15T04:30:00,19.088686,72.867919,11,VABB,60,3.1,22000,2200,27.0,10.0,,0,0,0,0,0
2024-02-15T05:00:00,19.088686,72.867919,11,VABB,60,2.1,22000,2200,29.0,10.0,,0,0,0,0,0
2024-02-15T05:30:00,19.088686,72.867919,11,VABB,350,1.5,22000,2200,31.0,11.0,,0,0,0,0,0
2024-02-15T06:00:00,19.088686,72.867919,11,VABB,,0.0,,2000,32.2,12.4,1015.4,0,0,0,0,0
2024-02-15T06:00:00,19.088686,72.867919,11,VABB,50,2.6,22000,2500,31.0,10.0,,0,0,0,0,0
2024-02-15T06:30:00,19.088686,72.867919,11,VABB,250,3.1,22000,2500,32.0,12.0,,0,0,0,0,0
2024-02-15T07:00:00,19.088686,72.867919,11,VABB,240,2.6,22000,2500,32.0,14.0,,0,0,0,0,0
2024-02-15T07:30:00,19.088686,72.867919,11,VABB,230,3.6,22000,2500,32.0,15.0,,0,0,0,0,0
2024-02-15T08:00:00,19.088686,72.867919,11,VABB,270,4.1,22000,2500,32.0,14.0,,0,0,0,0,0
2024-02-15T08:30:00,19.088686,72.867919,11,VABB,300,4.6,22000,2500,32.0,14.0,,0,0,0,0,0
2024-02-15T09:00:00,19.088686,72.867919,11,VABB,320,1.5,,2000,32.4,14.5,1012.1,0,0,0,0,0
2024-02-15T09:00:00,19.088686,72.867919,11,VABB,260,3.1,22000,2500,31.0,14.0,,0,0,0,0,0
2024-02-15T09:30:00,19.088686,72.867919,11,VABB,300,5.1,22000,2500,31.0,14.0,,0,0,0,0,0
2024-02-15T10:00:00,19.088686,72.867919,11,VABB,290,4.1,22000,3000,32.0,15.0,,0,0,0,0,0
2024-02-15T10:30:00,19.088686,72.867919,11,VABB,300,4.1,22000,3000,31.0,15.0,,0,0,0,0,0
2024-02-15T11:00:00,19.088686,72.867919,11,VABB,300,5.1,22000,3000,32.0,14.0,,0,0,0,0,0
2024-02-15T11:30:00,19.088686,72.867919,11,VABB,330,4.1,22000,3000,31.0,14.0,,0,0,0,0,0
2024-02-15T12:00:00,19.088686,72.867919,11,VABB,360,2.1,,2000,30.0,15.4,1011.2,0,0,0,0,0
2024-02-15T12:00:00,19.088686,72.867919,11,VABB,300,3.6,22000,3000,30.0,14.0,,0,0,0,0,0
2024-02-15T12:30:00,19.088686,72.867919,11,VABB,290,4.1,22000,2500,30.0,15.0,,0,0,0,0,0
2024-02-15T13:00:00,19.088686,72.867919,11,VABB,300,2.6,22000,2500,29.0,15.0,,0,0,0,0,0
2024-02-15T13:30:00,19.088686,72.867919,11,VABB,310,2.6,22000,2500,29.0,15.0,,0,0,0,0,0
2024-02-15T14:00:00,19.088686,72.867919,11,VABB,330,2.6,22000,2500,28.0,15.0,,0,0,0,0,0
2024-02-15T14:30:00,19.088686,72.867919,11,VABB,310,2.1,22000,2500,29.0,15.0,,0,0,0,0,0
2024-02-15T15:00:00,19.088686,72.867919,11,VABB,,0.0,,2000,26.6,16.6,1012.9,0,0,0,0,0
2024-02-15T15:00:00,19.088686,72.867919,11,VABB,340,1.5,22000,2500,28.0,14.0,,0,0,0,0,0
2024-02-15T16:00:00,19.088686,72.867919,11,VABB,0,0.0,22000,2500,28.0,14.0,,0,0,0,0,0
2024-02-15T16:30:00,19.088686,72.867919,11,VABB,270,2.1,22000,2200,27.0,18.0,,0,0,0,0,0
2024-02-15T17:00:00,19.088686,72.867919,11,VABB,250,2.6,22000,2200,27.0,18.0,,0,0,0,0,0
2024-02-15T17:30:00,19.088686,72.867919,11,VABB,220,2.6,22000,2500,26.0,20.0,,0,0,0,0,0
2024-02-15T18:00:00,19.088686,72.867919,11,VABB,,0.0,,2000,24.6,19.0,1013.8,0,0,0,0,0
2024-02-15T18:00:00,19.088686,72.867919,11,VABB,270,2.6,22000,2200,26.0,21.0,,0,1,0,0,0
2024-02-15T18:30:00,19.088686,72.867919,11,VABB,270,2.1,22000,1800,26.0,21.0,,0,1,0,0,0
2024-02-15T18:34:00,19.088686,72.867919,11,VABB,270,2.1,22000,1800,26.0,21.0,,0,1,0,0,0
2024-02-15T19:00:00,19.088686,72.867919,11,VABB,240,2.6,22000,1800,26.0,21.0,,0,1,0,0,0
2024-02-15T19:30:00,19.088686,72.867919,11,VABB,260,2.1,22000,1800,26.0,20.0,,0,1,0,0,0
2024-02-15T20:00:00,19.088686,72.867919,11,VABB,200,2.1,22000,1500,26.0,20.0,,0,1,0,0,0
2024-02-15T20:30:00,19.088686,72.867919,11,VABB,290,1.5,22000,1500,24.0,19.0,,0,1,0,0,0
2024-02-15T21:00:00,19.088686,72.867919,11,VABB,,0.0,,2000,23.2,19.1,1012.3,0,0,0,0,0
2024-02-15T21:00:00,19.088686,72.867919,11,VABB,0,0.0,22000,1500,25.0,18.0,,0,1,0,0,0
2024-02-15T22:00:00,19.088686,72.867919,11,VABB,0,0.0,22000,1600,25.0,17.0,,0,1,0,0,0
2024-02-15T22:30:00,19.088686,72.867919,11,VABB,0,0.0,22000,1600,25.0,18.0,,0,1,0,0,0
2024-02-15T23:30:00,19.088686,72.867919,11,VABB,0,0.0,22000,1800,25.0,15.0,,0,0,0,0,0
2024-02-16T00:00:00,19.088686,72.867919,11,VABB,,0.0,,2000,22.0,18.8,1012.0,0,0,0,0,0
2024-02-16T00:00:00,19.088686,72.867919,11,VABB,130,1.5,22000,1800,26.0,15.0,,0,0,0,0,0
2024-02-16T00:30:00,19.088686,72.867919,11,VABB,0,0.0,22000,1800,25.0,15.0,,0,0,0,0,0
2024-02-16T01:00:00,19.088686,72.867919,11,VABB,110,2.6,22000,2100,25.0,15.0,,0,0,0,0,0
2024-02-16T01:30:00,19.088686,72.867919,11,VABB,220,2.6,22000,1800,25.0,15.0,,0,0,0,0,0
2024-02-16T02:00:00,19.088686,72.867919,11,VABB,140,3.6,22000,1800,26.0,15.0,,0,0,0,0,0
2024-02-16T02:30:00,19.088686,72.867919,11,VABB,110,4.6,22000,1800,26.0,15.0,,0,0,0,0,0
2024-02-16T03:00:00,19.088686,72.867919,11,VABB,,0.0,,2000,22.4,17.6,1014.5,0,0,0,0,0
2024-02-16T03:00:00,19.088686,72.867919,11,VABB,130,3.1,22000,1600,26.0,14.0,,0,0,0,0,0
2024-02-16T03:30:00,19.088686,72.867919,11,VABB,120,2.1,22000,1600,28.0,15.0,,0,0,0,0,0
2024-02-16T04:00:00,19.088686,72.867919,11,VABB,100,3.1,22000,2100,29.0,15.0,,0,0,0,0,0
2024-02-16T04:30:00,19.088686,72.867919,11,VABB,90,2.1,22000,2100,31.0,15.0,,0,0,0,0,0
2024-02-16T05:00:00,19.088686,72.867919,11,VABB,80,1.5,22000,2100,32.0,15.0,,0,0,0,0,0
2024-02-16T05:30:00,19.088686,72.867919,11,VABB,130,2.6,22000,2100,32.0,15.0,,0,0,0,0,0
2024-02-16T06:00:00,19.088686,72.867919,11,VABB,,0.0,,2000,33.4,15.5,1014.6,0,0,0,0,0
2024-02-16T06:00:00,19.088686,72.867919,11,VABB,130,2.1,22000,2500,32.0,13.0,,0,0,0,0,0
2024-02-16T06:30:00,19.088686,72.867919,11,VABB,160,2.1,22000,2100,34.0,14.0,,0,0,0,0,0
2024-02-16T07:00:00,19.088686,72.867919,11,VABB,260,4.6,22000,1600,32.0,20.0,,0,0,0,0,0
2024-02-16T07:30:00,19.088686,72.867919,11,VABB,290,3.1,22000,1600,32.0,19.0,,0,0,0,0,0
2024-02-16T08:00:00,19.088686,72.867919,11,VABB,270,4.6,22000,1800,33.0,19.0,,0,0,0,0,0
2024-02-16T08:30:00,19.088686,72.867919,11,VABB,260,5.1,22000,1800,32.0,19.0,,0,0,0,0,0
2024-02-16T09:00:00,19.088686,72.867919,11,VABB,270,2.6,22000,2000,32.0,19.2,1012.7,0,0,0,0,0
2024-02-16T09:00:00,19.088686,72.867919,11,VABB,270,5.1,22000,1800,31.0,20.0,,0,0,0,0,0
2024-02-16T09:30:00,19.088686,72.867919,11,VABB,270,4.6,22000,2100,32.0,18.0,,0,0,0,0,0
2024-02-16T10:00:00,19.088686,72.867919,11,VABB,260,5.1,22000,2100,31.0,18.0,,0,0,0,0,0
2024-02-16T10:30:00,19.088686,72.867919,11,VABB,270,4.1,22000,2100,32.0,18.0,,0,0,0,0,0
2024-02-16T11:00:00,19.088686,72.867919,11,VABB,280,3.6,22000,2500,32.0,16.0,,0,0,0,0,0
2024-02-16T11:30:00,19.088686,72.867919,11,VABB,310,2.6,22000,2500,32.0,14.0,,0,0,0,0,0
2024-02-16T12:00:00,19.088686,72.867919,11,VABB,,0.0,22000,2000,31.6,17.2,1011.8,0,0,0,0,0
2024-02-16T12:00:00,19.088686,72.867919,11,VABB,310,3.1,22000,2500,32.0,16.0,,0,0,0,0,0
2024-02-16T12:30:00,19.088686,72.867919,11,VABB,290,2.6,22000,2500,32.0,16.0,,0,0,0,0,0
2024-02-16T13:00:00,19.088686,72.867919,11,VABB,330,2.1,22000,2500,31.0,17.0,,0,0,0,0,0
2024-02-16T13:30:00,19.088686,72.867919,11,VABB,310,2.6,22000,2500,30.0,17.0,,0,0,0,0,0
2024-02-16T14:00:00,19.088686,72.867919,11,VABB,330,2.1,22000,2500,30.0,17.0,,0,0,0,0,0
2024-02-16T14:30:00,19.088686,72.867919,11,VABB,350,2.1,22000,2500,29.0,17.0,,0,0,0,0,0
2024-02-16T15:00:00,19.088686,72.867919,11,VABB,,0.0,22000,2000,27.8,17.3,1013.7,0,0,0,0,0
2024-02-16T15:00:00,19.088686,72.867919,11,VABB,330,2.6,22000,2500,29.0,15.0,,0,0,0,0,0
2024-02-16T15:30:00,19.088686,72.867919,11,VABB,50,2.6,22000,2500,29.0,16.0,,0,0,0,0,0
2024-02-16T16:00:00,19.088686,72.867919,11,VABB,120,2.1,22000,2500,29.0,15.0,,0,0,0,0,0
2024-02-16T16:30:00,19.088686,72.867919,11,VABB,90,2.6,10000,2500,30.0,15.0,,0,0,0,0,0
2024-02-16T17:00:00,19.088686,72.867919,11,VABB,120,3.1,10000,2500,29.0,16.0,,0,0,0,0,0
2024-02-16T17:30:00,19.088686,72.867919,11,VABB,160,2.1,10000,2500,29.0,16.0,,0,0,0,0,0
2024-02-16T18:00:00,19.088686,72.867919,11,VABB,,0.0,22000,2000,25.6,18.4,1014.3,0,0,0,0,0
2024-02-16T18:00:00,19.088686,72.867919,11,VABB,130,2.1,10000,2500,29.0,16.0,,0,0,0,0,0
2024-02-16T18:30:00,19.088686,72.867919,11,VABB,50,2.6,10000,2500,29.0,16.0,,0,0,0,0,0
2024-02-16T19:00:00,19.088686,72.867919,11,VABB,140,1.5,10000,2100,29.0,16.0,,0,0,0,0,0
2024-02-16T19:30:00,19.088686,72.867919,11,VABB,120,1.5,10000,2100,29.0,16.0,,0,0,0,0,0
2024-02-16T20:00:00,19.088686,72.867919,11,VABB,120,2.1,10000,2100,28.0,17.0,,0,0,0,0,0
2024-02-16T20:30:00,19.088686,72.867919,11,VABB,0,0.0,10000,2100,28.0,17.0,,0,0,0,0,0
2024-02-16T21:00:00,19.088686,72.867919,11,VABB,,0.0,22000,2000,25.0,18.4,1012.3,0,0,0,0,0
2024-02-16T21:00:00,19.088686,72.867919,11,VABB,0,0.0,10000,2100,28.0,18.0,,0,0,0,0,0
2024-02-16T21:30:00,19.088686,72.867919,11,VABB,210,2.6,10000,2100,27.0,18.0,,0,0,0,0,0
2024-02-16T22:00:00,19.088686,72.867919,11,VABB,0,0.0,10000,2100,28.0,18.0,,0,0,0,0,0
2024-02-16T22:30:00,19.088686,72.867919,11,VABB,0,0.0,10000,2100,28.0,17.0,,0,0,0,0,0
2024-02-16T23:00:00,19.088686,72.867919,11,VABB,130,2.1,10000,2100,27.0,17.0,,0,0,0,0,0
2024-02-16T23:30:00,19.088686,72.867919,11,VABB,120,2.6,10000,2100,27.0,18.0,,0,0,0,0,0
2024-02-17T00:00:00,19.088686,72.867919,11,VABB,,0.0,,2000,23.6,17.9,1011.6,0,0,0,0,0
2024-02-17T00:00:00,19.088686,72.867919,11,VABB,90,2.6,22000,2100,26.0,17.0,,0,1,0,0,0
2024-02-17T00:30:00,19.088686,72.867919,11,VABB,0,0.0,22000,2100,26.0,18.0,,0,1,0,0,0
2024-02-17T01:00:00,19.088686,72.867919,11,VABB,90,1.5,22000,2100,27.0,17.0,,0,1,0,0,0
2024-02-17T01:30:00,19.088686,72.867919,11,VABB,170,2.6,22000,1800,26.0,18.0,,0,1,0,0,0
2024-02-17T02:00:00,19.088686,72.867919,11,VABB,0,0.0,22000,1800,27.0,17.0,,0,0,0,0,0
2024-02-17T02:30:00,19.088686,72.867919,11,VABB,50,2.1,22000,1800,28.0,17.0,,0,0,0,0,0
2024-02-17T03:00:00,19.088686,72.867919,11,VABB,,0.0,22000,2000,23.0,18.9,1013.5,0,0,0,0,0
2024-02-17T03:00:00,19.088686,72.867919,11,VABB,30,1.5,22000,1800,28.0,17.0,,0,0,0,0,0
2024-02-17T03:30:00,19.088686,72.867919,11,VABB,180,1.5,22000,1800,28.0,17.0,,0,0,0,0,0
2024-02-17T04:00:00,19.088686,72.867919,11,VABB,330,2.1,22000,1800,30.0,16.0,,0,0,0,0,0
2024-02-17T04:30:00,19.088686,72.867919,11,VABB,140,2.1,22000,1800,31.0,16.0,,0,0,0,0,0
2024-02-17T05:00:00,19.088686,72.867919,11,VABB,140,3.6,10000,1900,32.0,17.0,,0,0,0,0,0
2024-02-17T05:30:00,19.088686,72.867919,11,VABB,310,1.5,22000,1900,33.0,17.0,,0,0,0,0,0
2024-02-17T06:00:00,19.088686,72.867919,11,VABB,320,1.5,22000,2000,31.4,21.3,1014.1,0,0,0,0,0
2024-02-17T06:00:00,19.088686,72.867919,11,VABB,290,2.6,22000,1800,33.0,20.0,,0,0,0,0,0
2024-02-17T06:30:00,19.088686,72.867919,11,VABB,250,4.1,22000,1500,32.0,21.0,,0,0,0,0,0
2024-02-17T07:00:00,19.088686,72.867919,11,VABB,260,3.1,22000,1700,33.0,20.0,,0,0,0,0,0
2024-02-17T07:30:00,19.088686,72.867919,11,VABB,260,3.1,22000,2100,33.0,20.0,,0,0,0,0,0
2024-02-17T08:00:00,19.088686,72.867919,11,VABB,250,5.1,22000,2100,33.0,20.0,,0,0,0,0,0
2024-02-17T08:30:00,19.088686,72.867919,11,VABB,260,3.6,22000,2500,33.0,19.0,,0,0,0,0,0
2024-02-17T09:00:00,19.088686,72.867919,11,VABB,270,1.5,,2000,33.2,20.7,1011.2,0,0,0,0,0
2024-02-17T09:00:00,19.088686,72.867919,11,VABB,270,4.6,22000,2800,33.0,18.0,,0,0,0,0,0
2024-02-17T09:30:00,19.088686,72.867919,11,VABB,260,4.6,22000,3000,33.0,19.0,,0,0,0,0,0
2024-02-17T10:00:00,19.088686,72.867919,11,VABB,260,4.6,22000,3000,33.0,18.0,,0,0,0,0,0
2024-02-17T10:30:00,19.088686,72.867919,11,VABB,270,3.6,22000,3000,32.0,18.0,,0,0,0,0,0
2024-02-17T11:00:00,19.088686,72.867919,11,VABB,280,5.1,22000,3000,32.0,16.0,,0,0,0,0,0
2024-02-17T11:30:00,19.088686,72.867919,11,VABB,270,5.1,22000,3000,32.0,14.0,,0,0,0,0,0
2024-02-17T12:00:00,19.088686,72.867919,11,VABB,320,2.1,,2000,32.4,14.5,1010.6,0,0,0,0,0
2024-02-17T12:00:00,19.088686,72.867919,11,VABB,250,4.6,22000,3000,32.0,14.0,,0,0,0,0,0
2024-02-17T12:30:00,19.088686,72.867919,11,VABB,260,4.6,22000,3000,31.0,14.0,,0,0,0,0,0
2024-02-17T13:00:00,19.088686,72.867919,11,VABB,290,3.6,22000,3000,31.0,16.0,,0,0,0,0,0
2024-02-17T13:30:00,19.088686,72.867919,11,VABB,330,2.1,22000,2500,31.0,16.0,,0,0,0,0,0
2024-02-17T14:00:00,19.088686,72.867919,11,VABB,330,2.6,22000,2500,30.0,17.0,,0,0,0,0,0
2024-02-17T14:30:00,19.088686,72.867919,11,VABB,330,2.6,22000,2500,29.0,18.0,,0,0,0,0,0
2024-02-17T15:00:00,19.088686,72.867919,11,VABB,320,2.1,,2000,27.6,20.0,1012.1,0,0,0,0,0
2024-02-17T15:00:00,19.088686,72.867919,11,VABB,320,2.6,22000,2500,30.0,18.0,,0,0,0,0,0
2024-02-17T15:30:00,19.088686,72.867919,11,VABB,330,2.1,22000,2500,29.0,18.0,,0,0,0,0,0
2024-02-17T16:00:00,19.088686,72.867919,11,VABB,0,0.0,22000,2500,28.0,19.0,,0,0,0,0,0
2024-02-17T16:30:00,19.088686,72.867919,11,VABB,100,2.6,22000,2500,29.0,18.0,,0,0,0,0,0
2024-02-17T17:00:00,19.088686,72.867919,11,VABB,100,2.1,22000,2500,29.0,16.0,,0,0,0,0,0
2024-02-17T17:30:00,19.088686,72.867919,11,VABB,110,2.1,22000,2500,28.0,15.0,,0,0,0,0,0
2024-02-17T18:00:00,19.088686,72.867919,11,VABB,,0.0,,2000,24.6,18.3,1012.7,0,0,0,0,0
2024-02-17T18:00:00,19.088686,72.867919,11,VABB,100,2.6,22000,2500,28.0,15.0,,0,0,0,0,0
2024-02-17T18:30:00,19.088686,72.867919,11,VABB,150,2.6,22000,2500,29.0,15.0,,0,0,0,0,0
2024-02-17T19:00:00,19.088686,72.867919,11,VABB,160,2.1,22000,2500,28.0,15.0,,0,0,0,0,0
2024-02-17T19:30:00,19.088686,72.867919,11,VABB,150,2.1,22000,2500,28.0,15.0,,0,0,0,0,0
2024-02-17T20:00:00,19.088686,72.867919,11,VABB,180,1.5,22000,2500,28.0,15.0,,0,0,0,0,0
2024-02-17T20:30:00,19.088686,72.867919,11,VABB,150,2.1,22000,2500,28.0,15.0,,0,0,0,0,0
2024-02-17T21:00:00,19.088686,72.867919,11,VABB,,0.0,,2000,22.6,17.1,1011.1,0,0,0,0,0
2024-02-17T21:00:00,19.088686,72.867919,11,VABB,180,2.1,22000,2500,27.0,16.0,,0,0,0,0,0
2024-02-17T21:30:00,19.088686,72.867919,11,VABB,160,2.1,22000,2500,27.0,16.0,,0,0,0,0,0
2024-02-17T22:00:00,19.088686,72.867919,11,VABB,220,1.5,22000,2500,26.0,17.0,,0,0,0,0,0
2024-02-17T22:30:00,19.088686,72.867919,11,VABB,120,1.5,22000,2500,25.0,17.0,,0,1,0,0,0
2024-02-17T23:00:00,19.088686,72.867919,11,VABB,20,2.1,22000,2500,26.0,16.0,,0,0,0,0,0
2024-02-17T23:30:00,19.088686,72.867919,11,VABB,340,2.6,22000,2500,27.0,17.0,,0,0,0,0,0
2024-02-18T00:00:00,19.088686,72.867919,11,VABB,,0.0,,2000,22.0,17.8,1011.1,0,0,0,0,0
2024-02-18T00:00:00,19.088686,72.867919,11,VABB,350,2.1,22000,2200,26.0,17.0,,0,0,0,0,0
2024-02-18T00:30:00,19.088686,72.867919,11,VABB,0,0.0,22000,2200,26.0,18.0,,0,1,0,0,0
2024-02-18T01:00:00,19.088686,72.867919,11,VABB,0,0.0,22000,2200,26.0,18.0,,0,1,0,0,0
2024-02-18T01:30:00,19.088686,72.867919,11,VABB,110,3.1,22000,2200,25.0,18.0,,0,1,0,0,0
2024-02-18T02:00:00,19.088686,72.867919,11,VABB,90,3.1,22000,1800,25.0,16.0,,0,0,0,0,0
2024-02-18T02:30:00,19.088686,72.867919,11,VABB,110,3.6,22000,2200,26.0,15.0,,0,0,1,0,0
2024-02-18T03:00:00,19.088686,72.867919,11,VABB,,0.0,,2000,22.4,17.2,1012.8,0,0,0,0,0
2024-02-18T03:00:00,19.088686,72.867919,11,VABB,100,3.1,22000,2500,26.0,15.0,,0,0,0,0,0
2024-02-18T03:30:00,19.088686,72.867919,11,VABB,100,1.5,22000,2500,28.0,15.0,,0,0,0,0,0
2024-02-18T04:00:00,19.088686,72.867919,11,VABB,90,2.1,22000,2500,29.0,15.0,,0,0,0,0,0
2024-02-18T04:30:00,19.088686,72.867919,11,VABB,40,3.1,22000,2500,32.0,15.0,,0,0,0,0,0
2024-02-18T05:00:00,19.088686,72.867919,11,VABB,0,0.0,22000,2500,32.0,15.0,,0,0,0,0,0
2024-02-18T05:30:00,19.088686,72.867919,11,VABB,0,0.0,22000,2500,34.0,14.0,,0,0,0,0,0
2024-02-18T06:00:00,19.088686,72.867919,11,VABB,270,1.5,,2000,32.0,17.3,1012.9,0,0,0,0,0
2024-02-18T06:00:00,19.088686,72.867919,11,VABB,300,2.6,22000,2800,33.0,17.0,,0,0,0,0,0
2024-02-18T06:30:00,19.088686,72.867919,11,VABB,280,3.1,22000,3000,33.0,17.0,,0,0,0,0,0
2024-02-18T07:00:00,19.088686,72.867919,11,VABB,320,2.1,22000,3000,33.0,17.0,,0,0,0,0,0
2024-02-18T07:30:00,19.088686,72.867919,11,VABB,280,3.1,22000,3000,34.0,18.0,,0,0,0,0,0
2024-02-18T08:00:00,19.088686,72.867919,11,VABB,260,7.2,22000,3000,33.0,17.0,,0,0,0,0,0
2024-02-18T08:30:00,19.088686,72.867919,11,VABB,250,6.7,22000,3000,31.0,20.0,,0,0,0,0,0
2024-02-18T09:00:00,19.088686,72.867919,11,VABB,320,2.1,,2000,31.4,20.3,1010.2,0,0,0,0,0
2024-02-18T09:00:00,19.088686,72.867919,11,VABB,270,6.7,22000,3000,30.0,20.0,,0,0,0,0,0
2024-02-18T09:30:00,19.088686,72.867919,11,VABB,260,6.2,22000,3000,30.0,21.0,,0,0,0,0,0
2024-02-18T10:00:00,19.088686,72.867919,11,VABB,270,5.7,22000,3000,30.0,20.0,,0,0,0,0,0
2024-02-18T10:30:00,19.088686,72.867919,11,VABB,260,6.2,22000,3000,31.0,20.0,,0,0,0,0,0
2024-02-18T11:00:00,19.088686,72.867919,11,VABB,260,6.2,22000,3000,31.0,20.0,,0,0,0,0,0
2024-02-18T11:30:00,19.088686,72.867919,11,VABB,290,4.6,22000,3000,30.0,19.0,,0,0,0,0,0
2024-02-18T12:00:00,19.088686,72.867919,11,VABB,320,2.6,,2000,30.0,21.0,1009.7,0,0,0,0,0
2024-02-18T12:00:00,19.088686,72.867919,11,VABB,290,5.1,22000,3000,30.0,18.0,,0,0,0,0,0
2024-02-18T12:30:00,19.088686,72.867919,11,VABB,280,5.1,22000,3000,29.0,20.0,,0,0,0,0,0
2024-02-18T13:00:00,19.088686,72.867919,11,VABB,270,5.1,22000,3000,29.0,20.0,,0,0,0,0,0
2024-02-18T13:30:00,19.088686,72.867919,11,VABB,280,4.6,22000,3000,28.0,20.0,,0,0,0,0,0
2024-02-18T14:00:00,19.088686,72.867919,11,VABB,320,3.1,22000,3000,28.0,21.0,,0,0,0,0,0
2024-02-18T14:30:00,19.088686,72.867919,11,VABB,320,2.6,22000,3000,28.0,20.0,,0,0,0,0,0
2024-02-18T15:00:00,19.088686,72.867919,11,VABB,,0.0,,2000,27.0,21.0,1011.0,0,0,0,0,0
2024-02-18T15:00:00,19.088686,72.867919,11,VABB,280,2.1,22000,2500,28.0,20.0,,0,0,0,0,0
2024-02-18T15:30:00,19.088686,72.867919,11,VABB,20,2.6,22000,2500,28.0,20.0,,0,1,0,0,0
2024-02-18T16:00:00,19.088686,72.867919,11,VABB,0,0.0,22000,2500,27.0,20.0,,0,1,0,0,0
2024-02-18T16:30:00,19.088686,72.867919,11,VABB,100,3.1,22000,2500,27.0,19.0,,0,1,0,0,0
2024-02-18T17:00:00,19.088686,72.867919,11,VABB,100,2.1,22000,2500,27.0,18.0,,0,0,0,0,0
2024-02-18T17:30:00,19.088686,72.867919,11,VABB,160,1.5,22000,2500,27.0,17.0,,0,0,0,0,0
2024-02-18T18:00:00,19.088686,72.867919,11,VABB,,0.0,,2000,23.4,19.7,1012.5,0,0,0,0,0
2024-02-18T18:00:00,19.088686,72.867919,11,VABB,130,2.1,22000,2500,27.0,18.0,,0,0,0,0,0
2024-02-18T18:30:00,19.088686,72.867919,11,VABB,0,0.0,22000,2500,27.0,19.0,,0,0,0,0,0
2024-02-18T19:00:00,19.088686,72.867919,11,VABB,260,2.1,22000,2500,26.0,18.0,,0,1,0,0,0
2024-02-18T19:30:00,19.088686,72.867919,11,VABB,0,0.0,22000,2500,26.0,18.0,,0,1,0,0,0
2024-02-18T20:00:00,19.088686,72.867919,11,VABB,0,0.0,22000,2500,26.0,19.0,,0,1,0,0,0
2024-02-18T20:30:00,19.088686,72.867919,11,VABB,0,0.0,22000,2500,25.0,18.0,,0,1,0,0,0
2024-02-18T21:00:00,19.088686,72.867919,11,VABB,,0.0,,2000,22.0,18.8,1011.4,0,0,0,0,0
2024-02-18T21:00:00,19.088686,72.867919,11,VABB,0,0.0,22000,2500,25.0,18.0,,0,1,0,0,0
2024-02-18T21:30:00,19.088686,72.867919,11,VABB,20,2.1,22000,2500,26.0,17.0,,0,1,0,0,0
2024-02-18T22:00:00,19.088686,72.867919,11,VABB,10,2.1,22000,2500,25.0,17.0,,0,1,0,0,0
2024-02-18T22:30:00,19.088686,72.867919,11,VABB,0,0.0,22000,2500,24.0,17.0,,0,1,0,0,0
2024-02-18T23:00:00,19.088686,72.867919,11,VABB,0,0.0,22000,2500,25.0,17.0,,0,1,0,0,0
2024-02-18T23:30:00,19.088686,72.867919,11,VABB,40,1.5,22000,2500,25.0,18.0,,0,1,0,0,0
2024-02-19T00:00:00,19.088686,72.867919,11,VABB,,0.0,,2000,21.0,17.8,1010.9,0,0,0,0,0
2024-02-19T00:00:00,19.088686,72.867919,11,VABB,130,2.6,22000,2500,25.0,17.0,,0,1,0,0,0
2024-02-19T00:30:00,19.088686,72.867919,11,VABB,120,2.1,22000,2500,24.0,17.0,,0,1,0,0,0
2024-02-19T01:00:00,19.088686,72.867919,11,VABB,110,1.5,22000,2500,24.0,17.0,,0,1,0,0,0
2024-02-19T01:30:00,19.088686,72.867919,11,VABB,130,2.6,22000,2200,24.0,17.0,,0,1,0,0,0
2024-02-19T02:00:00,19.088686,72.867919,11,VABB,0,0.0,22000,2200,24.0,16.0,,0,1,0,0,0
2024-02-19T02:30:00,19.088686,72.867919,11,VABB,160,2.1,22000,2500,25.0,17.0,,0,0,0,0,0
2024-02-19T03:00:00,19.088686,72.867919,11,VABB,,0.0,,2000,22.0,18.2,1013.2,0,0,0,0,0
2024-02-19T03:00:00,19.088686,72.867919,11,VABB,80,2.6,22000,2500,26.0,17.0,,0,0,0,0,0
2024-02-19T03:30:00,19.088686,72.867919,11,VABB,40,3.6,22000,2500,27.0,15.0,,0,0,0,0,0
2024-02-19T04:00:00,19.088686,72.867919,11,VABB,280,1.5,22000,2500,29.0,14.0,,0,0,0,0,0
2024-02-19T04:30:00,19.088686,72.867919,11,VABB,190,2.6,22000,2200,29.0,15.0,,0,0,0,0,0
2024-02-19T05:00:00,19.088686,72.867919,11,VABB,310,3.1,22000,2200,30.0,16.0,,0,0,0,0,0
2024-02-19T05:30:00,19.088686,72.867919,11,VABB,260,4.1,22000,2500,30.0,17.0,,0,0,0,0,0
2024-02-19T06:00:00,19.088686,72.867919,11,VABB,230,1.5,,2000,30.6,19.7,1014.5,0,0,0,0,0
2024-02-19T06:00:00,19.088686,72.867919,11,VABB,260,3.1,22000,3000,30.0,17.0,,0,0,0,0,0
2024-02-19T06:30:00,19.088686,72.867919,11,VABB,270,5.1,22000,3000,31.0,17.0,,0,0,0,0,0
2024-02-19T07:00:00,19.088686,72.867919,11,VABB,260,5.1,22000,3000,31.0,16.0,,0,0,0,0,0
2024-02-19T07:30:00,19.088686,72.867919,11,VABB,280,5.7,22000,4000,32.0,16.0,,0,0,0,0,0
2024-02-19T08:00:00,19.088686,72.867919,11,VABB,270,3.6,22000,4000,33.0,16.0,,0,0,0,0,1
2024-02-19T08:30:00,19.088686,72.867919,11,VABB,290,5.1,22000,4000,32.0,15.0,,0,0,0,0,0
2024-02-19T09:00:00,19.088686,72.867919,11,VABB,320,3.1,,2000,32.6,14.8,1011.4,0,0,0,0,0
2024-02-19T09:00:00,19.088686,72.867919,11,VABB,290,5.1,22000,4000,32.0,14.0,,0,0,0,0,0
2024-02-19T09:30:00,19.088686,72.867919,11,VABB,290,5.1,22000,4000,33.0,12.0,,0,0,0,0,0
2024-02-19T10:00:00,19.088686,72.867919,11,VABB,290,5.1,22000,4000,32.0,12.0,,0,0,0,0,0
2024-02-19T10:30:00,19.088686,72.867919,11,VABB,300,5.7,22000,4000,32.0,11.0,,0,0,0,0,0
2024-02-19T11:00:00,19.088686,72.867919,11,VABB,320,3.6,22000,4000,32.0,10.0,,0,0,0,0,0
2024-02-19T12:00:00,19.088686,72.867919,11,VABB,340,2.1,,2000,31.4,12.1,1010.9,0,0,0,0,0
2024-02-19T12:00:00,19.088686,72.867919,11,VABB,310,3.1,22000,4000,31.0,11.0,,0,0,0,0,0
2024-02-19T12:30:00,19.088686,72.867919,11,VABB,310,3.1,22000,4000,31.0,12.0,,0,0,0,0,0
2024-02-19T13:00:00,19.088686,72.867919,11,VABB,320,2.6,22000,4000,30.0,12.0,,0,0,0,0,0
2024-02-19T13:30:00,19.088686,72.867919,11,VABB,310,3.6,22000,3500,29.0,11.0,,0,0,0,0,0
2024-02-19T14:00:00,19.088686,72.867919,11,VABB,320,3.1,22000,3500,29.0,12.0,,0,0,0,0,0
2024-02-19T14:30:00,19.088686,72.867919,11,VABB,330,3.1,22000,3500,29.0,11.0,,0,0,0,0,0
2024-02-19T15:00:00,19.088686,72.867919,11,VABB,,0.0,,2000,26.2,13.7,1012.5,0,0,0,0,0
2024-02-19T15:00:00,19.088686,72.867919,11,VABB,340,2.1,22000,3500,29.0,12.0,,0,0,0,0,0
2024-02-19T15:30:00,19.088686,72.867919,11,VABB,330,1.5,22000,3000,28.0,12.0,,0,0,0,0,0
2024-02-19T16:00:00,19.088686,72.867919,11,VABB,330,1.5,22000,3000,28.0,13.0,,0,0,0,0,0
2024-02-19T16:30:00,19.088686,72.867919,11,VABB,310,1.5,22000,3000,28.0,13.0,,0,0,0,0,0
2024-02-19T17:00:00,19.088686,72.867919,11,VABB,340,1.5,22000,3000,27.0,14.0,,0,0,0,0,0
2024-02-19T17:30:00,19.088686,72.867919,11,VABB,290,2.6,22000,3000,27.0,15.0,,0,0,0,0,0
2024-02-19T18:00:00,19.088686,72.867919,11,VABB,,0.0,,2000,23.0,17.2,1013.6,0,0,0,0,0
2024-02-19T18:00:00,19.088686,72.867919,11,VABB,0,0.0,22000,2500,27.0,16.0,,0,0,0,0,0
2024-02-19T18:30:00,19.088686,72.867919,11,VABB,70,2.1,22000,2500,27.0,16.0,,0,0,0,0,0
2024-02-19T19:00:00,19.088686,72.867919,11,VABB,20,1.5,22000,2500,26.0,17.0,,0,0,0,0,0
2024-02-19T19:30:00,19.088686,72.867919,11,VABB,0,0.0,22000,2500,26.0,18.0,,0,1,0,0,0
2024-02-19T20:00:00,19.088686,72.867919,11,VABB,340,2.1,22000,2500,26.0,17.0,,0,1,0,0,0
2024-02-19T20:30:00,19.088686,72.867919,11,VABB,10,2.6,22000,2500,26.0,17.0,,0,0,0,0,0
2024-02-19T21:00:00,19.088686,72.867919,11,VABB,,0.0,,2000,21.8,17.3,1012.7,0,0,0,0,0
2024-02-19T21:00:00,19.088686,72.867919,11,VABB,10,2.1,22000,2500,26.0,17.0,,0,0,0,0,0
2024-02-19T21:30:00,19.088686,72.867919,11,VABB,320,2.1,22000,2500,26.0,16.0,,0,0,0,0,0
2024-02-19T22:00:00,19.088686,72.867919,11,VABB,340,2.1,22000,2500,25.0,16.0,,0,0,0,0,0
2024-02-19T22:30:00,19.088686,72.867919,11,VABB,0,0.0,22000,2500,25.0,17.0,,0,0,0,0,0
2024-02-19T23:00:00,19.088686,72.867919,11,VABB,0,0.0,22000,2500,25.0,17.0,,0,0,0,0,0
2024-02-19T23:30:00,19.088686,72.867919,11,VABB,0,0.0,22000,2500,26.0,16.0,,0,0,0,0,0
2024-02-20T00:00:00,19.088686,72.867919,11,VABB,,0.0,,2000,21.2,17.3,1012.3,0,0,0,0,0
2024-02-20T00:00:00,19.088686,72.867919,11,VABB,0,0.0,22000,2500,25.0,17.0,,0,0,0,0,0
2024-02-20T00:30:00,19.088686,72.867919,11,VABB,0,0.0,22000,2500,25.0,19.0,,0,0,0,0,0
2024-02-20T01:00:00,19.088686,72.867919,11,VABB,100,2.6,22000,2500,25.0,20.0,,0,0,0,0,0
2024-02-20T01:30:00,19.088686,72.867919,11,VABB,90,2.6,22000,2500,24.0,18.0,,0,0,0,0,0
2024-02-20T02:00:00,19.088686,72.867919,11,VABB,170,3.1,22000,2500,25.0,17.0,,0,0,0,0,0
2024-02-20T02:30:00,19.088686,72.867919,11,VABB,70,1.5,22000,2500,25.0,17.0,,0,0,0,0,0
2024-02-20T03:00:00,19.088686,72.867919,11,VABB,,0.0,,2000,21.8,18.3,1014.3,0,0,0,0,0
2024-02-20T03:00:00,19.088686,72.867919,11,VABB,40,2.1,22000,2500,26.0,17.0,,0,0,0,0,0
2024-02-20T03:30:00,19.088686,72.867919,11,VABB,20,1.5,22000,2500,27.0,17.0,,0,0,0,0,0
2024-02-20T04:00:00,19.088686,72.867919,11,VABB,30,1.5,22000,2500,28.0,16.0,,0,0,0,0,0
2024-02-20T04:30:00,19.088686,72.867919,11,VABB,80,1.5,22000,2500,30.0,15.0,,0,0,0,0,0
2024-02-20T05:00:00,19.088686,72.867919,11,VABB,0,0.0,22000,3000,30.0,13.0,,0,0,0,0,0
2024-02-20T05:30:00,19.088686,72.867919,11,VABB,350,4.6,22000,3000,32.0,13.0,,0,0,0,0,0
2024-02-20T06:00:00,19.088686,72.867919,11,VABB,320,1.5,,2000,31.6,11.9,1014.2,0,0,0,0,0
2024-02-20T06:00:00,19.088686,72.867919,11,VABB,330,2.1,22000,3500,32.0,11.0,,0,0,0,0,0
2024-02-20T06:30:00,19.088686,72.867919,11,VABB,280,2.1,22000,3500,32.0,12.0,,0,0,0,0,0
2024-02-20T07:00:00,19.088686,72.867919,11,VABB,290,5.1,22000,3500,32.0,17.0,,0,0,0,0,0
2024-02-20T07:30:00,19.088686,72.867919,11,VABB,290,6.7,22000,3500,32.0,15.0,,0,0,0,0,0
2024-02-20T08:00:00,19.088686,72.867919,11,VABB,300,6.2,22000,3500,31.0,19.0,,0,0,0,0,0
2024-02-20T08:30:00,19.088686,72.867919,11,VABB,310,5.7,22000,3500,31.0,15.0,,0,0,0,0,0
2024-02-20T09:00:00,19.088686,72.867919,11,VABB,320,3.1,,2000,31.0,15.5,1012.4,0,0,0,0,0
2024-02-20T09:00:00,19.088686,72.867919,11,VABB,310,5.1,22000,3500,32.0,15.0,,0,0,0,0,0
2024-02-20T09:30:00,19.088686,72.867919,11,VABB,320,5.7,22000,4000,32.0,14.0,,0,0,0,0,0
2024-02-20T10:00:00,19.088686,72.867919,11,VABB,320,5.1,22000,4000,32.0,12.0,,0,0,0,0,0
2024-02-20T10:30:00,19.088686,72.867919,11,VABB,300,5.7,22000,4000,31.0,13.0,,0,0,0,0,0
2024-02-20T11:00:00,19.088686,72.867919,11,VABB,300,6.7,22000,4000,30.0,14.0,,0,0,0,0,0
2024-02-20T11:30:00,19.088686,72.867919,11,VABB,300,6.2,22000,4000,30.0,15.0,,0,0,0,0,0
2024-02-20T12:00:00,19.088686,72.867919,11,VABB,360,2.6,,2000,29.6,15.7,1011.4,0,0,0,0,0
2024-02-20T12:00:00,19.088686,72.867919,11,VABB,300,6.2,2000,4000,29.0,15.0,,0,0,0,0,0
2024-02-20T12:30:00,19.088686,72.867919,11,VABB,310,5.1,2000,4000,29.0,15.0,,0,0,0,0,0
2024-02-20T13:00:00,19.088686,72.867919,11,VABB,300,6.2,22000,3000,28.0,16.0,,0,0,0,0,0
2024-02-20T13:30:00,19.088686,72.867919,11,VABB,300,3.6,22000,3000,28.0,16.0,,0,0,0,0,0
2024-02-20T14:00:00,19.088686,72.867919,11,VABB,300,4.1,22000,3000,27.0,16.0,,0,0,0,0,0
2024-02-20T14:30:00,19.088686,72.867919,11,VABB,310,1.5,22000,3000,27.0,16.0,,0,0,0,0,0
2024-02-20T15:00:00,19.088686,72.867919,11,VABB,,0.0,,2000,26.4,17.1,1013.0,0,0,0,0,0
2024-02-20T15:00:00,19.088686,72.867919,11,VABB,310,2.6,22000,3000,27.0,16.0,,0,0,0,0,0
2024-02-20T15:30:00,19.088686,72.867919,11,VABB,0,0.0,22000,3000,27.0,16.0,,0,0,0,0,0
2024-02-20T16:00:00,19.088686,72.867919,11,VABB,340,2.1,22000,3000,27.0,16.0,,0,0,0,0,0
2024-02-20T16:30:00,19.088686,72.867919,11,VABB,50,2.6,22000,3000,27.0,16.0,,0,0,0,0,0
2024-02-20T17:00:00,19.088686,72.867919,11,VABB,40,2.6,22000,3000,27.0,17.0,,0,0,0,0,0
2024-02-20T17:30:00,19.088686,72.867919,11,VABB,70,2.6,22000,3000,27.0,17.0,,0,0,0,0,0
2024-02-20T18:00:00,19.088686,72.867919,11,VABB,,0.0,,2000,24.2,19.2,1014.0,0,0,0,0,0
2024-02-20T18:00:00,19.088686,72.867919,11,VABB,360,1.5,22000,3000,26.0,18.0,,0,0,0,0,0
2024-02-20T18:30:00,19.088686,72.867919,11,VABB,0,0.0,22000,3000,26.0,19.0,,0,0,0,0,0
2024-02-20T19:00:00,19.088686,72.867919,11,VABB,0,0.0,22000,3000,25.0,20.0,,0,1,0,0,0
2024-02-20T19:30:00,19.088686,72.867919,11,VABB,110,1.5,22000,3000,25.0,20.0,,0,1,0,0,0
2024-02-20T20:00:00,19.088686,72.867919,11,VABB,10,2.1,22000,3000,25.0,20.0,,0,1,0,0,0
2024-02-20T20:30:00,19.088686,72.867919,11,VABB,340,2.1,22000,3000,25.0,21.0,,0,1,0,0,0
2024-02-20T21:00:00,19.088686,72.867919,11,VABB,,0.0,,2000,22.2,18.7,1012.2,0,0,0,0,0
2024-02-20T21:00:00,19.088686,72.867919,11,VABB,0,0.0,22000,3000,25.0,21.0,,0,1,0,0,0
2024-02-20T21:30:00,19.088686,72.867919,11,VABB,20,1.5,22000,3000,25.0,21.0,,0,1,0,0,0
2024-02-20T22:00:00,19.088686,72.867919,11,VABB,0,0.0,22000,3000,25.0,20.0,,0,1,0,0,0
2024-02-20T22:30:00,19.088686,72.867919,11,VABB,20,1.5,22000,3000,25.0,21.0,,0,1,0,0,0
2024-02-20T23:00:00,19.088686,72.867919,11,VABB,20,1.5,22000,3000,25.0,21.0,,0,1,0,0,0
2024-02-20T23:30:00,19.088686,72.867919,11,VABB,20,1.5,22000,3000,24.0,22.0,,0,1,0,0,0
2024-02-21T00:00:00,19.088686,72.867919,11,VABB,,0.0,22000,2000,21.4,18.9,1012.2,0,0,0,0,0
2024-02-21T00:00:00,19.088686,72.867919,11,VABB,20,2.1,10000,3000,24.0,22.0,,0,1,0,0,0
2024-02-21T00:30:00,19.088686,72.867919,11,VABB,40,2.6,10000,2500,24.0,22.0,,0,1,0,0,0
2024-02-21T01:00:00,19.088686,72.867919,11,VABB,40,2.6,10000,2500,24.0,22.0,,0,1,0,0,0
2024-02-21T01:30:00,19.088686,72.867919,11,VABB,70,2.6,2000,2500,25.0,22.0,,0,1,0,0,0
2024-02-21T02:00:00,19.088686,72.867919,11,VABB,60,2.6,22000,2500,25.0,22.0,,0,1,0,0,0
2024-02-21T02:30:00,19.088686,72.867919,11,VABB,,1.5,2000,2100,25.0,22.0,,0,1,0,1,0
2024-02-21T03:00:00,19.088686,72.867919,11,VABB,,0.0,,2000,23.4,21.0,1014.5,0,0,0,0,0
2024-02-21T03:00:00,19.088686,72.867919,11,VABB,50,2.1,2000,2100,25.0,22.0,,0,1,0,0,0
2024-02-21T03:30:00,19.088686,72.867919,11,VABB,,1.5,10000,2100,26.0,22.0,,0,1,0,1,0
2024-02-21T04:00:00,19.088686,72.867919,11,VABB,0,0.0,2000,2200,27.0,22.0,,0,1,0,0,0
2024-02-21T04:30:00,19.088686,72.867919,11,VABB,0,0.0,2000,2500,28.0,21.0,,0,1,0,0,0
2024-02-21T05:00:00,19.088686,72.867919,11,VABB,290,3.1,2000,2500,27.0,20.0,,0,1,0,0,0
2024-02-21T05:30:00,19.088686,72.867919,11,VABB,320,2.1,2000,2500,28.0,19.0,,0,1,0,0,0
2024-02-21T06:00:00,19.088686,72.867919,11,VABB,320,1.5,22000,2000,28.8,18.2,1014.7,0,0,0,0,0
2024-02-21T06:00:00,19.088686,72.867919,11,VABB,320,2.1,2000,2500,29.0,19.0,,0,0,0,0,0
2024-02-21T06:30:00,19.088686,72.867919,11,VABB,320,3.6,2000,3000,29.0,19.0,,0,0,0,0,0
2024-02-21T07:00:00,19.088686,72.867919,11,VABB,290,4.6,2000,3000,29.0,18.0,,0,0,0,0,0
2024-02-21T07:30:00,19.088686,72.867919,11,VABB,300,3.6,2000,3500,30.0,19.0,,0,0,0,0,0
2024-02-21T08:00:00,19.088686,72.867919,11,VABB,310,5.7,2000,3500,29.0,19.0,,0,0,0,0,0
2024-02-21T08:30:00,19.088686,72.867919,11,VABB,300,4.1,2000,3500,29.0,19.0,,0,0,0,0,0
2024-02-21T09:00:00,19.088686,72.867919,11,VABB,320,2.6,,2000,29.2,19.4,1011.3,0,0,0,0,0
2024-02-21T09:00:00,19.088686,72.867919,11,VABB,290,4.6,2000,3500,29.0,19.0,,0,0,0,0,0
2024-02-21T09:30:00,19.088686,72.867919,11,VABB,330,5.1,2000,3500,29.0,19.0,,0,0,0,0,0
2024-02-21T10:00:00,19.088686,72.867919,11,VABB,280,5.1,2000,4000,29.0,19.0,,0,0,0,0,0
2024-02-21T10:30:00,19.088686,72.867919,11,VABB,260,4.1,2000,4000,28.0,19.0,,0,0,0,0,1
2024-02-21T11:00:00,19.088686,72.867919,11,VABB,280,5.7,2000,5000,28.0,19.0,,0,0,0,0,0
2024-02-21T11:30:00,19.088686,72.867919,11,VABB,290,5.1,2000,5000,28.0,19.0,,0,0,0,0,0
2024-02-21T12:00:00,19.088686,72.867919,11,VABB,270,2.1,22000,2000,28.0,19.7,1011.5,0,0,0,0,0
2024-02-21T12:00:00,19.088686,72.867919,11,VABB,270,5.7,2000,5000,28.0,19.0,,0,0,0,0,0
2024-02-21T12:30:00,19.088686,72.867919,11,VABB,260,4.6,22000,4000,28.0,19.0,,0,1,0,0,0
2024-02-21T13:00:00,19.088686,72.867919,11,VABB,290,3.1,22000,4000,27.0,19.0,,0,1,0,0,0
2024-02-21T13:30:00,19.088686,72.867919,11,VABB,310,3.1,10000,4000,26.0,20.0,,0,1,0,0,0
2024-02-21T14:00:00,19.088686,72.867919,11,VABB,320,2.6,22000,3000,26.0,20.0,,0,1,0,0,0
2024-02-21T14:30:00,19.088686,72.867919,11,VABB,300,2.6,22000,3000,26.0,20.0,,0,1,0,0,0
2024-02-21T15:00:00,19.088686,72.867919,11,VABB,,0.0,,2000,25.6,20.4,1013.1,0,0,0,0,0
2024-02-21T15:00:00,19.088686,72.867919,11,VABB,290,3.1,22000,3000,26.0,20.0,,0,1,0,0,0
2024-02-21T15:30:00,19.088686,72.867919,11,VABB,320,2.6,22000,3000,26.0,20.0,,0,1,0,0,0
2024-02-21T16:00:00,19.088686,72.867919,11,VABB,270,3.6,22000,3000,26.0,21.0,,0,1,0,0,0
2024-02-21T16:30:00,19.088686,72.867919,11,VABB,270,3.6,22000,3000,26.0,21.0,,0,1,0,0,0
2024-02-21T17:00:00,19.088686,72.867919,11,VABB,320,2.6,22000,3000,26.0,21.0,,0,1,0,0,0
2024-02-21T17:30:00,19.088686,72.867919,11,VABB,300,2.1,22000,3000,26.0,21.0,,0,1,0,0,0
2024-02-21T18:00:00,19.088686,72.867919,11,VABB,,0.0,,2000,24.8,20.2,1013.9,0,0,0,0,0
2024-02-21T18:00:00,19.088686,72.867919,11,VABB,320,2.1,22000,3000,26.0,21.0,,0,1,0,0,0
2024-02-21T18:30:00,19.088686,72.867919,11,VABB,360,2.1,22000,3000,26.0,21.0,,0,1,0,0,0
2024-02-21T19:00:00,19.088686,72.867919,11,VABB,300,1.5,22000,3000,25.0,21.0,,0,1,0,0,0
2024-02-21T19:30:00,19.088686,72.867919,11,VABB,290,1.5,22000,3000,25.0,21.0,,0,1,0,0,0
2024-02-21T20:00:00,19.088686,72.867919,11,VABB,290,1.5,22000,3000,25.0,21.0,,0,1,0,0,0
2024-02-21T20:30:00,19.088686,72.867919,11,VABB,300,1.5,22000,3000,25.0,21.0,,0,1,0,0,0
2024-02-21T21:00:00,19.088686,72.867919,11,VABB,,0.0,22000,2000,23.2,19.8,1012.3,0,0,0,0,0
2024-02-21T21:00:00,19.088686,72.867919,11,VABB,360,2.6,22000,3000,25.0,21.0,,0,1,0,0,0
2024-02-21T21:30:00,19.088686,72.867919,11,VABB,340,2.1,22000,3000,25.0,21.0,,0,1,0,0,0
2024-02-21T22:00:00,19.088686,72.867919,11,VABB,50,2.1,22000,3000,25.0,21.0,,0,1,0,0,0
2024-02-21T22:30:00,19.088686,72.867919,11,VABB,100,1.5,22000,3000,24.0,21.0,,0,1,0,0,0
2024-02-21T23:00:00,19.088686,72.867919,11,VABB,120,2.6,22000,3000,25.0,21.0,,0,1,0,0,0
2024-02-21T23:30:00,19.088686,72.867919,11,VABB,90,2.1,22000,3000,24.0,21.0,,0,1,0,0,0
2024-02-22T00:00:00,19.088686,72.867919,11,VABB,,0.0,,2000,22.2,19.4,1012.4,0,0,0,0,0
2024-02-22T00:00:00,19.088686,72.867919,11,VABB,80,1.5,22000,3000,24.0,21.0,,0,1,0,0,0
2024-02-22T00:30:00,19.088686,72.867919,11,VABB,40,1.5,22000,3000,24.0,21.0,,0,1,0,0,0
2024-02-22T01:00:00,19.088686,72.867919,11,VABB,50,3.1,22000,3000,25.0,22.0,,0,1,0,0,0
2024-02-22T01:30:00,19.088686,72.867919,11,VABB,60,3.6,10000,3000,25.0,22.0,,0,1,0,0,0
2024-02-22T02:00:00,19.088686,72.867919,11,VABB,70,2.1,10000,2500,24.0,22.0,,0,1,0,0,0
2024-02-22T02:30:00,19.088686,72.867919,11,VABB,40,3.1,10000,2100,25.0,21.0,,1,0,0,0,0
2024-02-22T03:00:00,19.088686,72.867919,11,VABB,,0.0,22000,2000,23.0,20.9,1014.8,0,0,0,0,0
2024-02-22T03:00:00,19.088686,72.867919,11,VABB,70,3.1,10000,1800,25.0,21.0,,1,0,0,0,0
2024-02-22T03:30:00,19.088686,72.867919,11,VABB,60,3.1,2000,2100,26.0,21.0,,1,0,0,0,0
2024-02-22T04:00:00,19.088686,72.867919,11,VABB,40,2.6,2000,2100,26.0,21.0,,1,0,0,0,0
2024-02-22T04:30:00,19.088686,72.867919,11,VABB,30,4.1,2000,2500,27.0,20.0,,0,1,0,0,0
2024-02-22T05:00:00,19.088686,72.867919,11,VABB,300,3.1,2000,2500,27.0,19.0,,0,1,0,0,0
2024-02-22T05:30:00,19.088686,72.867919,11,VABB,310,2.1,2000,3000,29.0,20.0,,0,1,0,0,0
2024-02-22T06:00:00,19.088686,72.867919,11,VABB,320,2.1,750,2000,28.4,20.2,1014.9,0,0,0,0,0
2024-02-22T06:00:00,19.088686,72.867919,11,VABB,260,4.1,2000,3000,29.0,20.0,,0,0,0,0,0
2024-02-22T06:30:00,19.088686,72.867919,11,VABB,260,5.7,2000,3000,28.0,21.0,,0,0,0,0,0
2024-02-22T07:00:00,19.088686,72.867919,11,VABB,260,5.7,2000,3000,28.0,21.0,,0,0,0,0,0
2024-02-22T07:30:00,19.088686,72.867919,11,VABB,260,6.7,2000,3000,29.0,21.0,,0,0,0,0,0
2024-02-22T08:00:00,19.088686,72.867919,11,VABB,270,4.6,2000,3000,28.0,21.0,,0,1,0,0,1
2024-02-22T08:30:00,19.088686,72.867919,11,VABB,290,4.1,2000,3000,29.0,21.0,,0,1,0,0,1
2024-02-22T09:00:00,19.088686,72.867919,11,VABB,320,3.1,22000,2000,29.2,19.8,1012.7,0,0,0,0,0
2024-02-22T09:00:00,19.088686,72.867919,11,VABB,260,7.2,2000,4000,28.0,21.0,,0,1,0,0,0
2024-02-22T09:30:00,19.088686,72.867919,11,VABB,280,4.1,2000,4000,28.0,21.0,,0,1,0,0,1
2024-02-22T10:00:00,19.088686,72.867919,11,VABB,290,5.1,2000,4000,28.0,20.0,,0,1,0,0,0
2024-02-22T10:30:00,19.088686,72.867919,11,VABB,310,4.6,2000,4000,28.0,20.0,,0,1,0,0,0
2024-02-22T11:00:00,19.088686,72.867919,11,VABB,290,5.7,2000,4000,28.0,19.0,,0,0,0,0,0
2024-02-22T11:30:00,19.088686,72.867919,11,VABB,300,4.1,2000,4000,28.0,19.0,,0,0,0,0,0
2024-02-22T12:00:00,19.088686,72.867919,11,VABB,320,2.6,,2000,27.2,19.2,1012.2,0,0,0,0,0
2024-02-22T12:00:00,19.088686,72.867919,11,VABB,290,5.1,22000,4000,28.0,20.0,,0,1,0,0,0
2024-02-22T12:30:00,19.088686,72.867919,11,VABB,300,4.6,22000,3000,27.0,20.0,,0,1,0,0,0
2024-02-22T13:00:00,19.088686,72.867919,11,VABB,330,3.1,22000,3000,26.0,20.0,,0,1,0,0,0
2024-02-22T13:30:00,19.088686,72.867919,11,VABB,310,5.1,22000,3000,26.0,20.0,,0,1,0,0,0
2024-02-22T14:00:00,19.088686,72.867919,11,VABB,320,4.6,22000,3000,26.0,20.0,,0,1,0,0,0
2024-02-22T14:30:00,19.088686,72.867919,11,VABB,310,4.6,22000,3000,25.0,20.0,,0,1,0,0,0
2024-02-22T15:00:00,19.088686,72.867919,11,VABB,320,3.1,,2000,25.0,19.4,1013.9,0,0,0,0,0
2024-02-22T15:00:00,19.088686,72.867919,11,VABB,310,3.6,22000,3000,25.0,20.0,,0,1,0,0,0
2024-02-22T15:30:00,19.088686,72.867919,11,VABB,310,4.1,22000,3000,25.0,20.0,,0,1,0,0,0
2024-02-22T16:00:00,19.088686,72.867919,11,VABB,310,4.1,22000,3000,25.0,19.0,,0,1,0,0,0
2024-02-22T16:30:00,19.088686,72.867919,11,VABB,310,2.6,22000,3000,26.0,19.0,,0,1,0,0,0
2024-02-22T17:00:00,19.088686,72.867919,11,VABB,310,2.1,22000,3000,25.0,19.0,,0,1,0,0,0
2024-02-22T17:30:00,19.088686,72.867919,11,VABB,0,0.0,22000,3000,25.0,20.0,,0,1,0,0,0
2024-02-22T18:00:00,19.088686,72.867919,11,VABB,,0.0,,2000,23.6,19.2,1014.5,0,0,0,0,0
2024-02-22T18:00:00,19.088686,72.867919,11,VABB,310,2.6,22000,3000,25.0,20.0,,0,1,0,0,0
2024-02-22T18:30:00,19.088686,72.867919,11,VABB,340,2.6,22000,3000,25.0,20.0,,0,1,0,0,0
2024-02-22T19:00:00,19.088686,72.867919,11,VABB,340,2.6,22000,3000,25.0,20.0,,0,1,0,0,0
2024-02-22T19:30:00,19.088686,72.867919,11,VABB,40,1.5,22000,3000,24.0,20.0,,0,1,0,0,0
2024-02-22T20:00:00,19.088686,72.867919,11,VABB,40,2.6,22000,3000,24.0,20.0,,0,1,0,0,0
2024-02-22T20:30:00,19.088686,72.867919,11,VABB,40,2.6,22000,3000,24.0,20.0,,0,1,0,0,0
2024-02-22T21:00:00,19.088686,72.867919,11,VABB,,0.0,,2000,21.6,19.1,1013.3,0,0,0,0,0
2024-02-22T21:00:00,19.088686,72.867919,11,VABB,20,2.6,22000,3000,24.0,20.0,,0,1,0,0,0
2024-02-22T21:30:00,19.088686,72.867919,11,VABB,20,2.6,22000,3000,24.0,20.0,,0,1,0,0,0
2024-02-22T22:00:00,19.088686,72.867919,11,VABB,50,1.5,22000,3000,24.0,20.0,,0,1,0,0,0
2024-02-22T22:30:00,19.088686,72.867919,11,VABB,100,1.5,22000,3000,23.0,20.0,,0,1,0,0,0
2024-02-22T23:00:00,19.088686,72.867919,11,VABB,120,1.5,22000,3000,23.0,20.0,,0,1,0,0,0
2024-02-22T23:30:00,19.088686,72.867919,11,VABB,90,2.6,22000,3000,23.0,20.0,,0,1,0,0,0
2024-02-23T00:00:00,19.088686,72.867919,11,VABB,,0.0,22000,2000,20.4,18.5,1013.4,0,0,0,0,0
2024-02-23T00:00:00,19.088686,72.867919,11,VABB,110,2.1,22000,2500,23.0,20.0,,0,1,0,0,0
2024-02-23T00:30:00,19.088686,72.867919,11,VABB,100,2.1,22000,2500,22.0,20.0,,0,1,0,0,0
2024-02-23T01:00:00,19.088686,72.867919,11,VABB,120,2.6,22000,2500,23.0,20.0,,0,1,0,0,0
2024-02-23T01:30:00,19.088686,72.867919,11,VABB,100,2.6,22000,1800,22.0,19.0,,0,1,0,0,0
2024-02-23T01:32:00,19.088686,72.867919,11,VABB,100,2.6,10000,1800,22.0,19.0,,0,1,0,0,0
2024-02-23T02:00:00,19.088686,72.867919,11,VABB,90,2.1,10000,1800,23.0,19.0,,0,1,0,0,0
2024-02-23T02:30:00,19.088686,72.867919,11,VABB,100,2.1,10000,1800,23.0,19.0,,1,0,0,0,0
2024-02-23T03:00:00,19.088686,72.867919,11,VABB,,0.0,,2000,21.6,18.4,1015.2,0,0,0,0,0
2024-02-23T03:00:00,19.088686,72.867919,11,VABB,80,3.6,22000,2100,24.0,19.0,,0,1,0,0,0
2024-02-23T03:30:00,19.088686,72.867919,11,VABB,80,2.6,22000,2100,25.0,19.0,,0,1,0,0,0
2024-02-23T04:00:00,19.088686,72.867919,11,VABB,60,3.1,22000,2500,26.0,20.0,,0,1,0,0,0
2024-02-23T04:30:00,19.088686,72.867919,11,VABB,130,1.5,2000,2500,26.0,19.0,,0,1,0,0,0
2024-02-23T05:00:00,19.088686,72.867919,11,VABB,70,4.1,2000,3000,28.0,16.0,,0,1,0,0,0
2024-02-23T05:30:00,19.088686,72.867919,11,VABB,40,3.6,2000,3000,28.0,14.0,,0,0,0,0,0
2024-02-23T06:00:00,19.088686,72.867919,11,VABB,50,2.1,22000,2000,29.0,14.1,1015.1,0,0,0,0,0
2024-02-23T06:00:00,19.088686,72.867919,11,VABB,40,4.1,2000,3000,29.0,12.0,,0,0,0,0,0
2024-02-23T06:30:00,19.088686,72.867919,11,VABB,40,3.6,2000,3000,29.0,13.0,,0,0,0,0,0
2024-02-23T07:00:00,19.088686,72.867919,11,VABB,60,1.5,2000,3500,29.0,13.0,,0,0,0,0,0
2024-02-23T07:30:00,19.088686,72.867919,11,VABB,70,5.1,2000,4000,30.0,13.0,,0,0,0,0,0
2024-02-23T08:00:00,19.088686,72.867919,11,VABB,330,3.6,2000,4000,30.0,16.0,,0,0,0,0,1
2024-02-23T08:30:00,19.088686,72.867919,11,VABB,320,3.6,2000,4000,29.0,18.0,,0,0,0,0,0
2024-02-23T09:00:00,19.088686,72.867919,11,VABB,360,2.1,,2000,30.6,17.0,1011.1,0,0,0,0,0
2024-02-23T09:00:00,19.088686,72.867919,11,VABB,300,4.1,2000,4000,30.0,16.0,,0,0,0,0,0
2024-02-23T09:30:00,19.088686,72.867919,11,VABB,320,5.7,22000,4000,30.0,17.0,,0,0,0,0,0
2024-02-23T10:00:00,19.088686,72.867919,11,VABB,320,4.6,22000,4000,29.0,17.0,,0,0,0,0,0
2024-02-23T10:30:00,19.088686,72.867919,11,VABB,320,5.1,22000,4000,29.0,16.0,,0,0,0,0,0
2024-02-23T11:00:00,19.088686,72.867919,11,VABB,320,4.6,22000,5000,29.0,9.0,,0,0,0,0,1
2024-02-23T11:30:00,19.088686,72.867919,11,VABB,300,5.7,22000,5000,29.0,7.0,,0,0,0,0,0
2024-02-23T12:00:00,19.088686,72.867919,11,VABB,360,2.1,,2000,28.6,7.5,1010.9,0,0,0,0,0
2024-02-23T12:00:00,19.088686,72.867919,11,VABB,320,5.1,22000,5000,29.0,6.0,,0,0,0,0,0
2024-02-23T12:30:00,19.088686,72.867919,11,VABB,330,4.6,22000,5000,29.0,8.0,,0,0,0,0,0
2024-02-23T13:00:00,19.088686,72.867919,11,VABB,320,3.6,22000,5000,29.0,8.0,,0,0,0,0,1
2024-02-23T13:30:00,19.088686,72.867919,11,VABB,320,3.1,22000,4000,27.0,10.0,,0,0,0,0,0
2024-02-23T14:00:00,19.088686,72.867919,11,VABB,320,3.1,22000,4000,27.0,11.0,,0,0,0,0,0
2024-02-23T14:30:00,19.088686,72.867919,11,VABB,330,4.1,22000,4000,27.0,9.0,,0,0,1,0,0
2024-02-23T15:00:00,19.088686,72.867919,11,VABB,360,2.1,,2000,26.2,11.0,1012.2,0,0,0,0,0
2024-02-23T15:00:00,19.088686,72.867919,11,VABB,330,3.6,22000,3000,27.0,10.0,,0,0,0,0,0
2024-02-23T15:30:00,19.088686,72.867919,11,VABB,350,3.6,22000,3000,26.0,11.0,,0,0,0,0,0
2024-02-23T16:00:00,19.088686,72.867919,11,VABB,330,2.6,22000,3000,26.0,12.0,,0,0,0,0,0
2024-02-23T16:30:00,19.088686,72.867919,11,VABB,330,3.6,22000,3000,27.0,12.0,,0,0,0,0,0
2024-02-23T17:00:00,19.088686,72.867919,11,VABB,40,3.1,22000,3000,26.0,11.0,,0,0,0,0,0
2024-02-23T17:30:00,19.088686,72.867919,11,VABB,50,3.1,22000,3000,26.0,10.0,,0,0,0,0,0
2024-02-23T18:00:00,19.088686,72.867919,11,VABB,,0.0,,2000,23.4,12.2,1013.3,0,0,0,0,0
2024-02-23T18:00:00,19.088686,72.867919,11,VABB,40,2.6,22000,3000,26.0,5.0,,0,0,0,0,0
2024-02-23T18:30:00,19.088686,72.867919,11,VABB,120,3.1,22000,3000,25.0,4.0,,0,0,0,0,0
2024-02-23T19:00:00,19.088686,72.867919,11,VABB,150,1.5,22000,3000,25.0,5.0,,0,0,0,0,0
2024-02-23T19:30:00,19.088686,72.867919,11,VABB,350,2.6,22000,3000,25.0,7.0,,0,0,0,0,0
2024-02-23T20:00:00,19.088686,72.867919,11,VABB,30,2.6,22000,3000,25.0,7.0,,0,0,0,0,0
2024-02-23T20:30:00,19.088686,72.867919,11,VABB,40,2.1,22000,3000,24.0,8.0,,0,0,0,0,0
2024-02-23T21:00:00,19.088686,72.867919,11,VABB,,0.0,,2000,19.4,10.6,1011.9,0,0,0,0,0
2024-02-23T21:00:00,19.088686,72.867919,11,VABB,10,2.1,22000,3000,24.0,8.0,,0,0,0,0,0
2024-02-23T21:30:00,19.088686,72.867919,11,VABB,330,2.6,22000,3000,24.0,9.0,,0,0,0,0,0
2024-02-23T22:00:00,19.088686,72.867919,11,VABB,350,2.6,22000,3000,24.0,11.0,,0,0,0,0,0
2024-02-23T22:30:00,19.088686,72.867919,11,VABB,340,2.1,22000,3000,23.0,12.0,,0,0,0,0,0
2024-02-23T23:00:00,19.088686,72.867919,11,VABB,340,3.1,22000,3000,22.0,13.0,,0,0,0,0,0
2024-02-23T23:30:00,19.088686,72.867919,11,VABB,350,3.1,22000,3000,23.0,9.0,,0,0,0,0,0
2024-02-24T00:00:00,19.088686,72.867919,11,VABB,,0.0,,2000,20.2,14.0,1011.1,0,0,0,0,0
2024-02-24T00:00:00,19.088686,72.867919,11,VABB,0,0.0,22000,3000,23.0,10.0,,0,0,0,0,0
2024-02-24T00:30:00,19.088686,72.867919,11,VABB,50,3.6,22000,3000,23.0,12.0,,0,0,0,0,0
2024-02-24T01:00:00,19.088686,72.867919,11,VABB,30,3.1,22000,2500,23.0,11.0,,0,0,0,0,0
2024-02-24T01:30:00,19.088686,72.867919,11,VABB,30,2.1,22000,2500,23.0,11.0,,0,0,0,0,0
2024-02-24T02:00:00,19.088686,72.867919,11,VABB,30,2.6,22000,2500,23.0,11.0,,0,0,0,0,0
2024-02-24T02:30:00,19.088686,72.867919,11,VABB,50,2.6,22000,2500,23.0,11.0,,0,0,0,0,0
2024-02-24T03:00:00,19.088686,72.867919,11,VABB,360,1.5,,2000,21.6,12.0,1013.9,0,0,0,0,0
2024-02-24T03:00:00,19.088686,72.867919,11,VABB,10,4.1,22000,2500,24.0,11.0,,0,0,0,0,0
2024-02-24T03:30:00,19.088686,72.867919,11,VABB,70,2.6,22000,2500,25.0,10.0,,0,0,0,0,0
2024-02-24T04:00:00,19.088686,72.867919,11,VABB,30,2.6,22000,2500,27.0,8.0,,0,0,0,0,0
2024-02-24T04:30:00,19.088686,72.867919,11,VABB,50,5.1,22000,2500,27.0,7.0,,0,0,0,0,0
2024-02-24T05:00:00,19.088686,72.867919,11,VABB,50,3.6,22000,2500,29.0,5.0,,0,0,0,0,0
2024-02-24T05:30:00,19.088686,72.867919,11,VABB,40,2.1,22000,2500,29.0,6.0,,0,0,0,0,0
2024-02-24T06:00:00,19.088686,72.867919,11,VABB,50,2.1,,2000,30.4,8.9,1014.1,0,0,0,0,0
2024-02-24T06:00:00,19.088686,72.867919,11,VABB,10,2.1,22000,3000,31.0,3.0,,0,0,0,0,0
2024-02-24T06:30:00,19.088686,72.867919,11,VABB,320,1.5,22000,3000,30.0,3.0,,0,0,0,0,0
2024-02-24T07:00:00,19.088686,72.867919,11,VABB,320,2.1,22000,3000,31.0,3.0,,0,0,0,0,0
2024-02-24T07:30:00,19.088686,72.867919,11,VABB,300,3.1,22000,3000,31.0,1.0,,0,0,0,0,0
2024-02-24T08:00:00,19.088686,72.867919,11,VABB,20,5.1,22000,3000,32.0,0.0,,0,0,0,0,0
2024-02-24T08:30:00,19.088686,72.867919,11,VABB,320,3.6,22000,3000,32.0,1.0,,0,0,0,0,0
2024-02-24T09:00:00,19.088686,72.867919,11,VABB,320,4.6,,2000,32.6,12.0,1011.0,0,0,0,0,0
2024-02-24T09:00:00,19.088686,72.867919,11,VABB,310,4.6,22000,3000,31.0,9.0,,0,0,0,0,0
2024-02-24T09:30:00,19.088686,72.867919,11,VABB,310,5.1,22000,3000,32.0,9.0,,0,0,0,0,0
2024-02-24T10:00:00,19.088686,72.867919,11,VABB,310,4.1,22000,3000,32.0,7.0,,0,0,0,0,1
2024-02-24T10:30:00,19.088686,72.867919,11,VABB,310,3.6,22000,3000,31.0,5.0,,0,0,0,0,1
2024-02-24T11:00:00,19.088686,72.867919,11,VABB,330,5.1,22000,3000,31.0,3.0,,0,0,0,0,1
2024-02-24T11:30:00,19.088686,72.867919,11,VABB,320,4.6,22000,4000,30.0,3.0,,0,0,0,0,0
2024-02-24T12:00:00,19.088686,72.867919,11,VABB,320,3.1,,2000,29.6,4.4,1010.9,0,0,0,0,0
2024-02-24T12:00:00,19.088686,72.867919,11,VABB,320,4.6,22000,4000,30.0,4.0,,0,0,0,0,0
2024-02-24T12:30:00,19.088686,72.867919,11,VABB,330,3.6,22000,4000,29.0,4.0,,0,0,0,0,0
2024-02-24T13:00:00,19.088686,72.867919,11,VABB,340,4.1,22000,3500,29.0,3.0,,0,0,0,0,0
2024-02-24T13:30:00,19.088686,72.867919,11,VABB,330,5.1,22000,3000,28.0,6.0,,0,0,0,0,0
2024-02-24T14:00:00,19.088686,72.867919,11,VABB,340,4.6,22000,3000,27.0,8.0,,0,0,0,0,0
2024-02-24T14:30:00,19.088686,72.867919,11,VABB,330,4.1,22000,3000,28.0,7.0,,0,0,0,0,0
2024-02-24T15:00:00,19.088686,72.867919,11,VABB,320,2.1,,2000,25.8,6.8,1012.0,0,0,0,0,0
2024-02-24T15:00:00,19.088686,72.867919,11,VABB,340,5.1,22000,3000,27.0,6.0,,0,0,0,0,0
2024-02-24T15:30:00,19.088686,72.867919,11,VABB,350,4.1,22000,3000,26.0,6.0,,0,0,0,0,0
2024-02-24T16:00:00,19.088686,72.867919,11,VABB,360,3.1,22000,3000,26.0,6.0,,0,0,0,0,0
2024-02-24T16:30:00,19.088686,72.867919,11,VABB,360,2.6,22000,3000,25.0,6.0,,0,0,0,0,0
2024-02-24T17:00:00,19.088686,72.867919,11,VABB,30,2.6,22000,2500,25.0,7.0,,0,0,0,0,0
2024-02-24T17:30:00,19.088686,72.867919,11,VABB,50,3.6,22000,2500,25.0,6.0,,0,0,0,0,0
2024-02-24T18:00:00,19.088686,72.867919,11,VABB,,0.0,,2000,22.6,7.7,1012.5,0,0,0,0,0
2024-02-24T18:00:00,19.088686,72.867919,11,VABB,260,3.1,22000,2500,25.0,6.0,,0,0,0,0,0
2024-02-24T18:30:00,19.088686,72.867919,11,VABB,30,2.1,22000,2500,25.0,5.0,,0,0,0,0,0
2024-02-24T19:00:00,19.088686,72.867919,11,VABB,360,2.6,22000,2500,25.0,5.0,,0,0,0,0,0
2024-02-24T19:30:00,19.088686,72.867919,11,VABB,70,3.1,22000,2500,25.0,4.0,,0,0,0,0,0
2024-02-24T20:00:00,19.088686,72.867919,11,VABB,210,2.6,22000,2500,25.0,4.0,,0,0,0,0,0
2024-02-24T20:30:00,19.088686,72.867919,11,VABB,320,1.5,22000,2500,25.0,3.0,,0,0,0,0,0
2024-02-24T21:00:00,19.088686,72.867919,11,VABB,,0.0,,2000,18.0,8.3,1011.2,0,0,0,0,0
2024-02-24T21:00:00,19.088686,72.867919,11,VABB,310,1.5,22000,2500,25.0,5.0,,0,0,0,0,0
2024-02-24T21:30:00,19.088686,72.867919,11,VABB,270,2.6,22000,2500,24.0,4.0,,0,0,0,0,0
2024-02-24T22:00:00,19.088686,72.867919,11,VABB,330,2.1,22000,2500,24.0,5.0,,0,0,0,0,0
2024-02-24T22:30:00,19.088686,72.867919,11,VABB,0,0.0,22000,2500,22.0,5.0,,0,0,0,0,0
2024-02-24T23:00:00,19.088686,72.867919,11,VABB,20,2.1,22000,2500,23.0,4.0,,0,0,0,0,0
2024-02-24T23:30:00,19.088686,72.867919,11,VABB,220,2.6,22000,2500,23.0,5.0,,0,0,0,0,0
2024-02-25T00:00:00,19.088686,72.867919,11,VABB,,0.0,,2000,16.8,8.2,1010.8,0,0,0,0,0
2024-02-25T00:00:00,19.088686,72.867919,11,VABB,210,2.6,22000,2500,23.0,5.0,,0,0,0,0,0
2024-02-25T00:30:00,19.088686,72.867919,11,VABB,170,2.1,22000,2500,22.0,6.0,,0,0,0,0,0
2024-02-25T01:00:00,19.088686,72.867919,11,VABB,190,3.1,22000,2500,22.0,6.0,,0,0,0,0,0
2024-02-25T01:30:00,19.088686,72.867919,11,VABB,190,2.1,22000,2100,22.0,7.0,,0,0,0,0,0
2024-02-25T02:00:00,19.088686,72.867919,11,VABB,160,2.6,22000,1800,23.0,3.0,,0,0,0,0,0
2024-02-25T02:30:00,19.088686,72.867919,11,VABB,130,2.1,22000,2100,24.0,3.0,,0,0,0,0,0
2024-02-25T03:00:00,19.088686,72.867919,11,VABB,,0.0,,2000,16.8,9.1,1012.5,0,0,0,0,0
2024-02-25T03:00:00,19.088686,72.867919,11,VABB,50,2.6,22000,2100,25.0,2.0,,0,0,0,0,0
2024-02-25T03:30:00,19.088686,72.867919,11,VABB,0,0.0,22000,2500,26.0,1.0,,0,0,0,0,0
2024-02-25T04:00:00,19.088686,72.867919,11,VABB,30,2.6,22000,2500,27.0,1.0,,0,0,0,0,0
2024-02-25T04:30:00,19.088686,72.867919,11,VABB,30,3.6,22000,2500,28.0,1.0,,0,0,0,0,0
2024-02-25T05:00:00,19.088686,72.867919,11,VABB,50,4.1,22000,3000,30.0,1.0,,0,0,0,0,0
2024-02-25T05:30:00,19.088686,72.867919,11,VABB,70,4.6,22000,3000,30.0,1.0,,0,0,0,0,0
2024-02-25T06:00:00,19.088686,72.867919,11,VABB,50,1.5,,2000,31.2,3.5,1012.7,0,0,0,0,0
2024-02-25T06:00:00,19.088686,72.867919,11,VABB,50,4.1,22000,3000,30.0,1.0,,0,0,0,0,0
2024-02-25T06:30:00,19.088686,72.867919,11,VABB,20,4.6,22000,3000,31.0,0.0,,0,0,0,0,0
2024-02-25T07:00:00,19.088686,72.867919,11,VABB,10,4.6,22000,3500,32.0,0.0,,0,0,0,0,0
2024-02-25T07:30:00,19.088686,72.867919,11,VABB,120,4.1,22000,4000,33.0,-1.0,,0,0,0,0,0
2024-02-25T08:00:00,19.088686,72.867919,11,VABB,80,2.1,22000,4000,33.0,1.0,,0,0,0,0,0
2024-02-25T08:30:00,19.088686,72.867919,11,VABB,150,3.1,22000,4000,34.0,1.0,,0,0,0,0,0
2024-02-25T09:00:00,19.088686,72.867919,11,VABB,320,3.1,,2000,33.6,11.6,1009.1,0,0,0,0,0
2024-02-25T09:00:00,19.088686,72.867919,11,VABB,270,5.1,22000,4000,33.0,10.0,,0,0,0,0,0
2024-02-25T09:30:00,19.088686,72.867919,11,VABB,270,5.1,22000,4000,33.0,10.0,,0,0,0,0,0
2024-02-25T10:00:00,19.088686,72.867919,11,VABB,310,4.6,22000,4000,32.0,8.0,,0,0,0,0,0
2024-02-25T10:30:00,19.088686,72.867919,11,VABB,290,5.7,22000,4000,32.0,8.0,,0,0,0,0,0
2024-02-25T11:00:00,19.088686,72.867919,11,VABB,320,5.1,22000,5000,32.0,8.0,,0,0,0,0,0
2024-02-25T11:30:00,19.088686,72.867919,11,VABB,320,4.1,22000,5000,32.0,7.0,,0,0,0,0,0
2024-02-25T12:00:00,19.088686,72.867919,11,VABB,320,4.1,,2000,30.4,11.0,1008.3,0,0,0,0,0
2024-02-25T12:00:00,19.088686,72.867919,11,VABB,330,4.1,22000,5000,31.0,8.0,,0,0,0,0,0
2024-02-25T12:30:00,19.088686,72.867919,11,VABB,330,4.1,22000,4000,30.0,9.0,,0,0,0,0,0
2024-02-25T13:00:00,19.088686,72.867919,11,VABB,330,4.1,22000,4000,30.0,9.0,,0,0,0,0,0
2024-02-25T13:30:00,19.088686,72.867919,11,VABB,330,3.1,22000,4000,29.0,10.0,,0,0,0,0,0
2024-02-25T14:00:00,19.088686,72.867919,11,VABB,290,2.6,22000,4000,28.0,13.0,,0,0,0,0,0
2024-02-25T14:30:00,19.088686,72.867919,11,VABB,280,2.1,22000,3000,28.0,14.0,,0,0,0,0,0
2024-02-25T15:00:00,19.088686,72.867919,11,VABB,320,3.1,,2000,26.2,15.4,1010.1,0,0,0,0,0
2024-02-25T15:00:00,19.088686,72.867919,11,VABB,310,2.6,22000,3000,28.0,13.0,,0,0,0,0,0
2024-02-25T15:30:00,19.088686,72.867919,11,VABB,310,1.5,22000,3000,27.0,14.0,,0,0,0,0,0
2024-02-25T16:00:00,19.088686,72.867919,11,VABB,330,1.5,22000,3000,27.0,14.0,,0,0,0,0,0
2024-02-25T16:30:00,19.088686,72.867919,11,VABB,360,3.1,22000,3000,27.0,14.0,,0,0,0,0,0
2024-02-25T17:00:00,19.088686,72.867919,11,VABB,140,1.5,22000,3000,27.0,13.0,,0,0,0,0,0
2024-02-25T17:30:00,19.088686,72.867919,11,VABB,130,2.6,22000,3000,27.0,13.0,,0,0,0,0,0
2024-02-25T18:00:00,19.088686,72.867919,11,VABB,,0.0,,2000,23.2,15.2,1010.7,0,0,0,0,0
2024-02-25T18:00:00,19.088686,72.867919,11,VABB,140,3.1,22000,2500,27.0,13.0,,0,0,0,0,0
2024-02-25T18:30:00,19.088686,72.867919,11,VABB,130,2.6,22000,2500,27.0,13.0,,0,0,0,0,0
2024-02-25T19:00:00,19.088686,72.867919,11,VABB,0,0.0,22000,2500,27.0,13.0,,0,0,0,0,0
2024-02-25T19:30:00,19.088686,72.867919,11,VABB,200,1.5,22000,2500,26.0,14.0,,0,0,0,0,0
2024-02-25T20:00:00,19.088686,72.867919,11,VABB,210,2.1,22000,2500,26.0,15.0,,0,0,0,0,0
2024-02-25T20:30:00,19.088686,72.867919,11,VABB,230,2.1,22000,2500,26.0,16.0,,0,0,0,0,0
2024-02-25T21:00:00,19.088686,72.867919,11,VABB,,0.0,,2000,21.8,15.8,1009.7,0,0,0,0,0
2024-02-25T21:00:00,19.088686,72.867919,11,VABB,10,2.1,22000,2500,25.0,14.0,,0,0,0,0,0
2024-02-25T21:30:00,19.088686,72.867919,11,VABB,330,2.1,22000,2500,25.0,14.0,,0,0,0,0,0
2024-02-25T22:00:00,19.088686,72.867919,11,VABB,70,2.1,22000,2500,25.0,14.0,,0,0,0,0,0
2024-02-25T22:30:00,19.088686,72.867919,11,VABB,0,0.0,22000,2500,24.0,14.0,,0,0,0,0,0
2024-02-25T23:00:00,19.088686,72.867919,11,VABB,120,2.6,22000,2500,24.0,15.0,,0,0,0,0,0
2024-02-25T23:30:00,19.088686,72.867919,11,VABB,90,3.1,22000,2500,25.0,15.0,,0,0,0,0,0
2024-02-26T00:00:00,19.088686,72.867919,11,VABB,,0.0,,2000,20.6,14.8,1009.2,0,0,0,0,0
2024-02-26T00:00:00,19.088686,72.867919,11,VABB,80,2.6,22000,2500,25.0,13.0,,0,0,0,0,0
2024-02-26T00:30:00,19.088686,72.867919,11,VABB,110,2.1,22000,2500,25.0,9.0,,0,0,0,0,0
2024-02-26T01:00:00,19.088686,72.867919,11,VABB,90,1.5,22000,2500,25.0,9.0,,0,0,0,0,0
2024-02-26T01:30:00,19.088686,72.867919,11,VABB,180,1.5,10000,2100,25.0,9.0,,0,0,0,0,0
2024-02-26T02:00:00,19.088686,72.867919,11,VABB,110,2.6,10000,1800,26.0,9.0,,0,0,0,0,0
2024-02-26T02:30:00,19.088686,72.867919,11,VABB,0,0.0,10000,1800,26.0,8.0,,0,0,0,0,0
2024-02-26T03:00:00,19.088686,72.867919,11,VABB,,0.0,22000,2000,21.8,12.7,1010.9,0,0,0,0,0
2024-02-26T03:00:00,19.088686,72.867919,11,VABB,110,2.1,10000,1800,27.0,8.0,,0,0,0,0,0
2024-02-26T03:30:00,19.088686,72.867919,11,VABB,120,3.6,10000,2100,28.0,9.0,,0,0,0,0,0
2024-02-26T04:00:00,19.088686,72.867919,11,VABB,130,2.6,10000,2100,29.0,8.0,,0,0,0,0,0
2024-02-26T04:30:00,19.088686,72.867919,11,VABB,50,2.6,10000,2100,31.0,9.0,,0,0,0,0,0
2024-02-26T05:00:00,19.088686,72.867919,11,VABB,120,2.6,10000,2100,32.0,9.0,,0,0,0,0,0
2024-02-26T05:30:00,19.088686,72.867919,11,VABB,120,3.1,3048,2100,33.0,8.0,,0,0,0,0,0
2024-02-26T06:00:00,19.088686,72.867919,11,VABB,,0.0,22000,2000,33.6,10.0,1011.2,0,0,0,0,0
2024-02-26T06:00:00,19.088686,72.867919,11,VABB,120,3.1,10000,2200,34.0,9.0,,0,0,0,0,0
2024-02-26T06:30:00,19.088686,72.867919,11,VABB,140,2.6,10000,2500,34.0,11.0,,0,0,0,0,0
2024-02-26T07:00:00,19.088686,72.867919,11,VABB,100,3.1,10000,2500,36.0,12.0,,0,0,0,0,0
2024-02-26T07:30:00,19.088686,72.867919,11,VABB,130,2.1,10000,2500,36.0,13.0,,0,0,0,0,0
2024-02-26T08:00:00,19.088686,72.867919,11,VABB,260,5.1,10000,2500,35.0,15.0,,0,0,0,0,0
2024-02-26T08:30:00,19.088686,72.867919,11,VABB,260,5.1,10000,2500,34.0,15.0,,0,0,0,0,0
2024-02-26T09:00:00,19.088686,72.867919,11,VABB,320,1.5,22000,2000,33.8,15.7,1008.7,0,0,0,0,0
2024-02-26T09:00:00,19.088686,72.867919,11,VABB,280,6.2,10000,2500,33.0,15.0,,0,0,0,0,0
2024-02-26T09:30:00,19.088686,72.867919,11,VABB,280,5.1,10000,2500,33.0,14.0,,0,0,0,0,0
2024-02-26T10:00:00,19.088686,72.867919,11,VABB,270,5.1,10000,2500,33.0,11.0,,0,0,0,0,0
2024-02-26T12:00:00,19.088686,72.867919,11,VABB,270,2.6,,2000,30.6,20.0,1008.7,0,0,0,0,0
2024-02-26T13:30:00,19.088686,72.867919,11,VABB,300,3.1,10000,2500,29.0,21.0,,0,0,0,0,0
2024-02-26T14:00:00,19.088686,72.867919,11,VABB,320,3.1,10000,2500,28.0,20.0,,0,0,0,0,0
2024-02-26T14:30:00,19.088686,72.867919,11,VABB,20,1.5,22000,2500,29.0,19.0,,0,0,0,0,0
2024-02-26T15:00:00,19.088686,72.867919,11,VABB,,0.0,,2000,27.2,19.2,1010.8,0,0,0,0,0
2024-02-26T15:00:00,19.088686,72.867919,11,VABB,300,1.5,22000,2500,28.0,18.0,,0,0,0,0,0
2024-02-26T15:30:00,19.088686,72.867919,11,VABB,0,0.0,22000,2500,29.0,17.0,,0,0,0,0,0
2024-02-26T16:00:00,19.088686,72.867919,11,VABB,40,2.1,22000,2500,28.0,17.0,,0,0,0,0,0
2024-02-26T16:30:00,19.088686,72.867919,11,VABB,0,0.0,22000,2500,29.0,17.0,,0,0,0,0,0
2024-02-26T17:00:00,19.088686,72.867919,11,VABB,110,2.1,22000,2500,28.0,17.0,,0,0,0,0,0
2024-02-26T17:30:00,19.088686,72.867919,11,VABB,160,2.1,22000,2500,28.0,18.0,,0,0,0,0,0
2024-02-26T18:00:00,19.088686,72.867919,11,VABB,,0.0,,2000,25.0,17.7,1011.9,0,0,0,0,0
2024-02-26T18:00:00,19.088686,72.867919,11,VABB,130,1.5,22000,2500,28.0,20.0,,0,0,0,0,0
2024-02-26T18:30:00,19.088686,72.867919,11,VABB,20,2.1,22000,2200,27.0,20.0,,0,0,0,0,0
2024-02-26T19:00:00,19.088686,72.867919,11,VABB,0,0.0,22000,2200,27.0,20.0,,0,1,0,0,0
2024-02-26T19:30:00,19.088686,72.867919,11,VABB,0,0.0,22000,2200,27.0,19.0,,0,1,0,0,0
2024-02-26T20:00:00,19.088686,72.867919,11,VABB,0,0.0,22000,2100,27.0,19.0,,0,1,0,0,0
2024-02-26T20:30:00,19.088686,72.867919,11,VABB,0,0.0,22000,2100,27.0,21.0,,0,1,0,0,0
2024-02-26T21:00:00,19.088686,72.867919,11,VABB,,0.0,,2000,23.8,18.4,1010.6,0,0,0,0,0
2024-02-26T21:00:00,19.088686,72.867919,11,VABB,180,2.1,22000,2000,27.0,21.0,,0,1,0,0,0
2024-02-26T21:30:00,19.088686,72.867919,11,VABB,140,2.6,22000,1800,27.0,21.0,,0,1,0,0,0
2024-02-26T22:00:00,19.088686,72.867919,11,VABB,40,1.5,22000,1700,27.0,21.0,,0,1,0,0,0
2024-02-26T22:30:00,19.088686,72.867919,11,VABB,0,0.0,22000,1700,26.0,22.0,,0,1,0,0,0
2024-02-26T23:00:00,19.088686,72.867919,11,VABB,110,2.1,22000,1700,26.0,22.0,,0,1,0,0,0
2024-02-26T23:30:00,19.088686,72.867919,11,VABB,110,2.1,22000,1700,26.0,22.0,,1,0,0,0,0
2024-02-27T00:00:00,19.088686,72.867919,11,VABB,,0.0,7500,2000,24.0,19.3,1010.9,0,0,0,0,0
2024-02-27T00:00:00,19.088686,72.867919,11,VABB,0,0.0,22000,1700,26.0,20.0,,0,1,0,0,0
2024-02-27T00:30:00,19.088686,72.867919,11,VABB,0,0.0,22000,1800,26.0,19.0,,0,1,0,0,0
2024-02-27T01:00:00,19.088686,72.867919,11,VABB,0,0.0,22000,1800,27.0,18.0,,0,1,0,0,0
2024-02-27T01:30:00,19.088686,72.867919,11,VABB,200,1.5,10000,1800,26.0,19.0,,0,1,0,0,0
2024-02-27T02:00:00,19.088686,72.867919,11,VABB,0,0.0,10000,1800,27.0,17.0,,0,0,0,0,0
2024-02-27T02:30:00,19.088686,72.867919,11,VABB,320,1.5,10000,1800,27.0,17.0,,0,0,0,0,0
2024-02-27T03:00:00,19.088686,72.867919,11,VABB,,0.0,,2000,25.0,18.7,1013.3,0,0,0,0,0
2024-02-27T03:00:00,19.088686,72.867919,11,VABB,0,0.0,10000,1800,28.0,15.0,,0,0,0,0,0
2024-02-27T03:30:00,19.088686,72.867919,11,VABB,330,2.1,10000,2000,29.0,10.0,,0,0,0,0,0
2024-02-27T03:42:00,19.088686,72.867919,11,VABB,330,2.1,10000,2000,29.0,10.0,,0,0,0,0,0
2024-02-27T04:00:00,19.088686,72.867919,11,VABB,60,2.1,10000,2100,30.0,12.0,,0,0,0,0,0
2024-02-27T04:30:00,19.088686,72.867919,11,VABB,330,1.5,10000,2100,31.0,8.0,,0,0,0,0,0
2024-02-27T05:00:00,19.088686,72.867919,11,VABB,10,2.6,3048,2500,32.0,9.0,,0,0,0,0,0
2024-02-27T05:30:00,19.088686,72.867919,11,VABB,60,2.6,3048,2500,33.0,9.0,,0,0,0,0,0
2024-02-27T06:00:00,19.088686,72.867919,11,VABB,320,1.5,,2000,32.0,8.9,1013.8,0,0,0,0,0
2024-02-27T06:00:00,19.088686,72.867919,11,VABB,260,2.6,3048,2500,33.0,8.0,,0,0,0,0,0
2024-02-27T06:30:00,19.088686,72.867919,11,VABB,280,4.1,3048,2500,32.0,11.0,,0,0,0,0,0
2024-02-27T07:00:00,19.088686,72.867919,11,VABB,270,4.1,10000,2500,32.0,13.0,,0,0,0,0,0
2024-02-27T07:30:00,19.088686,72.867919,11,VABB,250,6.7,10000,2500,33.0,15.0,,0,0,0,0,0
2024-02-27T08:30:00,19.088686,72.867919,11,VABB,250,5.7,10000,3000,33.0,16.0,,0,0,0,0,0
2024-02-27T09:00:00,19.088686,72.867919,11,VABB,320,1.5,,2000,33.2,18.1,1011.7,0,0,0,0,0
2024-02-27T09:00:00,19.088686,72.867919,11,VABB,260,4.6,10000,3000,32.0,17.0,,0,0,0,0,0
2024-02-27T09:30:00,19.088686,72.867919,11,VABB,250,5.7,22000,3000,33.0,16.0,,0,0,0,0,0
2024-02-27T10:00:00,19.088686,72.867919,11,VABB,260,5.1,22000,3000,32.0,18.0,,0,0,0,0,0
2024-02-27T10:30:00,19.088686,72.867919,11,VABB,260,5.1,22000,3000,32.0,17.0,,0,0,0,0,0
2024-02-27T11:00:00,19.088686,72.867919,11,VABB,280,4.6,22000,3000,32.0,18.0,,0,0,0,0,0
2024-02-27T11:30:00,19.088686,72.867919,11,VABB,280,5.1,22000,3000,32.0,15.0,,0,0,0,0,0
2024-02-27T12:00:00,19.088686,72.867919,11,VABB,320,1.5,,2000,31.4,14.4,1010.5,0,0,0,0,0
2024-02-27T12:00:00,19.088686,72.867919,11,VABB,280,3.6,22000,3000,32.0,13.0,,0,0,0,0,0
2024-02-27T12:30:00,19.088686,72.867919,11,VABB,290,3.6,22000,3000,31.0,13.0,,0,0,0,0,0
2024-02-27T13:00:00,19.088686,72.867919,11,VABB,310,2.6,22000,3000,31.0,13.0,,0,0,0,0,0
2024-02-27T13:30:00,19.088686,72.867919,11,VABB,300,4.6,22000,3000,30.0,10.0,,0,0,0,0,0
2024-02-27T14:00:00,19.088686,72.867919,11,VABB,320,3.6,22000,3000,30.0,11.0,,0,0,0,0,0
2024-02-27T14:30:00,19.088686,72.867919,11,VABB,310,2.6,22000,3000,31.0,10.0,,0,0,0,0,0
2024-02-27T15:00:00,19.088686,72.867919,11,VABB,320,3.1,,2000,29.0,11.8,1011.6,0,0,0,0,0
2024-02-27T15:00:00,19.088686,72.867919,11,VABB,350,3.6,22000,3000,30.0,11.0,,0,0,0,0,0
2024-02-27T15:30:00,19.088686,72.867919,11,VABB,340,2.6,22000,2500,29.0,12.0,,0,0,0,0,0
2024-02-27T16:00:00,19.088686,72.867919,11,VABB,330,3.6,22000,2500,29.0,13.0,,0,0,0,0,0
2024-02-27T16:30:00,19.088686,72.867919,11,VABB,330,2.1,22000,2500,29.0,10.0,,0,0,0,0,0
2024-02-27T17:00:00,19.088686,72.867919,11,VABB,60,2.1,22000,2500,30.0,10.0,,0,0,0,0,0
2024-02-27T17:30:00,19.088686,72.867919,11,VABB,290,1.5,22000,2500,29.0,9.0,,0,0,0,0,0
2024-02-27T18:00:00,19.088686,72.867919,11,VABB,,0.0,,2000,25.6,13.4,1012.9,0,0,0,0,0
2024-02-27T18:00:00,19.088686,72.867919,11,VABB,10,2.1,22000,2500,29.0,7.0,,0,0,0,0,0
2024-02-27T18:30:00,19.088686,72.867919,11,VABB,20,1.5,22000,2500,30.0,6.0,,0,0,0,0,0
2024-02-27T19:00:00,19.088686,72.867919,11,VABB,0,0.0,22000,2500,29.0,6.0,,0,0,0,0,0
2024-02-27T19:30:00,19.088686,72.867919,11,VABB,0,0.0,22000,2500,29.0,4.0,,0,0,0,0,0
2024-02-27T20:00:00,19.088686,72.867919,11,VABB,50,1.5,22000,2500,28.0,8.0,,0,0,0,0,0
2024-02-27T20:30:00,19.088686,72.867919,11,VABB,0,0.0,22000,2500,28.0,6.0,,0,0,0,0,0
2024-02-27T21:00:00,19.088686,72.867919,11,VABB,,0.0,,2000,23.0,11.7,1011.8,0,0,0,0,0
2024-02-27T21:00:00,19.088686,72.867919,11,VABB,0,0.0,22000,2500,29.0,7.0,,0,0,0,0,0
2024-02-27T21:30:00,19.088686,72.867919,11,VABB,60,2.1,22000,2500,27.0,10.0,,0,0,0,0,0
2024-02-27T22:00:00,19.088686,72.867919,11,VABB,0,0.0,22000,2500,28.0,8.0,,0,0,0,0,0
2024-02-27T22:30:00,19.088686,72.867919,11,VABB,10,3.6,22000,2500,28.0,3.0,,0,0,0,0,0
2024-02-27T23:00:00,19.088686,72.867919,11,VABB,30,2.1,22000,2500,28.0,5.0,,0,0,0,0,0
2024-02-27T23:30:00,19.088686,72.867919,11,VABB,0,0.0,22000,2500,27.0,7.0,,0,0,0,0,0
2024-02-28T00:00:00,19.088686,72.867919,11,VABB,,0.0,,2000,22.0,11.7,1011.4,0,0,0,0,0
2024-02-28T00:00:00,19.088686,72.867919,11,VABB,0,0.0,22000,2500,26.0,8.0,,0,0,0,0,0
2024-02-28T00:30:00,19.088686,72.867919,11,VABB,0,0.0,22000,2500,26.0,8.0,,0,0,0,0,0
2024-02-28T01:00:00,19.088686,72.867919,11,VABB,80,1.5,22000,2500,26.0,7.0,,0,0,0,0,0
2024-02-28T01:30:00,19.088686,72.867919,11,VABB,0,0.0,22000,2200,26.0,8.0,,0,0,0,0,0
2024-02-28T02:00:00,19.088686,72.867919,11,VABB,0,0.0,22000,2200,26.0,9.0,,0,0,0,0,0
2024-02-28T02:30:00,19.088686,72.867919,11,VABB,180,2.1,22000,2100,27.0,9.0,,0,0,0,0,0
2024-02-28T03:00:00,19.088686,72.867919,11,VABB,,0.0,,2000,21.8,13.5,1013.2,0,0,0,0,0
2024-02-28T03:00:00,19.088686,72.867919,11,VABB,160,1.5,22000,2100,27.0,10.0,,0,0,0,0,0
2024-02-28T03:30:00,19.088686,72.867919,11,VABB,30,3.1,22000,2100,29.0,9.0,,0,0,0,0,0
2024-02-28T04:00:00,19.088686,72.867919,11,VABB,40,3.6,22000,2300,30.0,8.0,,0,0,0,0,0
2024-02-28T04:30:00,19.088686,72.867919,11,VABB,40,3.1,22000,2300,32.0,9.0,,0,0,0,0,0
2024-02-28T05:00:00,19.088686,72.867919,11,VABB,140,2.1,22000,2500,33.0,10.0,,0,0,0,0,0
2024-02-28T05:30:00,19.088686,72.867919,11,VABB,90,2.1,22000,2500,34.0,13.0,,0,0,0,0,0
2024-02-28T06:00:00,19.088686,72.867919,11,VABB,270,1.5,,2000,33.0,15.8,1012.7,0,0,0,0,0
2024-02-28T06:00:00,19.088686,72.867919,11,VABB,250,4.6,22000,2500,33.0,14.0,,0,0,0,0,0
2024-02-28T06:30:00,19.088686,72.867919,11,VABB,260,4.1,22000,2500,33.0,10.0,,0,0,0,0,0
2024-02-28T07:00:00,19.088686,72.867919,11,VABB,260,5.1,22000,2500,33.0,14.0,,0,0,0,0,0
2024-02-28T07:30:00,19.088686,72.867919,11,VABB,260,5.1,22000,2500,33.0,16.0,,0,0,0,0,0
2024-02-28T08:00:00,19.088686,72.867919,11,VABB,260,5.1,22000,2500,34.0,16.0,,0,0,0,0,0
2024-02-28T08:30:00,19.088686,72.867919,11,VABB,260,5.1,22000,2500,34.0,17.0,,0,0,0,0,0
2024-02-28T09:00:00,19.088686,72.867919,11,VABB,320,1.5,,2000,34.4,17.7,1009.7,0,0,0,0,0
2024-02-28T09:00:00,19.088686,72.867919,11,VABB,250,5.7,22000,2500,34.0,17.0,,0,0,0,0,0
2024-02-28T09:30:00,19.088686,72.867919,11,VABB,270,5.1,22000,2500,34.0,17.0,,0,0,0,0,0
2024-02-28T10:00:00,19.088686,72.867919,11,VABB,320,4.6,22000,2500,33.0,17.0,,0,0,0,0,0
2024-02-28T10:30:00,19.088686,72.867919,11,VABB,290,5.1,22000,3000,32.0,16.0,,0,0,0,0,0
2024-02-28T11:00:00,19.088686,72.867919,11,VABB,310,4.1,22000,3000,33.0,17.0,,0,0,0,0,0
2024-02-28T11:30:00,19.088686,72.867919,11,VABB,300,4.6,22000,3000,32.0,16.0,,0,0,0,0,0
2024-02-28T12:00:00,19.088686,72.867919,11,VABB,320,2.1,,2000,31.6,17.2,1008.7,0,0,0,0,0
2024-02-28T12:00:00,19.088686,72.867919,11,VABB,300,4.6,22000,3000,32.0,17.0,,0,0,0,0,0
2024-02-28T12:30:00,19.088686,72.867919,11,VABB,310,4.6,22000,3000,31.0,16.0,,0,0,0,0,0
2024-02-28T13:00:00,19.088686,72.867919,11,VABB,310,4.1,22000,2500,30.0,16.0,,0,0,0,0,0
2024-02-28T13:30:00,19.088686,72.867919,11,VABB,320,3.1,22000,2100,30.0,16.0,,0,0,0,0,0
2024-02-28T14:00:00,19.088686,72.867919,11,VABB,330,3.1,22000,2100,30.0,16.0,,0,0,0,0,0
2024-02-28T14:30:00,19.088686,72.867919,11,VABB,330,3.1,22000,2100,30.0,15.0,,0,0,0,0,0
2024-02-28T15:00:00,19.088686,72.867919,11,VABB,320,1.5,,2000,29.0,16.1,1010.4,0,0,0,0,0
2024-02-28T15:00:00,19.088686,72.867919,11,VABB,350,3.1,22000,2100,31.0,15.0,,0,0,0,0,0
2024-02-28T15:30:00,19.088686,72.867919,11,VABB,340,3.6,22000,2500,30.0,15.0,,0,0,0,0,0
2024-02-28T16:00:00,19.088686,72.867919,11,VABB,50,2.6,22000,2500,30.0,15.0,,0,0,0,0,0
2024-02-28T16:30:00,19.088686,72.867919,11,VABB,360,2.1,22000,2500,30.0,15.0,,0,0,0,0,0
2024-02-28T17:00:00,19.088686,72.867919,11,VABB,50,3.1,22000,2500,31.0,14.0,,0,0,0,0,0
2024-02-28T17:30:00,19.088686,72.867919,11,VABB,0,0.0,22000,2500,30.0,13.0,,0,0,0,0,0
2024-02-28T18:00:00,19.088686,72.867919,11,VABB,,0.0,,2000,26.2,18.0,1011.7,0,0,0,0,0
2024-02-28T18:00:00,19.088686,72.867919,11,VABB,240,1.5,22000,2500,29.0,14.0,,0,0,0,0,0
2024-02-28T18:30:00,19.088686,72.867919,11,VABB,,1.5,22000,2500,29.0,16.0,,0,0,0,1,0
2024-02-28T19:00:00,19.088686,72.867919,11,VABB,160,1.5,22000,2500,29.0,15.0,,0,0,0,0,0
2024-02-28T19:30:00,19.088686,72.867919,11,VABB,270,1.5,22000,2500,29.0,15.0,,0,0,0,0,0
2024-02-28T20:00:00,19.088686,72.867919,11,VABB,0,0.0,22000,2500,29.0,14.0,,0,0,0,0,0
2024-02-28T20:30:00,19.088686,72.867919,11,VABB,0,0.0,22000,2500,28.0,16.0,,0,0,0,0,0
2024-02-28T22:00:00,19.088686,72.867919,11,VABB,260,1.5,22000,1600,27.0,22.0,,0,1,0,0,0
2024-02-28T22:30:00,19.088686,72.867919,11,VABB,0,0.0,22000,1500,26.0,23.0,,0,1,0,0,0
2024-02-28T23:00:00,19.088686,72.867919,11,VABB,210,1.5,22000,1800,27.0,22.0,,0,1,0,0,0
2024-02-28T23:30:00,19.088686,72.867919,11,VABB,240,2.6,22000,1800,27.0,21.0,,0,1,0,0,0
2024-02-29T00:00:00,19.088686,72.867919,11,VABB,,0.0,,2000,24.2,20.8,1010.1,0,0,0,0,0
2024-02-29T00:00:00,19.088686,72.867919,11,VABB,260,2.6,22000,1600,26.0,23.0,,0,1,0,0,0
2024-02-29T00:30:00,19.088686,72.867919,11,VABB,0,0.0,22000,1800,26.0,22.0,,0,1,0,0,0
2024-02-29T01:00:00,19.088686,72.867919,11,VABB,0,0.0,22000,1800,27.0,22.0,,0,1,0,0,0
2024-02-29T01:30:00,19.088686,72.867919,11,VABB,350,2.1,,1400,27.0,21.0,,0,1,0,0,0
2024-02-29T02:00:00,19.088686,72.867919,11,VABB,10,1.5,,1400,26.0,20.0,,0,1,0,0,0
2024-02-29T02:30:00,19.088686,72.867919,11,VABB,30,2.1,22000,1400,27.0,20.0,,0,1,0,0,0
2024-02-29T03:00:00,19.088686,72.867919,11,VABB,,0.0,,2000,25.2,20.6,1012.3,0,0,0,0,0
2024-02-29T03:00:00,19.088686,72.867919,11,VABB,0,0.0,22000,1600,28.0,20.0,,0,1,0,0,0
2024-02-29T03:30:00,19.088686,72.867919,11,VABB,70,2.1,22000,1600,29.0,18.0,,0,0,0,0,0
2024-02-29T04:00:00,19.088686,72.867919,11,VABB,300,2.1,22000,1800,30.0,17.0,,0,0,0,0,0
2024-02-29T04:30:00,19.088686,72.867919,11,VABB,40,3.6,22000,2100,32.0,16.0,,0,0,0,0,0
2024-02-29T05:00:00,19.088686,72.867919,11,VABB,30,2.6,22000,2200,33.0,16.0,,0,0,0,0,0
2024-02-29T05:30:00,19.088686,72.867919,11,VABB,50,3.1,22000,2500,34.0,15.0,,0,0,0,0,0
2024-02-29T06:00:00,19.088686,72.867919,11,VABB,50,1.5,22000,2000,35.0,15.2,1012.4,0,0,0,0,0
2024-02-29T06:00:00,19.088686,72.867919,11,VABB,80,2.6,22000,2500,35.0,15.0,,0,0,0,0,0
2024-02-29T06:30:00,19.088686,72.867919,11,VABB,0,0.0,22000,2500,36.0,13.0,,0,0,0,0,0
2024-02-29T07:00:00,19.088686,72.867919,11,VABB,170,3.6,22000,2500,36.0,14.0,,0,0,0,0,0
2024-02-29T07:30:00,19.088686,72.867919,11,VABB,260,3.1,22000,2500,35.0,17.0,,0,0,0,0,0
2024-02-29T08:00:00,19.088686,72.867919,11,VABB,270,3.6,22000,2500,35.0,16.0,,0,0,0,0,0
2024-02-29T08:30:00,19.088686,72.867919,11,VABB,280,4.6,22000,2500,36.0,17.0,,0,0,0,0,0
2024-02-29T09:00:00,19.088686,72.867919,11,VABB,320,1.5,,2000,37.0,16.8,1009.3,0,0,0,0,0
2024-02-29T09:00:00,19.088686,72.867919,11,VABB,250,3.6,22000,2500,36.0,14.0,,0,0,0,0,0
2024-02-29T09:30:00,19.088686,72.867919,11,VABB,270,3.6,22000,3000,36.0,15.0,,0,0,0,0,0
2024-02-29T10:00:00,19.088686,72.867919,11,VABB,250,4.1,22000,3000,35.0,14.0,,0,0,0,0,0
2024-02-29T10:30:00,19.088686,72.867919,11,VABB,260,4.1,2000,3000,35.0,14.0,,0,0,0,0,0
2024-02-29T11:00:00,19.088686,72.867919,11,VABB,260,5.7,2000,3000,35.0,15.0,,0,0,0,0,0
2024-02-29T11:30:00,19.088686,72.867919,11,VABB,280,4.6,2000,3000,34.0,18.0,,0,0,0,0,0
2024-02-29T12:00:00,19.088686,72.867919,11,VABB,320,1.5,22000,2000,33.6,19.0,1008.5,0,0,0,0,0
2024-02-29T12:00:00,19.088686,72.867919,11,VABB,250,4.6,2000,3000,33.0,19.0,,0,0,0,0,0
2024-02-29T12:30:00,19.088686,72.867919,11,VABB,280,4.1,2000,2500,32.0,18.0,,0,0,0,0,0
2024-02-29T13:00:00,19.088686,72.867919,11,VABB,290,3.6,3048,2500,32.0,20.0,,0,0,0,0,0
2024-02-29T13:30:00,19.088686,72.867919,11,VABB,280,3.1,3048,2500,31.0,20.0,,0,0,0,0,0
2024-02-29T14:00:00,19.088686,72.867919,11,VABB,300,3.1,2000,2500,30.0,20.0,,0,0,0,0,0
2024-02-29T14:30:00,19.088686,72.867919,11,VABB,330,1.5,2000,2500,30.0,20.0,,0,0,0,0,0
2024-02-29T15:00:00,19.088686,72.867919,11,VABB,,0.0,22000,2000,29.4,20.7,1010.6,0,0,0,0,0
2024-02-29T15:00:00,19.088686,72.867919,11,VABB,30,4.1,2000,2500,31.0,21.0,,0,0,0,0,0
2024-02-29T15:30:00,19.088686,72.867919,11,VABB,40,2.6,2000,2500,30.0,20.0,,0,0,0,0,0
2024-02-29T16:00:00,19.088686,72.867919,11,VABB,20,1.5,2000,2500,31.0,18.0,,0,0,0,0,0
2024-02-29T16:30:00,19.088686,72.867919,11,VABB,310,2.6,2000,2500,31.0,18.0,,0,0,0,0,0
2024-02-29T17:00:00,19.088686,72.867919,11,VABB,40,2.6,2000,2500,31.0,18.0,,0,0,0,0,0
2024-02-29T17:30:00,19.088686,72.867919,11,VABB,40,2.6,2000,2500,31.0,17.0,,0,0,0,0,0
2024-02-29T18:00:00,19.088686,72.867919,11,VABB,,0.0,22000,2000,27.0,19.3,1012.5,0,0,0,0,0
2024-02-29T18:00:00,19.088686,72.867919,11,VABB,190,2.6,2000,2500,30.0,18.0,,0,0,0,0,0
2024-02-29T18:30:00,19.088686,72.867919,11,VABB,190,2.1,2000,2500,31.0,17.0,,0,0,0,0,0
2024-02-29T19:00:00,19.088686,72.867919,11,VABB,190,2.1,2000,2500,30.0,18.0,,0,0,0,0,0
2024-02-29T19:10:00,19.088686,72.867919,11,VABB,230,2.6,2000,2500,30.0,18.0,,0,0,0,0,0
2024-02-29T19:30:00,19.088686,72.867919,11,VABB,230,3.1,2000,2500,29.0,19.0,,0,0,0,0,0
2024-02-29T20:00:00,19.088686,72.867919,11,VABB,240,2.6,2000,2500,28.0,19.0,,0,0,0,0,0
2024-02-29T20:30:00,19.088686,72.867919,11,VABB,320,2.1,2000,2500,30.0,19.0,,0,0,0,0,0
2024-02-29T21:00:00,19.088686,72.867919,11,VABB,,0.0,,2000,26.4,19.3,1011.2,0,0,0,0,0
2024-02-29T21:00:00,19.088686,72.867919,11,VABB,0,0.0,2000,2500,29.0,19.0,,0,0,0,0,0
2024-02-29T21:30:00,19.088686,72.867919,11,VABB,50,2.6,2000,2500,29.0,19.0,,0,0,0,0,0
2024-02-29T22:00:00,19.088686,72.867919,11,VABB,10,2.1,2000,2500,28.0,16.0,,0,0,0,0,0
2024-02-29T22:30:00,19.088686,72.867919,11,VABB,350,2.6,2000,2500,29.0,15.0,,0,0,0,0,0
2024-02-29T23:00:00,19.088686,72.867919,11,VABB,180,1.5,2000,2500,29.0,15.0,,0,0,0,0,0
2024-02-29T23:30:00,19.088686,72.867919,11,VABB,360,3.1,2000,2500,29.0,17.0,,0,0,0,0,0
2024-03-01T00:00:00,19.088686,72.867919,11,VABB,,0.0,750,2000,26.6,18.1,1010.8,0,0,0,0,0
2024-03-01T00:00:00,19.088686,72.867919,11,VABB,180,2.6,2000,2500,29.0,18.0,,0,0,0,0,0
2024-03-01T00:30:00,19.088686,72.867919,11,VABB,150,1.5,762,2500,28.0,18.0,,0,0,0,0,0
2024-03-01T01:00:00,19.088686,72.867919,11,VABB,0,0.0,762,2500,29.0,19.0,,0,0,0,0,0
2024-03-01T01:30:00,19.088686,72.867919,11,VABB,0,0.0,762,2200,28.0,19.0,,0,0,0,0,0
2024-03-01T02:00:00,19.088686,72.867919,11,VABB,90,2.1,762,2200,29.0,19.0,,0,0,0,0,0
2024-03-01T02:30:00,19.088686,72.867919,11,VABB,200,1.5,762,2200,29.0,20.0,,0,0,0,0,0
2024-03-01T03:00:00,19.088686,72.867919,11,VABB,,0.0,750,2000,27.4,20.1,1013.4,0,0,0,0,0
2024-03-01T03:00:00,19.088686,72.867919,11,VABB,360,2.6,762,2000,29.0,19.0,,0,0,0,0,0
2024-03-01T03:30:00,19.088686,72.867919,11,VABB,320,2.6,762,1600,30.0,18.0,,0,0,0,0,0
2024-03-01T04:00:00,19.088686,72.867919,11,VABB,310,3.1,762,2200,30.0,15.0,,0,0,0,0,0
2024-03-01T04:30:00,19.088686,72.867919,11,VABB,330,2.6,762,2200,30.0,15.0,,0,0,0,0,0
2024-03-01T05:00:00,19.088686,72.867919,11,VABB,10,3.6,3048,2500,30.0,16.0,,0,0,0,0,0
2024-03-01T05:30:00,19.088686,72.867919,11,VABB,30,3.6,3048,2500,31.0,16.0,,0,0,0,0,0
2024-03-01T06:00:00,19.088686,72.867919,11,VABB,,0.0,,2000,31.2,16.2,1013.7,0,0,0,0,0
2024-03-01T06:00:00,19.088686,72.867919,11,VABB,20,3.1,3048,2500,32.0,17.0,,0,0,0,0,0
2024-03-01T06:30:00,19.088686,72.867919,11,VABB,320,2.6,3048,2500,34.0,17.0,,0,0,0,0,0
2024-03-01T07:00:00,19.088686,72.867919,11,VABB,220,3.6,10000,2500,34.0,17.0,,0,0,0,0,0
2024-03-01T07:30:00,19.088686,72.867919,11,VABB,250,6.2,10000,3000,34.0,18.0,,0,0,0,0,0
2024-03-01T08:00:00,19.088686,72.867919,11,VABB,250,6.7,2000,3000,33.0,18.0,,0,0,0,0,0
2024-03-01T08:30:00,19.088686,72.867919,11,VABB,280,5.1,2000,3000,34.0,15.0,,0,0,0,0,0
2024-03-01T09:00:00,19.088686,72.867919,11,VABB,320,2.1,,2000,33.2,14.3,1011.2,0,0,0,0,0
2024-03-01T09:00:00,19.088686,72.867919,11,VABB,280,5.1,2000,3000,33.0,15.0,,0,0,0,0,0
2024-03-01T09:30:00,19.088686,72.867919,11,VABB,290,4.6,22000,3000,32.0,17.0,,0,0,0,0,0
2024-03-01T10:00:00,19.088686,72.867919,11,VABB,280,5.7,22000,3000,32.0,17.0,,0,0,0,0,0
2024-03-01T10:30:00,19.088686,72.867919,11,VABB,280,5.7,22000,3500,31.0,17.0,,0,0,0,0,0
2024-03-01T11:00:00,19.088686,72.867919,11,VABB,290,5.1,22000,3500,30.0,17.0,,0,0,0,0,0
2024-03-01T11:30:00,19.088686,72.867919,11,VABB,290,6.2,22000,3500,30.0,18.0,,0,0,0,0,0
2024-03-01T12:00:00,19.088686,72.867919,11,VABB,320,3.1,,2000,29.0,20.6,1010.5,0,0,0,0,0
2024-03-01T12:00:00,19.088686,72.867919,11,VABB,300,5.7,22000,3500,29.0,21.0,,0,0,1,0,0
2024-03-01T12:30:00,19.088686,72.867919,11,VABB,300,5.1,22000,3000,29.0,20.0,,0,0,0,0,0
2024-03-01T13:00:00,19.088686,72.867919,11,VABB,340,2.1,22000,3000,29.0,19.0,,0,0,0,0,0
2024-03-01T13:30:00,19.088686,72.867919,11,VABB,310,3.6,22000,3000,28.0,19.0,,0,0,0,0,0
2024-03-01T14:00:00,19.088686,72.867919,11,VABB,290,2.6,22000,2500,28.0,20.0,,0,0,0,0,0
2024-03-01T14:30:00,19.088686,72.867919,11,VABB,330,2.1,22000,2500,28.0,22.0,,0,1,0,0,0
2024-03-01T15:00:00,19.088686,72.867919,11,VABB,,0.0,,2000,27.0,21.6,1012.2,0,0,0,0,0
2024-03-01T15:00:00,19.088686,72.867919,11,VABB,300,2.6,22000,2500,28.0,21.0,,0,1,0,0,0
2024-03-01T15:30:00,19.088686,72.867919,11,VABB,320,1.5,22000,2500,28.0,21.0,,0,1,0,0,0
2024-03-01T16:00:00,19.088686,72.867919,11,VABB,0,0.0,22000,2500,28.0,20.0,,0,1,0,0,0
2024-03-01T16:30:00,19.088686,72.867919,11,VABB,0,0.0,22000,2500,28.0,19.0,,0,1,0,0,0
2024-03-01T17:00:00,19.088686,72.867919,11,VABB,20,1.5,22000,2500,28.0,18.0,,0,0,0,0,0
2024-03-01T17:30:00,19.088686,72.867919,11,VABB,360,2.1,22000,2500,28.0,19.0,,0,0,0,0,0
2024-03-01T18:00:00,19.088686,72.867919,11,VABB,,0.0,,2000,25.4,19.9,1013.5,0,0,0,0,0
2024-03-01T18:00:00,19.088686,72.867919,11,VABB,80,3.1,22000,2500,28.0,20.0,,0,1,0,0,0
2024-03-01T18:30:00,19.088686,72.867919,11,VABB,360,2.1,22000,2500,27.0,19.0,,0,1,0,0,0
2024-03-01T19:00:00,19.088686,72.867919,11,VABB,0,0.0,22000,2500,27.0,20.0,,0,1,0,0,0
2024-03-01T19:30:00,19.088686,72.867919,11,VABB,60,2.6,22000,2500,27.0,20.0,,0,1,0,0,0
2024-03-01T20:00:00,19.088686,72.867919,11,VABB,310,1.5,22000,2500,27.0,20.0,,0,1,0,0,0
2024-03-01T20:30:00,19.088686,72.867919,11,VABB,300,2.1,22000,2500,27.0,21.0,,0,1,0,0,0
2024-03-01T21:00:00,19.088686,72.867919,11,VABB,,0.0,,2000,25.2,21.9,1012.6,0,0,0,0,0
2024-03-01T22:00:00,19.088686,72.867919,11,VABB,0,0.0,22000,2500,26.0,23.0,,0,1,0,0,0
2024-03-01T22:30:00,19.088686,72.867919,11,VABB,20,2.1,22000,2500,26.0,23.0,,0,1,0,0,0
2024-03-01T23:00:00,19.088686,72.867919,11,VABB,60,3.1,22000,2500,26.0,23.0,,0,1,0,0,0
2024-03-01T23:30:00,19.088686,72.867919,11,VABB,10,2.1,22000,2500,26.0,23.0,,1,0,0,0,0
2024-03-02T00:00:00,19.088686,72.867919,11,VABB,,0.0,,2000,24.2,21.8,1011.5,0,0,0,0,0
2024-03-02T00:00:00,19.088686,72.867919,11,VABB,340,2.1,22000,2500,26.0,23.0,,1,0,0,0,0
2024-03-02T00:30:00,19.088686,72.867919,11,VABB,360,2.1,22000,2500,25.0,23.0,,1,0,0,0,0
2024-03-02T01:00:00,19.088686,72.867919,11,VABB,30,2.6,22000,2200,26.0,23.0,,1,0,0,0,0
2024-03-02T01:30:00,19.088686,72.867919,11,VABB,340,1.5,22000,1800,25.0,23.0,,1,0,0,0,0
2024-03-02T02:00:00,19.088686,72.867919,11,VABB,160,2.1,22000,1800,25.0,23.0,,1,0,0,0,0
2024-03-02T02:30:00,19.088686,72.867919,11,VABB,0,0.0,22000,2100,26.0,23.0,,1,0,0,0,0
2024-03-02T03:00:00,19.088686,72.867919,11,VABB,,0.0,22000,2000,25.0,22.0,1013.8,0,0,0,0,0
2024-03-02T03:00:00,19.088686,72.867919,11,VABB,30,2.1,2000,2100,26.0,23.0,,1,0,0,0,0
2024-03-02T03:30:00,19.088686,72.867919,11,VABB,30,2.6,2000,2100,27.0,23.0,,1,0,0,0,0
2024-03-02T04:00:00,19.088686,72.867919,11,VABB,160,2.1,2000,2200,28.0,21.0,,0,1,0,0,0
2024-03-02T04:30:00,19.088686,72.867919,11,VABB,200,2.1,2000,2500,29.0,21.0,,0,1,0,0,0
2024-03-02T05:00:00,19.088686,72.867919,11,VABB,180,2.6,22000,2500,30.0,21.0,,0,1,0,0,0
2024-03-02T05:30:00,19.088686,72.867919,11,VABB,0,0.0,22000,2500,31.0,21.0,,0,0,0,0,0
2024-03-02T06:00:00,19.088686,72.867919,11,VABB,320,2.1,,2000,30.0,22.0,1014.5,0,0,0,0,0
2024-03-02T06:00:00,19.088686,72.867919,11,VABB,270,5.7,22000,2500,29.0,22.0,,0,1,0,0,0
2024-03-02T06:30:00,19.088686,72.867919,11,VABB,270,5.7,22000,2500,29.0,23.0,,0,1,0,0,0
2024-03-02T07:00:00,19.088686,72.867919,11,VABB,280,5.1,22000,2500,29.0,23.0,,0,1,0,0,0
2024-03-02T07:30:00,19.088686,72.867919,11,VABB,270,6.2,22000,3000,29.0,22.0,,0,1,0,0,0
2024-03-02T08:00:00,19.088686,72.867919,11,VABB,280,5.1,22000,3000,29.0,22.0,,0,1,0,0,0
2024-03-02T08:30:00,19.088686,72.867919,11,VABB,270,6.7,22000,3500,29.0,21.0,,0,1,0,0,0
2024-03-02T09:00:00,19.088686,72.867919,11,VABB,320,2.1,22000,2000,30.6,21.7,1012.1,0,0,0,0,0
2024-03-02T09:00:00,19.088686,72.867919,11,VABB,290,6.2,2000,4000,30.0,21.0,,0,1,0,0,0
2024-03-02T09:30:00,19.088686,72.867919,11,VABB,280,4.1,2000,4000,29.0,22.0,,0,0,0,0,1
2024-03-02T10:00:00,19.088686,72.867919,11,VABB,270,6.2,2000,4000,29.0,21.0,,0,0,0,0,0
2024-03-02T10:30:00,19.088686,72.867919,11,VABB,270,5.7,22000,4000,29.0,21.0,,0,1,0,0,0
2024-03-02T11:00:00,19.088686,72.867919,11,VABB,260,4.6,22000,4000,29.0,22.0,,0,1,0,0,0
2024-03-02T11:30:00,19.088686,72.867919,11,VABB,260,5.1,22000,4000,29.0,22.0,,0,1,0,0,0
2024-03-02T12:00:00,19.088686,72.867919,11,VABB,270,1.5,,2000,29.0,21.9,1010.9,0,0,0,0,0
2024-03-02T12:00:00,19.088686,72.867919,11,VABB,260,5.7,22000,4000,28.0,22.0,,0,1,0,0,0
2024-03-02T12:30:00,19.088686,72.867919,11,VABB,250,5.1,2000,4000,28.0,22.0,,0,1,0,0,0
2024-03-02T13:00:00,19.088686,72.867919,11,VABB,270,4.6,2000,3000,27.0,23.0,,0,1,0,0,0
2024-03-02T13:30:00,19.088686,72.867919,11,VABB,270,4.1,2000,3000,27.0,22.0,,0,1,0,0,0
2024-03-02T14:00:00,19.088686,72.867919,11,VABB,250,4.6,2000,3000,27.0,23.0,,0,1,0,0,0
2024-03-02T14:30:00,19.088686,72.867919,11,VABB,260,4.1,2000,3000,27.0,23.0,,0,1,0,0,0
2024-03-02T15:00:00,19.088686,72.867919,11,VABB,360,1.5,22000,2000,26.8,21.4,1012.9,0,0,0,0,0
2024-03-02T15:00:00,19.088686,72.867919,11,VABB,250,4.1,2000,3000,27.0,23.0,,0,1,0,0,0
2024-03-02T15:30:00,19.088686,72.867919,11,VABB,250,4.1,2000,3000,27.0,23.0,,1,0,0,0,0
2024-03-02T16:00:00,19.088686,72.867919,11,VABB,260,4.6,2000,3000,27.0,23.0,,1,0,0,0,0
2024-03-02T16:30:00,19.088686,72.867919,11,VABB,250,3.1,2000,3000,27.0,23.0,,1,0,0,0,0
2024-03-02T17:00:00,19.088686,72.867919,11,VABB,240,4.6,2000,3000,27.0,23.0,,1,0,0,0,0
2024-03-02T17:30:00,19.088686,72.867919,11,VABB,240,3.6,2000,3000,27.0,22.0,,1,0,0,0,0
2024-03-02T18:00:00,19.088686,72.867919,11,VABB,,0.0,22000,2000,26.4,21.6,1013.8,0,0,0,0,0
2024-03-02T18:00:00,19.088686,72.867919,11,VABB,260,3.6,2000,3000,27.0,22.0,,1,0,0,0,0
2024-03-02T18:30:00,19.088686,72.867919,11,VABB,240,4.1,2000,3000,27.0,22.0,,1,0,0,0,0
2024-03-02T19:00:00,19.088686,72.867919,11,VABB,220,3.1,2000,3000,26.0,23.0,,1,0,0,0,0
2024-03-02T19:30:00,19.088686,72.867919,11,VABB,240,3.6,2000,3000,26.0,23.0,,1,0,0,0,0
2024-03-02T20:00:00,19.088686,72.867919,11,VABB,230,3.1,2000,3000,26.0,23.0,,1,0,0,0,0
2024-03-02T20:30:00,19.088686,72.867919,11,VABB,250,3.6,2000,3000,26.0,23.0,,1,0,0,0,0
2024-03-02T21:00:00,19.088686,72.867919,11,VABB,,0.0,,2000,25.6,21.7,1012.3,0,0,0,0,0
2024-03-02T21:00:00,19.088686,72.867919,11,VABB,240,2.6,2000,3000,26.0,23.0,,1,0,0,0,0
2024-03-02T21:30:00,19.088686,72.867919,11,VABB,220,2.6,22000,3000,26.0,23.0,,1,0,0,0,0
2024-03-02T22:00:00,19.088686,72.867919,11,VABB,230,2.1,22000,3000,26.0,23.0,,1,0,0,0,0
2024-03-02T22:30:00,19.088686,72.867919,11,VABB,250,2.1,2000,3000,26.0,23.0,,1,0,0,0,0
2024-03-02T23:00:00,19.088686,72.867919,11,VABB,250,3.1,2000,3000,26.0,23.0,,1,0,0,0,0
2024-03-02T23:30:00,19.088686,72.867919,11,VABB,300,3.1,2000,3000,26.0,23.0,,1,0,0,0,0
2024-03-03T00:00:00,19.088686,72.867919,11,VABB,,0.0,750,2000,25.6,22.0,1012.0,0,0,0,0,0
2024-03-03T00:00:00,19.088686,72.867919,11,VABB,310,4.1,2000,3000,26.0,23.0,,1,0,0,0,0
2024-03-03T00:30:00,19.088686,72.867919,11,VABB,320,4.1,2000,3000,26.0,23.0,,1,0,0,0,0
2024-03-03T01:00:00,19.088686,72.867919,11,VABB,310,3.6,610,3000,26.0,23.0,,1,0,0,0,0
2024-03-03T01:30:00,19.088686,72.867919,11,VABB,320,3.6,610,2500,26.0,22.0,,1,0,0,0,0
2024-03-03T02:00:00,19.088686,72.867919,11,VABB,330,5.1,610,2500,25.0,22.0,,1,0,0,0,0
2024-03-03T02:30:00,19.088686,72.867919,11,VABB,320,3.1,762,2500,26.0,21.0,,1,0,1,0,0
2024-03-03T03:00:00,19.088686,72.867919,11,VABB,320,1.5,750,2000,25.4,20.2,1014.4,0,0,0,0,0
2024-03-03T03:00:00,19.088686,72.867919,11,VABB,320,2.6,762,3000,26.0,21.0,,0,1,1,0,0
2024-03-03T03:30:00,19.088686,72.867919,11,VABB,330,5.1,762,3000,26.0,21.0,,0,1,0,0,0
2024-03-03T04:00:00,19.088686,72.867919,11,VABB,20,4.1,762,3500,26.0,21.0,,0,1,0,0,0
2024-03-03T04:30:00,19.088686,72.867919,11,VABB,350,3.6,762,3500,27.0,20.0,,0,1,0,0,0
2024-03-03T05:00:00,19.088686,72.867919,11,VABB,280,4.1,762,3500,27.0,21.0,,0,1,0,0,0
2024-03-03T05:30:00,19.088686,72.867919,11,VABB,300,4.6,762,3500,28.0,20.0,,0,1,0,0,0
2024-03-03T06:00:00,19.088686,72.867919,11,VABB,320,2.1,750,2000,28.0,19.0,1015.3,0,0,0,0,0
2024-03-03T06:00:00,19.088686,72.867919,11,VABB,310,5.1,762,3500,28.0,20.0,,0,1,0,0,0
2024-03-03T06:30:00,19.088686,72.867919,11,VABB,320,4.6,762,4000,28.0,20.0,,0,1,0,0,0
2024-03-03T07:00:00,19.088686,72.867919,11,VABB,110,4.1,2000,4000,28.0,19.0,,0,1,0,0,0
2024-03-03T07:30:00,19.088686,72.867919,11,VABB,290,5.1,2000,4000,28.0,19.0,,0,0,0,0,0
2024-03-03T08:00:00,19.088686,72.867919,11,VABB,300,4.1,2000,4000,28.0,18.0,,0,0,0,0,0
2024-03-03T08:30:00,19.088686,72.867919,11,VABB,300,4.6,2000,4000,28.0,19.0,,0,0,0,0,0
2024-03-03T09:00:00,19.088686,72.867919,11,VABB,320,3.1,22000,2000,28.4,18.4,1012.7,0,0,0,0,0
2024-03-03T09:00:00,19.088686,72.867919,11,VABB,290,5.1,2000,4000,28.0,19.0,,0,0,0,0,0
2024-03-03T09:30:00,19.088686,72.867919,11,VABB,310,5.1,2000,4000,27.0,18.0,,0,0,0,0,0
2024-03-03T10:00:00,19.088686,72.867919,11,VABB,310,4.1,2000,4000,27.0,18.0,,0,0,0,0,0
2024-03-03T10:30:00,19.088686,72.867919,11,VABB,320,4.6,2000,4000,27.0,18.0,,0,0,0,0,0
2024-03-03T11:00:00,19.088686,72.867919,11,VABB,300,4.6,2000,4000,28.0,18.0,,0,0,0,0,0
2024-03-03T11:30:00,19.088686,72.867919,11,VABB,310,4.1,2000,5000,27.0,18.0,,0,0,0,0,0
2024-03-03T12:00:00,19.088686,72.867919,11,VABB,320,2.1,,2000,26.4,17.9,1011.9,0,0,0,0,0
2024-03-03T12:00:00,19.088686,72.867919,11,VABB,310,5.7,2000,5000,26.0,18.0,,0,0,0,0,0
2024-03-03T12:30:00,19.088686,72.867919,11,VABB,290,5.7,2000,5000,26.0,18.0,,0,0,0,0,0
2024-03-03T13:00:00,19.088686,72.867919,11,VABB,310,4.6,2000,5000,25.0,17.0,,0,0,0,0,0
2024-03-03T13:30:00,19.088686,72.867919,11,VABB,310,3.6,2000,5000,24.0,17.0,,0,1,0,0,0
2024-03-03T14:00:00,19.088686,72.867919,11,VABB,320,2.1,22000,4000,24.0,18.0,,0,1,0,0,0
2024-03-03T14:30:00,19.088686,72.867919,11,VABB,310,4.6,22000,4000,24.0,17.0,,0,1,0,0,0
2024-03-03T15:00:00,19.088686,72.867919,11,VABB,320,3.1,,2000,23.4,16.9,1013.4,0,0,0,0,0
2024-03-03T15:00:00,19.088686,72.867919,11,VABB,340,3.6,22000,3000,24.0,17.0,,0,1,0,0,0
2024-03-03T15:30:00,19.088686,72.867919,11,VABB,340,3.6,22000,3000,24.0,18.0,,0,1,0,0,0
2024-03-03T16:00:00,19.088686,72.867919,11,VABB,350,3.1,22000,3000,24.0,18.0,,0,1,0,0,0
2024-03-03T16:30:00,19.088686,72.867919,11,VABB,340,3.6,22000,3000,23.0,17.0,,0,1,0,0,0
2024-03-03T17:00:00,19.088686,72.867919,11,VABB,360,2.6,22000,3000,23.0,17.0,,0,1,0,0,0
2024-03-03T17:30:00,19.088686,72.867919,11,VABB,360,3.1,22000,3000,24.0,17.0,,0,1,0,0,0
2024-03-03T18:00:00,19.088686,72.867919,11,VABB,,0.0,,2000,22.4,16.5,1014.0,0,0,0,0,0
2024-03-03T18:00:00,19.088686,72.867919,11,VABB,40,3.1,22000,3000,23.0,17.0,,0,1,0,0,0
2024-03-03T18:30:00,19.088686,72.867919,11,VABB,30,2.6,22000,3000,23.0,17.0,,0,1,0,0,0
2024-03-03T19:00:00,19.088686,72.867919,11,VABB,80,2.6,22000,3000,23.0,17.0,,0,1,0,0,0
2024-03-03T19:30:00,19.088686,72.867919,11,VABB,60,2.1,22000,3000,23.0,16.0,,0,1,0,0,0
2024-03-03T20:00:00,19.088686,72.867919,11,VABB,10,2.1,22000,3000,23.0,16.0,,0,1,0,0,0
2024-03-03T20:30:00,19.088686,72.867919,11,VABB,20,1.5,22000,3000,23.0,16.0,,0,1,0,0,0
2024-03-03T21:00:00,19.088686,72.867919,11,VABB,,0.0,,2000,20.2,15.5,1012.8,0,0,0,0,0
2024-03-03T21:00:00,19.088686,72.867919,11,VABB,40,3.1,22000,3000,23.0,16.0,,0,1,0,0,0
2024-03-03T21:30:00,19.088686,72.867919,11,VABB,10,2.1,22000,3000,23.0,16.0,,0,1,0,0,0
2024-03-03T22:00:00,19.088686,72.867919,11,VABB,20,2.1,22000,3000,22.0,15.0,,0,1,0,0,0
2024-03-03T22:30:00,19.088686,72.867919,11,VABB,10,2.6,22000,3000,22.0,15.0,,0,1,0,0,0
2024-03-03T23:00:00,19.088686,72.867919,11,VABB,10,2.6,22000,3000,22.0,15.0,,0,1,0,0,0
2024-03-03T23:30:00,19.088686,72.867919,11,VABB,40,2.1,22000,3000,23.0,15.0,,0,1,0,0,0
2024-03-04T00:00:00,19.088686,72.867919,11,VABB,,0.0,,2000,18.6,14.8,1013.2,0,0,0,0,0
2024-03-04T00:00:00,19.088686,72.867919,11,VABB,270,2.6,22000,3000,22.0,15.0,,0,1,0,0,0
2024-03-04T00:30:00,19.088686,72.867919,11,VABB,10,2.6,22000,3000,22.0,16.0,,0,1,0,0,0
2024-03-04T01:00:00,19.088686,72.867919,11,VABB,10,3.1,22000,3000,22.0,16.0,,0,1,0,0,0
2024-03-04T01:30:00,19.088686,72.867919,11,VABB,70,2.1,22000,3000,22.0,16.0,,0,1,0,0,0
2024-03-04T02:00:00,19.088686,72.867919,11,VABB,70,3.1,22000,2800,22.0,16.0,,0,1,0,0,0
2024-03-04T02:30:00,19.088686,72.867919,11,VABB,60,2.6,22000,2500,22.0,15.0,,0,0,0,0,0
2024-03-04T03:00:00,19.088686,72.867919,11,VABB,,0.0,,2000,21.0,16.0,1015.2,0,0,0,0,0
2024-03-04T03:00:00,19.088686,72.867919,11,VABB,60,2.1,22000,2500,23.0,15.0,,0,0,0,0,0
2024-03-04T03:30:00,19.088686,72.867919,11,VABB,20,2.6,22000,3000,24.0,16.0,,0,0,0,0,0
2024-03-04T04:00:00,19.088686,72.867919,11,VABB,20,3.6,22000,3500,25.0,16.0,,0,0,0,0,0
2024-03-04T04:30:00,19.088686,72.867919,11,VABB,330,3.1,22000,4000,25.0,15.0,,0,0,0,0,0
2024-03-04T05:00:00,19.088686,72.867919,11,VABB,260,3.6,22000,4000,26.0,15.0,,0,0,0,0,0
2024-03-04T05:30:00,19.088686,72.867919,11,VABB,360,2.6,22000,4000,27.0,16.0,,0,0,0,0,0
2024-03-04T06:00:00,19.088686,72.867919,11,VABB,320,1.5,,2000,27.0,14.3,1015.7,0,0,0,0,0
2024-03-04T06:00:00,19.088686,72.867919,11,VABB,310,2.6,22000,4000,28.0,14.0,,0,0,0,0,0
2024-03-04T06:30:00,19.088686,72.867919,11,VABB,270,6.2,22000,4000,27.0,16.0,,0,0,0,0,0
2024-03-04T07:00:00,19.088686,72.867919,11,VABB,300,4.6,22000,4000,28.0,16.0,,0,0,0,0,0
2024-03-04T07:30:00,19.088686,72.867919,11,VABB,310,4.1,22000,4000,28.0,16.0,,0,0,0,0,0
2024-03-04T08:00:00,19.088686,72.867919,11,VABB,280,3.6,22000,4000,29.0,17.0,,0,0,0,0,1
2024-03-04T08:30:00,19.088686,72.867919,11,VABB,300,4.6,22000,4000,28.0,16.0,,0,0,0,0,0
2024-03-04T09:00:00,19.088686,72.867919,11,VABB,320,3.1,,2000,29.2,16.4,1013.2,0,0,0,0,0
2024-03-04T09:00:00,19.088686,72.867919,11,VABB,290,5.7,22000,4000,29.0,16.0,,0,0,0,0,0
2024-03-04T09:30:00,19.088686,72.867919,11,VABB,270,4.1,22000,4000,28.0,17.0,,0,0,0,0,1
2024-03-04T10:00:00,19.088686,72.867919,11,VABB,270,3.6,22000,4000,28.0,16.0,,0,0,0,0,1
2024-03-04T10:30:00,19.088686,72.867919,11,VABB,280,5.1,22000,4000,28.0,14.0,,0,0,0,0,0
2024-03-04T11:00:00,19.088686,72.867919,11,VABB,280,5.1,22000,5000,28.0,13.0,,0,0,0,0,0
2024-03-04T11:30:00,19.088686,72.867919,11,VABB,290,5.1,22000,5000,28.0,14.0,,0,0,0,0,0
2024-03-04T12:00:00,19.088686,72.867919,11,VABB,320,1.5,,2000,27.4,13.2,1012.0,0,0,0,0,0
2024-03-04T12:00:00,19.088686,72.867919,11,VABB,290,5.1,22000,5000,28.0,12.0,,0,0,0,0,0
2024-03-04T12:30:00,19.088686,72.867919,11,VABB,290,4.6,22000,5000,27.0,12.0,,0,0,0,0,0
2024-03-04T13:00:00,19.088686,72.867919,11,VABB,290,3.6,22000,5000,26.0,14.0,,0,0,0,0,0
2024-03-04T13:30:00,19.088686,72.867919,11,VABB,310,3.6,22000,4000,26.0,14.0,,0,0,0,0,0
2024-03-04T14:00:00,19.088686,72.867919,11,VABB,300,3.6,22000,3500,25.0,15.0,,0,0,0,0,0
2024-03-04T14:30:00,19.088686,72.867919,11,VABB,320,4.1,22000,3000,25.0,15.0,,0,0,0,0,0
2024-03-04T15:00:00,19.088686,72.867919,11,VABB,320,1.5,,2000,24.6,15.3,1013.4,0,0,0,0,0
2024-03-04T15:00:00,19.088686,72.867919,11,VABB,330,2.1,22000,3000,25.0,15.0,,0,0,0,0,0
2024-03-04T15:30:00,19.088686,72.867919,11,VABB,340,1.5,22000,3000,25.0,15.0,,0,0,0,0,0
2024-03-04T16:00:00,19.088686,72.867919,11,VABB,330,2.1,22000,3000,25.0,15.0,,0,0,0,0,0
2024-03-04T16:30:00,19.088686,72.867919,11,VABB,360,2.1,22000,2500,25.0,15.0,,0,0,0,0,0
2024-03-04T17:00:00,19.088686,72.867919,11,VABB,340,2.1,22000,2500,26.0,15.0,,0,0,0,0,0
2024-03-04T17:30:00,19.088686,72.867919,11,VABB,30,3.1,22000,2500,25.0,16.0,,0,0,0,0,0
2024-03-04T18:00:00,19.088686,72.867919,11,VABB,,0.0,,2000,22.0,16.0,1014.2,0,0,0,0,0
2024-03-04T18:00:00,19.088686,72.867919,11,VABB,50,3.6,22000,2500,25.0,16.0,,0,0,0,0,0
2024-03-04T18:30:00,19.088686,72.867919,11,VABB,10,2.1,22000,2500,24.0,16.0,,0,0,0,0,0
2024-03-04T19:00:00,19.088686,72.867919,11,VABB,320,2.1,22000,2500,24.0,16.0,,0,1,0,0,0
2024-03-04T19:30:00,19.088686,72.867919,11,VABB,10,2.1,22000,2500,23.0,15.0,,0,1,0,0,0
2024-03-04T20:00:00,19.088686,72.867919,11,VABB,340,2.1,22000,2500,24.0,15.0,,0,0,0,0,0
2024-03-04T20:30:00,19.088686,72.867919,11,VABB,10,2.1,22000,2500,24.0,15.0,,0,0,0,0,0
2024-03-04T21:00:00,19.088686,72.867919,11,VABB,,0.0,,2000,19.8,15.1,1012.9,0,0,0,0,0
2024-03-04T21:00:00,19.088686,72.867919,11,VABB,340,2.1,22000,2500,23.0,14.0,,0,0,0,0,0
2024-03-04T21:30:00,19.088686,72.867919,11,VABB,10,2.1,22000,2500,23.0,14.0,,0,0,0,0,0
2024-03-04T22:00:00,19.088686,72.867919,11,VABB,40,1.5,22000,2500,23.0,14.0,,0,0,0,0,0
2024-03-04T22:30:00,19.088686,72.867919,11,VABB,30,1.5,22000,2500,23.0,14.0,,0,0,0,0,0
2024-03-04T23:00:00,19.088686,72.867919,11,VABB,50,3.1,22000,2500,23.0,14.0,,0,0,0,0,0
2024-03-04T23:30:00,19.088686,72.867919,11,VABB,330,3.1,22000,2500,22.0,14.0,,0,0,0,0,0
2024-03-05T00:00:00,19.088686,72.867919,11,VABB,,0.0,,2000,18.8,14.3,1012.7,0,0,0,0,0
2024-03-05T00:00:00,19.088686,72.867919,11,VABB,20,3.6,22000,2500,22.0,13.0,,0,0,0,0,0
2024-03-05T00:30:00,19.088686,72.867919,11,VABB,110,4.6,22000,2500,22.0,13.0,,0,0,0,0,0
2024-03-05T01:00:00,19.088686,72.867919,11,VABB,120,3.6,22000,2500,22.0,13.0,,0,0,0,0,0
2024-03-05T01:30:00,19.088686,72.867919,11,VABB,90,2.1,22000,2100,21.0,13.0,,0,0,0,0,0
2024-03-05T02:00:00,19.088686,72.867919,11,VABB,110,1.5,22000,1800,22.0,12.0,,0,0,0,0,0
2024-03-05T02:30:00,19.088686,72.867919,11,VABB,50,2.1,22000,1800,24.0,11.0,,0,0,0,0,0
2024-03-05T03:00:00,19.088686,72.867919,11,VABB,,0.0,,2000,20.2,13.6,1014.5,0,0,0,0,0
2024-03-05T03:00:00,19.088686,72.867919,11,VABB,30,2.1,22000,2200,25.0,11.0,,0,0,0,0,0
2024-03-05T03:30:00,19.088686,72.867919,11,VABB,80,2.6,22000,2500,26.0,9.0,,0,0,0,0,0
2024-03-05T04:00:00,19.088686,72.867919,11,VABB,140,2.6,22000,2500,27.0,10.0,,0,0,0,0,0
2024-03-05T04:30:00,19.088686,72.867919,11,VABB,80,1.5,22000,3000,28.0,10.0,,0,0,0,0,0
2024-03-05T05:00:00,19.088686,72.867919,11,VABB,110,3.1,22000,3000,29.0,11.0,,0,0,0,0,0
2024-03-05T05:30:00,19.088686,72.867919,11,VABB,130,3.1,22000,3000,30.0,10.0,,0,0,0,0,0
2024-03-05T06:00:00,19.088686,72.867919,11,VABB,,0.0,,2000,31.2,11.3,1014.1,0,0,0,0,0
2024-03-05T06:00:00,19.088686,72.867919,11,VABB,120,3.6,22000,3500,31.0,10.0,,0,0,0,0,0
2024-03-05T06:30:00,19.088686,72.867919,11,VABB,110,2.6,22000,4000,32.0,8.0,,0,0,0,0,0
2024-03-05T07:00:00,19.088686,72.867919,11,VABB,270,4.1,22000,3500,32.0,13.0,,0,0,0,0,0
2024-03-05T07:30:00,19.088686,72.867919,11,VABB,270,5.7,22000,3500,31.0,15.0,,0,0,0,0,0
2024-03-05T08:00:00,19.088686,72.867919,11,VABB,280,5.1,22000,3500,30.0,14.0,,0,0,0,0,0
2024-03-05T08:30:00,19.088686,72.867919,11,VABB,290,6.2,22000,3500,31.0,12.0,,0,0,0,0,0
2024-03-05T09:00:00,19.088686,72.867919,11,VABB,320,3.1,,2000,30.8,14.8,1011.6,0,0,0,0,0
2024-03-05T09:00:00,19.088686,72.867919,11,VABB,280,3.6,22000,4000,30.0,13.0,,0,0,0,0,1
2024-03-05T09:30:00,19.088686,72.867919,11,VABB,290,6.2,22000,4000,30.0,13.0,,0,0,0,0,0
2024-03-05T10:00:00,19.088686,72.867919,11,VABB,280,3.6,22000,5000,29.0,16.0,,0,0,0,0,1
2024-03-05T10:30:00,19.088686,72.867919,11,VABB,310,3.6,22000,5000,29.0,15.0,,0,0,0,0,1
2024-03-05T11:00:00,19.088686,72.867919,11,VABB,310,5.7,22000,5000,29.0,15.0,,0,0,0,0,0
2024-03-05T11:30:00,19.088686,72.867919,11,VABB,320,6.2,22000,5000,28.0,13.0,,0,0,0,0,0
2024-03-05T12:00:00,19.088686,72.867919,11,VABB,320,5.1,,2000,28.0,15.3,1011.1,0,0,0,0,0
2024-03-05T12:00:00,19.088686,72.867919,11,VABB,310,3.6,22000,5000,28.0,14.0,,0,0,0,0,1
2024-03-05T12:30:00,19.088686,72.867919,11,VABB,330,3.6,22000,5000,28.0,11.0,,0,0,0,0,1
2024-03-05T13:00:00,19.088686,72.867919,11,VABB,330,5.1,22000,4000,28.0,9.0,,0,0,0,0,0
2024-03-05T13:30:00,19.088686,72.867919,11,VABB,330,3.1,22000,4000,27.0,9.0,,0,0,0,0,0
2024-03-05T14:00:00,19.088686,72.867919,11,VABB,340,3.1,22000,3000,27.0,7.0,,0,0,0,0,0
2024-03-05T14:30:00,19.088686,72.867919,11,VABB,10,3.1,22000,3000,27.0,7.0,,0,0,0,0,0
2024-03-05T15:00:00,19.088686,72.867919,11,VABB,,0.0,,2000,24.6,12.5,1012.7,0,0,0,0,0
2024-03-05T15:00:00,19.088686,72.867919,11,VABB,20,1.5,22000,3000,27.0,7.0,,0,0,0,0,0
2024-03-05T15:30:00,19.088686,72.867919,11,VABB,90,2.1,22000,3000,27.0,7.0,,0,0,0,0,0
2024-03-05T16:00:00,19.088686,72.867919,11,VABB,80,1.5,22000,3000,27.0,7.0,,0,0,0,0,0
2024-03-05T16:30:00,19.088686,72.867919,11,VABB,0,0.0,22000,3000,26.0,7.0,,0,0,0,0,0
2024-03-05T17:00:00,19.088686,72.867919,11,VABB,80,1.5,22000,3000,27.0,6.0,,0,0,0,0,0
2024-03-05T17:30:00,19.088686,72.867919,11,VABB,220,1.5,22000,3000,27.0,7.0,,0,0,0,0,0
2024-03-05T18:00:00,19.088686,72.867919,11,VABB,,0.0,,2000,20.6,12.5,1013.5,0,0,0,0,0
2024-03-05T18:00:00,19.088686,72.867919,11,VABB,270,2.6,22000,3000,25.0,9.0,,0,0,0,0,0
2024-03-05T18:30:00,19.088686,72.867919,11,VABB,310,2.1,22000,3000,25.0,9.0,,0,0,0,0,0
2024-03-05T19:00:00,19.088686,72.867919,11,VABB,300,1.5,22000,3000,26.0,9.0,,0,0,0,0,0
2024-03-05T19:30:00,19.088686,72.867919,11,VABB,340,2.1,22000,3000,25.0,11.0,,0,0,0,0,0
2024-03-05T20:00:00,19.088686,72.867919,11,VABB,30,1.5,22000,3000,24.0,11.0,,0,0,0,0,0
2024-03-05T20:30:00,19.088686,72.867919,11,VABB,10,2.1,22000,3000,24.0,10.0,,0,0,0,0,0
2024-03-05T21:00:00,19.088686,72.867919,11,VABB,,0.0,,2000,19.2,12.4,1012.3,0,0,0,0,0
2024-03-05T21:00:00,19.088686,72.867919,11,VABB,40,3.1,22000,3000,25.0,11.0,,0,0,0,0,0
2024-03-05T21:30:00,19.088686,72.867919,11,VABB,20,1.5,22000,3000,24.0,13.0,,0,0,0,0,0
2024-03-05T22:00:00,19.088686,72.867919,11,VABB,330,1.5,22000,3000,24.0,13.0,,0,0,0,0,0
2024-03-05T22:30:00,19.088686,72.867919,11,VABB,0,0.0,22000,2500,23.0,13.0,,0,0,0,0,0
2024-03-05T23:00:00,19.088686,72.867919,11,VABB,60,1.5,22000,2500,23.0,14.0,,0,0,0,0,0
2024-03-05T23:30:00,19.088686,72.867919,11,VABB,70,2.1,22000,2500,24.0,15.0,,0,0,0,0,0
2024-03-06T00:00:00,19.088686,72.867919,11,VABB,,0.0,,2000,18.6,14.5,1011.8,0,0,0,0,0
2024-03-06T00:00:00,19.088686,72.867919,11,VABB,340,1.5,22000,2500,23.0,15.0,,0,0,0,0,0
2024-03-06T00:30:00,19.088686,72.867919,11,VABB,360,2.6,22000,2500,23.0,14.0,,0,0,0,0,0
2024-03-06T01:00:00,19.088686,72.867919,11,VABB,350,3.1,2000,2500,23.0,14.0,,0,0,0,0,0
2024-03-06T01:30:00,19.088686,72.867919,11,VABB,50,2.1,2000,2500,23.0,13.0,,0,0,0,0,0
2024-03-06T02:00:00,19.088686,72.867919,11,VABB,50,2.6,2000,2100,24.0,13.0,,0,0,0,0,0
2024-03-06T02:30:00,19.088686,72.867919,11,VABB,70,2.1,10000,2100,24.0,12.0,,0,0,0,0,0
2024-03-06T03:00:00,19.088686,72.867919,11,VABB,,0.0,,2000,21.2,12.8,1014.0,0,0,0,0,0
2024-03-06T03:00:00,19.088686,72.867919,11,VABB,20,2.6,22000,1900,25.0,11.0,,0,0,0,0,0
2024-03-06T03:30:00,19.088686,72.867919,11,VABB,340,4.6,22000,2100,26.0,7.0,,0,0,0,0,0
2024-03-06T04:00:00,19.088686,72.867919,11,VABB,320,3.6,22000,2500,27.0,6.0,,0,0,0,0,0
2024-03-06T04:30:00,19.088686,72.867919,11,VABB,20,3.6,22000,2500,29.0,7.0,,0,0,0,0,0
2024-03-06T05:00:00,19.088686,72.867919,11,VABB,30,2.1,22000,3000,29.0,6.0,,0,0,0,0,0
2024-03-06T05:30:00,19.088686,72.867919,11,VABB,280,2.6,22000,3000,30.0,6.0,,0,0,0,0,0
2024-03-06T06:00:00,19.088686,72.867919,11,VABB,,0.0,,2000,30.8,10.1,1014.7,0,0,0,0,0
2024-03-06T06:00:00,19.088686,72.867919,11,VABB,290,2.1,22000,3000,31.0,5.0,,0,0,0,0,0
2024-03-06T06:30:00,19.088686,72.867919,11,VABB,260,4.1,22000,3000,31.0,11.0,,0,0,0,0,0
2024-03-06T07:00:00,19.088686,72.867919,11,VABB,290,4.6,22000,3000,31.0,11.0,,0,0,0,0,0
2024-03-06T07:30:00,19.088686,72.867919,11,VABB,300,4.6,22000,3500,31.0,13.0,,0,0,0,0,0
2024-03-06T08:00:00,19.088686,72.867919,11,VABB,290,4.6,22000,4000,31.0,12.0,,0,0,0,0,0
2024-03-06T08:30:00,19.088686,72.867919,11,VABB,290,4.6,22000,4000,31.0,11.0,,0,0,0,0,0
2024-03-06T09:00:00,19.088686,72.867919,11,VABB,360,3.1,,2000,31.4,9.5,1012.0,0,0,0,0,0
2024-03-06T09:00:00,19.088686,72.867919,11,VABB,320,4.1,22000,4000,32.0,8.0,,0,0,0,0,0
2024-03-06T09:30:00,19.088686,72.867919,11,VABB,280,5.7,22000,4000,32.0,7.0,,0,0,0,0,0
2024-03-06T10:00:00,19.088686,72.867919,11,VABB,320,3.6,22000,4000,32.0,4.0,,0,0,0,0,1
2024-03-06T10:30:00,19.088686,72.867919,11,VABB,290,6.2,22000,4000,31.0,7.0,,0,0,0,0,0
2024-03-06T11:00:00,19.088686,72.867919,11,VABB,320,4.6,22000,4000,31.0,6.0,,0,0,0,0,0
2024-03-06T11:30:00,19.088686,72.867919,11,VABB,320,4.1,22000,4000,31.0,6.0,,0,0,0,0,1
2024-03-06T12:00:00,19.088686,72.867919,11,VABB,320,3.1,,2000,30.0,8.2,1010.6,0,0,0,0,0
2024-03-06T12:00:00,19.088686,72.867919,11,VABB,320,5.7,10000,4000,30.0,6.0,,0,0,0,0,0
2024-03-06T12:30:00,19.088686,72.867919,11,VABB,320,4.1,10000,4000,30.0,4.0,,0,0,0,0,0
2024-03-06T13:00:00,19.088686,72.867919,11,VABB,310,4.1,22000,3500,29.0,4.0,,0,0,0,0,0
2024-03-06T13:30:00,19.088686,72.867919,11,VABB,310,4.1,22000,3500,28.0,6.0,,0,0,0,0,0
2024-03-06T14:00:00,19.088686,72.867919,11,VABB,330,3.1,22000,3500,28.0,8.0,,0,0,0,0,0
2024-03-06T14:30:00,19.088686,72.867919,11,VABB,10,2.6,22000,3000,27.0,10.0,,0,0,0,0,0
2024-03-06T15:00:00,19.088686,72.867919,11,VABB,,0.0,,2000,26.4,11.8,1012.3,0,0,0,0,0
2024-03-06T15:00:00,19.088686,72.867919,11,VABB,350,2.1,22000,3000,27.0,10.0,,0,0,0,0,0
2024-03-06T15:30:00,19.088686,72.867919,11,VABB,50,2.6,22000,3000,27.0,10.0,,0,0,0,0,0
2024-03-06T16:00:00,19.088686,72.867919,11,VABB,60,2.1,22000,3000,27.0,11.0,,0,0,0,0,0
2024-03-06T16:30:00,19.088686,72.867919,11,VABB,0,0.0,22000,3000,26.0,10.0,,0,0,0,0,0
2024-03-06T17:00:00,19.088686,72.867919,11,VABB,330,1.5,22000,3000,26.0,11.0,,0,0,0,0,0
2024-03-06T17:30:00,19.088686,72.867919,11,VABB,280,3.1,22000,3000,26.0,11.0,,0,0,0,0,0
2024-03-06T18:00:00,19.088686,72.867919,11,VABB,,0.0,,2000,22.2,11.9,1013.5,0,0,0,0,0
2024-03-06T18:00:00,19.088686,72.867919,11,VABB,360,3.1,22000,3000,26.0,10.0,,0,0,0,0,0
2024-03-06T18:30:00,19.088686,72.867919,11,VABB,320,2.1,22000,3000,26.0,10.0,,0,0,0,0,0
2024-03-06T19:00:00,19.088686,72.867919,11,VABB,340,2.1,22000,3000,25.0,11.0,,0,0,0,0,0
2024-03-06T19:30:00,19.088686,72.867919,11,VABB,340,2.1,22000,3000,25.0,13.0,,0,0,0,0,0
2024-03-06T20:00:00,19.088686,72.867919,11,VABB,0,0.0,22000,3000,25.0,13.0,,0,0,0,0,0
2024-03-06T20:30:00,19.088686,72.867919,11,VABB,330,2.6,22000,3000,25.0,15.0,,0,0,0,0,0
2024-03-06T21:00:00,19.088686,72.867919,11,VABB,,0.0,,2000,21.0,14.9,1011.8,0,0,0,0,0
2024-03-06T21:00:00,19.088686,72.867919,11,VABB,350,1.5,22000,3000,25.0,15.0,,0,0,0,0,0
2024-03-06T21:30:00,19.088686,72.867919,11,VABB,350,2.6,22000,3000,25.0,14.0,,0,0,0,0,0
2024-03-06T22:00:00,19.088686,72.867919,11,VABB,10,2.6,22000,3000,25.0,14.0,,0,0,0,0,0
2024-03-06T22:30:00,19.088686,72.867919,11,VABB,360,2.6,22000,3000,24.0,14.0,,0,0,0,0,0
2024-03-06T23:00:00,19.088686,72.867919,11,VABB,30,2.6,22000,3000,25.0,14.0,,0,0,0,0,0
2024-03-06T23:30:00,19.088686,72.867919,11,VABB,360,1.5,22000,3000,24.0,13.0,,0,0,0,0,0
2024-03-07T00:00:00,19.088686,72.867919,11,VABB,,0.0,,2000,20.6,14.8,1011.5,0,0,0,0,0
2024-03-07T00:00:00,19.088686,72.867919,11,VABB,360,1.5,22000,3000,24.0,14.0,,0,0,0,0,0
2024-03-07T00:30:00,19.088686,72.867919,11,VABB,340,1.5,22000,3000,24.0,14.0,,0,0,0,0,0
2024-03-07T01:00:00,19.088686,72.867919,11,VABB,40,2.6,22000,2500,24.0,14.0,,0,0,0,0,0
2024-03-07T01:30:00,19.088686,72.867919,11,VABB,50,3.6,10000,2500,24.0,15.0,,0,0,0,0,0
2024-03-07T02:00:00,19.088686,72.867919,11,VABB,30,3.6,10000,2500,24.0,15.0,,0,0,0,0,0
2024-03-07T02:30:00,19.088686,72.867919,11,VABB,120,2.1,10000,2500,25.0,15.0,,0,0,0,0,0
2024-03-07T03:00:00,19.088686,72.867919,11,VABB,,0.0,,2000,22.2,16.3,1013.8,0,0,0,0,0
2024-03-07T03:00:00,19.088686,72.867919,11,VABB,130,3.1,10000,2500,25.0,11.0,,0,0,0,0,0
2024-03-07T03:30:00,19.088686,72.867919,11,VABB,130,2.1,10000,2500,26.0,10.0,,0,0,0,0,0
2024-03-07T04:00:00,19.088686,72.867919,11,VABB,160,2.1,10000,2500,27.0,10.0,,0,0,0,0,0
2024-03-07T04:30:00,19.088686,72.867919,11,VABB,180,2.1,10000,2500,28.0,11.0,,0,0,0,0,0
2024-03-07T05:00:00,19.088686,72.867919,11,VABB,140,2.1,22000,2500,28.0,11.0,,0,0,0,0,0
2024-03-07T05:30:00,19.088686,72.867919,11,VABB,50,4.1,22000,2500,32.0,8.0,,0,0,0,0,0
2024-03-07T06:00:00,19.088686,72.867919,11,VABB,230,1.5,,2000,31.2,14.5,1014.0,0,0,0,0,0
2024-03-07T06:00:00,19.088686,72.867919,11,VABB,330,3.1,22000,2500,32.0,8.0,,0,0,0,0,0
2024-03-07T06:30:00,19.088686,72.867919,11,VABB,270,4.6,22000,2500,30.0,16.0,,0,0,0,0,0
2024-03-07T07:00:00,19.088686,72.867919,11,VABB,280,5.1,22000,2500,30.0,16.0,,0,0,0,0,0
2024-03-07T07:30:00,19.088686,72.867919,11,VABB,250,3.1,22000,3000,31.0,17.0,,0,0,0,0,0
2024-03-07T08:00:00,19.088686,72.867919,11,VABB,220,4.6,22000,3000,30.0,16.0,,0,0,0,0,0
2024-03-07T08:30:00,19.088686,72.867919,11,VABB,230,4.6,22000,3000,31.0,17.0,,0,0,0,0,0
2024-03-07T09:00:00,19.088686,72.867919,11,VABB,,0.0,,2000,33.0,16.6,1010.6,0,0,0,0,0
2024-03-07T09:00:00,19.088686,72.867919,11,VABB,280,5.1,22000,3500,32.0,15.0,,0,0,0,0,0
2024-03-07T09:30:00,19.088686,72.867919,11,VABB,280,6.7,22000,3500,33.0,15.0,,0,0,0,0,0
2024-03-07T10:00:00,19.088686,72.867919,11,VABB,290,5.1,22000,3500,33.0,16.0,,0,0,0,0,0
2024-03-07T10:30:00,19.088686,72.867919,11,VABB,290,4.6,22000,4000,33.0,14.0,,0,0,0,0,0
2024-03-07T11:00:00,19.088686,72.867919,11,VABB,320,4.1,22000,4000,33.0,12.0,,0,0,0,0,0
2024-03-07T11:30:00,19.088686,72.867919,11,VABB,310,5.7,22000,4000,32.0,11.0,,0,0,0,0,0
2024-03-07T12:00:00,19.088686,72.867919,11,VABB,340,5.1,,2000,31.4,14.4,1009.7,0,0,0,0,0
2024-03-07T12:00:00,19.088686,72.867919,11,VABB,320,3.6,22000,4000,33.0,12.0,,0,0,0,0,0
2024-03-07T12:30:00,19.088686,72.867919,11,VABB,320,4.6,22000,3500,32.0,11.0,,0,0,0,0,0
2024-03-07T13:00:00,19.088686,72.867919,11,VABB,310,4.6,22000,3000,31.0,11.0,,0,0,0,0,0
2024-03-07T13:30:00,19.088686,72.867919,11,VABB,330,4.6,22000,3000,30.0,10.0,,0,0,0,0,1
2024-03-07T14:00:00,19.088686,72.867919,11,VABB,330,6.2,22000,2500,29.0,12.0,,0,0,0,0,0
2024-03-07T14:30:00,19.088686,72.867919,11,VABB,340,4.6,22000,2500,30.0,12.0,,0,0,0,0,0
2024-03-07T15:00:00,19.088686,72.867919,11,VABB,320,5.1,,2000,28.0,14.8,1012.0,0,0,0,0,0
2024-03-07T15:00:00,19.088686,72.867919,11,VABB,330,6.2,22000,2500,29.0,13.0,,0,0,0,0,0
2024-03-07T15:30:00,19.088686,72.867919,11,VABB,360,4.6,22000,2500,29.0,12.0,,0,0,0,0,0
2024-03-07T16:00:00,19.088686,72.867919,11,VABB,50,4.6,22000,2500,29.0,12.0,,0,0,0,0,0
2024-03-07T16:30:00,19.088686,72.867919,11,VABB,50,4.6,22000,2500,30.0,11.0,,0,0,0,0,0
2024-03-07T17:00:00,19.088686,72.867919,11,VABB,60,3.1,22000,2500,29.0,10.0,,0,0,0,0,0
2024-03-07T17:30:00,19.088686,72.867919,11,VABB,40,4.1,22000,2500,29.0,9.0,,0,0,0,0,0
2024-03-07T18:00:00,19.088686,72.867919,11,VABB,,0.0,,2000,27.0,11.2,1013.3,0,0,0,0,0
2024-03-07T18:00:00,19.088686,72.867919,11,VABB,30,4.1,22000,2500,30.0,8.0,,0,0,0,0,0
2024-03-07T18:30:00,19.088686,72.867919,11,VABB,50,3.1,22000,2500,29.0,7.0,,0,0,0,0,0
2024-03-07T19:00:00,19.088686,72.867919,11,VABB,20,2.6,22000,2500,28.0,7.0,,0,0,0,0,0
2024-03-07T19:30:00,19.088686,72.867919,11,VABB,110,2.1,22000,2500,28.0,7.0,,0,0,0,0,0
2024-03-07T20:00:00,19.088686,72.867919,11,VABB,110,1.5,22000,2500,27.0,8.0,,0,0,0,0,0
2024-03-07T20:30:00,19.088686,72.867919,11,VABB,0,0.0,22000,2500,26.0,8.0,,0,0,0,0,0
2024-03-07T22:00:00,19.088686,72.867919,11,VABB,0,0.0,22000,2500,26.0,10.0,,0,0,0,0,0
2024-03-07T22:30:00,19.088686,72.867919,11,VABB,250,2.1,22000,2500,24.0,10.0,,0,0,0,0,0
2024-03-07T23:00:00,19.088686,72.867919,11,VABB,250,2.1,22000,2500,26.0,10.0,,0,0,0,0,0
2024-03-07T23:30:00,19.088686,72.867919,11,VABB,250,2.1,22000,2500,25.0,10.0,,0,0,0,0,0
2024-03-08T00:00:00,19.088686,72.867919,11,VABB,,0.0,,2000,21.0,12.9,1011.7,0,0,0,0,0
2024-03-08T00:00:00,19.088686,72.867919,11,VABB,350,1.5,22000,2500,25.0,10.0,,0,0,0,0,0
2024-03-08T00:30:00,19.088686,72.867919,11,VABB,50,2.1,22000,2500,26.0,10.0,,0,0,0,0,0
2024-03-08T01:00:00,19.088686,72.867919,11,VABB,50,2.1,22000,2200,25.0,10.0,,0,0,0,0,0
2024-03-08T01:30:00,19.088686,72.867919,11,VABB,50,2.1,22000,2200,26.0,9.0,,0,0,0,0,0
2024-03-08T02:00:00,19.088686,72.867919,11,VABB,0,0.0,22000,2200,26.0,10.0,,0,0,0,0,0
2024-03-08T02:30:00,19.088686,72.867919,11,VABB,350,1.5,22000,2100,26.0,10.0,,0,0,0,0,0
2024-03-08T03:00:00,19.088686,72.867919,11,VABB,,0.0,,2000,22.0,13.4,1013.7,0,0,0,0,0
2024-03-08T03:00:00,19.088686,72.867919,11,VABB,350,2.1,22000,2100,27.0,10.0,,0,0,0,0,0
2024-03-08T03:30:00,19.088686,72.867919,11,VABB,330,1.5,22000,2200,28.0,9.0,,0,0,0,0,0
2024-03-08T04:00:00,19.088686,72.867919,11,VABB,320,2.6,22000,2200,30.0,8.0,,0,0,0,0,0
2024-03-08T04:30:00,19.088686,72.867919,11,VABB,310,2.6,22000,2500,31.0,7.0,,0,0,0,0,0
2024-03-08T05:00:00,19.088686,72.867919,11,VABB,310,2.1,22000,2500,32.0,8.0,,0,0,0,0,0
2024-03-08T05:30:00,19.088686,72.867919,11,VABB,330,3.1,22000,2500,33.0,7.0,,0,0,0,0,0
2024-03-08T06:00:00,19.088686,72.867919,11,VABB,,0.0,,2000,33.0,11.1,1014.0,0,0,0,0,0
2024-03-08T06:00:00,19.088686,72.867919,11,VABB,310,1.5,22000,3000,34.0,6.0,,0,0,0,0,0
2024-03-08T06:30:00,19.088686,72.867919,11,VABB,50,2.1,22000,3000,35.0,5.0,,0,0,0,0,0
2024-03-08T07:00:00,19.088686,72.867919,11,VABB,310,4.6,22000,3000,34.0,12.0,,0,0,0,0,0
2024-03-08T07:30:00,19.088686,72.867919,11,VABB,300,4.6,22000,3000,34.0,12.0,,0,0,0,0,0
2024-03-08T08:00:00,19.088686,72.867919,11,VABB,320,4.1,22000,3500,34.0,11.0,,0,0,0,0,0
2024-03-08T08:30:00,19.088686,72.867919,11,VABB,290,6.2,22000,3500,34.0,12.0,,0,0,0,0,0
2024-03-08T09:00:00,19.088686,72.867919,11,VABB,320,2.1,22000,2000,34.2,12.1,1011.1,0,0,0,0,0
2024-03-08T09:00:00,19.088686,72.867919,11,VABB,310,5.1,22000,4000,34.0,10.0,,0,0,0,0,0
2024-03-08T09:30:00,19.088686,72.867919,11,VABB,310,3.6,22000,4000,34.0,9.0,,0,0,0,0,1
2024-03-08T10:00:00,19.088686,72.867919,11,VABB,320,5.7,10000,4000,34.0,9.0,,0,0,0,0,0
2024-03-08T10:30:00,19.088686,72.867919,11,VABB,320,5.7,10000,4000,34.0,9.0,,0,0,0,0,0
2024-03-08T11:00:00,19.088686,72.867919,11,VABB,330,3.6,10000,4000,33.0,8.0,,0,0,0,0,1
2024-03-08T11:30:00,19.088686,72.867919,11,VABB,330,4.6,10000,4000,33.0,7.0,,0,0,0,0,1
2024-03-08T12:00:00,19.088686,72.867919,11,VABB,360,2.1,22000,2000,32.4,9.0,1010.2,0,0,0,0,0
2024-03-08T12:00:00,19.088686,72.867919,11,VABB,320,5.1,22000,3500,33.0,8.0,,0,0,0,0,0
2024-03-08T12:30:00,19.088686,72.867919,11,VABB,320,4.6,22000,3500,32.0,8.0,,0,0,0,0,0
2024-03-08T13:00:00,19.088686,72.867919,11,VABB,330,3.6,22000,3500,31.0,9.0,,0,0,0,0,0
2024-03-08T13:30:00,19.088686,72.867919,11,VABB,330,3.6,22000,3000,31.0,9.0,,0,0,0,0,0
2024-03-08T14:00:00,19.088686,72.867919,11,VABB,350,4.1,22000,3000,31.0,9.0,,0,0,0,0,0
2024-03-08T14:30:00,19.088686,72.867919,11,VABB,350,4.1,22000,3000,31.0,9.0,,0,0,0,0,0
2024-03-08T15:00:00,19.088686,72.867919,11,VABB,360,3.1,,2000,29.6,8.1,1011.6,0,0,0,0,0
2024-03-08T15:00:00,19.088686,72.867919,11,VABB,20,3.6,22000,3000,30.0,8.0,,0,0,0,0,0
2024-03-08T15:30:00,19.088686,72.867919,11,VABB,20,2.6,22000,3000,29.0,9.0,,0,0,0,0,0
2024-03-08T16:00:00,19.088686,72.867919,11,VABB,10,1.5,22000,3000,29.0,7.0,,0,0,0,0,0
2024-03-08T16:30:00,19.088686,72.867919,11,VABB,20,2.6,22000,3000,29.0,7.0,,0,0,0,0,0
2024-03-08T17:00:00,19.088686,72.867919,11,VABB,10,3.1,22000,3000,30.0,6.0,,0,0,0,0,0
2024-03-08T17:30:00,19.088686,72.867919,11,VABB,140,1.5,22000,3000,29.0,6.0,,0,0,0,0,0
2024-03-08T18:00:00,19.088686,72.867919,11,VABB,,0.0,,2000,25.8,11.4,1012.5,0,0,0,0,0
2024-03-08T18:00:00,19.088686,72.867919,11,VABB,60,1.0,22000,3000,28.0,7.0,,0,0,0,0,0
2024-03-08T18:30:00,19.088686,72.867919,11,VABB,70,2.1,22000,3000,29.0,7.0,,0,0,0,0,0
2024-03-08T19:00:00,19.088686,72.867919,11,VABB,20,1.5,22000,3000,28.0,8.0,,0,0,0,0,0
2024-03-08T19:30:00,19.088686,72.867919,11,VABB,290,3.1,22000,3000,28.0,9.0,,0,0,0,0,0
2024-03-08T20:00:00,19.088686,72.867919,11,VABB,330,1.5,22000,3000,27.0,9.0,,0,0,0,0,0
2024-03-08T20:30:00,19.088686,72.867919,11,VABB,20,2.6,22000,3000,27.0,9.0,,0,0,0,0,0
2024-03-08T21:00:00,19.088686,72.867919,11,VABB,,0.0,,2000,22.8,11.8,1011.3,0,0,0,0,0
2024-03-08T21:00:00,19.088686,72.867919,11,VABB,20,2.6,22000,3000,27.0,9.0,,0,0,0,0,0
2024-03-08T21:30:00,19.088686,72.867919,11,VABB,360,2.6,22000,3000,27.0,9.0,,0,0,0,0,0
2024-03-08T22:00:00,19.088686,72.867919,11,VABB,340,2.1,22000,2500,27.0,9.0,,0,0,0,0,0
2024-03-08T22:30:00,19.088686,72.867919,11,VABB,0,0.0,22000,2500,26.0,9.0,,0,0,0,0,0
2024-03-08T23:00:00,19.088686,72.867919,11,VABB,0,0.0,22000,2500,26.0,9.0,,0,0,0,0,0
2024-03-08T23:30:00,19.088686,72.867919,11,VABB,340,2.6,22000,2500,27.0,9.0,,0,0,0,0,0
2024-03-09T00:00:00,19.088686,72.867919,11,VABB,,0.0,,2000,21.2,12.0,1011.2,0,0,0,0,0
2024-03-09T00:00:00,19.088686,72.867919,11,VABB,350,2.1,22000,2500,26.0,9.0,,0,0,0,0,0
2024-03-09T00:30:00,19.088686,72.867919,11,VABB,350,2.1,22000,2500,26.0,9.0,,0,0,0,0,0
2024-03-09T01:00:00,19.088686,72.867919,11,VABB,0,0.0,22000,2500,25.0,10.0,,0,0,0,0,0
2024-03-09T01:30:00,19.088686,72.867919,11,VABB,0,0.0,22000,2100,25.0,10.0,,0,0,0,0,0
2024-03-09T02:00:00,19.088686,72.867919,11,VABB,170,1.5,22000,2100,25.0,10.0,,0,0,0,0,0
2024-03-09T02:30:00,19.088686,72.867919,11,VABB,90,1.5,22000,2200,26.0,10.0,,0,0,0,0,0
2024-03-09T03:00:00,19.088686,72.867919,11,VABB,,0.0,,2000,22.2,13.6,1013.2,0,0,0,0,0
2024-03-09T03:00:00,19.088686,72.867919,11,VABB,170,1.5,22000,2200,27.0,11.0,,0,0,0,0,0
2024-03-09T03:30:00,19.088686,72.867919,11,VABB,0,0.0,22000,2200,29.0,11.0,,0,0,0,0,0
2024-03-09T04:00:00,19.088686,72.867919,11,VABB,130,2.1,22000,2200,30.0,10.0,,0,0,0,0,0
2024-03-09T04:30:00,19.088686,72.867919,11,VABB,90,2.6,22000,2200,31.0,9.0,,0,0,0,0,0
2024-03-09T05:00:00,19.088686,72.867919,11,VABB,30,3.1,22000,2500,32.0,9.0,,0,0,0,0,0
2024-03-09T05:30:00,19.088686,72.867919,11,VABB,70,3.1,22000,2500,33.0,8.0,,0,0,0,0,0
2024-03-09T06:00:00,19.088686,72.867919,11,VABB,320,1.0,,2000,33.0,13.6,1013.3,0,0,0,0,0
2024-03-09T06:00:00,19.088686,72.867919,11,VABB,0,0.0,22000,2500,34.0,8.0,,0,0,0,0,0
2024-03-09T06:30:00,19.088686,72.867919,11,VABB,250,4.1,22000,2500,33.0,15.0,,0,0,0,0,0
2024-03-09T07:00:00,19.088686,72.867919,11,VABB,300,4.6,22000,2500,33.0,14.0,,0,0,0,0,0
2024-03-09T07:30:00,19.088686,72.867919,11,VABB,280,3.1,22000,3000,33.0,12.0,,0,0,0,0,0
2024-03-09T08:00:00,19.088686,72.867919,11,VABB,300,4.1,22000,3000,34.0,11.0,,0,0,0,0,0
2024-03-09T08:30:00,19.088686,72.867919,11,VABB,290,5.1,22000,4000,35.0,12.0,,0,0,0,0,0
2024-03-09T09:00:00,19.088686,72.867919,11,VABB,320,2.6,,2000,34.0,15.1,1011.1,0,0,0,0,0
2024-03-09T09:00:00,19.088686,72.867919,11,VABB,310,4.6,22000,4000,34.0,12.0,,0,0,0,0,0
2024-03-09T09:30:00,19.088686,72.867919,11,VABB,290,6.2,22000,4000,34.0,14.0,,0,0,0,0,0
2024-03-09T10:00:00,19.088686,72.867919,11,VABB,320,5.7,22000,4000,34.0,11.0,,0,0,0,0,0
2024-03-09T10:30:00,19.088686,72.867919,11,VABB,300,5.1,22000,4000,34.0,10.0,,0,0,0,0,0
2024-03-09T11:00:00,19.088686,72.867919,11,VABB,310,6.2,22000,4500,33.0,9.0,,0,0,0,0,0
2024-03-09T11:30:00,19.088686,72.867919,11,VABB,310,5.7,22000,4500,33.0,9.0,,0,0,0,0,0
2024-03-09T12:00:00,19.088686,72.867919,11,VABB,320,2.1,,2000,32.4,12.7,1010.6,0,0,0,0,0
2024-03-09T12:00:00,19.088686,72.867919,11,VABB,310,5.1,22000,4000,32.0,9.0,,0,0,0,0,0
2024-03-09T12:30:00,19.088686,72.867919,11,VABB,300,4.6,22000,4000,32.0,10.0,,0,0,0,0,0
2024-03-09T13:00:00,19.088686,72.867919,11,VABB,300,4.1,22000,4000,31.0,11.0,,0,0,0,0,0
2024-03-09T13:30:00,19.088686,72.867919,11,VABB,310,3.1,22000,4000,30.0,12.0,,0,0,0,0,0
2024-03-09T14:00:00,19.088686,72.867919,11,VABB,330,2.1,22000,4000,29.0,13.0,,0,0,0,0,0
2024-03-09T14:30:00,19.088686,72.867919,11,VABB,290,2.1,22000,3500,30.0,12.0,,0,0,0,0,0
2024-03-09T15:00:00,19.088686,72.867919,11,VABB,,0.0,,2000,27.2,14.6,1012.5,0,0,0,0,0
2024-03-09T15:00:00,19.088686,72.867919,11,VABB,0,0.0,22000,3500,30.0,12.0,,0,0,0,0,0
2024-03-09T15:30:00,19.088686,72.867919,11,VABB,350,1.5,22000,3500,30.0,11.0,,0,0,0,0,0
2024-03-09T16:00:00,19.088686,72.867919,11,VABB,330,2.6,22000,3500,29.0,11.0,,0,0,0,0,0
2024-03-09T16:30:00,19.088686,72.867919,11,VABB,350,2.6,22000,3500,29.0,11.0,,0,0,0,0,0
2024-03-09T17:00:00,19.088686,72.867919,11,VABB,360,3.1,22000,3500,29.0,11.0,,0,0,0,0,0
2024-03-09T17:30:00,19.088686,72.867919,11,VABB,20,2.1,22000,3500,29.0,10.0,,0,0,0,0,0
2024-03-09T18:00:00,19.088686,72.867919,11,VABB,,0.0,,2000,23.4,14.3,1012.8,0,0,0,0,0
2024-03-09T18:00:00,19.088686,72.867919,11,VABB,310,2.1,22000,3000,28.0,12.0,,0,0,0,0,0
2024-03-09T18:30:00,19.088686,72.867919,11,VABB,30,2.6,22000,3000,28.0,12.0,,0,0,0,0,0
2024-03-09T19:00:00,19.088686,72.867919,11,VABB,330,2.6,22000,3000,27.0,11.0,,0,0,0,0,0
2024-03-09T19:30:00,19.088686,72.867919,11,VABB,330,2.6,22000,3000,27.0,12.0,,0,0,0,0,0
2024-03-09T20:00:00,19.088686,72.867919,11,VABB,300,2.6,22000,3000,27.0,12.0,,0,0,0,0,0
2024-03-09T20:30:00,19.088686,72.867919,11,VABB,330,3.1,22000,3000,27.0,12.0,,0,0,0,0,0
2024-03-09T21:00:00,19.088686,72.867919,11,VABB,,0.0,,2000,22.4,13.4,1011.5,0,0,0,0,0
2024-03-09T21:00:00,19.088686,72.867919,11,VABB,330,3.1,22000,3000,27.0,11.0,,0,0,0,0,0
2024-03-09T21:30:00,19.088686,72.867919,11,VABB,330,3.1,22000,3000,27.0,11.0,,0,0,0,0,0
2024-03-09T22:00:00,19.088686,72.867919,11,VABB,10,2.6,22000,3000,26.0,11.0,,0,0,0,0,0
2024-03-09T22:30:00,19.088686,72.867919,11,VABB,0,0.0,22000,2500,24.0,10.0,,0,0,0,0,0
2024-03-09T23:00:00,19.088686,72.867919,11,VABB,260,1.5,22000,2500,26.0,10.0,,0,0,0,0,0
2024-03-09T23:30:00,19.088686,72.867919,11,VABB,280,2.1,22000,2500,25.0,11.0,,0,0,0,0,0
2024-03-10T00:00:00,19.088686,72.867919,11,VABB,,0.0,,2000,20.8,13.5,1011.5,0,0,0,0,0
2024-03-10T00:00:00,19.088686,72.867919,11,VABB,0,0.0,22000,2500,25.0,11.0,,0,0,0,0,0
2024-03-10T00:30:00,19.088686,72.867919,11,VABB,320,2.1,22000,2500,25.0,11.0,,0,0,0,0,0
2024-03-10T01:00:00,19.088686,72.867919,11,VABB,20,2.1,22000,2200,26.0,12.0,,0,0,0,0,0
2024-03-10T01:30:00,19.088686,72.867919,11,VABB,50,2.6,22000,1800,26.0,11.0,,0,0,0,0,0
2024-03-10T02:00:00,19.088686,72.867919,11,VABB,0,0.0,22000,1700,26.0,10.0,,0,0,0,0,0
2024-03-10T02:30:00,19.088686,72.867919,11,VABB,190,2.6,22000,1800,26.0,11.0,,0,0,0,0,0
2024-03-10T03:00:00,19.088686,72.867919,11,VABB,,0.0,,2000,21.6,13.3,1014.1,0,0,0,0,0
2024-03-10T03:00:00,19.088686,72.867919,11,VABB,0,0.0,22000,1800,27.0,11.0,,0,0,0,0,0
2024-03-10T03:30:00,19.088686,72.867919,11,VABB,0,0.0,22000,2100,29.0,10.0,,0,0,0,0,0
2024-03-10T04:00:00,19.088686,72.867919,11,VABB,340,1.5,22000,2100,30.0,9.0,,0,0,0,0,0
2024-03-10T04:30:00,19.088686,72.867919,11,VABB,320,1.5,22000,2200,31.0,6.0,,0,0,0,0,0
2024-03-10T05:00:00,19.088686,72.867919,11,VABB,260,3.1,22000,2200,31.0,6.0,,0,0,0,0,0
2024-03-10T05:30:00,19.088686,72.867919,11,VABB,270,3.1,22000,2500,31.0,9.0,,0,0,0,0,0
2024-03-10T06:00:00,19.088686,72.867919,11,VABB,320,1.5,,2000,32.0,12.0,1014.7,0,0,0,0,0
2024-03-10T06:00:00,19.088686,72.867919,11,VABB,80,1.5,22000,2500,33.0,7.0,,0,0,0,0,0
2024-03-10T06:30:00,19.088686,72.867919,11,VABB,110,1.5,22000,2500,34.0,6.0,,0,0,0,0,0
2024-03-10T07:00:00,19.088686,72.867919,11,VABB,100,3.1,22000,2500,35.0,12.0,,0,0,0,0,0
2024-03-10T07:30:00,19.088686,72.867919,11,VABB,260,6.7,22000,3000,33.0,16.0,,0,0,0,0,0
2024-03-10T08:00:00,19.088686,72.867919,11,VABB,250,4.1,22000,3000,32.0,16.0,,0,0,0,0,1
2024-03-10T08:30:00,19.088686,72.867919,11,VABB,250,7.2,22000,3500,33.0,16.0,,0,0,0,0,0
2024-03-10T09:00:00,19.088686,72.867919,11,VABB,320,2.1,,2000,33.0,14.5,1012.7,0,0,0,0,0
2024-03-10T09:00:00,19.088686,72.867919,11,VABB,290,6.2,22000,3500,32.0,13.0,,0,0,0,0,0
2024-03-10T09:30:00,19.088686,72.867919,11,VABB,290,5.1,22000,4000,32.0,12.0,,0,0,0,0,0
2024-03-10T10:00:00,19.088686,72.867919,11,VABB,300,3.6,22000,4000,32.0,10.0,,0,0,0,0,0
2024-03-10T10:30:00,19.088686,72.867919,11,VABB,290,5.7,22000,4000,32.0,13.0,,0,0,0,0,0
2024-03-10T11:00:00,19.088686,72.867919,11,VABB,300,3.6,22000,4000,32.0,12.0,,0,0,0,0,1
2024-03-10T11:30:00,19.088686,72.867919,11,VABB,300,4.1,22000,4000,31.0,11.0,,0,0,0,0,0
2024-03-10T12:00:00,19.088686,72.867919,11,VABB,360,2.1,,2000,31.0,15.1,1012.3,0,0,0,0,0
2024-03-10T12:00:00,19.088686,72.867919,11,VABB,310,3.6,22000,4000,31.0,11.0,,0,0,0,0,0
2024-03-10T12:30:00,19.088686,72.867919,11,VABB,300,5.1,22000,4000,30.0,12.0,,0,0,0,0,0
2024-03-10T13:00:00,19.088686,72.867919,11,VABB,290,3.6,22000,4000,29.0,14.0,,0,0,0,0,0
2024-03-10T13:30:00,19.088686,72.867919,11,VABB,310,4.6,22000,4000,29.0,14.0,,0,0,0,0,0
2024-03-10T14:00:00,19.088686,72.867919,11,VABB,80,4.6,22000,3000,29.0,14.0,,0,0,0,0,0
2024-03-10T14:30:00,19.088686,72.867919,11,VABB,310,3.1,22000,3000,28.0,15.0,,0,0,0,0,0
2024-03-10T15:00:00,19.088686,72.867919,11,VABB,,0.0,,2000,26.4,17.9,1014.0,0,0,0,0,0
2024-03-10T15:00:00,19.088686,72.867919,11,VABB,300,2.6,22000,3000,28.0,15.0,,0,0,0,0,0
2024-03-10T15:30:00,19.088686,72.867919,11,VABB,290,3.1,22000,3000,28.0,16.0,,0,0,0,0,0
2024-03-10T16:00:00,19.088686,72.867919,11,VABB,280,2.6,22000,3000,27.0,17.0,,0,0,0,0,0
2024-03-10T16:30:00,19.088686,72.867919,11,VABB,270,2.6,22000,2500,27.0,18.0,,0,0,0,0,0
2024-03-10T17:00:00,19.088686,72.867919,11,VABB,270,2.6,22000,2500,27.0,18.0,,0,0,0,0,0
2024-03-10T17:30:00,19.088686,72.867919,11,VABB,280,3.6,22000,2500,28.0,16.0,,0,0,0,0,0
2024-03-10T18:00:00,19.088686,72.867919,11,VABB,,0.0,,2000,24.6,18.6,1015.3,0,0,0,0,0
2024-03-10T18:00:00,19.088686,72.867919,11,VABB,0,0.0,22000,2500,27.0,16.0,,0,0,0,0,0
2024-03-10T18:30:00,19.088686,72.867919,11,VABB,0,0.0,22000,2500,27.0,15.0,,0,0,0,0,0
2024-03-10T19:00:00,19.088686,72.867919,11,VABB,320,1.5,22000,2500,27.0,14.0,,0,0,0,0,0
2024-03-10T19:30:00,19.088686,72.867919,11,VABB,0,0.0,22000,2500,26.0,14.0,,0,0,0,0,0
2024-03-10T20:00:00,19.088686,72.867919,11,VABB,0,0.0,22000,2500,26.0,14.0,,0,0,0,0,0
2024-03-10T20:30:00,19.088686,72.867919,11,VABB,280,1.5,22000,2500,26.0,15.0,,0,0,0,0,0
2024-03-10T21:00:00,19.088686,72.867919,11,VABB,,0.0,,2000,22.2,17.0,1014.2,0,0,0,0,0
2024-03-10T21:00:00,19.088686,72.867919,11,VABB,310,1.5,22000,2500,26.0,15.0,,0,0,0,0,0
2024-03-10T21:30:00,19.088686,72.867919,11,VABB,70,1.5,22000,2500,26.0,15.0,,0,0,0,0,0
2024-03-10T22:00:00,19.088686,72.867919,11,VABB,350,2.1,22000,2500,25.0,14.0,,0,0,0,0,0
2024-03-10T22:30:00,19.088686,72.867919,11,VABB,330,1.5,22000,2500,26.0,9.0,,0,0,0,0,0
2024-03-10T23:00:00,19.088686,72.867919,11,VABB,350,2.1,22000,2500,26.0,8.0,,0,0,0,0,0
2024-03-10T23:30:00,19.088686,72.867919,11,VABB,330,2.1,22000,2500,26.0,9.0,,0,0,0,0,0
2024-03-11T00:00:00,19.088686,72.867919,11,VABB,,0.0,,2000,20.6,14.5,1014.0,0,0,0,0,0
2024-03-11T00:00:00,19.088686,72.867919,11,VABB,350,2.6,22000,2500,26.0,7.0,,0,0,0,0,0
2024-03-11T00:30:00,19.088686,72.867919,11,VABB,0,0.0,22000,2500,26.0,9.0,,0,0,0,0,0
2024-03-11T01:00:00,19.088686,72.867919,11,VABB,40,1.5,22000,2500,25.0,8.0,,0,0,0,0,0
2024-03-11T01:30:00,19.088686,72.867919,11,VABB,80,2.6,22000,2500,26.0,9.0,,0,0,0,0,0
2024-03-11T02:00:00,19.088686,72.867919,11,VABB,70,2.1,22000,2100,26.0,10.0,,0,0,0,0,0
2024-03-11T02:30:00,19.088686,72.867919,11,VABB,80,1.5,22000,2100,27.0,10.0,,0,0,0,0,0
2024-03-11T03:00:00,19.088686,72.867919,11,VABB,,0.0,,2000,21.6,13.7,1016.1,0,0,0,0,0
2024-03-11T03:00:00,19.088686,72.867919,11,VABB,150,1.5,22000,2200,28.0,9.0,,0,0,0,0,0
2024-03-11T03:30:00,19.088686,72.867919,11,VABB,80,1.5,22000,2200,29.0,9.0,,0,0,0,0,0
2024-03-11T04:00:00,19.088686,72.867919,11,VABB,80,2.6,22000,2500,30.0,7.0,,0,0,0,0,0
2024-03-11T04:30:00,19.088686,72.867919,11,VABB,100,1.5,22000,2500,31.0,8.0,,0,0,0,0,0
2024-03-11T05:00:00,19.088686,72.867919,11,VABB,60,2.6,22000,2500,32.0,7.0,,0,0,0,0,0
2024-03-11T05:30:00,19.088686,72.867919,11,VABB,60,3.1,22000,2500,33.0,7.0,,0,0,0,0,0
2024-03-11T06:00:00,19.088686,72.867919,11,VABB,270,1.5,,2000,33.8,13.9,1015.9,0,0,0,0,0
2024-03-11T06:00:00,19.088686,72.867919,11,VABB,80,4.1,22000,2500,35.0,7.0,,0,0,0,0,0
2024-03-11T06:30:00,19.088686,72.867919,11,VABB,270,4.1,22000,2500,36.0,6.0,,0,0,0,0,0
2024-03-11T07:00:00,19.088686,72.867919,11,VABB,270,5.1,22000,3000,33.0,13.0,,0,0,0,0,0
2024-03-11T07:30:00,19.088686,72.867919,11,VABB,260,6.2,22000,3000,33.0,15.0,,0,0,0,0,0
2024-03-11T08:00:00,19.088686,72.867919,11,VABB,270,6.2,22000,3000,32.0,16.0,,0,0,0,0,0
2024-03-11T08:30:00,19.088686,72.867919,11,VABB,260,5.7,22000,3500,31.0,18.0,,0,0,0,0,0
2024-03-11T09:00:00,19.088686,72.867919,11,VABB,320,2.1,,2000,32.4,15.4,1013.6,0,0,0,0,0
2024-03-11T09:00:00,19.088686,72.867919,11,VABB,290,4.6,22000,4000,33.0,14.0,,0,0,0,0,0
2024-03-11T09:30:00,19.088686,72.867919,11,VABB,290,4.6,22000,4000,33.0,16.0,,0,0,0,0,0
2024-03-11T10:00:00,19.088686,72.867919,11,VABB,290,6.2,22000,4000,33.0,13.0,,0,0,0,0,0
2024-03-11T10:30:00,19.088686,72.867919,11,VABB,300,6.2,22000,4000,33.0,13.0,,0,0,0,0,0
2024-03-11T11:00:00,19.088686,72.867919,11,VABB,310,5.1,22000,4000,32.0,14.0,,0,0,0,0,0
2024-03-11T11:30:00,19.088686,72.867919,11,VABB,310,5.1,22000,4000,33.0,14.0,,0,0,0,0,0
2024-03-11T12:00:00,19.088686,72.867919,11,VABB,320,3.1,,2000,32.2,14.7,1012.3,0,0,0,0,0
2024-03-11T12:00:00,19.088686,72.867919,11,VABB,310,5.7,22000,4000,33.0,13.0,,0,0,0,0,0
2024-03-11T12:30:00,19.088686,72.867919,11,VABB,320,4.6,22000,4000,32.0,14.0,,0,0,0,0,0
2024-03-11T13:00:00,19.088686,72.867919,11,VABB,300,3.6,22000,4000,31.0,14.0,,0,0,0,0,0
2024-03-11T13:30:00,19.088686,72.867919,11,VABB,290,2.1,22000,3500,30.0,14.0,,0,0,0,0,0
2024-03-11T14:00:00,19.088686,72.867919,11,VABB,340,2.1,22000,3000,30.0,13.0,,0,0,0,0,0
2024-03-11T14:30:00,19.088686,72.867919,11,VABB,20,3.6,22000,3000,30.0,13.0,,0,0,0,0,0
2024-03-11T15:00:00,19.088686,72.867919,11,VABB,320,3.1,,2000,29.0,14.1,1013.8,0,0,0,0,0
2024-03-11T15:00:00,19.088686,72.867919,11,VABB,330,1.5,22000,3000,30.0,12.0,,0,0,0,0,0
2024-03-11T15:30:00,19.088686,72.867919,11,VABB,360,2.1,22000,3000,30.0,11.0,,0,0,0,0,0
2024-03-11T16:00:00,19.088686,72.867919,11,VABB,50,1.5,22000,3000,29.0,11.0,,0,0,0,0,0
2024-03-11T16:30:00,19.088686,72.867919,11,VABB,0,0.0,22000,3000,31.0,10.0,,0,0,0,0,0
2024-03-11T17:00:00,19.088686,72.867919,11,VABB,330,2.1,22000,3000,30.0,10.0,,0,0,0,0,0
2024-03-11T17:30:00,19.088686,72.867919,11,VABB,340,3.6,22000,3000,30.0,9.0,,0,0,0,0,0
2024-03-11T18:00:00,19.088686,72.867919,11,VABB,,0.0,,2000,25.0,15.0,1014.8,0,0,0,0,0
2024-03-11T18:00:00,19.088686,72.867919,11,VABB,320,3.6,22000,3000,30.0,9.0,,0,0,0,0,0
2024-03-11T18:30:00,19.088686,72.867919,11,VABB,30,1.5,22000,3000,29.0,10.0,,0,0,0,0,0
2024-03-11T19:00:00,19.088686,72.867919,11,VABB,0,0.0,22000,3000,29.0,10.0,,0,0,0,0,0
2024-03-11T19:30:00,19.088686,72.867919,11,VABB,330,2.1,22000,3000,28.0,11.0,,0,0,0,0,0
2024-03-11T20:00:00,19.088686,72.867919,11,VABB,340,3.1,22000,2500,28.0,12.0,,0,0,0,0,0
2024-03-11T20:30:00,19.088686,72.867919,11,VABB,140,2.1,22000,2500,27.0,14.0,,0,0,0,0,0
2024-03-11T21:00:00,19.088686,72.867919,11,VABB,,0.0,,2000,26.0,18.1,1013.5,0,0,0,0,0
2024-03-11T21:00:00,19.088686,72.867919,11,VABB,320,3.1,22000,2500,27.0,17.0,,0,0,0,0,0
2024-03-11T21:30:00,19.088686,72.867919,11,VABB,350,4.1,22000,2500,27.0,17.0,,0,0,0,0,0
2024-03-11T22:00:00,19.088686,72.867919,11,VABB,10,2.6,22000,2500,26.0,17.0,,0,0,0,0,0
2024-03-11T22:30:00,19.088686,72.867919,11,VABB,50,1.5,22000,2500,26.0,16.0,,0,0,0,0,0
2024-03-11T23:00:00,19.088686,72.867919,11,VABB,350,3.6,22000,2500,26.0,16.0,,0,0,0,0,0
2024-03-11T23:30:00,19.088686,72.867919,11,VABB,340,2.1,22000,2500,26.0,14.0,,0,0,0,0,0
2024-03-12T00:00:00,19.088686,72.867919,11,VABB,,0.0,,2000,23.2,16.3,1012.9,0,0,0,0,0
2024-03-12T00:00:00,19.088686,72.867919,11,VABB,340,3.1,22000,2500,27.0,13.0,,0,0,0,0,0
2024-03-12T00:30:00,19.088686,72.867919,11,VABB,0,0.0,22000,2500,27.0,11.0,,0,0,0,0,0
2024-03-12T01:00:00,19.088686,72.867919,11,VABB,30,3.1,22000,2500,28.0,10.0,,0,0,0,0,0
2024-03-12T01:30:00,19.088686,72.867919,11,VABB,30,2.6,22000,2500,28.0,10.0,,0,0,0,0,0
2024-03-12T02:00:00,19.088686,72.867919,11,VABB,10,2.6,22000,2500,28.0,10.0,,0,0,0,0,0
2024-03-12T02:30:00,19.088686,72.867919,11,VABB,340,3.1,22000,2500,28.0,11.0,,0,0,0,0,0
2024-03-12T03:00:00,19.088686,72.867919,11,VABB,,0.0,,2000,23.8,14.8,1014.8,0,0,0,0,0
2024-03-12T03:00:00,19.088686,72.867919,11,VABB,340,2.6,22000,2500,29.0,12.0,,0,0,0,0,0
2024-03-12T03:30:00,19.088686,72.867919,11,VABB,350,2.6,22000,2500,29.0,11.0,,0,0,0,0,0
2024-03-12T04:00:00,19.088686,72.867919,11,VABB,360,3.1,22000,2500,30.0,11.0,,0,0,0,0,0
2024-03-12T04:30:00,19.088686,72.867919,11,VABB,340,2.6,22000,3000,32.0,10.0,,0,0,0,0,0
2024-03-12T05:00:00,19.088686,72.867919,11,VABB,280,2.1,22000,3000,33.0,10.0,,0,0,0,0,0
2024-03-12T05:30:00,19.088686,72.867919,11,VABB,90,5.1,22000,3000,34.0,9.0,,0,0,0,0,0
2024-03-12T06:00:00,19.088686,72.867919,11,VABB,,0.0,,2000,34.2,12.6,1015.2,0,0,0,0,0
2024-03-12T06:00:00,19.088686,72.867919,11,VABB,90,3.1,22000,3000,35.0,9.0,,0,0,0,0,0
2024-03-12T06:30:00,19.088686,72.867919,11,VABB,50,2.6,22000,3000,35.0,9.0,,0,0,0,0,0
2024-03-12T07:00:00,19.088686,72.867919,11,VABB,260,4.1,22000,3500,35.0,16.0,,0,0,0,0,0
2024-03-12T07:30:00,19.088686,72.867919,11,VABB,250,5.7,22000,4000,33.0,15.0,,0,0,0,0,0
2024-03-12T08:00:00,19.088686,72.867919,11,VABB,280,4.6,22000,4000,34.0,15.0,,0,0,0,0,0
2024-03-12T08:30:00,19.088686,72.867919,11,VABB,290,6.7,22000,3500,33.0,15.0,,0,0,0,0,0
2024-03-12T09:00:00,19.088686,72.867919,11,VABB,320,1.5,,2000,33.2,18.5,1013.0,0,0,0,0,0
2024-03-12T09:00:00,19.088686,72.867919,11,VABB,310,5.1,22000,3500,34.0,16.0,,0,0,0,0,0
2024-03-12T09:30:00,19.088686,72.867919,11,VABB,300,5.7,22000,3500,33.0,15.0,,0,0,0,0,0
2024-03-12T10:00:00,19.088686,72.867919,11,VABB,310,4.1,22000,3500,34.0,16.0,,0,0,0,0,0
2024-03-12T10:30:00,19.088686,72.867919,11,VABB,310,6.7,22000,3500,34.0,16.0,,0,0,0,0,0
2024-03-12T11:00:00,19.088686,72.867919,11,VABB,330,5.7,22000,4000,34.0,15.0,,0,0,0,0,1
2024-03-12T11:30:00,19.088686,72.867919,11,VABB,310,5.1,22000,4000,34.0,15.0,,0,0,0,0,0
2024-03-12T12:00:00,19.088686,72.867919,11,VABB,320,1.5,,2000,32.2,17.2,1011.5,0,0,0,0,0
2024-03-12T12:00:00,19.088686,72.867919,11,VABB,300,4.6,22000,4000,33.0,16.0,,0,0,0,0,0
2024-03-12T12:30:00,19.088686,72.867919,11,VABB,290,4.6,22000,4000,31.0,16.0,,0,0,0,0,0
2024-03-12T13:00:00,19.088686,72.867919,11,VABB,320,2.6,22000,4000,31.0,17.0,,0,0,0,0,0
2024-03-12T13:30:00,19.088686,72.867919,11,VABB,320,3.6,22000,3000,31.0,15.0,,0,0,0,0,0
2024-03-12T14:00:00,19.088686,72.867919,11,VABB,340,3.1,22000,3000,31.0,15.0,,0,0,0,0,0
2024-03-12T14:30:00,19.088686,72.867919,11,VABB,330,4.1,22000,3000,30.0,15.0,,0,0,0,0,0
2024-03-12T15:00:00,19.088686,72.867919,11,VABB,320,1.5,,2000,28.8,16.7,1012.5,0,0,0,0,0
2024-03-12T15:00:00,19.088686,72.867919,11,VABB,340,3.1,22000,3000,30.0,16.0,,0,0,0,0,0
2024-03-12T15:03:00,19.088686,72.867919,11,VABB,340,3.1,22000,3000,30.0,16.0,,0,0,0,0,0
2024-03-12T15:30:00,19.088686,72.867919,11,VABB,340,4.1,22000,2500,31.0,15.0,,0,0,0,0,0
2024-03-12T16:00:00,19.088686,72.867919,11,VABB,330,4.1,22000,2500,31.0,13.0,,0,0,0,0,0
2024-03-12T16:30:00,19.088686,72.867919,11,VABB,190,3.6,22000,2500,31.0,11.0,,0,0,0,0,0
2024-03-12T17:00:00,19.088686,72.867919,11,VABB,40,3.6,22000,2500,32.0,11.0,,0,0,0,0,0
2024-03-12T17:30:00,19.088686,72.867919,11,VABB,20,2.1,22000,2500,31.0,12.0,,0,0,0,0,0
2024-03-12T18:00:00,19.088686,72.867919,11,VABB,,0.0,,2000,26.4,14.8,1013.0,0,0,0,0,0
2024-03-12T18:00:00,19.088686,72.867919,11,VABB,260,4.1,22000,2500,29.0,12.0,,0,0,0,0,0
2024-03-12T18:30:00,19.088686,72.867919,11,VABB,320,3.1,22000,2500,28.0,19.0,,0,0,0,0,0
2024-03-12T19:00:00,19.088686,72.867919,11,VABB,30,2.6,22000,2500,27.0,22.0,,0,1,0,0,0
2024-03-12T19:30:00,19.088686,72.867919,11,VABB,300,2.6,22000,2500,27.0,22.0,,0,1,0,0,0
2024-03-12T20:00:00,19.088686,72.867919,11,VABB,290,3.6,22000,2500,26.0,23.0,,0,1,0,0,0
2024-03-12T20:30:00,19.088686,72.867919,11,VABB,300,3.1,22000,2500,26.0,23.0,,1,0,0,0,0
2024-03-12T21:00:00,19.088686,72.867919,11,VABB,360,1.5,,2000,25.6,22.0,1012.3,0,0,0,0,0
2024-03-12T22:00:00,19.088686,72.867919,11,VABB,330,2.1,22000,2500,26.0,23.0,,1,0,0,0,0
2024-03-12T22:30:00,19.088686,72.867919,11,VABB,0,0.0,22000,2500,26.0,23.0,,1,0,0,0,0
2024-03-12T23:00:00,19.088686,72.867919,11,VABB,20,1.5,22000,2500,26.0,22.0,,1,0,0,0,0
2024-03-12T23:30:00,19.088686,72.867919,11,VABB,350,1.5,22000,2500,26.0,22.0,,1,0,0,0,0
2024-03-13T00:00:00,19.088686,72.867919,11,VABB,,0.0,,2000,25.0,21.1,1012.3,0,0,0,0,0
2024-03-13T00:00:00,19.088686,72.867919,11,VABB,10,1.5,22000,2500,26.0,22.0,,1,0,0,0,0
2024-03-13T00:30:00,19.088686,72.867919,11,VABB,310,1.5,22000,2500,26.0,22.0,,1,0,0,0,0
2024-03-13T01:00:00,19.088686,72.867919,11,VABB,320,2.1,22000,2500,26.0,22.0,,1,0,0,0,0
2024-03-13T01:30:00,19.088686,72.867919,11,VABB,20,2.6,22000,2500,26.0,23.0,,1,0,0,0,0
2024-03-13T02:00:00,19.088686,72.867919,11,VABB,360,2.1,22000,1800,26.0,22.0,,1,0,0,0,0
2024-03-13T02:30:00,19.088686,72.867919,11,VABB,30,2.6,22000,2100,26.0,23.0,,1,0,0,0,0
2024-03-13T03:00:00,19.088686,72.867919,11,VABB,360,1.5,,2000,26.0,20.8,1014.5,0,0,0,0,0
2024-03-13T03:00:00,19.088686,72.867919,11,VABB,30,3.1,22000,2500,27.0,22.0,,0,1,0,0,0
2024-03-13T03:30:00,19.088686,72.867919,11,VABB,20,4.1,22000,2500,28.0,20.0,,0,1,0,0,0
2024-03-13T04:00:00,19.088686,72.867919,11,VABB,40,4.1,22000,3000,29.0,18.0,,0,0,0,0,0
2024-03-13T04:30:00,19.088686,72.867919,11,VABB,330,3.1,22000,3000,30.0,15.0,,0,0,0,0,0
2024-03-13T05:00:00,19.088686,72.867919,11,VABB,50,3.6,22000,3000,31.0,16.0,,0,0,0,0,0
2024-03-13T05:30:00,19.088686,72.867919,11,VABB,360,3.6,22000,3000,30.0,15.0,,0,0,0,0,0
2024-03-13T06:00:00,19.088686,72.867919,11,VABB,360,3.1,,2000,31.2,14.5,1015.1,0,0,0,0,0
2024-03-13T06:00:00,19.088686,72.867919,11,VABB,310,3.6,22000,3500,31.0,15.0,,0,0,0,0,0
2024-03-13T06:30:00,19.088686,72.867919,11,VABB,290,5.1,22000,3500,31.0,16.0,,0,0,0,0,0
2024-03-13T07:00:00,19.088686,72.867919,11,VABB,280,4.6,22000,3500,31.0,17.0,,0,0,0,0,0
2024-03-13T07:30:00,19.088686,72.867919,11,VABB,280,5.1,22000,3500,30.0,17.0,,0,0,0,0,0
2024-03-13T08:00:00,19.088686,72.867919,11,VABB,280,5.7,22000,3500,31.0,18.0,,0,0,0,0,0
2024-03-13T08:30:00,19.088686,72.867919,11,VABB,270,5.7,22000,4000,31.0,18.0,,0,0,0,0,0
2024-03-13T09:00:00,19.088686,72.867919,11,VABB,320,2.6,,2000,31.6,17.5,1012.9,0,0,0,0,0
2024-03-13T09:00:00,19.088686,72.867919,11,VABB,290,6.2,22000,4000,30.0,18.0,,0,0,0,0,0
2024-03-13T09:30:00,19.088686,72.867919,11,VABB,290,4.1,22000,4000,31.0,19.0,,0,0,0,0,1
2024-03-13T10:00:00,19.088686,72.867919,11,VABB,310,4.6,22000,4000,31.0,17.0,,0,0,0,0,0
2024-03-13T10:30:00,19.088686,72.867919,11,VABB,290,3.6,22000,4000,30.0,18.0,,0,0,0,0,1
2024-03-13T11:00:00,19.088686,72.867919,11,VABB,300,4.1,22000,4000,30.0,17.0,,0,0,0,0,0
2024-03-13T11:30:00,19.088686,72.867919,11,VABB,300,5.1,22000,4000,31.0,17.0,,0,0,0,0,0
2024-03-13T12:00:00,19.088686,72.867919,11,VABB,320,2.1,,2000,30.0,17.4,1011.1,0,0,0,0,0
2024-03-13T12:00:00,19.088686,72.867919,11,VABB,310,4.1,22000,4000,30.0,18.0,,0,0,0,0,0
2024-03-13T12:30:00,19.088686,72.867919,11,VABB,300,4.6,22000,4000,30.0,16.0,,0,0,0,0,0
2024-03-13T13:00:00,19.088686,72.867919,11,VABB,310,3.6,22000,3000,29.0,16.0,,0,0,0,0,0
2024-03-13T13:30:00,19.088686,72.867919,11,VABB,320,2.6,22000,3000,29.0,15.0,,0,0,0,0,0
2024-03-13T14:00:00,19.088686,72.867919,11,VABB,290,3.6,22000,3000,28.0,15.0,,0,0,0,0,0
2024-03-13T14:30:00,19.088686,72.867919,11,VABB,320,2.6,22000,3000,29.0,15.0,,0,0,0,0,0
2024-03-13T15:00:00,19.088686,72.867919,11,VABB,320,1.5,,2000,27.2,15.8,1012.8,0,0,0,0,0
2024-03-13T15:00:00,19.088686,72.867919,11,VABB,330,2.1,22000,3000,28.0,16.0,,0,0,0,0,0
2024-03-13T15:30:00,19.088686,72.867919,11,VABB,330,2.1,22000,3000,29.0,16.0,,0,0,0,0,0
2024-03-13T16:00:00,19.088686,72.867919,11,VABB,350,3.1,22000,3000,28.0,16.0,,0,0,0,0,0
2024-03-13T16:30:00,19.088686,72.867919,11,VABB,330,2.6,22000,3000,28.0,15.0,,0,0,0,0,0
2024-03-13T17:00:00,19.088686,72.867919,11,VABB,340,2.1,22000,3000,28.0,16.0,,0,0,0,0,0
2024-03-13T17:30:00,19.088686,72.867919,11,VABB,310,3.1,22000,3000,27.0,20.0,,0,0,0,0,0
2024-03-13T18:00:00,19.088686,72.867919,11,VABB,,0.0,,2000,25.4,20.2,1014.1,0,0,0,0,0
2024-03-13T18:00:00,19.088686,72.867919,11,VABB,310,4.1,22000,3000,26.0,22.0,,0,1,0,0,0
2024-03-13T18:30:00,19.088686,72.867919,11,VABB,300,3.6,22000,3000,26.0,21.0,,0,1,0,0,0
2024-03-13T19:00:00,19.088686,72.867919,11,VABB,320,4.6,22000,3000,26.0,21.0,,0,1,0,0,0
2024-03-13T19:30:00,19.088686,72.867919,11,VABB,310,3.1,22000,3000,25.0,21.0,,0,1,0,0,0
2024-03-13T20:00:00,19.088686,72.867919,11,VABB,320,3.1,22000,3000,25.0,22.0,,0,1,0,0,0
2024-03-13T20:30:00,19.088686,72.867919,11,VABB,330,2.6,22000,3000,25.0,22.0,,0,1,0,0,0
2024-03-13T21:00:00,19.088686,72.867919,11,VABB,,0.0,,2000,24.2,20.2,1012.9,0,0,0,0,0
2024-03-13T21:00:00,19.088686,72.867919,11,VABB,40,2.6,22000,3000,25.0,21.0,,0,1,0,0,0
2024-03-13T21:30:00,19.088686,72.867919,11,VABB,20,1.5,22000,2500,25.0,20.0,,0,1,0,0,0
2024-03-13T22:00:00,19.088686,72.867919,11,VABB,340,1.5,22000,2500,25.0,20.0,,0,1,0,0,0
2024-03-13T22:30:00,19.088686,72.867919,11,VABB,0,0.0,22000,2500,25.0,20.0,,0,1,0,0,0
2024-03-13T23:00:00,19.088686,72.867919,11,VABB,30,1.5,22000,2500,25.0,19.0,,0,1,0,0,0
2024-03-13T23:30:00,19.088686,72.867919,11,VABB,10,1.5,22000,2500,25.0,19.0,,0,1,0,0,0
2024-03-14T00:00:00,19.088686,72.867919,11,VABB,,0.0,,2000,22.0,18.8,1013.0,0,0,0,0,0
2024-03-14T00:00:00,19.088686,72.867919,11,VABB,340,1.5,22000,2500,25.0,20.0,,0,1,0,0,0
2024-03-14T00:30:00,19.088686,72.867919,11,VABB,10,2.1,22000,2500,25.0,21.0,,1,0,0,0,0
2024-03-14T01:00:00,19.088686,72.867919,11,VABB,50,2.6,2000,2500,25.0,22.0,,1,0,0,0,0
2024-03-14T01:30:00,19.088686,72.867919,11,VABB,90,1.5,2000,2500,25.0,22.0,,1,0,0,0,0
2024-03-14T02:00:00,19.088686,72.867919,11,VABB,60,2.6,2000,2100,25.0,23.0,,1,0,0,0,0
2024-03-14T02:30:00,19.088686,72.867919,11,VABB,130,2.1,2000,2500,25.0,22.0,,0,1,0,0,0
2024-03-14T03:00:00,19.088686,72.867919,11,VABB,,0.0,22000,2000,24.6,21.3,1015.4,0,0,0,0,0
2024-03-14T03:00:00,19.088686,72.867919,11,VABB,110,2.1,2000,2500,26.0,22.0,,0,1,0,0,0
2024-03-14T03:30:00,19.088686,72.867919,11,VABB,50,3.1,2000,2500,27.0,22.0,,0,1,0,0,0
2024-03-14T04:00:00,19.088686,72.867919,11,VABB,350,2.6,2000,2500,27.0,22.0,,0,1,0,0,0
2024-03-14T04:29:00,19.088686,72.867919,11,VABB,60,1.5,2000,2500,28.0,21.0,,0,1,0,0,0
2024-03-14T05:00:00,19.088686,72.867919,11,VABB,40,2.6,22000,2500,30.0,21.0,,0,1,0,0,0
2024-03-14T05:30:00,19.088686,72.867919,11,VABB,240,4.1,22000,3000,30.0,22.0,,0,1,0,0,0
2024-03-14T06:00:00,19.088686,72.867919,11,VABB,,0.0,,2000,30.4,21.2,1015.4,0,0,0,0,0
2024-03-14T06:00:00,19.088686,72.867919,11,VABB,240,6.2,22000,3000,29.0,22.0,,0,1,0,0,0
2024-03-14T06:30:00,19.088686,72.867919,11,VABB,270,5.1,22000,3000,30.0,22.0,,0,1,0,0,0
2024-03-14T07:00:00,19.088686,72.867919,11,VABB,230,4.6,22000,3000,31.0,21.0,,0,1,0,0,0
2024-03-14T07:30:00,19.088686,72.867919,11,VABB,290,6.2,22000,3000,31.0,21.0,,0,0,0,0,0
2024-03-14T08:00:00,19.088686,72.867919,11,VABB,310,5.7,22000,3000,31.0,20.0,,0,0,0,0,0
2024-03-14T08:30:00,19.088686,72.867919,11,VABB,260,6.2,22000,3000,30.0,20.0,,0,0,0,0,0
2024-03-14T09:00:00,19.088686,72.867919,11,VABB,320,4.1,,2000,31.0,19.4,1012.6,0,0,0,0,0
2024-03-14T09:00:00,19.088686,72.867919,11,VABB,270,4.6,22000,3000,31.0,19.0,,0,0,0,0,1
2024-03-14T09:30:00,19.088686,72.867919,11,VABB,270,6.7,22000,3000,30.0,19.0,,0,0,0,0,0
2024-03-14T10:00:00,19.088686,72.867919,11,VABB,270,6.2,22000,3000,30.0,19.0,,0,0,0,0,0
2024-03-14T10:30:00,19.088686,72.867919,11,VABB,300,5.7,22000,3500,31.0,18.0,,0,0,0,0,0
2024-03-14T11:00:00,19.088686,72.867919,11,VABB,310,5.1,22000,3500,30.0,18.0,,0,0,0,0,0
2024-03-14T11:30:00,19.088686,72.867919,11,VABB,330,4.1,22000,4000,30.0,16.0,,0,0,0,0,0
2024-03-14T12:00:00,19.088686,72.867919,11,VABB,320,3.1,,2000,29.4,18.2,1011.7,0,0,0,0,0
2024-03-14T12:00:00,19.088686,72.867919,11,VABB,320,4.6,22000,4000,29.0,16.0,,0,0,0,0,0
2024-03-14T12:30:00,19.088686,72.867919,11,VABB,300,4.1,22000,4000,30.0,16.0,,0,0,0,0,0
2024-03-14T13:00:00,19.088686,72.867919,11,VABB,300,3.6,22000,3500,29.0,16.0,,0,0,0,0,0
2024-03-14T13:30:00,19.088686,72.867919,11,VABB,320,4.1,22000,3500,28.0,17.0,,0,0,0,0,0
2024-03-14T14:00:00,19.088686,72.867919,11,VABB,310,2.1,22000,3500,27.0,17.0,,0,0,0,0,0
2024-03-14T14:30:00,19.088686,72.867919,11,VABB,280,2.6,22000,3000,27.0,17.0,,0,0,0,0,0
2024-03-14T15:00:00,19.088686,72.867919,11,VABB,,0.0,,2000,25.6,17.7,1012.7,0,0,0,0,0
2024-03-14T15:00:00,19.088686,72.867919,11,VABB,300,2.6,22000,3000,27.0,17.0,,0,0,0,0,0
2024-03-14T15:30:00,19.088686,72.867919,11,VABB,310,3.1,22000,3000,27.0,18.0,,0,0,0,0,0
2024-03-14T16:00:00,19.088686,72.867919,11,VABB,300,3.1,22000,3000,27.0,19.0,,0,0,0,0,0
2024-03-14T16:30:00,19.088686,72.867919,11,VABB,350,3.1,22000,3000,27.0,19.0,,0,0,0,0,0
2024-03-14T17:00:00,19.088686,72.867919,11,VABB,300,3.1,22000,3000,26.0,19.0,,0,1,0,0,0
2024-03-14T17:30:00,19.088686,72.867919,11,VABB,320,2.1,22000,3000,26.0,20.0,,0,1,0,0,0
2024-03-14T18:00:00,19.088686,72.867919,11,VABB,,0.0,,2000,25.0,19.8,1013.7,0,0,0,0,0
2024-03-14T18:00:00,19.088686,72.867919,11,VABB,350,2.1,22000,3000,26.0,20.0,,0,1,0,0,0
2024-03-14T18:30:00,19.088686,72.867919,11,VABB,350,2.6,22000,3000,26.0,20.0,,0,1,0,0,0
2024-03-14T19:00:00,19.088686,72.867919,11,VABB,30,3.1,22000,3000,26.0,21.0,,0,1,0,0,0
2024-03-14T19:30:00,19.088686,72.867919,11,VABB,330,2.6,22000,3000,25.0,20.0,,0,1,0,0,0
2024-03-14T20:00:00,19.088686,72.867919,11,VABB,330,2.1,22000,3000,25.0,20.0,,0,1,0,0,0
2024-03-14T20:30:00,19.088686,72.867919,11,VABB,320,2.6,22000,3000,25.0,20.0,,0,1,0,0,0
2024-03-14T21:00:00,19.088686,72.867919,11,VABB,,0.0,,2000,24.0,19.0,1012.1,0,0,0,0,0
2024-03-14T21:00:00,19.088686,72.867919,11,VABB,30,2.1,22000,3000,25.0,20.0,,0,1,0,0,0
2024-03-14T21:30:00,19.088686,72.867919,11,VABB,330,2.1,22000,3000,25.0,20.0,,0,1,0,0,0
2024-03-14T22:00:00,19.088686,72.867919,11,VABB,360,2.1,22000,3000,24.0,20.0,,1,0,0,0,0
2024-03-14T22:30:00,19.088686,72.867919,11,VABB,340,1.5,22000,3000,24.0,20.0,,1,0,0,0,0
2024-03-14T23:00:00,19.088686,72.867919,11,VABB,30,2.1,22000,3000,24.0,20.0,,1,0,0,0,0
2024-03-14T23:30:00,19.088686,72.867919,11,VABB,30,2.1,22000,3000,24.0,20.0,,1,0,0,0,0
2024-03-15T00:00:00,19.088686,72.867919,11,VABB,,0.0,,2000,22.0,18.8,1011.9,0,0,0,0,0
2024-03-15T00:00:00,19.088686,72.867919,11,VABB,10,2.6,22000,2500,24.0,20.0,,1,0,0,0,0
2024-03-15T00:30:00,19.088686,72.867919,11,VABB,20,2.6,22000,2500,24.0,20.0,,1,0,0,0,0
2024-03-15T01:00:00,19.088686,72.867919,11,VABB,50,2.6,22000,2500,24.0,20.0,,1,0,0,0,0
2024-03-15T01:30:00,19.088686,72.867919,11,VABB,30,2.1,22000,2100,24.0,19.0,,1,0,0,0,0
2024-03-15T02:00:00,19.088686,72.867919,11,VABB,40,2.1,22000,2100,24.0,19.0,,0,1,0,0,0
2024-03-15T02:30:00,19.088686,72.867919,11,VABB,360,2.1,22000,2200,25.0,18.0,,0,1,0,0,0
2024-03-15T03:00:00,19.088686,72.867919,11,VABB,360,1.5,,2000,23.2,18.5,1014.5,0,0,0,0,0
2024-03-15T03:00:00,19.088686,72.867919,11,VABB,340,2.1,22000,2200,25.0,18.0,,0,1,0,0,0
2024-03-15T03:30:00,19.088686,72.867919,11,VABB,360,3.1,22000,2500,26.0,18.0,,0,1,0,0,0
2024-03-15T04:00:00,19.088686,72.867919,11,VABB,300,3.1,22000,2500,26.0,17.0,,0,1,0,0,0
2024-03-15T04:30:00,19.088686,72.867919,11,VABB,90,1.5,22000,2500,28.0,16.0,,1,0,0,0,0
2024-03-15T05:00:00,19.088686,72.867919,11,VABB,280,3.1,22000,2500,28.0,14.0,,0,0,0,0,0
2024-03-15T05:30:00,19.088686,72.867919,11,VABB,250,3.6,22000,2500,29.0,17.0,,0,0,0,0,0
2024-03-15T06:00:00,19.088686,72.867919,11,VABB,230,3.1,,2000,29.0,18.1,1013.8,0,0,0,0,0
2024-03-15T06:00:00,19.088686,72.867919,11,VABB,290,2.6,22000,2500,29.0,16.0,,0,0,0,0,0
2024-03-15T06:30:00,19.088686,72.867919,11,VABB,270,5.1,22000,3000,29.0,18.0,,0,0,0,0,0
2024-03-15T07:00:00,19.088686,72.867919,11,VABB,260,4.6,22000,3000,28.0,18.0,,0,0,0,0,0
2024-03-15T07:30:00,19.088686,72.867919,11,VABB,260,5.1,22000,3000,29.0,18.0,,0,0,0,0,0
2024-03-15T08:00:00,19.088686,72.867919,11,VABB,270,5.1,22000,3000,29.0,18.0,,0,0,0,0,0
2024-03-15T08:30:00,19.088686,72.867919,11,VABB,250,5.1,22000,3000,29.0,17.0,,0,0,0,0,0
2024-03-15T09:00:00,19.088686,72.867919,11,VABB,320,1.5,,2000,30.0,17.4,1011.8,0,0,0,0,0
2024-03-15T09:00:00,19.088686,72.867919,11,VABB,270,4.6,22000,3500,29.0,18.0,,0,0,0,0,0
2024-03-15T09:30:00,19.088686,72.867919,11,VABB,270,6.2,22000,3500,29.0,18.0,,0,0,0,0,0
2024-03-15T10:00:00,19.088686,72.867919,11,VABB,280,5.1,22000,4000,29.0,18.0,,0,0,0,0,0
2024-03-15T10:30:00,19.088686,72.867919,11,VABB,270,4.6,22000,4000,29.0,18.0,,0,0,0,0,0
2024-03-15T11:00:00,19.088686,72.867919,11,VABB,270,5.1,22000,4000,28.0,17.0,,0,0,0,0,0
2024-03-15T11:30:00,19.088686,72.867919,11,VABB,280,5.1,22000,4000,28.0,18.0,,0,0,0,0,0
2024-03-15T12:00:00,19.088686,72.867919,11,VABB,270,2.1,,2000,28.2,17.8,1010.8,0,0,0,0,0
2024-03-15T12:00:00,19.088686,72.867919,11,VABB,280,4.6,22000,4000,28.0,18.0,,0,0,0,0,0
2024-03-15T12:30:00,19.088686,72.867919,11,VABB,290,4.6,22000,4000,28.0,18.0,,0,0,0,0,0
2024-03-15T13:00:00,19.088686,72.867919,11,VABB,310,3.6,22000,4000,27.0,18.0,,0,0,0,0,0
2024-03-15T13:30:00,19.088686,72.867919,11,VABB,280,3.1,22000,3500,27.0,19.0,,0,1,0,0,0
2024-03-15T14:00:00,19.088686,72.867919,11,VABB,300,2.6,22000,3500,27.0,19.0,,0,1,0,0,0
2024-03-15T14:30:00,19.088686,72.867919,11,VABB,330,2.6,22000,3500,27.0,19.0,,0,1,0,0,0
2024-03-15T15:00:00,19.088686,72.867919,11,VABB,,0.0,,2000,25.4,19.5,1012.4,0,0,0,0,0
2024-03-15T15:00:00,19.088686,72.867919,11,VABB,340,2.6,22000,3500,26.0,19.0,,0,1,0,0,0
2024-03-15T15:30:00,19.088686,72.867919,11,VABB,300,2.6,22000,3500,26.0,20.0,,0,1,0,0,0
2024-03-15T16:00:00,19.088686,72.867919,11,VABB,320,1.5,22000,3500,26.0,20.0,,0,1,0,0,0
2024-03-15T16:30:00,19.088686,72.867919,11,VABB,340,1.5,22000,3500,26.0,19.0,,0,1,0,0,0
2024-03-15T17:00:00,19.088686,72.867919,11,VABB,50,3.1,22000,3500,27.0,20.0,,0,1,0,0,0
2024-03-15T17:30:00,19.088686,72.867919,11,VABB,30,2.1,22000,3500,26.0,20.0,,0,1,0,0,0
2024-03-15T18:00:00,19.088686,72.867919,11,VABB,,0.0,,2000,23.4,19.0,1013.0,0,0,0,0,0
2024-03-15T18:00:00,19.088686,72.867919,11,VABB,0,0.0,22000,3000,25.0,20.0,,0,1,0,0,0
2024-03-15T18:30:00,19.088686,72.867919,11,VABB,280,1.5,22000,3000,25.0,20.0,,0,1,0,0,0
2024-03-15T19:00:00,19.088686,72.867919,11,VABB,320,1.5,22000,3000,25.0,20.0,,0,1,0,0,0
2024-03-15T19:30:00,19.088686,72.867919,11,VABB,310,2.6,22000,3000,25.0,20.0,,0,1,0,0,0
2024-03-15T20:00:00,19.088686,72.867919,11,VABB,310,2.1,22000,3000,25.0,20.0,,0,1,0,0,0
2024-03-15T20:30:00,19.088686,72.867919,11,VABB,300,3.1,22000,3000,25.0,21.0,,0,1,0,0,0
2024-03-15T21:00:00,19.088686,72.867919,11,VABB,,0.0,,2000,23.0,19.9,1011.8,0,0,0,0,0
2024-03-15T21:00:00,19.088686,72.867919,11,VABB,40,2.1,22000,2500,25.0,21.0,,1,0,0,0,0
2024-03-15T21:30:00,19.088686,72.867919,11,VABB,40,3.1,22000,2500,25.0,21.0,,1,0,0,0,0
2024-03-15T22:00:00,19.088686,72.867919,11,VABB,10,2.6,22000,2500,25.0,21.0,,1,0,0,0,0
2024-03-15T22:30:00,19.088686,72.867919,11,VABB,360,2.1,22000,2500,24.0,21.0,,1,0,0,0,0
2024-03-15T23:00:00,19.088686,72.867919,11,VABB,20,2.1,22000,2500,24.0,21.0,,1,0,0,0,0
2024-03-15T23:30:00,19.088686,72.867919,11,VABB,360,1.5,22000,2500,24.0,21.0,,1,0,0,0,0
2024-03-16T00:00:00,19.088686,72.867919,11,VABB,,0.0,,2000,22.2,19.4,1011.9,0,0,0,0,0
2024-03-16T00:00:00,19.088686,72.867919,11,VABB,350,2.1,22000,2500,24.0,21.0,,1,0,0,0,0
2024-03-16T00:30:00,19.088686,72.867919,11,VABB,10,2.6,22000,2500,24.0,21.0,,1,0,0,0,0
2024-03-16T01:00:00,19.088686,72.867919,11,VABB,30,2.6,22000,2500,24.0,21.0,,1,0,0,0,0
2024-03-16T01:30:00,19.088686,72.867919,11,VABB,30,2.1,22000,2500,24.0,21.0,,1,0,0,0,0
2024-03-16T02:00:00,19.088686,72.867919,11,VABB,70,3.1,22000,2500,25.0,21.0,,1,0,0,0,0
2024-03-16T02:30:00,19.088686,72.867919,11,VABB,40,2.6,22000,2100,24.0,21.0,,1,0,0,0,0
2024-03-16T03:00:00,19.088686,72.867919,11,VABB,,0.0,22000,2000,23.4,20.3,1013.8,0,0,0,0,0
2024-03-16T03:00:00,19.088686,72.867919,11,VABB,360,2.1,22000,2100,25.0,21.0,,1,0,0,0,0
2024-03-16T03:30:00,19.088686,72.867919,11,VABB,320,2.6,22000,2500,26.0,18.0,,0,1,0,0,0
2024-03-16T04:00:00,19.088686,72.867919,11,VABB,300,1.5,22000,2500,27.0,17.0,,0,0,0,0,0
2024-03-16T04:30:00,19.088686,72.867919,11,VABB,70,2.1,22000,2500,29.0,15.0,,0,0,0,0,0
2024-03-16T05:00:00,19.088686,72.867919,11,VABB,0,0.0,22000,2500,29.0,16.0,,0,0,0,0,0
2024-03-16T05:30:00,19.088686,72.867919,11,VABB,20,2.1,22000,2500,30.0,14.0,,0,0,0,0,0
2024-03-16T06:00:00,19.088686,72.867919,11,VABB,290,1.5,,2000,30.2,18.4,1014.0,0,0,0,0,0
2024-03-16T06:00:00,19.088686,72.867919,11,VABB,260,5.1,22000,2500,29.0,18.0,,0,0,0,0,0
2024-03-16T06:30:00,19.088686,72.867919,11,VABB,310,4.1,22000,3000,31.0,17.0,,0,0,0,0,0
2024-03-16T07:00:00,19.088686,72.867919,11,VABB,280,5.7,22000,3000,31.0,17.0,,0,0,0,0,0
2024-03-16T07:30:00,19.088686,72.867919,11,VABB,300,3.6,10000,3000,31.0,16.0,,0,0,0,0,0
2024-03-16T08:00:00,19.088686,72.867919,11,VABB,290,5.1,10000,3000,31.0,16.0,,0,0,0,0,0
2024-03-16T08:30:00,19.088686,72.867919,11,VABB,290,5.1,10000,4000,32.0,17.0,,0,0,0,0,0
2024-03-16T09:00:00,19.088686,72.867919,11,VABB,320,2.1,22000,2000,31.6,16.8,1010.8,0,0,0,0,0
2024-03-16T09:00:00,19.088686,72.867919,11,VABB,290,5.7,10000,4000,31.0,15.0,,0,0,0,0,0
2024-03-16T09:30:00,19.088686,72.867919,11,VABB,290,4.6,2000,4000,31.0,16.0,,0,0,0,0,0
2024-03-16T10:00:00,19.088686,72.867919,11,VABB,310,4.6,2000,4000,31.0,17.0,,0,0,0,0,0
2024-03-16T10:30:00,19.088686,72.867919,11,VABB,300,4.6,2000,4000,31.0,16.0,,0,0,0,0,0
2024-03-16T11:00:00,19.088686,72.867919,11,VABB,290,4.6,2000,4000,31.0,17.0,,0,0,0,0,0
2024-03-16T11:30:00,19.088686,72.867919,11,VABB,280,5.1,2000,4000,30.0,16.0,,0,0,0,0,0
2024-03-16T12:00:00,19.088686,72.867919,11,VABB,320,2.1,22000,2000,30.0,16.3,1010.0,0,0,0,0,0
2024-03-16T12:00:00,19.088686,72.867919,11,VABB,300,4.6,2000,4000,30.0,16.0,,0,0,0,0,0
2024-03-16T12:30:00,19.088686,72.867919,11,VABB,270,4.6,2000,4000,30.0,16.0,,0,0,0,0,0
2024-03-16T13:00:00,19.088686,72.867919,11,VABB,280,4.1,2000,4000,29.0,16.0,,0,0,0,0,0
2024-03-16T13:30:00,19.088686,72.867919,11,VABB,290,3.6,2000,3500,28.0,17.0,,0,0,0,0,0
2024-03-16T14:00:00,19.088686,72.867919,11,VABB,280,4.1,2000,3500,28.0,18.0,,0,0,0,0,0
2024-03-16T14:30:00,19.088686,72.867919,11,VABB,310,2.1,2000,3000,27.0,19.0,,0,0,0,0,0
2024-03-16T15:00:00,19.088686,72.867919,11,VABB,320,1.5,,2000,26.6,19.5,1011.8,0,0,0,0,0
2024-03-16T15:00:00,19.088686,72.867919,11,VABB,290,3.1,2000,3000,28.0,20.0,,0,1,0,0,0
2024-03-16T15:30:00,19.088686,72.867919,11,VABB,280,3.1,,3000,27.0,21.0,,0,1,0,0,0
2024-03-16T16:00:00,19.088686,72.867919,11,VABB,280,2.6,,3000,26.0,21.0,,0,1,0,0,0
2024-03-16T16:30:00,19.088686,72.867919,11,VABB,250,3.1,,3000,26.0,21.0,,0,1,0,0,0
2024-03-16T17:00:00,19.088686,72.867919,11,VABB,240,3.6,,3000,26.0,22.0,,0,1,0,0,0
2024-03-16T17:30:00,19.088686,72.867919,11,VABB,280,2.1,,3000,26.0,22.0,,0,1,0,0,0
2024-03-16T18:00:00,19.088686,72.867919,11,VABB,,0.0,,2000,25.0,21.1,1012.6,0,0,0,0,0
2024-03-16T18:00:00,19.088686,72.867919,11,VABB,270,2.6,,2500,26.0,22.0,,1,0,0,0,0
2024-03-16T18:30:00,19.088686,72.867919,11,VABB,270,2.6,,2500,26.0,22.0,,1,0,0,0,0
2024-03-16T19:00:00,19.088686,72.867919,11,VABB,300,1.5,22000,2500,26.0,22.0,,1,0,0,0,0
2024-03-16T19:30:00,19.088686,72.867919,11,VABB,0,0.0,22000,2500,25.0,22.0,,1,0,0,0,0
2024-03-16T20:00:00,19.088686,72.867919,11,VABB,230,2.1,2000,2500,25.0,22.0,,0,1,0,0,0
2024-03-16T20:30:00,19.088686,72.867919,11,VABB,300,2.1,2000,2500,25.0,22.0,,0,1,0,0,0
2024-03-16T21:00:00,19.088686,72.867919,11,VABB,,0.0,,2000,23.0,20.2,1011.0,0,0,0,0,0
2024-03-16T21:00:00,19.088686,72.867919,11,VABB,270,1.5,2000,2500,25.0,22.0,,0,1,0,0,0
2024-03-16T21:30:00,19.088686,72.867919,11,VABB,290,1.5,2000,2500,25.0,22.0,,0,1,0,0,0
2024-03-16T22:00:00,19.088686,72.867919,11,VABB,300,2.1,2000,2500,25.0,22.0,,0,1,0,0,0
2024-03-16T22:30:00,19.088686,72.867919,11,VABB,300,2.1,22000,2500,25.0,22.0,,0,1,0,0,0
2024-03-16T23:00:00,19.088686,72.867919,11,VABB,310,2.1,22000,2500,26.0,22.0,,0,1,0,0,0
2024-03-16T23:30:00,19.088686,72.867919,11,VABB,330,1.5,22000,2500,25.0,22.0,,0,1,0,0,0
2024-03-17T00:00:00,19.088686,72.867919,11,VABB,,0.0,,2000,22.6,20.1,1011.1,0,0,0,0,0
2024-03-17T00:30:00,19.088686,72.867919,11,VABB,340,1.5,22000,2500,25.0,22.0,,0,1,0,0,0
2024-03-17T01:00:00,19.088686,72.867919,11,VABB,50,3.1,22000,2100,25.0,22.0,,0,1,0,0,0
2024-03-17T01:30:00,19.088686,72.867919,11,VABB,10,2.6,22000,2100,25.0,22.0,,1,0,0,0,0
2024-03-17T02:00:00,19.088686,72.867919,11,VABB,60,3.1,22000,2100,25.0,22.0,,1,0,0,0,0
2024-03-17T02:30:00,19.088686,72.867919,11,VABB,30,2.6,22000,2100,25.0,21.0,,1,0,0,0,0
2024-03-17T03:00:00,19.088686,72.867919,11,VABB,,0.0,22000,2000,24.0,21.0,1013.6,0,0,0,0,0
2024-03-17T03:00:00,19.088686,72.867919,11,VABB,10,2.1,22000,2100,25.0,22.0,,1,0,0,0,0
2024-03-17T03:30:00,19.088686,72.867919,11,VABB,10,3.1,22000,2500,26.0,20.0,,0,1,0,0,0
2024-03-17T04:00:00,19.088686,72.867919,11,VABB,60,2.1,10000,2500,28.0,19.0,,0,1,0,0,0
2024-03-17T04:30:00,19.088686,72.867919,11,VABB,30,2.1,10000,2500,29.0,16.0,,0,1,0,0,0
2024-03-17T05:00:00,19.088686,72.867919,11,VABB,300,2.6,22000,2500,30.0,13.0,,0,1,0,0,0
2024-03-17T05:30:00,19.088686,72.867919,11,VABB,120,2.6,22000,3000,31.0,13.0,,0,0,0,0,0
2024-03-17T06:00:00,19.088686,72.867919,11,VABB,,0.0,,2000,31.2,11.8,1013.5,0,0,0,0,0
2024-03-17T06:00:00,19.088686,72.867919,11,VABB,130,3.1,22000,3000,32.0,15.0,,0,0,0,0,0
2024-03-17T06:30:00,19.088686,72.867919,11,VABB,120,2.1,22000,3000,33.0,14.0,,0,0,0,0,0
2024-03-17T07:00:00,19.088686,72.867919,11,VABB,260,5.7,22000,3000,31.0,19.0,,0,0,0,0,0
2024-03-17T07:30:00,19.088686,72.867919,11,VABB,250,4.6,22000,3000,32.0,19.0,,0,0,0,0,0
2024-03-17T08:00:00,19.088686,72.867919,11,VABB,270,4.1,22000,3000,31.0,18.0,,0,0,0,0,0
2024-03-17T08:30:00,19.088686,72.867919,11,VABB,260,5.1,22000,3500,31.0,18.0,,0,0,0,0,0
2024-03-17T09:00:00,19.088686,72.867919,11,VABB,320,1.5,,2000,32.0,18.5,1011.3,0,0,0,0,0
2024-03-17T09:00:00,19.088686,72.867919,11,VABB,260,6.2,22000,3500,31.0,18.0,,0,0,0,0,0
2024-03-17T09:30:00,19.088686,72.867919,11,VABB,260,5.7,22000,3500,30.0,19.0,,0,0,0,0,0
2024-03-17T10:00:00,19.088686,72.867919,11,VABB,270,6.2,22000,4000,30.0,19.0,,0,0,0,0,0
2024-03-17T10:30:00,19.088686,72.867919,11,VABB,270,5.1,22000,4000,30.0,19.0,,0,0,0,0,0
2024-03-17T11:00:00,19.088686,72.867919,11,VABB,280,5.1,22000,4000,30.0,20.0,,0,0,0,0,0
2024-03-17T11:30:00,19.088686,72.867919,11,VABB,260,5.1,22000,4000,29.0,20.0,,0,0,0,0,0
2024-03-17T12:00:00,19.088686,72.867919,11,VABB,320,1.5,22000,2000,29.4,19.6,1011.2,0,0,0,0,0
2024-03-17T12:00:00,19.088686,72.867919,11,VABB,280,4.6,22000,4000,29.0,19.0,,0,0,0,0,0
2024-03-17T12:30:00,19.088686,72.867919,11,VABB,260,4.1,22000,4000,28.0,20.0,,0,1,0,0,0
2024-03-17T13:00:00,19.088686,72.867919,11,VABB,250,4.6,22000,4000,28.0,20.0,,0,1,0,0,0
2024-03-17T13:30:00,19.088686,72.867919,11,VABB,270,4.6,10000,3500,27.0,21.0,,0,1,0,0,0
2024-03-17T14:00:00,19.088686,72.867919,11,VABB,270,3.6,10000,3500,27.0,21.0,,0,1,0,0,0
2024-03-17T14:30:00,19.088686,72.867919,11,VABB,280,4.1,22000,3500,27.0,21.0,,0,1,1,0,0
2024-03-17T15:00:00,19.088686,72.867919,11,VABB,,0.0,22000,2000,27.0,21.0,1013.2,0,0,0,0,0
2024-03-17T15:00:00,19.088686,72.867919,11,VABB,260,3.6,10000,3000,27.0,21.0,,0,1,0,0,0
2024-03-17T15:30:00,19.088686,72.867919,11,VABB,250,3.6,10000,3000,27.0,21.0,,0,1,0,0,0
2024-03-17T16:00:00,19.088686,72.867919,11,VABB,260,3.1,10000,3000,27.0,21.0,,0,1,0,0,0
2024-03-17T16:30:00,19.088686,72.867919,11,VABB,250,3.6,10000,3000,27.0,22.0,,0,1,0,0,0
2024-03-17T17:00:00,19.088686,72.867919,11,VABB,250,3.1,10000,3000,27.0,22.0,,0,1,0,0,0
2024-03-17T17:30:00,19.088686,72.867919,11,VABB,220,2.6,10000,3000,27.0,22.0,,0,1,0,0,0
2024-03-17T18:00:00,19.088686,72.867919,11,VABB,,0.0,22000,2000,26.2,21.4,1013.3,0,0,0,0,0
2024-03-17T18:00:00,19.088686,72.867919,11,VABB,240,3.1,10000,3000,26.0,22.0,,0,1,0,0,0
2024-03-17T18:30:00,19.088686,72.867919,11,VABB,240,3.1,2000,3000,26.0,22.0,,0,1,0,0,0
2024-03-17T19:00:00,19.088686,72.867919,11,VABB,250,3.1,2000,3000,26.0,23.0,,0,1,0,0,0
2024-03-17T19:30:00,19.088686,72.867919,11,VABB,270,2.1,2000,3000,26.0,22.0,,0,1,0,0,0
2024-03-17T20:00:00,19.088686,72.867919,11,VABB,280,2.6,2000,2500,26.0,23.0,,0,1,0,0,0
2024-03-17T20:30:00,19.088686,72.867919,11,VABB,290,2.6,2000,2500,26.0,23.0,,0,1,0,0,0
2024-03-17T21:00:00,19.088686,72.867919,11,VABB,,0.0,22000,2000,25.4,21.8,1012.1,0,0,0,0,0
2024-03-17T21:00:00,19.088686,72.867919,11,VABB,260,1.5,2000,2500,26.0,23.0,,0,1,0,0,0
2024-03-17T21:30:00,19.088686,72.867919,11,VABB,300,2.6,2000,2500,26.0,23.0,,0,1,0,0,0
2024-03-17T22:00:00,19.088686,72.867919,11,VABB,330,2.6,2000,2500,26.0,23.0,,1,0,0,0,0
2024-03-17T22:30:00,19.088686,72.867919,11,VABB,40,2.6,2000,2500,26.0,23.0,,1,0,0,0,0
2024-03-17T23:00:00,19.088686,72.867919,11,VABB,60,2.6,2000,2500,25.0,23.0,,1,0,0,0,0
2024-03-17T23:30:00,19.088686,72.867919,11,VABB,50,2.1,2000,2500,25.0,23.0,,1,0,0,0,0
2024-03-18T00:00:00,19.088686,72.867919,11,VABB,,0.0,22000,2000,24.2,21.5,1011.6,0,0,0,0,0
2024-03-18T00:00:00,19.088686,72.867919,11,VABB,30,3.1,2000,2500,25.0,23.0,,1,0,0,0,0
2024-03-18T00:30:00,19.088686,72.867919,11,VABB,60,2.6,2000,2500,25.0,23.0,,1,0,0,0,0
2024-03-18T01:00:00,19.088686,72.867919,11,VABB,0,0.0,3048,2200,25.0,22.0,,1,0,0,0,0
2024-03-18T01:30:00,19.088686,72.867919,11,VABB,120,1.5,3048,2200,25.0,22.0,,1,0,0,0,0
2024-03-18T02:00:00,19.088686,72.867919,11,VABB,120,2.1,3048,2100,25.0,22.0,,1,0,0,0,0
2024-03-18T02:30:00,19.088686,72.867919,11,VABB,10,2.6,10000,2200,26.0,22.0,,1,0,0,0,0
2024-03-18T03:00:00,19.088686,72.867919,11,VABB,,0.0,22000,2000,25.0,21.7,1013.7,0,0,0,0,0
2024-03-18T03:00:00,19.088686,72.867919,11,VABB,0,0.0,2000,2500,26.0,22.0,,0,1,0,0,0
2024-03-18T03:30:00,19.088686,72.867919,11,VABB,40,1.5,2000,2500,27.0,23.0,,0,1,0,0,0
2024-03-18T04:00:00,19.088686,72.867919,11,VABB,320,1.5,2000,2500,27.0,22.0,,0,1,0,0,0
2024-03-18T04:30:00,19.088686,72.867919,11,VABB,50,2.6,2000,2500,29.0,22.0,,0,1,0,0,0
2024-03-18T05:00:00,19.088686,72.867919,11,VABB,230,2.6,2000,2500,29.0,22.0,,0,1,0,0,0
2024-03-18T05:30:00,19.088686,72.867919,11,VABB,240,4.1,22000,2500,30.0,22.0,,0,1,0,0,0
2024-03-18T06:00:00,19.088686,72.867919,11,VABB,,0.0,,2000,30.0,21.0,1014.3,0,0,0,0,0
2024-03-18T06:00:00,19.088686,72.867919,11,VABB,240,2.1,22000,3000,30.0,21.0,,0,1,0,0,0
2024-03-18T06:30:00,19.088686,72.867919,11,VABB,240,3.6,22000,3000,31.0,21.0,,0,0,0,0,0
2024-03-18T07:00:00,19.088686,72.867919,11,VABB,280,5.1,22000,3000,31.0,21.0,,0,0,0,0,0
2024-03-18T07:30:00,19.088686,72.867919,11,VABB,260,4.6,22000,3000,31.0,18.0,,0,0,0,0,0
2024-03-18T08:00:00,19.088686,72.867919,11,VABB,280,4.6,22000,3500,32.0,17.0,,0,0,0,0,0
2024-03-18T08:30:00,19.088686,72.867919,11,VABB,260,6.2,22000,4000,31.0,17.0,,0,0,0,0,0
2024-03-18T09:00:00,19.088686,72.867919,11,VABB,320,1.5,,2000,31.6,17.9,1010.9,0,0,0,0,0
2024-03-18T09:00:00,19.088686,72.867919,11,VABB,260,7.2,22000,4000,31.0,19.0,,0,0,0,0,0
2024-03-18T09:30:00,19.088686,72.867919,11,VABB,280,3.6,22000,4000,31.0,18.0,,0,0,0,0,1
2024-03-18T10:00:00,19.088686,72.867919,11,VABB,270,3.6,22000,4000,31.0,19.0,,0,0,0,0,1
2024-03-18T10:30:00,19.088686,72.867919,11,VABB,280,5.1,22000,4000,32.0,18.0,,0,0,0,0,0
2024-03-18T11:00:00,19.088686,72.867919,11,VABB,300,4.1,22000,4000,32.0,18.0,,0,0,0,0,0
2024-03-18T11:30:00,19.088686,72.867919,11,VABB,280,5.1,22000,4000,30.0,20.0,,0,0,0,0,0
2024-03-18T12:00:00,19.088686,72.867919,11,VABB,320,1.5,,2000,30.6,20.0,1009.6,0,0,0,0,0
2024-03-18T12:00:00,19.088686,72.867919,11,VABB,280,4.1,22000,4000,30.0,20.0,,0,0,0,0,0
2024-03-18T12:30:00,19.088686,72.867919,11,VABB,270,4.1,22000,4000,29.0,21.0,,0,0,0,0,0
2024-03-18T13:00:00,19.088686,72.867919,11,VABB,280,5.1,2000,3500,28.0,22.0,,0,0,0,0,0
2024-03-18T13:30:00,19.088686,72.867919,11,VABB,280,4.1,22000,3000,28.0,21.0,,0,1,0,0,0
2024-03-18T14:00:00,19.088686,72.867919,11,VABB,260,3.6,22000,3000,28.0,21.0,,0,1,0,0,0
2024-03-18T14:30:00,19.088686,72.867919,11,VABB,280,3.6,22000,3000,27.0,22.0,,0,1,0,0,0
2024-03-18T15:00:00,19.088686,72.867919,11,VABB,,0.0,,2000,27.0,21.9,1012.1,0,0,0,0,0
2024-03-18T15:00:00,19.088686,72.867919,11,VABB,280,3.6,22000,3000,27.0,23.0,,0,1,0,0,0
2024-03-18T15:30:00,19.088686,72.867919,11,VABB,270,3.1,22000,3000,27.0,23.0,,0,1,0,0,0
2024-03-18T16:00:00,19.088686,72.867919,11,VABB,270,3.1,22000,3000,27.0,24.0,,1,0,0,0,0
2024-03-18T16:30:00,19.088686,72.867919,11,VABB,240,2.6,22000,3000,27.0,24.0,,1,0,0,0,0
2024-03-18T17:00:00,19.088686,72.867919,11,VABB,210,3.1,22000,3000,26.0,24.0,,1,0,0,0,0
2024-03-18T17:30:00,19.088686,72.867919,11,VABB,190,2.6,22000,3000,26.0,24.0,,1,0,0,0,0
2024-03-18T18:00:00,19.088686,72.867919,11,VABB,270,1.5,22000,2000,26.0,22.4,1012.9,0,0,0,0,0
2024-03-18T18:00:00,19.088686,72.867919,11,VABB,200,2.1,22000,2500,26.0,24.0,,1,0,0,0,0
2024-03-18T18:30:00,19.088686,72.867919,11,VABB,240,1.5,2000,2500,26.0,24.0,,1,0,0,0,0
2024-03-18T19:00:00,19.088686,72.867919,11,VABB,240,3.1,2000,2500,26.0,24.0,,1,0,0,0,0
2024-03-18T19:30:00,19.088686,72.867919,11,VABB,240,3.1,2000,2500,26.0,23.0,,1,0,0,0,0
2024-03-18T20:00:00,19.088686,72.867919,11,VABB,260,2.1,2000,2500,26.0,23.0,,1,0,0,0,0
2024-03-18T20:30:00,19.088686,72.867919,11,VABB,270,2.1,2000,2500,26.0,23.0,,1,0,0,0,0
2024-03-18T21:00:00,19.088686,72.867919,11,VABB,,0.0,,2000,25.0,22.0,1012.1,0,0,0,0,0
2024-03-18T21:00:00,19.088686,72.867919,11,VABB,240,2.1,2000,2500,26.0,23.0,,1,0,0,0,0
2024-03-18T21:30:00,19.088686,72.867919,11,VABB,240,3.1,2000,2500,26.0,23.0,,1,0,0,0,0
2024-03-18T22:00:00,19.088686,72.867919,11,VABB,330,2.1,2000,2500,26.0,24.0,,1,0,0,0,0
2024-03-18T22:30:00,19.088686,72.867919,11,VABB,340,1.5,2000,2500,26.0,23.0,,1,0,0,0,0
2024-03-18T23:00:00,19.088686,72.867919,11,VABB,350,1.5,2000,2500,26.0,24.0,,1,0,0,0,0
2024-03-18T23:30:00,19.088686,72.867919,11,VABB,20,2.1,2000,2500,25.0,23.0,,1,0,0,0,0
2024-03-19T00:00:00,19.088686,72.867919,11,VABB,,0.0,,2000,23.6,21.5,1012.1,0,0,0,0,0
2024-03-19T00:00:00,19.088686,72.867919,11,VABB,90,2.1,2000,2500,25.0,23.0,,1,0,0,0,0
2024-03-19T00:30:00,19.088686,72.867919,11,VABB,80,2.6,2000,2500,25.0,23.0,,1,0,0,0,0
2024-03-19T01:00:00,19.088686,72.867919,11,VABB,90,2.6,22000,2100,25.0,23.0,,1,0,0,0,0
2024-03-19T01:30:00,19.088686,72.867919,11,VABB,100,2.6,22000,1700,25.0,23.0,,1,0,0,0,0
2024-03-19T02:00:00,19.088686,72.867919,11,VABB,90,2.6,22000,1600,25.0,23.0,,1,0,0,0,0
2024-03-19T02:30:00,19.088686,72.867919,11,VABB,110,4.1,22000,1400,25.0,23.0,,1,0,0,0,0
2024-03-19T03:00:00,19.088686,72.867919,11,VABB,,0.0,,2000,24.6,22.2,1013.7,0,0,0,0,0
2024-03-19T03:00:00,19.088686,72.867919,11,VABB,90,3.1,22000,1400,26.0,24.0,,1,0,0,0,0
2024-03-19T03:30:00,19.088686,72.867919,11,VABB,100,3.1,22000,1600,27.0,23.0,,1,0,0,0,0
2024-03-19T04:00:00,19.088686,72.867919,11,VABB,90,3.1,22000,1600,28.0,22.0,,0,1,0,0,0
2024-03-19T04:30:00,19.088686,72.867919,11,VABB,100,2.1,22000,1800,29.0,22.0,,0,1,0,0,0
2024-03-19T05:00:00,19.088686,72.867919,11,VABB,0,0.0,22000,2200,29.0,21.0,,0,1,0,0,0
2024-03-19T05:30:00,19.088686,72.867919,11,VABB,80,2.6,22000,2200,31.0,20.0,,0,1,0,0,0
2024-03-19T06:00:00,19.088686,72.867919,11,VABB,230,1.5,,2000,31.6,19.4,1014.0,0,0,0,0,0
2024-03-19T06:00:00,19.088686,72.867919,11,VABB,190,2.6,22000,2200,33.0,18.0,,0,0,0,0,0
2024-03-19T06:30:00,19.088686,72.867919,11,VABB,310,2.1,22000,2200,32.0,19.0,,0,0,0,0,0
2024-03-19T07:00:00,19.088686,72.867919,11,VABB,250,5.7,22000,2500,32.0,20.0,,0,0,0,0,0
2024-03-19T07:30:00,19.088686,72.867919,11,VABB,250,3.6,22000,2500,33.0,19.0,,0,0,0,0,1
2024-03-19T08:00:00,19.088686,72.867919,11,VABB,270,6.2,22000,2500,33.0,17.0,,0,0,0,0,0
2024-03-19T08:30:00,19.088686,72.867919,11,VABB,280,5.1,22000,3000,33.0,18.0,,0,0,0,0,0
2024-03-19T09:00:00,19.088686,72.867919,11,VABB,320,4.1,,2000,33.8,17.7,1010.4,0,0,0,0,0
2024-03-19T09:00:00,19.088686,72.867919,11,VABB,280,6.2,22000,3500,33.0,15.0,,0,0,0,0,0
2024-03-19T09:30:00,19.088686,72.867919,11,VABB,280,5.7,22000,4000,34.0,14.0,,0,0,0,0,0
2024-03-19T10:00:00,19.088686,72.867919,11,VABB,280,6.7,22000,4000,34.0,13.0,,0,0,0,0,0
2024-03-19T10:30:00,19.088686,72.867919,11,VABB,290,5.1,10000,4000,34.0,12.0,,0,0,0,0,0
2024-03-19T11:00:00,19.088686,72.867919,11,VABB,300,4.1,10000,4000,34.0,14.0,,0,0,0,0,0
2024-03-19T11:30:00,19.088686,72.867919,11,VABB,300,6.2,10000,4000,32.0,14.0,,0,0,0,0,0
2024-03-19T12:00:00,19.088686,72.867919,11,VABB,320,4.1,22000,2000,31.0,16.8,1009.4,0,0,0,0,0
2024-03-19T12:00:00,19.088686,72.867919,11,VABB,300,5.7,10000,4000,31.0,17.0,,0,0,0,0,0
2024-03-19T12:30:00,19.088686,72.867919,11,VABB,300,6.2,10000,4000,30.0,18.0,,0,0,0,0,0
2024-03-19T13:00:00,19.088686,72.867919,11,VABB,300,4.1,10000,4000,30.0,18.0,,0,0,0,0,0
2024-03-19T13:30:00,19.088686,72.867919,11,VABB,300,4.6,10000,4000,29.0,19.0,,0,0,0,0,0
2024-03-19T14:00:00,19.088686,72.867919,11,VABB,310,3.6,22000,4000,29.0,19.0,,0,0,0,0,0
2024-03-19T14:30:00,19.088686,72.867919,11,VABB,290,3.1,22000,3000,29.0,20.0,,0,0,0,0,0
2024-03-19T15:00:00,19.088686,72.867919,11,VABB,320,3.1,,2000,28.0,20.4,1010.7,0,0,0,0,0
2024-03-19T15:00:00,19.088686,72.867919,11,VABB,320,3.6,22000,3000,29.0,19.0,,0,0,0,0,0
2024-03-19T15:30:00,19.088686,72.867919,11,VABB,20,2.6,22000,3000,29.0,19.0,,0,0,0,0,0
2024-03-19T16:00:00,19.088686,72.867919,11,VABB,330,4.1,22000,3000,28.0,20.0,,0,0,0,0,0
2024-03-19T16:30:00,19.088686,72.867919,11,VABB,340,2.6,22000,3000,28.0,20.0,,0,0,0,0,0
2024-03-19T17:00:00,19.088686,72.867919,11,VABB,50,3.6,22000,3000,29.0,20.0,,0,1,0,0,0
2024-03-19T17:30:00,19.088686,72.867919,11,VABB,330,3.1,22000,3000,28.0,20.0,,0,1,0,0,0
2024-03-19T18:00:00,19.088686,72.867919,11,VABB,,0.0,,2000,25.6,20.1,1012.1,0,0,0,0,0
2024-03-19T18:00:00,19.088686,72.867919,11,VABB,0,0.0,22000,3000,28.0,19.0,,0,0,0,0,0
2024-03-19T18:30:00,19.088686,72.867919,11,VABB,90,1.5,22000,3000,28.0,16.0,,0,0,0,0,0
2024-03-19T19:00:00,19.088686,72.867919,11,VABB,0,0.0,22000,3000,28.0,16.0,,0,0,0,0,0
2024-03-19T19:30:00,19.088686,72.867919,11,VABB,150,1.5,22000,2500,28.0,16.0,,0,0,0,0,0
2024-03-19T21:00:00,19.088686,72.867919,11,VABB,,0.0,,2000,23.8,19.8,1011.4,0,0,0,0,0
2024-03-19T21:00:00,19.088686,72.867919,11,VABB,340,2.6,22000,2500,27.0,18.0,,0,0,0,0,0
2024-03-19T21:30:00,19.088686,72.867919,11,VABB,300,2.1,22000,2500,27.0,20.0,,0,1,0,0,0
2024-03-19T22:00:00,19.088686,72.867919,11,VABB,310,2.1,22000,2500,26.0,20.0,,0,1,0,0,0
2024-03-19T22:30:00,19.088686,72.867919,11,VABB,330,2.1,22000,2500,26.0,19.0,,0,1,0,0,0
2024-03-19T23:00:00,19.088686,72.867919,11,VABB,330,2.1,22000,2500,27.0,18.0,,0,0,0,0,0
2024-03-19T23:30:00,19.088686,72.867919,11,VABB,10,1.5,22000,2500,26.0,17.0,,0,0,0,0,0
2024-03-20T00:00:00,19.088686,72.867919,11,VABB,,0.0,,2000,21.8,18.3,1010.6,0,0,0,0,0
2024-03-20T00:00:00,19.088686,72.867919,11,VABB,50,3.1,22000,2500,26.0,16.0,,0,0,0,0,0
2024-03-20T00:30:00,19.088686,72.867919,11,VABB,0,0.0,22000,2100,26.0,16.0,,0,0,0,0,0
2024-03-20T01:00:00,19.088686,72.867919,11,VABB,60,2.6,22000,2100,26.0,16.0,,0,0,0,0,0
2024-03-20T01:30:00,19.088686,72.867919,11,VABB,80,2.1,22000,1700,25.0,16.0,,0,0,0,0,0
2024-03-20T02:00:00,19.088686,72.867919,11,VABB,90,2.1,22000,1500,26.0,15.0,,0,0,0,0,0
2024-03-20T02:30:00,19.088686,72.867919,11,VABB,90,1.5,22000,1800,27.0,15.0,,0,0,0,0,0
2024-03-20T03:00:00,19.088686,72.867919,11,VABB,,0.0,,2000,23.0,17.2,1013.5,0,0,0,0,0
2024-03-20T03:00:00,19.088686,72.867919,11,VABB,140,2.6,22000,2100,28.0,14.0,,0,0,0,0,0
2024-03-20T03:30:00,19.088686,72.867919,11,VABB,0,0.0,22000,2100,29.0,14.0,,0,0,0,0,0
2024-03-20T04:00:00,19.088686,72.867919,11,VABB,20,2.1,22000,2100,30.0,13.0,,0,0,0,0,0
2024-03-20T04:30:00,19.088686,72.867919,11,VABB,340,2.1,22000,2200,32.0,12.0,,0,0,0,0,0
2024-03-20T05:00:00,19.088686,72.867919,11,VABB,60,3.1,22000,2500,34.0,8.0,,0,0,0,0,0
2024-03-20T05:30:00,19.088686,72.867919,11,VABB,40,4.1,22000,2500,35.0,5.0,,0,0,0,0,0
2024-03-20T06:00:00,19.088686,72.867919,11,VABB,,0.0,,2000,34.6,,1012.9,0,0,0,0,0
2024-03-20T06:00:00,19.088686,72.867919,11,VABB,20,3.6,22000,2500,35.0,5.0,,0,0,0,0,0
2024-03-20T06:30:00,19.088686,72.867919,11,VABB,20,2.6,22000,3000,36.0,5.0,,0,0,0,0,0
2024-03-20T07:00:00,19.088686,72.867919,11,VABB,90,4.1,22000,3000,37.0,2.0,,0,0,0,0,0
2024-03-20T07:30:00,19.088686,72.867919,11,VABB,40,5.7,22000,3500,38.0,2.0,,0,0,0,0,0
2024-03-20T08:00:00,19.088686,72.867919,11,VABB,70,3.6,22000,3500,38.0,0.0,,0,0,0,0,0
2024-03-20T08:30:00,19.088686,72.867919,11,VABB,300,4.6,22000,4000,36.0,7.0,,0,0,0,0,0
2024-03-20T09:00:00,19.088686,72.867919,11,VABB,320,3.1,,2000,35.6,11.9,1009.5,0,0,0,0,0
2024-03-20T09:00:00,19.088686,72.867919,11,VABB,290,3.6,22000,4000,36.0,10.0,,0,0,0,0,1
2024-03-20T09:30:00,19.088686,72.867919,11,VABB,310,3.6,22000,4500,36.0,12.0,,0,0,0,0,1
2024-03-20T10:00:00,19.088686,72.867919,11,VABB,320,4.1,22000,5000,36.0,10.0,,0,0,0,0,1
2024-03-20T10:30:00,19.088686,72.867919,11,VABB,310,4.1,22000,5000,36.0,8.0,,0,0,0,0,1
2024-03-20T11:00:00,19.088686,72.867919,11,VABB,340,3.6,22000,5000,36.0,7.0,,0,0,0,0,1
2024-03-20T11:30:00,19.088686,72.867919,11,VABB,330,4.6,22000,5000,35.0,6.0,,0,0,0,0,1
2024-03-20T12:00:00,19.088686,72.867919,11,VABB,320,4.1,22000,2000,34.4,8.1,1008.0,0,0,0,0,0
2024-03-20T12:00:00,19.088686,72.867919,11,VABB,320,4.6,10000,4500,35.0,7.0,,0,0,0,0,0
2024-03-20T12:30:00,19.088686,72.867919,11,VABB,330,5.7,10000,4000,35.0,6.0,,0,0,0,0,0
2024-03-20T13:00:00,19.088686,72.867919,11,VABB,320,4.6,10000,4000,34.0,8.0,,0,0,0,0,0
2024-03-20T13:30:00,19.088686,72.867919,11,VABB,330,4.6,10000,3500,34.0,7.0,,0,0,0,0,0
2024-03-20T14:00:00,19.088686,72.867919,11,VABB,330,5.1,10000,3000,33.0,8.0,,0,0,0,0,0
2024-03-20T14:30:00,19.088686,72.867919,11,VABB,340,5.1,22000,3000,33.0,8.0,,0,0,0,0,0
2024-03-20T15:00:00,19.088686,72.867919,11,VABB,320,3.1,,2000,32.0,7.2,1009.2,0,0,0,0,0
2024-03-20T15:00:00,19.088686,72.867919,11,VABB,330,4.6,22000,3000,33.0,7.0,,0,0,0,0,0
2024-03-20T15:30:00,19.088686,72.867919,11,VABB,30,3.1,22000,3000,33.0,8.0,,0,0,0,0,0
2024-03-20T16:00:00,19.088686,72.867919,11,VABB,20,3.1,22000,3000,32.0,7.0,,0,0,0,0,0
2024-03-20T16:30:00,19.088686,72.867919,11,VABB,20,4.6,22000,3000,33.0,4.0,,0,0,0,0,0
2024-03-20T17:00:00,19.088686,72.867919,11,VABB,80,2.6,22000,3000,33.0,4.0,,0,0,0,0,0
2024-03-20T17:30:00,19.088686,72.867919,11,VABB,140,1.5,22000,3000,31.0,5.0,,0,0,0,0,0
2024-03-20T18:00:00,19.088686,72.867919,11,VABB,320,1.5,,2000,27.8,11.5,1010.6,0,0,0,0,0
2024-03-20T18:00:00,19.088686,72.867919,11,VABB,350,3.1,22000,2500,31.0,7.0,,0,0,0,0,0
2024-03-20T18:30:00,19.088686,72.867919,11,VABB,340,2.1,22000,2500,31.0,8.0,,0,0,0,0,0
2024-03-20T19:00:00,19.088686,72.867919,11,VABB,330,2.6,22000,2500,30.0,12.0,,0,0,0,0,0
2024-03-20T19:30:00,19.088686,72.867919,11,VABB,340,2.6,22000,2500,29.0,13.0,,0,0,0,0,0
2024-03-20T20:00:00,19.088686,72.867919,11,VABB,320,2.1,22000,2500,29.0,14.0,,0,0,0,0,0
2024-03-20T20:30:00,19.088686,72.867919,11,VABB,0,0.0,22000,2500,28.0,15.0,,0,0,0,0,0
2024-03-20T21:00:00,19.088686,72.867919,11,VABB,,0.0,22000,2000,26.2,16.1,1008.3,0,0,0,0,0
2024-03-20T21:00:00,19.088686,72.867919,11,VABB,340,3.1,22000,2500,29.0,11.0,,0,0,0,0,0
2024-03-20T21:30:00,19.088686,72.867919,11,VABB,310,3.1,22000,2500,30.0,9.0,,0,0,0,0,0
2024-03-20T22:00:00,19.088686,72.867919,11,VABB,0,0.0,22000,2500,28.0,10.0,,0,0,0,0,0
2024-03-20T22:30:00,19.088686,72.867919,11,VABB,0,0.0,22000,2500,27.0,12.0,,0,0,0,0,0
2024-03-20T23:00:00,19.088686,72.867919,11,VABB,0,0.0,22000,2500,28.0,10.0,,0,0,0,0,0
2024-03-20T23:30:00,19.088686,72.867919,11,VABB,170,2.1,22000,2500,29.0,10.0,,0,0,0,0,0
2024-03-21T00:00:00,19.088686,72.867919,11,VABB,,0.0,22000,2000,23.4,13.9,1008.5,0,0,0,0,0
2024-03-21T00:00:00,19.088686,72.867919,11,VABB,170,1.5,22000,2200,28.0,11.0,,0,0,0,0,0
2024-03-21T00:30:00,19.088686,72.867919,11,VABB,110,2.1,22000,2100,27.0,10.0,,0,0,0,0,0
2024-03-21T01:00:00,19.088686,72.867919,11,VABB,0,0.0,10000,1700,27.0,10.0,,0,0,0,0,0
2024-03-21T01:30:00,19.088686,72.867919,11,VABB,0,0.0,10000,1700,28.0,11.0,,0,0,0,0,0
2024-03-21T02:00:00,19.088686,72.867919,11,VABB,90,1.5,10000,1700,28.0,10.0,,0,0,0,0,0
2024-03-21T02:30:00,19.088686,72.867919,11,VABB,160,2.1,10000,1700,29.0,11.0,,0,0,0,0,0
2024-03-21T03:00:00,19.088686,72.867919,11,VABB,,0.0,22000,2000,26.0,12.1,1010.8,0,0,0,0,0
2024-03-21T03:00:00,19.088686,72.867919,11,VABB,40,3.1,10000,1700,30.0,9.0,,0,0,0,0,0
2024-03-21T03:30:00,19.088686,72.867919,11,VABB,50,3.6,10000,1700,32.0,8.0,,0,0,0,0,0
2024-03-21T04:00:00,19.088686,72.867919,11,VABB,50,4.6,10000,2100,33.0,7.0,,0,0,0,0,0
2024-03-21T04:30:00,19.088686,72.867919,11,VABB,40,3.1,10000,2500,34.0,5.0,,0,0,0,0,0
2024-03-21T05:00:00,19.088686,72.867919,11,VABB,90,3.1,22000,3000,36.0,5.0,,0,0,0,0,0
2024-03-21T05:30:00,19.088686,72.867919,11,VABB,40,3.6,22000,3000,35.0,5.0,,0,0,0,0,0
2024-03-21T06:00:00,19.088686,72.867919,11,VABB,,0.0,,2000,36.8,9.7,1010.6,0,0,0,0,0
2024-03-21T06:00:00,19.088686,72.867919,11,VABB,160,3.1,22000,3000,36.0,5.0,,0,0,0,0,0
2024-03-21T06:30:00,19.088686,72.867919,11,VABB,160,3.1,10000,3000,38.0,5.0,,0,0,0,0,0
2024-03-21T07:00:00,19.088686,72.867919,11,VABB,180,2.1,10000,3000,37.0,5.0,,0,0,0,0,0
2024-03-21T07:30:00,19.088686,72.867919,11,VABB,250,5.7,10000,3000,36.0,10.0,,0,0,0,0,0
2024-03-21T08:00:00,19.088686,72.867919,11,VABB,250,5.7,10000,3000,36.0,8.0,,0,0,0,0,0
2024-03-21T08:30:00,19.088686,72.867919,11,VABB,250,5.1,10000,3000,36.0,8.0,,0,0,0,0,0
2024-03-21T09:00:00,19.088686,72.867919,11,VABB,320,1.5,22000,2000,37.4,9.0,1008.1,0,0,0,0,0
2024-03-21T09:00:00,19.088686,72.867919,11,VABB,260,6.2,3048,3500,36.0,6.0,,0,0,0,0,0
2024-03-21T09:30:00,19.088686,72.867919,11,VABB,200,5.7,10000,3500,35.0,6.0,,0,0,0,0,0
2024-03-21T10:00:00,19.088686,72.867919,11,VABB,220,4.6,10000,4000,36.0,6.0,,0,0,0,0,0
2024-03-21T10:30:00,19.088686,72.867919,11,VABB,260,6.2,10000,4500,36.0,7.0,,0,0,0,0,0
2024-03-21T11:00:00,19.088686,72.867919,11,VABB,270,3.6,10000,5000,36.0,8.0,,0,0,0,0,1
2024-03-21T11:30:00,19.088686,72.867919,11,VABB,270,5.1,10000,5000,35.0,7.0,,0,0,0,0,0
2024-03-21T12:00:00,19.088686,72.867919,11,VABB,320,2.6,,2000,34.6,9.0,1007.2,0,0,0,0,0
2024-03-21T12:00:00,19.088686,72.867919,11,VABB,300,5.1,10000,5000,35.0,8.0,,0,0,0,0,0
2024-03-21T12:30:00,19.088686,72.867919,11,VABB,290,4.1,10000,5000,34.0,9.0,,0,0,0,0,0
2024-03-21T13:00:00,19.088686,72.867919,11,VABB,300,3.6,10000,4000,34.0,9.0,,0,0,0,0,0
2024-03-21T13:30:00,19.088686,72.867919,11,VABB,320,2.1,10000,4000,33.0,8.0,,0,0,0,0,0
2024-03-21T14:00:00,19.088686,72.867919,11,VABB,330,2.1,10000,3500,33.0,8.0,,0,0,0,0,0
2024-03-21T14:30:00,19.088686,72.867919,11,VABB,30,1.5,22000,3000,33.0,8.0,,0,0,0,0,0
2024-03-21T15:00:00,19.088686,72.867919,11,VABB,,0.0,,2000,29.6,13.6,1009.3,0,0,0,0,0
2024-03-21T15:00:00,19.088686,72.867919,11,VABB,60,3.1,22000,3000,33.0,8.0,,0,0,0,0,0
2024-03-21T15:30:00,19.088686,72.867919,11,VABB,130,2.6,22000,3000,32.0,8.0,,0,0,0,0,0
2024-03-21T16:00:00,19.088686,72.867919,11,VABB,120,3.1,22000,3000,32.0,10.0,,0,0,0,0,0
2024-03-21T16:30:00,19.088686,72.867919,11,VABB,100,2.6,22000,3000,32.0,10.0,,0,0,0,0,0
2024-03-21T17:00:00,19.088686,72.867919,11,VABB,130,3.1,22000,3000,31.0,12.0,,0,0,0,0,0
2024-03-21T17:30:00,19.088686,72.867919,11,VABB,130,2.1,22000,2500,31.0,13.0,,0,0,0,0,0
2024-03-21T18:00:00,19.088686,72.867919,11,VABB,,0.0,,2000,26.4,14.0,1010.1,0,0,0,0,0
2024-03-21T18:00:00,19.088686,72.867919,11,VABB,140,2.1,22000,2500,31.0,12.0,,0,0,0,0,0
2024-03-21T18:30:00,19.088686,72.867919,11,VABB,150,1.5,22000,2500,31.0,12.0,,0,0,0,0,0
2024-03-21T19:00:00,19.088686,72.867919,11,VABB,170,2.1,22000,2500,30.0,14.0,,0,0,0,0,0
2024-03-21T19:30:00,19.088686,72.867919,11,VABB,120,1.5,22000,2500,30.0,14.0,,0,0,0,0,0
2024-03-21T20:00:00,19.088686,72.867919,11,VABB,170,1.5,22000,2500,30.0,15.0,,0,0,0,0,0
2024-03-21T20:30:00,19.088686,72.867919,11,VABB,160,1.5,22000,2500,29.0,15.0,,0,0,0,0,0
2024-03-21T21:00:00,19.088686,72.867919,11,VABB,,0.0,,2000,25.0,17.0,1009.2,0,0,0,0,0
2024-03-21T21:00:00,19.088686,72.867919,11,VABB,180,1.5,22000,2500,29.0,16.0,,0,0,0,0,0
2024-03-21T21:30:00,19.088686,72.867919,11,VABB,0,0.0,22000,2500,29.0,16.0,,0,0,0,0,0
2024-03-21T22:00:00,19.088686,72.867919,11,VABB,120,2.1,22000,2500,29.0,16.0,,0,0,0,0,0
2024-03-21T22:30:00,19.088686,72.867919,11,VABB,0,0.0,22000,2500,27.0,16.0,,0,0,0,0,0
2024-03-21T23:00:00,19.088686,72.867919,11,VABB,320,2.6,22000,2100,29.0,16.0,,0,0,0,0,0
2024-03-21T23:30:00,19.088686,72.867919,11,VABB,310,2.1,22000,2100,28.0,15.0,,0,0,0,0,0
2024-03-22T00:00:00,19.088686,72.867919,11,VABB,,0.0,,2000,24.6,17.2,1008.8,0,0,0,0,0
2024-03-22T00:00:00,19.088686,72.867919,11,VABB,310,2.1,22000,2100,28.0,21.0,,0,1,0,0,0
2024-03-22T00:30:00,19.088686,72.867919,11,VABB,290,2.1,22000,2100,27.0,22.0,,0,1,0,0,0
2024-03-22T01:00:00,19.088686,72.867919,11,VABB,310,2.1,22000,1800,28.0,24.0,,0,1,0,0,0
2024-03-22T01:30:00,19.088686,72.867919,11,VABB,60,1.5,22000,1800,27.0,22.0,,0,1,0,0,0
2024-03-22T02:00:00,19.088686,72.867919,11,VABB,210,2.1,22000,1800,28.0,22.0,,0,1,0,0,0
2024-03-22T02:30:00,19.088686,72.867919,11,VABB,230,1.5,22000,1800,28.0,23.0,,0,1,0,0,0
2024-03-22T03:00:00,19.088686,72.867919,11,VABB,,0.0,,2000,27.4,22.4,1010.8,0,0,0,0,0
2024-03-22T03:00:00,19.088686,72.867919,11,VABB,0,0.0,22000,1800,28.0,24.0,,0,1,0,0,0
2024-03-22T03:30:00,19.088686,72.867919,11,VABB,160,2.1,22000,2200,29.0,23.0,,0,1,0,0,0
2024-03-22T04:00:00,19.088686,72.867919,11,VABB,130,3.1,22000,2200,30.0,23.0,,0,1,0,0,0
2024-03-22T04:30:00,19.088686,72.867919,11,VABB,180,3.6,22000,2500,30.0,23.0,,0,1,0,0,0
2024-03-22T05:00:00,19.088686,72.867919,11,VABB,180,4.1,22000,2500,31.0,22.0,,0,1,0,0,0
2024-03-22T05:30:00,19.088686,72.867919,11,VABB,160,4.1,22000,3000,32.0,22.0,,0,1,0,0,0
2024-03-22T06:00:00,19.088686,72.867919,11,VABB,180,2.6,,2000,34.0,22.4,1010.7,0,0,0,0,0
2024-03-22T06:00:00,19.088686,72.867919,11,VABB,210,4.1,22000,3000,32.0,21.0,,0,1,0,0,0
2024-03-22T06:30:00,19.088686,72.867919,11,VABB,180,3.6,22000,3000,33.0,21.0,,0,1,0,0,0
2024-03-22T07:00:00,19.088686,72.867919,11,VABB,160,3.6,22000,3000,33.0,20.0,,0,0,0,0,1
2024-03-22T07:30:00,19.088686,72.867919,11,VABB,220,4.1,22000,3000,34.0,20.0,,0,0,0,0,0
2024-03-22T08:00:00,19.088686,72.867919,11,VABB,230,6.2,22000,3000,33.0,22.0,,0,0,0,0,0
2024-03-22T08:30:00,19.088686,72.867919,11,VABB,230,4.1,22000,3000,32.0,22.0,,0,0,0,0,1
2024-03-22T09:00:00,19.088686,72.867919,11,VABB,270,3.1,,2000,32.6,23.4,1007.9,0,0,0,0,0
2024-03-22T09:00:00,19.088686,72.867919,11,VABB,240,6.2,22000,3000,31.0,23.0,,0,0,0,0,0
2024-03-22T09:30:00,19.088686,72.867919,11,VABB,240,6.2,22000,3000,32.0,22.0,,0,0,0,0,0
2024-03-22T10:00:00,19.088686,72.867919,11,VABB,240,6.2,22000,3000,31.0,23.0,,0,1,0,0,0
2024-03-22T10:30:00,19.088686,72.867919,11,VABB,270,6.7,22000,3000,31.0,25.0,,0,1,0,0,0
2024-03-22T11:00:00,19.088686,72.867919,11,VABB,270,6.2,22000,3000,30.0,24.0,,0,1,0,0,0
2024-03-22T11:30:00,19.088686,72.867919,11,VABB,280,6.7,22000,3000,30.0,25.0,,0,1,0,0,0
2024-03-22T12:00:00,19.088686,72.867919,11,VABB,270,3.1,22000,2000,30.2,24.2,1007.5,0,0,0,0,0
2024-03-22T12:30:00,19.088686,72.867919,11,VABB,270,5.7,10000,3000,29.0,24.0,,0,1,0,0,0
2024-03-22T13:00:00,19.088686,72.867919,11,VABB,270,5.7,22000,3000,29.0,24.0,,0,1,0,0,0
2024-03-22T13:30:00,19.088686,72.867919,11,VABB,280,4.6,2000,3000,28.0,24.0,,1,0,0,0,0
2024-03-22T14:00:00,19.088686,72.867919,11,VABB,290,4.1,2000,2500,28.0,25.0,,1,0,0,0,0
2024-03-22T14:30:00,19.088686,72.867919,11,VABB,280,4.6,2000,2500,28.0,25.0,,1,0,0,0,0
2024-03-22T15:00:00,19.088686,72.867919,11,VABB,320,3.1,22000,2000,27.6,24.1,1008.7,0,0,0,0,0
2024-03-22T15:00:00,19.088686,72.867919,11,VABB,280,2.6,2000,2500,28.0,25.0,,1,0,0,0,0
2024-03-22T15:30:00,19.088686,72.867919,11,VABB,270,2.6,2000,2500,28.0,25.0,,1,0,0,0,0
2024-03-22T16:00:00,19.088686,72.867919,11,VABB,240,2.6,2000,2500,28.0,25.0,,1,0,0,0,0
2024-03-22T16:30:00,19.088686,72.867919,11,VABB,200,2.1,2000,2500,28.0,25.0,,1,0,0,0,0
2024-03-22T17:00:00,19.088686,72.867919,11,VABB,200,2.6,2000,2500,28.0,24.0,,1,0,0,0,0
2024-03-22T17:30:00,19.088686,72.867919,11,VABB,220,2.1,2000,2500,28.0,24.0,,1,0,0,0,0
2024-03-22T18:00:00,19.088686,72.867919,11,VABB,,0.0,,2000,26.4,22.9,1009.5,0,0,0,0,0
2024-03-22T18:00:00,19.088686,72.867919,11,VABB,210,2.1,2000,2500,28.0,23.0,,0,1,0,0,0
2024-03-22T18:30:00,19.088686,72.867919,11,VABB,230,2.6,2000,2500,28.0,23.0,,0,1,0,0,0
2024-03-22T19:00:00,19.088686,72.867919,11,VABB,210,2.6,2000,2200,28.0,23.0,,0,1,0,0,0
2024-03-22T19:30:00,19.088686,72.867919,11,VABB,260,1.5,2000,2200,27.0,22.0,,0,1,0,0,0
2024-03-22T20:00:00,19.088686,72.867919,11,VABB,260,2.1,2000,2200,28.0,21.0,,0,1,0,0,0
2024-03-22T20:30:00,19.088686,72.867919,11,VABB,280,3.1,2000,2200,27.0,22.0,,0,1,0,0,0
2024-03-22T21:00:00,19.088686,72.867919,11,VABB,,0.0,,2000,25.0,22.0,1008.9,0,0,0,0,0
2024-03-22T21:00:00,19.088686,72.867919,11,VABB,310,2.1,22000,2200,27.0,22.0,,0,1,0,0,0
2024-03-22T21:30:00,19.088686,72.867919,11,VABB,270,1.5,22000,2200,27.0,23.0,,0,1,0,0,0
2024-03-22T22:00:00,19.088686,72.867919,11,VABB,270,2.1,22000,2200,27.0,23.0,,1,0,0,0,0
2024-03-22T22:30:00,19.088686,72.867919,11,VABB,260,1.5,22000,2200,26.0,24.0,,1,0,0,0,0
2024-03-22T23:00:00,19.088686,72.867919,11,VABB,250,1.5,22000,2200,27.0,24.0,,1,0,0,0,0
2024-03-22T23:30:00,19.088686,72.867919,11,VABB,0,0.0,22000,2200,26.0,24.0,,1,0,0,0,0
2024-03-23T00:00:00,19.088686,72.867919,11,VABB,,0.0,,2000,24.2,21.5,1008.5,0,0,0,0,0
2024-03-23T00:00:00,19.088686,72.867919,11,VABB,180,2.1,22000,2200,26.0,24.0,,1,0,0,0,0
2024-03-23T00:30:00,19.088686,72.867919,11,VABB,120,2.1,22000,2200,26.0,23.0,,1,0,0,0,0
2024-03-23T01:00:00,19.088686,72.867919,11,VABB,90,2.1,22000,1800,26.0,22.0,,1,0,0,0,0
2024-03-23T01:30:00,19.088686,72.867919,11,VABB,140,2.1,22000,1800,26.0,24.0,,1,0,0,0,0
2024-03-23T02:00:00,19.088686,72.867919,11,VABB,130,2.1,22000,1400,26.0,24.0,,1,0,0,0,0
2024-03-23T02:30:00,19.088686,72.867919,11,VABB,130,2.6,22000,1400,26.0,24.0,,1,0,0,0,0
2024-03-23T03:00:00,19.088686,72.867919,11,VABB,,0.0,,2000,25.0,21.4,1010.8,0,0,0,0,0
2024-03-23T03:00:00,19.088686,72.867919,11,VABB,170,2.1,22000,1400,27.0,24.0,,1,0,0,0,0
2024-03-23T03:30:00,19.088686,72.867919,11,VABB,140,1.5,22000,1400,28.0,23.0,,0,1,0,0,0
2024-03-23T04:00:00,19.088686,72.867919,11,VABB,170,2.1,22000,1500,29.0,22.0,,0,1,0,0,0
2024-03-23T04:30:00,19.088686,72.867919,11,VABB,170,2.1,22000,1800,30.0,20.0,,0,1,0,0,0
2024-03-23T05:00:00,19.088686,72.867919,11,VABB,210,2.1,22000,1800,31.0,20.0,,0,1,0,0,0
2024-03-23T05:30:00,19.088686,72.867919,11,VABB,270,3.6,22000,1800,31.0,23.0,,0,1,0,0,0
2024-03-23T06:00:00,19.088686,72.867919,11,VABB,270,1.5,,2000,30.8,22.9,1010.9,0,0,0,0,0
2024-03-23T06:00:00,19.088686,72.867919,11,VABB,280,3.6,22000,1800,30.0,23.0,,0,1,0,0,0
2024-03-23T06:30:00,19.088686,72.867919,11,VABB,250,4.6,22000,2100,31.0,24.0,,0,1,0,0,0
2024-03-23T07:00:00,19.088686,72.867919,11,VABB,260,4.1,22000,2100,31.0,23.0,,0,1,0,0,0
2024-03-23T07:30:00,19.088686,72.867919,11,VABB,260,5.1,22000,2100,31.0,23.0,,0,1,0,0,0
2024-03-23T08:00:00,19.088686,72.867919,11,VABB,280,4.6,22000,2500,31.0,22.0,,0,1,0,0,0
2024-03-23T08:30:00,19.088686,72.867919,11,VABB,290,4.1,22000,2500,31.0,22.0,,0,1,0,0,0
2024-03-23T09:00:00,19.088686,72.867919,11,VABB,270,2.6,,2000,32.0,21.7,1008.3,0,0,0,0,0
2024-03-23T09:00:00,19.088686,72.867919,11,VABB,270,5.7,22000,2500,31.0,21.0,,0,0,0,0,0
2024-03-23T09:30:00,19.088686,72.867919,11,VABB,270,4.6,22000,3000,32.0,20.0,,0,0,0,0,0
2024-03-23T10:00:00,19.088686,72.867919,11,VABB,270,5.7,22000,3500,31.0,21.0,,0,0,0,0,0
2024-03-23T10:30:00,19.088686,72.867919,11,VABB,270,5.1,22000,4000,32.0,20.0,,0,0,0,0,0
2024-03-23T11:00:00,19.088686,72.867919,11,VABB,280,6.2,22000,4000,32.0,18.0,,0,0,0,0,0
2024-03-23T11:30:00,19.088686,72.867919,11,VABB,290,4.6,22000,4000,31.0,19.0,,0,0,0,0,0
2024-03-23T12:00:00,19.088686,72.867919,11,VABB,320,1.5,22000,2000,31.0,21.2,1007.6,0,0,0,0,0
2024-03-23T12:00:00,19.088686,72.867919,11,VABB,290,5.1,22000,4000,31.0,21.0,,0,0,0,0,0
2024-03-23T12:30:00,19.088686,72.867919,11,VABB,280,5.7,22000,4000,30.0,22.0,,0,0,0,0,0
2024-03-23T13:00:00,19.088686,72.867919,11,VABB,280,4.6,10000,3500,29.0,22.0,,0,1,0,0,0
2024-03-23T13:30:00,19.088686,72.867919,11,VABB,310,3.6,10000,3500,29.0,22.0,,0,1,1,0,0
2024-03-23T14:00:00,19.088686,72.867919,11,VABB,320,2.6,10000,3500,29.0,22.0,,0,1,0,0,0
2024-03-23T14:30:00,19.088686,72.867919,11,VABB,280,4.1,10000,3500,29.0,23.0,,0,1,0,0,0
2024-03-23T15:00:00,19.088686,72.867919,11,VABB,,0.0,22000,2000,27.8,22.5,1009.8,0,0,0,0,0
2024-03-23T15:00:00,19.088686,72.867919,11,VABB,300,2.6,2000,3500,28.0,23.0,,0,1,0,0,0
2024-03-23T15:30:00,19.088686,72.867919,11,VABB,270,2.1,2000,3000,28.0,23.0,,0,1,0,0,0
2024-03-23T16:00:00,19.088686,72.867919,11,VABB,330,2.1,2000,3000,28.0,23.0,,0,1,0,0,0
2024-03-23T16:30:00,19.088686,72.867919,11,VABB,320,2.1,2000,3000,28.0,23.0,,0,1,0,0,0
2024-03-23T17:00:00,19.088686,72.867919,11,VABB,310,2.6,10000,3000,28.0,23.0,,0,1,0,0,0
2024-03-23T17:30:00,19.088686,72.867919,11,VABB,290,2.6,10000,3000,28.0,23.0,,0,1,0,0,0
2024-03-23T18:00:00,19.088686,72.867919,11,VABB,,0.0,,2000,26.6,22.5,1011.0,0,0,0,0,0
2024-03-23T18:00:00,19.088686,72.867919,11,VABB,310,2.6,10000,3000,28.0,23.0,,0,1,0,0,0
2024-03-23T18:30:00,19.088686,72.867919,11,VABB,320,2.6,10000,3000,28.0,24.0,,0,1,0,0,0
2024-03-23T19:00:00,19.088686,72.867919,11,VABB,330,2.1,22000,2500,27.0,23.0,,0,1,0,0,0
2024-03-23T19:30:00,19.088686,72.867919,11,VABB,300,3.1,22000,2500,27.0,23.0,,0,1,0,0,0
2024-03-23T20:00:00,19.088686,72.867919,11,VABB,300,3.1,22000,2500,27.0,24.0,,0,1,0,0,0
2024-03-23T20:30:00,19.088686,72.867919,11,VABB,310,2.6,22000,2500,27.0,24.0,,0,1,0,0,0
2024-03-23T21:00:00,19.088686,72.867919,11,VABB,,0.0,,2000,26.2,23.0,1010.2,0,0,0,0,0
2024-03-23T21:00:00,19.088686,72.867919,11,VABB,350,3.1,22000,2500,27.0,24.0,,0,1,0,0,0
2024-03-23T21:30:00,19.088686,72.867919,11,VABB,340,2.6,22000,2500,28.0,24.0,,0,1,0,0,0
2024-03-23T22:00:00,19.088686,72.867919,11,VABB,340,2.6,22000,2500,27.0,23.0,,1,0,0,0,0
2024-03-23T22:30:00,19.088686,72.867919,11,VABB,20,2.1,22000,2500,26.0,23.0,,1,0,0,0,0
2024-03-23T23:00:00,19.088686,72.867919,11,VABB,110,1.5,22000,2500,26.0,23.0,,1,0,0,0,0
2024-03-23T23:30:00,19.088686,72.867919,11,VABB,0,0.0,22000,2500,26.0,23.0,,1,0,0,0,0
2024-03-24T00:00:00,19.088686,72.867919,11,VABB,,0.0,22000,2000,24.6,22.2,1009.9,0,0,0,0,0
2024-03-24T00:00:00,19.088686,72.867919,11,VABB,10,2.1,22000,2500,26.0,23.0,,1,0,0,0,0
2024-03-24T00:30:00,19.088686,72.867919,11,VABB,10,1.5,10000,2500,26.0,23.0,,1,0,0,0,0
2024-03-24T01:00:00,19.088686,72.867919,11,VABB,60,1.5,10000,2500,26.0,23.0,,1,0,0,0,0
2024-03-24T01:30:00,19.088686,72.867919,11,VABB,60,2.6,10000,2100,26.0,23.0,,1,0,0,0,0
2024-03-24T02:00:00,19.088686,72.867919,11,VABB,50,3.1,3048,1900,27.0,24.0,,1,0,0,0,0
2024-03-24T02:30:00,19.088686,72.867919,11,VABB,40,1.5,2000,1900,27.0,24.0,,1,0,0,0,0
2024-03-24T03:00:00,19.088686,72.867919,11,VABB,,0.0,22000,2000,26.2,22.3,1011.9,0,0,0,0,0
2024-03-24T03:00:00,19.088686,72.867919,11,VABB,10,1.5,10000,2200,27.0,23.0,,1,0,0,0,0
2024-03-24T03:30:00,19.088686,72.867919,11,VABB,40,1.5,10000,2500,28.0,23.0,,1,0,0,0,0
2024-03-24T04:00:00,19.088686,72.867919,11,VABB,130,2.6,10000,2500,29.0,22.0,,0,1,0,0,0
2024-03-24T04:30:00,19.088686,72.867919,11,VABB,210,1.5,22000,3000,30.0,21.0,,0,1,0,0,0
2024-03-24T05:00:00,19.088686,72.867919,11,VABB,20,2.1,22000,3000,31.0,16.0,,0,0,0,0,0
2024-03-24T05:30:00,19.088686,72.867919,11,VABB,290,2.1,22000,3000,32.0,16.0,,0,0,0,0,0
2024-03-24T06:00:00,19.088686,72.867919,11,VABB,320,1.5,,2000,31.8,22.8,1012.0,0,0,0,0,0
2024-03-24T06:00:00,19.088686,72.867919,11,VABB,250,5.1,22000,3000,31.0,23.0,,0,0,0,0,0
2024-03-24T06:30:00,19.088686,72.867919,11,VABB,260,5.1,22000,3000,32.0,23.0,,0,0,0,0,0
2024-03-24T07:00:00,19.088686,72.867919,11,VABB,260,5.7,22000,3000,31.0,24.0,,0,1,0,0,0
2024-03-24T07:30:00,19.088686,72.867919,11,VABB,260,3.6,22000,3500,31.0,24.0,,0,1,0,0,1
2024-03-24T08:00:00,19.088686,72.867919,11,VABB,270,5.7,22000,3500,31.0,24.0,,0,1,0,0,0
2024-03-24T08:30:00,19.088686,72.867919,11,VABB,260,5.1,22000,3500,32.0,24.0,,0,1,0,0,0
2024-03-24T09:00:00,19.088686,72.867919,11,VABB,320,2.1,,2000,32.2,23.6,1009.9,0,0,0,0,0
2024-03-24T09:00:00,19.088686,72.867919,11,VABB,270,4.6,22000,3500,31.0,24.0,,0,1,0,0,1
2024-03-24T09:30:00,19.088686,72.867919,11,VABB,290,6.2,22000,4000,31.0,23.0,,0,1,0,0,0
2024-03-24T10:00:00,19.088686,72.867919,11,VABB,290,5.7,22000,4000,31.0,23.0,,0,1,0,0,0
2024-03-24T10:30:00,19.088686,72.867919,11,VABB,290,4.6,22000,4000,31.0,23.0,,0,1,0,0,0
2024-03-24T11:00:00,19.088686,72.867919,11,VABB,280,4.6,10000,4000,30.0,22.0,,0,1,0,0,0
2024-03-24T11:30:00,19.088686,72.867919,11,VABB,290,5.1,10000,4000,30.0,20.0,,0,0,0,0,0
2024-03-24T12:00:00,19.088686,72.867919,11,VABB,360,2.1,22000,2000,30.4,21.2,1009.1,0,0,0,0,0
2024-03-24T12:00:00,19.088686,72.867919,11,VABB,290,4.6,10000,4000,30.0,21.0,,0,0,0,0,0
2024-03-24T12:30:00,19.088686,72.867919,11,VABB,290,4.6,10000,4000,30.0,21.0,,0,0,0,0,0
2024-03-24T13:00:00,19.088686,72.867919,11,VABB,280,5.1,10000,4000,29.0,21.0,,0,0,0,0,0
2024-03-24T13:30:00,19.088686,72.867919,11,VABB,300,5.1,10000,3500,29.0,21.0,,0,1,0,0,0
2024-03-24T14:00:00,19.088686,72.867919,11,VABB,290,3.6,10000,3500,29.0,21.0,,0,1,0,0,0
2024-03-24T14:30:00,19.088686,72.867919,11,VABB,300,4.1,10000,3500,29.0,21.0,,0,1,0,0,0
2024-03-24T15:00:00,19.088686,72.867919,11,VABB,360,1.5,22000,2000,28.0,20.8,1010.8,0,0,0,0,0
2024-03-24T15:00:00,19.088686,72.867919,11,VABB,300,3.6,10000,3500,28.0,21.0,,0,1,0,0,0
2024-03-24T15:30:00,19.088686,72.867919,11,VABB,300,2.1,10000,3500,28.0,21.0,,0,1,0,0,0
2024-03-24T16:00:00,19.088686,72.867919,11,VABB,300,2.1,10000,3000,29.0,20.0,,0,1,0,0,0
2024-03-24T16:30:00,19.088686,72.867919,11,VABB,310,3.6,10000,3000,29.0,21.0,,0,1,0,0,0
2024-03-24T17:00:00,19.088686,72.867919,11,VABB,330,2.6,22000,3000,28.0,21.0,,0,1,0,0,0
2024-03-24T17:30:00,19.088686,72.867919,11,VABB,300,3.1,22000,3000,28.0,22.0,,0,1,0,0,0
2024-03-24T18:00:00,19.088686,72.867919,11,VABB,,0.0,,2000,27.4,21.7,1012.4,0,0,0,0,0
2024-03-24T18:00:00,19.088686,72.867919,11,VABB,300,2.6,22000,2500,28.0,22.0,,0,1,0,0,0
2024-03-24T18:30:00,19.088686,72.867919,11,VABB,310,3.1,22000,2500,28.0,23.0,,0,1,0,0,0
2024-03-24T19:00:00,19.088686,72.867919,11,VABB,340,2.6,22000,2500,28.0,23.0,,0,1,0,0,0
2024-03-24T19:30:00,19.088686,72.867919,11,VABB,20,2.6,22000,2500,28.0,23.0,,0,1,0,0,0
2024-03-24T20:00:00,19.088686,72.867919,11,VABB,10,2.1,22000,2500,27.0,23.0,,0,1,0,0,0
2024-03-24T20:30:00,19.088686,72.867919,11,VABB,10,1.5,22000,2500,27.0,24.0,,1,0,0,0,0
2024-03-24T21:00:00,19.088686,72.867919,11,VABB,,0.0,,2000,25.8,21.9,1011.2,0,0,0,0,0
2024-03-24T21:00:00,19.088686,72.867919,11,VABB,30,1.5,22000,2500,27.0,24.0,,1,0,0,0,0
2024-03-24T21:30:00,19.088686,72.867919,11,VABB,20,2.1,22000,2500,27.0,23.0,,1,0,0,0,0
2024-03-24T22:00:00,19.088686,72.867919,11,VABB,340,2.1,22000,2500,27.0,23.0,,1,0,0,0,0
2024-03-24T22:30:00,19.088686,72.867919,11,VABB,350,2.6,22000,2500,27.0,22.0,,1,0,0,0,0
2024-03-24T23:00:00,19.088686,72.867919,11,VABB,340,3.1,22000,2500,27.0,22.0,,1,0,0,0,0
2024-03-24T23:30:00,19.088686,72.867919,11,VABB,350,2.6,22000,2500,27.0,22.0,,0,1,0,0,0
2024-03-25T00:00:00,19.088686,72.867919,11,VABB,,0.0,,2000,24.4,21.1,1011.1,0,0,0,0,0
2024-03-25T00:00:00,19.088686,72.867919,11,VABB,330,4.1,22000,2500,27.0,22.0,,0,1,0,0,0
2024-03-25T00:30:00,19.088686,72.867919,11,VABB,30,2.6,22000,2500,27.0,22.0,,0,1,0,0,0
2024-03-25T01:00:00,19.088686,72.867919,11,VABB,50,2.6,22000,2500,27.0,22.0,,0,1,0,0,0
2024-03-25T01:30:00,19.088686,72.867919,11,VABB,30,3.1,22000,2500,27.0,22.0,,0,1,0,0,0
2024-03-25T02:00:00,19.088686,72.867919,11,VABB,20,3.1,22000,2500,27.0,22.0,,0,1,0,0,0
2024-03-25T02:30:00,19.088686,72.867919,11,VABB,360,2.1,22000,2500,27.0,21.0,,0,1,0,0,0
2024-03-25T03:00:00,19.088686,72.867919,11,VABB,360,1.5,,2000,26.4,21.3,1013.0,0,0,0,0,0
2024-03-25T03:00:00,19.088686,72.867919,11,VABB,20,2.6,22000,2500,28.0,21.0,,0,1,0,0,0
2024-03-25T03:30:00,19.088686,72.867919,11,VABB,340,2.6,22000,3000,28.0,21.0,,0,1,0,0,0
2024-03-25T04:00:00,19.088686,72.867919,11,VABB,30,2.6,22000,3500,30.0,19.0,,0,1,0,0,0
2024-03-25T04:30:00,19.088686,72.867919,11,VABB,350,2.1,22000,3500,30.0,19.0,,0,0,0,0,0
2024-03-25T05:00:00,19.088686,72.867919,11,VABB,30,2.6,22000,3500,32.0,17.0,,0,0,0,0,0
2024-03-25T05:30:00,19.088686,72.867919,11,VABB,30,2.6,22000,4000,33.0,16.0,,0,0,0,0,0
2024-03-25T06:00:00,19.088686,72.867919,11,VABB,270,1.5,,2000,33.0,21.9,1012.4,0,0,0,0,0
2024-03-25T06:00:00,19.088686,72.867919,11,VABB,250,5.1,22000,4000,32.0,22.0,,0,0,0,0,0
2024-03-25T06:30:00,19.088686,72.867919,11,VABB,260,4.1,22000,4000,32.0,23.0,,0,0,0,0,0
2024-03-25T07:00:00,19.088686,72.867919,11,VABB,260,5.1,22000,4000,32.0,23.0,,0,0,0,0,0
2024-03-25T07:30:00,19.088686,72.867919,11,VABB,250,5.7,22000,4000,32.0,23.0,,0,0,0,0,0
2024-03-25T08:00:00,19.088686,72.867919,11,VABB,270,5.7,22000,4000,32.0,24.0,,0,0,0,0,0
2024-03-25T08:30:00,19.088686,72.867919,11,VABB,290,5.7,22000,4000,32.0,23.0,,0,0,0,0,0
2024-03-25T09:00:00,19.088686,72.867919,11,VABB,320,2.1,,2000,33.0,22.9,1009.6,0,0,0,0,0
2024-03-25T09:00:00,19.088686,72.867919,11,VABB,270,5.1,22000,4000,32.0,23.0,,0,0,0,0,0
2024-03-25T09:30:00,19.088686,72.867919,11,VABB,280,4.6,22000,4000,33.0,22.0,,0,0,0,0,0
2024-03-25T10:00:00,19.088686,72.867919,11,VABB,310,4.1,22000,4000,33.0,21.0,,0,0,0,0,0
2024-03-25T10:30:00,19.088686,72.867919,11,VABB,280,6.2,22000,4000,32.0,22.0,,0,0,0,0,0
2024-03-25T11:00:00,19.088686,72.867919,11,VABB,300,3.6,22000,4500,32.0,22.0,,0,0,0,0,0
2024-03-25T11:30:00,19.088686,72.867919,11,VABB,280,4.6,22000,4500,31.0,22.0,,0,0,0,0,0
2024-03-25T12:00:00,19.088686,72.867919,11,VABB,320,1.5,,2000,31.6,22.2,1008.9,0,0,0,0,0
2024-03-25T12:00:00,19.088686,72.867919,11,VABB,280,4.1,22000,4000,31.0,22.0,,0,0,0,0,0
2024-03-25T12:30:00,19.088686,72.867919,11,VABB,290,4.6,22000,4000,31.0,23.0,,0,0,0,0,0
2024-03-25T13:00:00,19.088686,72.867919,11,VABB,280,3.6,22000,4000,30.0,23.0,,0,0,0,0,0
2024-03-25T13:30:00,19.088686,72.867919,11,VABB,300,3.1,22000,4000,29.0,23.0,,0,0,0,0,0
2024-03-25T14:00:00,19.088686,72.867919,11,VABB,310,2.6,22000,3000,29.0,23.0,,0,0,0,0,0
2024-03-25T14:30:00,19.088686,72.867919,11,VABB,300,4.1,22000,3000,29.0,23.0,,0,0,0,0,0
2024-03-25T15:00:00,19.088686,72.867919,11,VABB,320,1.5,,2000,28.0,23.0,1010.8,0,0,0,0,0
2024-03-25T15:00:00,19.088686,72.867919,11,VABB,300,4.1,22000,3000,28.0,24.0,,0,0,0,0,0
2024-03-25T15:30:00,19.088686,72.867919,11,VABB,310,2.6,22000,3000,28.0,24.0,,0,0,0,0,0
2024-03-25T16:00:00,19.088686,72.867919,11,VABB,290,3.6,22000,3000,28.0,24.0,,0,0,0,0,0
2024-03-25T16:30:00,19.088686,72.867919,11,VABB,300,2.6,22000,3000,28.0,25.0,,0,1,0,0,0
2024-03-25T17:00:00,19.088686,72.867919,11,VABB,300,3.1,22000,3000,28.0,25.0,,0,1,0,0,0
2024-03-25T17:30:00,19.088686,72.867919,11,VABB,300,3.6,22000,3000,28.0,25.0,,0,1,0,0,0
2024-03-25T18:00:00,19.088686,72.867919,11,VABB,320,1.5,22000,2000,27.2,23.4,1011.7,0,0,0,0,0
2024-03-25T18:00:00,19.088686,72.867919,11,VABB,320,2.6,22000,3000,27.0,25.0,,0,1,0,0,0
2024-03-25T18:30:00,19.088686,72.867919,11,VABB,320,2.6,22000,3000,27.0,25.0,,0,1,0,0,0
2024-03-25T19:00:00,19.088686,72.867919,11,VABB,300,3.6,22000,3000,27.0,25.0,,0,1,0,0,0
2024-03-25T19:30:00,19.088686,72.867919,11,VABB,320,2.6,22000,3000,27.0,25.0,,0,1,0,0,0
2024-03-25T20:00:00,19.088686,72.867919,11,VABB,320,2.6,22000,3000,27.0,24.0,,0,1,0,0,0
2024-03-25T20:30:00,19.088686,72.867919,11,VABB,320,2.6,22000,3000,27.0,24.0,,0,1,0,0,0
2024-03-25T21:00:00,19.088686,72.867919,11,VABB,,0.0,,2000,26.0,22.4,1010.8,0,0,0,0,0
2024-03-25T21:00:00,19.088686,72.867919,11,VABB,320,2.6,22000,3000,27.0,23.0,,0,1,0,0,0
2024-03-25T21:30:00,19.088686,72.867919,11,VABB,330,2.6,22000,3000,27.0,23.0,,0,1,0,0,0
2024-03-25T22:00:00,19.088686,72.867919,11,VABB,10,1.5,22000,3000,27.0,23.0,,0,1,0,0,0
2024-03-25T22:30:00,19.088686,72.867919,11,VABB,30,1.5,22000,3000,27.0,23.0,,0,1,0,0,0
2024-03-25T23:00:00,19.088686,72.867919,11,VABB,320,1.5,22000,3000,27.0,22.0,,0,1,0,0,0
2024-03-25T23:30:00,19.088686,72.867919,11,VABB,0,0.0,22000,3000,27.0,22.0,,0,1,0,0,0
2024-03-26T00:00:00,19.088686,72.867919,11,VABB,,0.0,,2000,24.2,21.5,1009.9,0,0,0,0,0
2024-03-26T00:00:00,19.088686,72.867919,11,VABB,0,0.0,22000,3000,27.0,22.0,,0,1,0,0,0
2024-03-26T00:30:00,19.088686,72.867919,11,VABB,180,1.5,22000,3000,27.0,22.0,,0,1,0,0,0
2024-03-26T01:00:00,19.088686,72.867919,11,VABB,90,2.1,22000,3000,26.0,22.0,,0,1,0,0,0
2024-03-26T01:30:00,19.088686,72.867919,11,VABB,0,0.0,22000,3000,27.0,22.0,,0,1,0,0,0
2024-03-26T02:00:00,19.088686,72.867919,11,VABB,230,1.5,22000,3000,27.0,22.0,,0,1,0,0,0
2024-03-26T02:30:00,19.088686,72.867919,11,VABB,220,1.5,22000,3000,28.0,22.0,,0,1,0,0,0
2024-03-26T03:00:00,19.088686,72.867919,11,VABB,,0.0,,2000,26.0,21.5,1011.9,0,0,0,0,0
2024-03-26T03:00:00,19.088686,72.867919,11,VABB,260,1.5,22000,3000,28.0,21.0,,0,1,0,0,0
2024-03-26T03:30:00,19.088686,72.867919,11,VABB,0,0.0,22000,3000,30.0,20.0,,0,1,0,0,0
2024-03-26T04:00:00,19.088686,72.867919,11,VABB,60,2.1,22000,3000,31.0,19.0,,0,0,0,0,0
2024-03-26T04:30:00,19.088686,72.867919,11,VABB,160,2.6,22000,3500,32.0,19.0,,0,0,0,0,0
2024-03-26T05:00:00,19.088686,72.867919,11,VABB,200,2.1,22000,3500,33.0,18.0,,0,0,0,0,0
2024-03-26T05:30:00,19.088686,72.867919,11,VABB,260,4.1,22000,3500,32.0,21.0,,0,0,0,0,0
2024-03-26T06:00:00,19.088686,72.867919,11,VABB,320,2.1,,2000,32.0,23.3,1012.2,0,0,0,0,0
2024-03-26T06:00:00,19.088686,72.867919,11,VABB,260,6.7,22000,3500,31.0,23.0,,0,1,0,0,0
2024-03-26T06:30:00,19.088686,72.867919,11,VABB,260,5.1,22000,4000,31.0,24.0,,0,1,0,0,0
2024-03-26T07:00:00,19.088686,72.867919,11,VABB,260,6.2,22000,4000,31.0,25.0,,0,1,0,0,0
2024-03-26T07:30:00,19.088686,72.867919,11,VABB,270,6.2,22000,4000,31.0,25.0,,0,1,0,0,0
2024-03-26T08:00:00,19.088686,72.867919,11,VABB,270,5.1,22000,4000,32.0,24.0,,0,1,0,0,0
2024-03-26T08:30:00,19.088686,72.867919,11,VABB,260,5.7,22000,4000,32.0,24.0,,0,1,0,0,0
2024-03-26T09:00:00,19.088686,72.867919,11,VABB,320,1.5,,2000,32.8,24.6,1009.6,0,0,0,0,0
2024-03-26T09:00:00,19.088686,72.867919,11,VABB,260,6.2,22000,4000,31.0,25.0,,0,1,0,0,0
2024-03-26T09:30:00,19.088686,72.867919,11,VABB,260,3.6,22000,4000,31.0,25.0,,0,1,0,0,1
2024-03-26T10:00:00,19.088686,72.867919,11,VABB,270,3.6,22000,4000,31.0,25.0,,0,1,0,0,1
2024-03-26T10:30:00,19.088686,72.867919,11,VABB,270,3.6,22000,4000,31.0,25.0,,0,1,0,0,1
2024-03-26T11:00:00,19.088686,72.867919,11,VABB,280,5.7,22000,4000,31.0,25.0,,0,1,0,0,0
2024-03-26T11:30:00,19.088686,72.867919,11,VABB,290,5.7,22000,4000,31.0,24.0,,0,1,0,0,0
2024-03-26T12:00:00,19.088686,72.867919,11,VABB,320,3.1,,2000,30.2,22.9,1009.3,0,0,0,0,0
2024-03-26T12:00:00,19.088686,72.867919,11,VABB,310,4.6,22000,4000,30.0,24.0,,0,1,0,0,0
2024-03-26T16:00:00,19.088686,72.867919,11,VABB,290,2.1,22000,3000,29.0,23.0,,0,1,0,0,0
2024-03-26T16:30:00,19.088686,72.867919,11,VABB,270,1.5,22000,3000,29.0,22.0,,0,1,0,0,0
2024-03-26T17:30:00,19.088686,72.867919,11,VABB,210,2.6,22000,3000,28.0,22.0,,0,1,0,0,0
2024-03-26T18:00:00,19.088686,72.867919,11,VABB,,0.0,,2000,26.4,22.2,1012.7,0,0,0,0,0
2024-03-26T18:00:00,19.088686,72.867919,11,VABB,220,2.6,22000,3000,28.0,23.0,,0,1,0,0,0
2024-03-26T18:30:00,19.088686,72.867919,11,VABB,300,2.1,22000,3000,28.0,22.0,,0,1,0,0,0
2024-03-27T03:00:00,19.088686,72.867919,11,VABB,,0.0,22000,2000,27.5,23.3,1013.9,0,0,0,0,0
2024-03-27T03:30:00,19.088686,72.867919,11,VABB,230,2.6,2000,2500,29.0,23.0,,0,1,0,0,0
2024-03-27T04:00:00,19.088686,72.867919,11,VABB,190,2.1,3048,2500,30.0,23.0,,0,1,0,0,0
2024-03-27T04:30:00,19.088686,72.867919,11,VABB,260,3.1,10000,2500,31.0,25.0,,0,1,0,0,0
2024-03-27T05:00:00,19.088686,72.867919,11,VABB,270,4.1,10000,2500,31.0,25.0,,0,1,0,0,0
2024-03-27T05:30:00,19.088686,72.867919,11,VABB,260,5.7,2000,3000,30.0,25.0,,0,1,0,0,0
2024-03-27T06:00:00,19.088686,72.867919,11,VABB,320,1.5,,2000,31.0,24.4,1014.1,0,0,0,0,0
2024-03-27T06:00:00,19.088686,72.867919,11,VABB,240,5.1,2000,3000,30.0,26.0,,0,1,0,0,0
2024-03-27T06:30:00,19.088686,72.867919,11,VABB,260,4.1,2000,3000,30.0,25.0,,0,1,0,0,0
2024-03-27T07:00:00,19.088686,72.867919,11,VABB,250,5.1,2000,3000,30.0,25.0,,0,1,0,0,0
2024-03-27T07:30:00,19.088686,72.867919,11,VABB,250,5.7,2000,3000,31.0,25.0,,0,1,0,0,0
2024-03-27T08:00:00,19.088686,72.867919,11,VABB,260,5.7,2000,3500,31.0,25.0,,0,1,0,0,0
2024-03-27T08:30:00,19.088686,72.867919,11,VABB,270,5.1,2000,4000,31.0,25.0,,0,1,0,0,0
2024-03-27T09:00:00,19.088686,72.867919,11,VABB,270,2.6,,2000,31.6,22.9,1011.9,0,0,0,0,0
2024-03-27T09:00:00,19.088686,72.867919,11,VABB,260,5.1,22000,4000,31.0,25.0,,0,1,0,0,0
2024-03-27T09:30:00,19.088686,72.867919,11,VABB,280,5.7,22000,4000,31.0,25.0,,0,1,0,0,0
2024-03-27T10:00:00,19.088686,72.867919,11,VABB,270,5.7,22000,4000,31.0,24.0,,0,1,0,0,0
2024-03-27T10:30:00,19.088686,72.867919,11,VABB,270,6.2,22000,4000,30.0,25.0,,0,1,0,0,0
2024-03-27T11:00:00,19.088686,72.867919,11,VABB,260,5.7,22000,4000,31.0,25.0,,0,1,0,0,0
2024-03-27T11:30:00,19.088686,72.867919,11,VABB,270,5.1,2000,4000,30.0,25.0,,0,1,0,0,0
2024-03-27T12:00:00,19.088686,72.867919,11,VABB,320,2.1,22000,2000,30.4,24.7,1010.7,0,0,0,0,0
2024-03-27T12:00:00,19.088686,72.867919,11,VABB,270,5.7,2000,4000,30.0,25.0,,0,1,0,0,0
2024-03-27T12:30:00,19.088686,72.867919,11,VABB,260,5.7,2000,4000,29.0,26.0,,0,1,0,0,0
2024-03-27T13:00:00,19.088686,72.867919,11,VABB,270,6.2,2000,3500,29.0,26.0,,0,1,0,0,0
2024-03-27T13:30:00,19.088686,72.867919,11,VABB,280,4.6,2000,3000,28.0,25.0,,0,1,0,0,0
2024-03-27T14:00:00,19.088686,72.867919,11,VABB,280,4.1,2000,3000,28.0,25.0,,0,1,0,0,0
2024-03-27T14:30:00,19.088686,72.867919,11,VABB,300,2.6,2000,3000,28.0,25.0,,0,1,0,0,0
2024-03-27T15:00:00,19.088686,72.867919,11,VABB,320,1.5,22000,2000,28.0,24.3,1012.5,0,0,0,0,0
2024-03-27T15:00:00,19.088686,72.867919,11,VABB,250,2.1,2000,3000,28.0,25.0,,0,1,0,0,0
2024-03-27T15:30:00,19.088686,72.867919,11,VABB,270,3.1,2000,3000,28.0,25.0,,0,1,0,0,0
2024-03-27T16:00:00,19.088686,72.867919,11,VABB,300,2.6,2000,3000,28.0,26.0,,0,1,0,0,0
2024-03-27T16:30:00,19.088686,72.867919,11,VABB,120,1.5,2000,3000,28.0,25.0,,0,1,0,0,0
2024-03-27T17:00:00,19.088686,72.867919,11,VABB,340,2.1,2000,3000,28.0,25.0,,1,0,0,0,0
2024-03-27T17:30:00,19.088686,72.867919,11,VABB,290,1.5,2000,3000,28.0,24.0,,1,0,0,0,0
2024-04-01T18:00:00,19.088686,72.867919,11,VABB,,0.0,,2000,27.4,22.7,1009.6,0,0,0,0,0
2024-04-01T18:00:00,19.088686,72.867919,11,VABB,,1.5,22000,3000,28.0,23.0,,0,1,0,1,0
2024-04-01T18:30:00,19.088686,72.867919,11,VABB,310,2.6,22000,2500,28.0,24.0,,0,1,0,0,0
2024-04-01T19:00:00,19.088686,72.867919,11,VABB,210,2.6,22000,2500,28.0,24.0,,0,1,0,0,0
2024-04-01T19:30:00,19.088686,72.867919,11,VABB,310,3.1,22000,2500,27.0,24.0,,0,1,0,0,0
2024-04-01T20:00:00,19.088686,72.867919,11,VABB,330,3.6,22000,2500,27.0,24.0,,1,0,0,0,0
2024-04-01T20:30:00,19.088686,72.867919,11,VABB,310,2.6,22000,2500,27.0,23.0,,1,0,0,0,0
2024-04-01T21:00:00,19.088686,72.867919,11,VABB,,0.0,,2000,26.4,21.3,1008.4,0,0,0,0,0
2024-04-01T21:00:00,19.088686,72.867919,11,VABB,320,2.6,22000,2500,27.0,22.0,,0,1,0,0,0
2024-04-01T21:30:00,19.088686,72.867919,11,VABB,330,2.6,22000,3000,27.0,22.0,,0,1,0,0,0
2024-04-01T22:00:00,19.088686,72.867919,11,VABB,340,2.1,22000,3000,27.0,22.0,,0,1,0,0,0
2024-04-01T22:30:00,19.088686,72.867919,11,VABB,10,2.1,22000,3000,27.0,22.0,,0,1,0,0,0
2024-04-01T23:00:00,19.088686,72.867919,11,VABB,50,1.5,22000,3000,27.0,22.0,,0,1,0,0,0
2024-04-01T23:30:00,19.088686,72.867919,11,VABB,40,1.5,22000,3000,27.0,22.0,,0,1,0,0,0
2024-04-02T00:00:00,19.088686,72.867919,11,VABB,,0.0,,2000,24.0,20.6,1008.1,0,0,0,0,0
2024-04-02T00:00:00,19.088686,72.867919,11,VABB,0,0.0,22000,2500,26.0,21.0,,0,1,0,0,0
2024-04-02T00:30:00,19.088686,72.867919,11,VABB,0,0.0,22000,2500,26.0,21.0,,0,1,0,0,0
2024-04-02T01:00:00,19.088686,72.867919,11,VABB,40,2.1,10000,2500,27.0,22.0,,0,1,0,0,0
2024-04-02T01:30:00,19.088686,72.867919,11,VABB,40,2.1,10000,2500,27.0,22.0,,0,1,0,0,0
2024-04-02T02:00:00,19.088686,72.867919,11,VABB,10,2.6,10000,2500,27.0,22.0,,0,1,0,0,0
2024-04-02T02:30:00,19.088686,72.867919,11,VABB,330,1.5,22000,2200,27.0,22.0,,0,1,0,0,0
2024-04-02T03:00:00,19.088686,72.867919,11,VABB,,0.0,,2000,26.2,21.7,1009.4,0,0,0,0,0
2024-04-02T03:00:00,19.088686,72.867919,11,VABB,10,2.1,22000,2200,28.0,23.0,,0,1,0,0,0
2024-04-02T03:30:00,19.088686,72.867919,11,VABB,40,1.5,22000,2500,29.0,22.0,,0,1,0,0,0
2024-04-02T04:00:00,19.088686,72.867919,11,VABB,30,2.6,22000,2500,30.0,21.0,,0,0,0,0,0
2024-04-02T21:00:00,19.088686,72.867919,11,VABB,330,2.1,22000,2500,27.0,23.0,,1,0,0,0,0
2024-04-02T21:30:00,19.088686,72.867919,11,VABB,0,0.0,22000,2500,27.0,23.0,,1,0,0,0,0
2024-04-02T22:00:00,19.088686,72.867919,11,VABB,360,2.1,22000,2500,27.0,23.0,,1,0,0,0,0
2024-04-02T22:30:00,19.088686,72.867919,11,VABB,50,1.5,22000,2500,27.0,23.0,,1,0,0,0,0
2024-04-02T23:00:00,19.088686,72.867919,11,VABB,70,1.5,22000,2500,27.0,22.0,,1,0,0,0,0
2024-04-02T23:30:00,19.088686,72.867919,11,VABB,40,1.5,22000,2500,27.0,21.0,,0,1,0,0,0
2024-04-03T00:00:00,19.088686,72.867919,11,VABB,,0.0,,2000,24.4,20.7,1008.7,0,0,0,0,0
2024-04-03T00:00:00,19.088686,72.867919,11,VABB,0,0.0,22000,2500,27.0,20.0,,0,1,0,0,0
2024-04-03T00:30:00,19.088686,72.867919,11,VABB,10,1.5,22000,2500,27.0,20.0,,0,1,0,0,0
2024-04-03T01:00:00,19.088686,72.867919,11,VABB,40,2.1,22000,2500,27.0,20.0,,0,1,0,0,0
2024-04-03T01:30:00,19.088686,72.867919,11,VABB,50,2.1,22000,2500,27.0,20.0,,0,1,0,0,0
2024-04-03T02:00:00,19.088686,72.867919,11,VABB,120,2.1,22000,2500,27.0,20.0,,0,1,0,0,0
2024-04-03T02:30:00,19.088686,72.867919,11,VABB,110,2.1,22000,2500,28.0,20.0,,0,1,0,0,0
2024-04-03T03:00:00,19.088686,72.867919,11,VABB,,0.0,,2000,26.0,19.9,1010.7,0,0,0,0,0
2024-04-03T03:00:00,19.088686,72.867919,11,VABB,180,1.5,22000,2500,29.0,20.0,,0,1,0,0,0
2024-04-03T03:30:00,19.088686,72.867919,11,VABB,130,2.6,22000,2500,29.0,21.0,,0,1,0,0,0
2024-04-03T04:00:00,19.088686,72.867919,11,VABB,140,2.6,22000,2500,30.0,20.0,,0,0,0,0,0
2024-04-03T04:30:00,19.088686,72.867919,11,VABB,140,2.1,22000,2500,31.0,19.0,,0,0,0,0,0
2024-04-03T05:00:00,19.088686,72.867919,11,VABB,120,2.6,22000,3000,32.0,19.0,,0,0,0,0,0
2024-04-03T05:30:00,19.088686,72.867919,11,VABB,210,2.6,22000,3000,33.0,17.0,,0,0,0,0,0
2024-04-03T06:00:00,19.088686,72.867919,11,VABB,320,2.1,,2000,32.0,21.7,1010.8,0,0,0,0,0
2024-04-03T06:00:00,19.088686,72.867919,11,VABB,270,5.7,22000,3500,31.0,22.0,,0,0,0,0,0
2024-04-03T06:30:00,19.088686,72.867919,11,VABB,260,5.7,22000,3500,31.0,23.0,,0,1,0,0,0
2024-04-03T07:00:00,19.088686,72.867919,11,VABB,260,6.2,22000,3500,31.0,23.0,,0,1,0,0,0
2024-04-03T07:30:00,19.088686,72.867919,11,VABB,270,3.6,22000,3500,31.0,23.0,,0,1,0,0,1
2024-04-03T08:00:00,19.088686,72.867919,11,VABB,280,6.2,22000,4000,31.0,22.0,,0,1,0,0,0
2024-04-03T08:30:00,19.088686,72.867919,11,VABB,260,6.2,22000,4000,32.0,23.0,,0,1,0,0,0
2024-04-03T09:00:00,19.088686,72.867919,11,VABB,320,2.1,,2000,31.6,22.9,1008.8,0,0,0,0,0
2024-04-03T09:00:00,19.088686,72.867919,11,VABB,280,3.6,22000,4000,30.0,23.0,,0,1,0,0,1
2024-04-03T09:30:00,19.088686,72.867919,11,VABB,270,5.7,22000,4000,31.0,24.0,,0,1,0,0,0
2024-04-03T10:00:00,19.088686,72.867919,11,VABB,270,3.6,22000,4000,30.0,23.0,,0,1,0,0,1
2024-04-03T10:30:00,19.088686,72.867919,11,VABB,290,5.7,22000,4000,31.0,24.0,,0,1,0,0,0
2024-04-03T11:00:00,19.088686,72.867919,11,VABB,290,5.7,22000,4000,31.0,23.0,,0,1,0,0,0
2024-04-03T11:30:00,19.088686,72.867919,11,VABB,290,6.2,22000,4000,31.0,23.0,,0,1,0,0,0
2024-04-03T12:00:00,19.088686,72.867919,11,VABB,320,1.5,22000,2000,30.6,23.0,1008.3,0,0,0,0,0
2024-04-03T12:00:00,19.088686,72.867919,11,VABB,280,7.2,10000,4000,30.0,23.0,,0,1,0,0,0
2024-04-03T12:30:00,19.088686,72.867919,11,VABB,300,5.7,22000,4000,30.0,22.0,,0,1,0,0,0
2024-04-03T13:00:00,19.088686,72.867919,11,VABB,300,3.6,22000,3000,29.0,20.0,,0,1,0,0,0
2024-04-03T13:30:00,19.088686,72.867919,11,VABB,290,4.1,10000,3000,29.0,21.0,,0,1,0,0,0
2024-04-03T14:00:00,19.088686,72.867919,11,VABB,300,2.6,10000,3000,29.0,21.0,,0,1,0,0,0
2024-04-03T14:30:00,19.088686,72.867919,11,VABB,300,2.1,10000,3000,29.0,20.0,,0,1,0,0,0
2024-04-03T15:00:00,19.088686,72.867919,11,VABB,,0.0,22000,2000,28.2,20.7,1010.4,0,0,0,0,0
2024-04-03T15:00:00,19.088686,72.867919,11,VABB,300,2.1,22000,2500,29.0,21.0,,0,1,0,0,0
2024-04-03T15:30:00,19.088686,72.867919,11,VABB,10,2.1,22000,2500,29.0,20.0,,0,1,0,0,0
2024-04-03T16:00:00,19.088686,72.867919,11,VABB,310,1.5,22000,2500,29.0,20.0,,0,1,0,0,0
2024-04-03T16:30:00,19.088686,72.867919,11,VABB,40,2.1,22000,2500,29.0,20.0,,0,1,0,0,0
2024-04-03T17:00:00,19.088686,72.867919,11,VABB,10,2.1,22000,2500,29.0,20.0,,0,1,0,0,0
2024-04-03T17:30:00,19.088686,72.867919,11,VABB,300,2.1,22000,2500,29.0,20.0,,0,1,0,0,0
2024-04-03T18:00:00,19.088686,72.867919,11,VABB,,0.0,,2000,26.2,21.1,1011.1,0,0,0,0,0
2024-04-03T18:00:00,19.088686,72.867919,11,VABB,300,2.6,22000,2500,28.0,21.0,,0,1,0,0,0
2024-04-03T18:30:00,19.088686,72.867919,11,VABB,310,2.1,22000,2500,28.0,22.0,,0,1,0,0,0
2024-04-03T19:00:00,19.088686,72.867919,11,VABB,330,2.1,22000,2500,28.0,22.0,,0,1,0,0,0
2024-04-03T19:30:00,19.088686,72.867919,11,VABB,10,2.6,22000,2500,28.0,21.0,,0,1,0,0,0
2024-04-03T20:00:00,19.088686,72.867919,11,VABB,360,2.1,22000,2500,28.0,21.0,,0,1,0,0,0
2024-04-03T20:30:00,19.088686,72.867919,11,VABB,20,2.1,22000,2500,27.0,22.0,,0,1,0,0,0
2024-04-03T21:00:00,19.088686,72.867919,11,VABB,,0.0,,2000,25.0,21.1,1009.6,0,0,0,0,0
2024-04-03T21:00:00,19.088686,72.867919,11,VABB,350,2.6,22000,2500,27.0,22.0,,0,1,0,0,0
2024-04-03T21:30:00,19.088686,72.867919,11,VABB,10,2.1,22000,2500,27.0,22.0,,0,1,0,0,0
2024-04-03T22:00:00,19.088686,72.867919,11,VABB,10,2.6,22000,2500,27.0,22.0,,0,1,0,0,0
2024-04-03T22:30:00,19.088686,72.867919,11,VABB,340,2.1,22000,2500,27.0,22.0,,0,1,0,0,0
2024-04-03T23:00:00,19.088686,72.867919,11,VABB,350,2.6,22000,2500,27.0,22.0,,0,1,0,0,0
2024-04-03T23:30:00,19.088686,72.867919,11,VABB,340,2.6,22000,2500,27.0,22.0,,0,1,0,0,0
2024-04-04T00:00:00,19.088686,72.867919,11,VABB,,0.0,,2000,24.0,21.3,1008.8,0,0,0,0,0
2024-04-04T00:00:00,19.088686,72.867919,11,VABB,350,2.6,22000,2500,27.0,22.0,,0,1,0,0,0
2024-04-04T00:30:00,19.088686,72.867919,11,VABB,10,3.1,22000,2500,27.0,22.0,,0,1,0,0,0
2024-04-04T01:00:00,19.088686,72.867919,11,VABB,350,3.1,2000,2500,27.0,22.0,,1,0,0,0,0
2024-04-04T01:30:00,19.088686,72.867919,11,VABB,20,2.1,2000,2500,27.0,23.0,,1,0,0,0,0
2024-04-04T02:00:00,19.088686,72.867919,11,VABB,120,2.6,2000,2500,27.0,23.0,,1,0,0,0,0
2024-04-04T02:30:00,19.088686,72.867919,11,VABB,80,3.1,10000,2500,27.0,22.0,,0,1,0,0,0
2024-04-04T03:00:00,19.088686,72.867919,11,VABB,,0.0,22000,2000,26.4,21.6,1010.8,0,0,0,0,0
2024-04-04T03:00:00,19.088686,72.867919,11,VABB,330,2.1,10000,2500,29.0,20.0,,0,1,0,0,0
2024-04-04T03:30:00,19.088686,72.867919,11,VABB,330,2.1,10000,3000,29.0,19.0,,0,0,0,0,0
2024-04-04T04:00:00,19.088686,72.867919,11,VABB,320,1.5,10000,3000,30.0,20.0,,0,0,0,0,0
2024-04-04T04:30:00,19.088686,72.867919,11,VABB,310,1.5,10000,3000,30.0,20.0,,0,0,0,0,0
2024-04-04T05:00:00,19.088686,72.867919,11,VABB,90,2.6,10000,3000,31.0,20.0,,0,0,0,0,0
2024-04-04T05:30:00,19.088686,72.867919,11,VABB,150,1.5,10000,3000,33.0,19.0,,0,0,0,0,0
2024-04-04T06:00:00,19.088686,72.867919,11,VABB,270,1.5,,2000,32.2,22.9,1011.4,0,0,0,0,0
2024-04-04T06:00:00,19.088686,72.867919,11,VABB,260,3.6,10000,3500,32.0,24.0,,0,0,0,0,1
2024-04-04T06:30:00,19.088686,72.867919,11,VABB,250,6.2,22000,4000,32.0,24.0,,0,0,0,0,0
2024-04-04T07:00:00,19.088686,72.867919,11,VABB,290,4.6,22000,4000,32.0,24.0,,0,1,0,0,0
2024-04-04T07:30:00,19.088686,72.867919,11,VABB,300,4.1,10000,4000,32.0,24.0,,0,1,0,0,0
2024-04-04T08:00:00,19.088686,72.867919,11,VABB,310,4.6,3048,4000,32.0,24.0,,0,1,0,0,0
2024-04-04T08:30:00,19.088686,72.867919,11,VABB,310,4.6,10000,4000,32.0,24.0,,0,1,0,0,0
2024-04-04T09:00:00,19.088686,72.867919,11,VABB,320,2.1,22000,2000,32.6,23.7,1009.1,0,0,0,0,0
2024-04-04T09:00:00,19.088686,72.867919,11,VABB,250,5.7,10000,4000,32.0,23.0,,0,1,0,0,0
2024-04-04T09:30:00,19.088686,72.867919,11,VABB,280,5.7,10000,4000,31.0,23.0,,0,1,0,0,0
2024-04-04T10:00:00,19.088686,72.867919,11,VABB,260,5.1,10000,4000,31.0,22.0,,0,1,0,0,0
2024-04-04T10:30:00,19.088686,72.867919,11,VABB,280,3.6,10000,4000,31.0,22.0,,0,1,0,0,1
2024-04-04T11:00:00,19.088686,72.867919,11,VABB,300,4.1,10000,4000,31.0,22.0,,0,0,0,0,0
2024-04-04T11:30:00,19.088686,72.867919,11,VABB,340,5.7,10000,4000,32.0,20.0,,0,0,0,0,0
2024-04-04T12:00:00,19.088686,72.867919,11,VABB,320,2.1,22000,2000,31.0,19.8,1008.6,0,0,0,0,0
2024-04-04T12:00:00,19.088686,72.867919,11,VABB,330,4.1,10000,4000,32.0,19.0,,0,0,0,0,0
2024-04-04T12:30:00,19.088686,72.867919,11,VABB,290,3.1,10000,4000,31.0,20.0,,0,0,0,0,0
2024-04-04T13:00:00,19.088686,72.867919,11,VABB,280,5.1,10000,4000,30.0,20.0,,0,0,0,0,0
2024-04-04T13:30:00,19.088686,72.867919,11,VABB,300,4.1,10000,4000,30.0,21.0,,0,0,0,0,0
2024-04-04T14:00:00,19.088686,72.867919,11,VABB,290,3.1,10000,4000,29.0,21.0,,0,0,0,0,0
2024-04-04T14:30:00,19.088686,72.867919,11,VABB,290,3.1,10000,4000,29.0,21.0,,0,1,0,0,0
2024-04-04T15:00:00,19.088686,72.867919,11,VABB,,0.0,,2000,28.8,22.0,1010.6,0,0,0,0,0
2024-04-04T15:00:00,19.088686,72.867919,11,VABB,290,2.6,10000,4000,29.0,21.0,,0,1,0,0,0
2024-04-04T15:30:00,19.088686,72.867919,11,VABB,290,2.6,10000,3000,29.0,21.0,,0,1,0,0,0
2024-04-04T16:00:00,19.088686,72.867919,11,VABB,270,3.6,10000,3000,29.0,21.0,,0,1,0,0,0
2024-04-04T16:30:00,19.088686,72.867919,11,VABB,290,4.1,10000,3000,29.0,22.0,,0,1,0,0,0
2024-04-04T17:00:00,19.088686,72.867919,11,VABB,170,4.6,22000,3000,28.0,22.0,,0,1,0,0,0
2024-04-04T17:30:00,19.088686,72.867919,11,VABB,300,3.1,22000,3000,28.0,23.0,,0,1,0,0,0
2024-04-04T18:00:00,19.088686,72.867919,11,VABB,,0.0,,2000,27.4,22.1,1012.1,0,0,0,0,0
2024-04-04T18:00:00,19.088686,72.867919,11,VABB,320,2.6,22000,3000,28.0,23.0,,0,1,0,0,0
2024-04-04T18:30:00,19.088686,72.867919,11,VABB,330,2.1,22000,3000,29.0,20.0,,0,1,0,0,0
2024-04-04T19:00:00,19.088686,72.867919,11,VABB,300,4.1,22000,3000,28.0,22.0,,0,1,0,0,0
2024-04-04T19:30:00,19.088686,72.867919,11,VABB,360,3.1,22000,3000,28.0,23.0,,0,1,0,0,0
2024-04-04T20:00:00,19.088686,72.867919,11,VABB,340,2.1,22000,3000,27.0,23.0,,0,1,0,0,0
2024-04-04T20:30:00,19.088686,72.867919,11,VABB,0,0.0,22000,3000,27.0,23.0,,0,1,0,0,0
2024-04-04T21:00:00,19.088686,72.867919,11,VABB,,0.0,22000,2000,26.2,22.7,1010.3,0,0,0,0,0
2024-04-04T21:00:00,19.088686,72.867919,11,VABB,50,3.1,22000,3000,27.0,23.0,,0,1,0,0,0
2024-04-04T21:30:00,19.088686,72.867919,11,VABB,40,3.1,22000,3000,27.0,23.0,,0,1,0,0,0
2024-04-04T22:00:00,19.088686,72.867919,11,VABB,30,2.1,22000,3000,27.0,24.0,,1,0,0,0,0
2024-04-04T22:30:00,19.088686,72.867919,11,VABB,330,1.5,22000,3000,27.0,23.0,,1,0,0,0,0
2024-04-04T23:00:00,19.088686,72.867919,11,VABB,30,2.1,22000,3000,27.0,23.0,,1,0,0,0,0
2024-04-04T23:30:00,19.088686,72.867919,11,VABB,330,2.1,22000,3000,27.0,23.0,,1,0,0,0,0
2024-04-05T00:00:00,19.088686,72.867919,11,VABB,,0.0,22000,2000,24.4,22.3,1009.3,0,0,0,0,0
2024-04-05T00:00:00,19.088686,72.867919,11,VABB,340,3.1,22000,3000,27.0,24.0,,1,0,0,0,0
2024-04-05T00:30:00,19.088686,72.867919,11,VABB,350,2.1,22000,3000,27.0,23.0,,1,0,0,0,0
2024-04-05T01:00:00,19.088686,72.867919,11,VABB,340,2.6,10000,3000,26.0,24.0,,1,0,0,0,0
2024-04-05T01:30:00,19.088686,72.867919,11,VABB,340,2.6,10000,3000,26.0,24.0,,1,0,0,0,0
2024-04-05T02:00:00,19.088686,72.867919,11,VABB,20,2.1,22000,3000,27.0,24.0,,1,0,0,0,0
2024-04-05T02:30:00,19.088686,72.867919,11,VABB,30,3.1,22000,3000,27.0,24.0,,1,0,0,0,0
2024-04-05T03:00:00,19.088686,72.867919,11,VABB,,0.0,,2000,27.4,23.6,1011.3,0,0,0,0,0
2024-04-05T03:00:00,19.088686,72.867919,11,VABB,340,3.6,22000,3000,28.0,25.0,,0,1,0,0,0
2024-04-05T03:30:00,19.088686,72.867919,11,VABB,330,3.1,22000,3500,29.0,24.0,,0,1,0,0,0
2024-04-05T04:00:00,19.088686,72.867919,11,VABB,130,2.1,22000,3000,30.0,24.0,,0,1,0,0,0
2024-04-05T04:30:00,19.088686,72.867919,11,VABB,90,2.6,22000,3000,31.0,23.0,,0,1,0,0,0
2024-04-05T05:00:00,19.088686,72.867919,11,VABB,110,2.6,22000,3000,33.0,23.0,,0,1,0,0,0
2024-04-05T05:30:00,19.088686,72.867919,11,VABB,250,4.6,22000,3500,33.0,21.0,,0,1,0,0,0
2024-04-05T06:00:00,19.088686,72.867919,11,VABB,270,1.5,22000,2000,33.4,24.3,1010.5,0,0,0,0,0
2024-04-05T06:01:00,19.088686,72.867919,11,VABB,250,5.7,22000,4000,33.0,25.0,,0,1,0,0,0
2024-04-05T06:30:00,19.088686,72.867919,11,VABB,240,5.7,22000,4000,33.0,25.0,,0,1,0,0,0
2024-04-05T07:00:00,19.088686,72.867919,11,VABB,240,6.2,22000,4000,33.0,25.0,,0,1,0,0,0
2024-04-05T07:30:00,19.088686,72.867919,11,VABB,250,3.6,22000,4000,32.0,24.0,,0,1,0,0,1
2024-04-05T08:00:00,19.088686,72.867919,11,VABB,250,3.6,22000,4000,32.0,25.0,,0,1,0,0,1
2024-04-05T08:30:00,19.088686,72.867919,11,VABB,290,4.6,2000,4000,33.0,24.0,,0,0,0,0,0
2024-04-05T09:00:00,19.088686,72.867919,11,VABB,320,2.1,22000,2000,34.4,20.4,1007.9,0,0,0,0,0
2024-04-05T09:00:00,19.088686,72.867919,11,VABB,300,4.1,2000,4000,34.0,20.0,,0,0,0,0,0
2024-04-05T09:30:00,19.088686,72.867919,11,VABB,310,4.6,22000,4000,35.0,18.0,,0,0,0,0,0
2024-04-05T10:00:00,19.088686,72.867919,11,VABB,300,5.7,22000,4000,36.0,17.0,,0,0,0,0,0
2024-04-05T10:30:00,19.088686,72.867919,11,VABB,310,6.2,22000,4000,35.0,15.0,,0,0,0,0,0
2024-04-05T11:00:00,19.088686,72.867919,11,VABB,310,5.7,22000,4000,36.0,14.0,,0,0,0,0,0
2024-04-05T11:30:00,19.088686,72.867919,11,VABB,320,4.6,22000,4000,35.0,16.0,,0,0,0,0,0
2024-04-05T12:00:00,19.088686,72.867919,11,VABB,320,3.1,,2000,34.4,16.5,1006.6,0,0,0,0,0
2024-04-05T12:00:00,19.088686,72.867919,11,VABB,320,4.6,22000,4000,35.0,15.0,,0,0,0,0,0
2024-04-05T12:30:00,19.088686,72.867919,11,VABB,320,4.6,22000,4000,34.0,13.0,,0,0,0,0,0
2024-04-05T13:00:00,19.088686,72.867919,11,VABB,330,3.6,22000,4000,34.0,12.0,,0,0,0,0,0
2024-04-05T13:30:00,19.088686,72.867919,11,VABB,320,3.1,22000,3500,34.0,12.0,,0,0,0,0,0
2024-04-05T14:00:00,19.088686,72.867919,11,VABB,340,2.6,22000,3500,34.0,12.0,,0,0,0,0,0
2024-04-05T14:30:00,19.088686,72.867919,11,VABB,130,1.5,22000,3500,34.0,12.0,,0,0,0,0,0
2024-04-05T15:00:00,19.088686,72.867919,11,VABB,,0.0,,2000,30.2,15.3,1008.9,0,0,0,0,0
2024-04-05T15:00:00,19.088686,72.867919,11,VABB,290,4.1,22000,3500,33.0,14.0,,0,0,0,0,0
2024-04-05T15:30:00,19.088686,72.867919,11,VABB,300,4.6,22000,3500,31.0,21.0,,0,0,0,0,0
2024-04-05T16:00:00,19.088686,72.867919,11,VABB,310,5.7,22000,3000,30.0,22.0,,0,1,0,0,0
2024-04-05T16:30:00,19.088686,72.867919,11,VABB,310,4.6,22000,3000,29.0,23.0,,0,1,0,0,0
2024-04-05T17:00:00,19.088686,72.867919,11,VABB,310,4.1,22000,3000,29.0,23.0,,0,1,0,0,0
2024-04-05T17:30:00,19.088686,72.867919,11,VABB,310,3.6,22000,3000,29.0,23.0,,0,1,0,0,0
2024-04-05T18:00:00,19.088686,72.867919,11,VABB,340,2.6,,2000,28.6,21.4,1009.8,0,0,0,0,0
2024-04-05T18:00:00,19.088686,72.867919,11,VABB,330,3.6,22000,3000,29.0,22.0,,0,1,0,0,0
2024-04-05T18:30:00,19.088686,72.867919,11,VABB,340,3.1,22000,3000,30.0,21.0,,0,1,0,0,0
2024-04-05T19:00:00,19.088686,72.867919,11,VABB,340,4.1,22000,2500,29.0,21.0,,0,1,0,0,0
2024-04-05T19:30:00,19.088686,72.867919,11,VABB,350,4.1,22000,2500,29.0,21.0,,0,1,0,0,0
2024-04-05T20:00:00,19.088686,72.867919,11,VABB,350,3.1,22000,2500,29.0,20.0,,0,1,0,0,0
2024-04-05T20:30:00,19.088686,72.867919,11,VABB,10,2.1,22000,2500,29.0,20.0,,0,1,0,0,0
2024-04-05T21:00:00,19.088686,72.867919,11,VABB,,0.0,,2000,27.6,20.6,1008.3,0,0,0,0,0
2024-04-05T21:00:00,19.088686,72.867919,11,VABB,340,3.1,22000,2500,29.0,19.0,,0,1,0,0,0
2024-04-05T21:30:00,19.088686,72.867919,11,VABB,340,2.6,22000,2500,29.0,16.0,,0,1,0,0,0
2024-04-05T22:00:00,19.088686,72.867919,11,VABB,0,0.0,22000,2500,29.0,17.0,,0,0,0,0,0
2024-04-05T22:30:00,19.088686,72.867919,11,VABB,330,2.1,22000,2500,29.0,17.0,,0,0,0,0,0
2024-04-05T23:00:00,19.088686,72.867919,11,VABB,350,3.6,22000,2500,29.0,18.0,,0,0,0,0,0
2024-04-05T23:30:00,19.088686,72.867919,11,VABB,40,2.1,22000,2500,29.0,18.0,,0,0,0,0,0
2024-04-06T00:00:00,19.088686,72.867919,11,VABB,,0.0,,2000,25.4,19.2,1007.9,0,0,0,0,0
2024-04-06T00:00:00,19.088686,72.867919,11,VABB,330,2.6,22000,2500,28.0,17.0,,0,0,0,0,0
2024-04-06T00:30:00,19.088686,72.867919,11,VABB,330,2.1,22000,2500,28.0,18.0,,0,0,0,0,0
2024-04-06T01:00:00,19.088686,72.867919,11,VABB,350,2.1,22000,2500,28.0,17.0,,0,0,0,0,0
2024-04-06T01:30:00,19.088686,72.867919,11,VABB,0,0.0,22000,2500,28.0,18.0,,0,0,0,0,0
2024-04-06T02:00:00,19.088686,72.867919,11,VABB,340,2.1,22000,2200,30.0,17.0,,0,0,0,0,0
2024-04-06T02:30:00,19.088686,72.867919,11,VABB,120,2.6,22000,2200,30.0,17.0,,0,0,0,0,0
2024-04-06T03:00:00,19.088686,72.867919,11,VABB,,0.0,22000,2000,27.6,19.3,1009.9,0,0,0,0,0
2024-04-06T03:00:00,19.088686,72.867919,11,VABB,0,0.0,22000,2200,31.0,17.0,,0,0,0,0,0
2024-04-06T03:30:00,19.088686,72.867919,11,VABB,0,0.0,22000,2500,32.0,15.0,,0,0,0,0,0
2024-04-06T04:00:00,19.088686,72.867919,11,VABB,360,3.1,22000,2500,33.0,15.0,,0,0,0,0,0
2024-04-06T04:30:00,19.088686,72.867919,11,VABB,360,4.1,22000,2500,34.0,14.0,,0,0,0,0,0
2024-04-06T05:00:00,19.088686,72.867919,11,VABB,60,4.6,10000,2500,35.0,13.0,,0,0,0,0,0
2024-04-06T05:30:00,19.088686,72.867919,11,VABB,40,5.1,10000,3000,36.0,12.0,,0,0,0,0,0
2024-04-06T06:00:00,19.088686,72.867919,11,VABB,320,1.5,22000,2000,36.0,17.1,1009.8,0,0,0,0,0
2024-04-06T06:00:00,19.088686,72.867919,11,VABB,10,4.6,10000,3500,36.0,11.0,,0,0,0,0,0
2024-04-06T06:30:00,19.088686,72.867919,11,VABB,360,3.6,10000,3500,37.0,11.0,,0,0,0,0,0
2024-04-06T07:00:00,19.088686,72.867919,11,VABB,300,5.1,10000,4000,37.0,18.0,,0,0,0,0,0
2024-04-06T07:30:00,19.088686,72.867919,11,VABB,300,6.2,10000,4000,36.0,18.0,,0,0,0,0,0
2024-04-06T08:00:00,19.088686,72.867919,11,VABB,300,6.2,10000,4000,37.0,16.0,,0,0,0,0,0
2024-04-06T08:30:00,19.088686,72.867919,11,VABB,300,3.6,10000,4000,36.0,15.0,,0,0,0,0,1
2024-04-06T09:00:00,19.088686,72.867919,11,VABB,320,2.6,,2000,36.2,17.4,1007.1,0,0,0,0,0
2024-04-06T09:00:00,19.088686,72.867919,11,VABB,310,5.1,10000,4000,37.0,15.0,,0,0,0,0,0
2024-04-06T09:30:00,19.088686,72.867919,11,VABB,320,5.7,10000,4000,37.0,14.0,,0,0,0,0,0
2024-04-06T10:00:00,19.088686,72.867919,11,VABB,320,4.6,3048,4000,36.0,14.0,,0,0,0,0,1
2024-04-06T10:30:00,19.088686,72.867919,11,VABB,330,5.1,10000,4000,36.0,14.0,,0,0,0,0,0
2024-04-06T11:00:00,19.088686,72.867919,11,VABB,340,6.2,10000,4000,36.0,13.0,,0,0,0,0,0
2024-04-06T11:30:00,19.088686,72.867919,11,VABB,310,4.6,10000,4000,36.0,13.0,,0,0,0,0,1
2024-04-06T12:00:00,19.088686,72.867919,11,VABB,320,4.1,,2000,35.0,16.5,1005.8,0,0,0,0,0
2024-04-06T12:00:00,19.088686,72.867919,11,VABB,320,4.6,10000,4000,36.0,13.0,,0,0,0,0,0
2024-04-06T12:30:00,19.088686,72.867919,11,VABB,320,4.1,10000,4000,35.0,12.0,,0,0,0,0,0
2024-04-06T13:00:00,19.088686,72.867919,11,VABB,320,5.1,10000,4000,35.0,12.0,,0,0,0,0,0
2024-04-06T13:30:00,19.088686,72.867919,11,VABB,320,4.6,10000,3500,35.0,13.0,,0,0,0,0,0
2024-04-06T14:00:00,19.088686,72.867919,11,VABB,340,5.7,10000,3000,34.0,13.0,,0,0,0,0,0
2024-04-06T14:30:00,19.088686,72.867919,11,VABB,340,5.1,10000,3000,34.0,11.0,,0,0,0,0,0
2024-04-06T15:00:00,19.088686,72.867919,11,VABB,320,1.5,,2000,32.8,17.2,1007.0,0,0,0,0,0
2024-04-06T15:00:00,19.088686,72.867919,11,VABB,330,5.1,22000,3000,34.0,11.0,,0,0,0,0,0
2024-04-06T15:30:00,19.088686,72.867919,11,VABB,320,2.6,2000,3000,34.0,11.0,,0,0,0,0,0
2024-04-06T16:00:00,19.088686,72.867919,11,VABB,310,2.6,2000,3000,32.0,17.0,,0,0,0,0,0
2024-04-06T16:30:00,19.088686,72.867919,11,VABB,330,2.6,2000,3000,31.0,20.0,,0,0,0,0,0
2024-04-06T17:00:00,19.088686,72.867919,11,VABB,320,3.1,2000,3000,30.0,20.0,,0,0,0,0,0
2024-04-06T17:30:00,19.088686,72.867919,11,VABB,320,2.1,2000,3000,30.0,21.0,,0,0,0,0,0
2024-04-06T18:00:00,19.088686,72.867919,11,VABB,320,1.5,,2000,29.0,22.5,1008.2,0,0,0,0,0
2024-04-06T18:00:00,19.088686,72.867919,11,VABB,340,3.1,2000,3000,29.0,22.0,,0,1,0,0,0
2024-04-06T18:30:00,19.088686,72.867919,11,VABB,320,2.6,2000,3000,30.0,21.0,,0,1,0,0,0
2024-04-06T19:00:00,19.088686,72.867919,11,VABB,340,3.1,2000,3000,30.0,20.0,,0,1,0,0,0
2024-04-06T19:30:00,19.088686,72.867919,11,VABB,350,2.6,2000,3000,30.0,20.0,,0,1,0,0,0
2024-04-06T20:00:00,19.088686,72.867919,11,VABB,10,2.1,2000,3000,29.0,20.0,,0,1,0,0,0
2024-04-06T20:30:00,19.088686,72.867919,11,VABB,50,1.5,2000,3000,29.0,20.0,,0,0,0,0,0
2024-04-06T21:00:00,19.088686,72.867919,11,VABB,,0.0,22000,2000,27.0,21.0,1007.0,0,0,0,0,0
2024-04-06T21:00:00,19.088686,72.867919,11,VABB,10,2.6,22000,3000,30.0,20.0,,0,0,0,0,0
2024-04-06T21:30:00,19.088686,72.867919,11,VABB,360,3.1,22000,3000,30.0,19.0,,0,0,0,0,0
2024-04-06T22:00:00,19.088686,72.867919,11,VABB,340,2.6,2000,3000,29.0,19.0,,0,0,0,0,0
2024-04-06T22:30:00,19.088686,72.867919,11,VABB,330,3.1,2000,3000,29.0,19.0,,0,0,0,0,0
2024-04-06T23:00:00,19.088686,72.867919,11,VABB,340,2.6,2000,3000,29.0,20.0,,0,0,0,0,0
2024-04-06T23:30:00,19.088686,72.867919,11,VABB,340,4.6,2000,3000,29.0,20.0,,0,0,0,0,0
2024-04-07T00:00:00,19.088686,72.867919,11,VABB,,0.0,22000,2000,27.6,21.3,1007.2,0,0,0,0,0
2024-04-07T00:00:00,19.088686,72.867919,11,VABB,340,3.6,2000,3000,29.0,21.0,,0,0,0,0,0
2024-04-07T00:30:00,19.088686,72.867919,11,VABB,340,3.6,2000,3000,29.0,21.0,,0,1,0,0,0
2024-04-07T01:00:00,19.088686,72.867919,11,VABB,340,2.1,2000,3000,29.0,21.0,,0,1,0,0,0
2024-04-07T01:30:00,19.088686,72.867919,11,VABB,40,2.6,2000,3000,29.0,21.0,,0,1,0,0,0
2024-04-07T02:00:00,19.088686,72.867919,11,VABB,350,3.6,2000,2500,29.0,22.0,,0,1,0,0,0
2024-04-07T02:30:00,19.088686,72.867919,11,VABB,320,5.1,2000,2500,29.0,21.0,,0,1,0,0,0
2024-04-07T03:00:00,19.088686,72.867919,11,VABB,,0.0,22000,2000,29.0,21.6,1009.6,0,0,0,0,0
2024-04-07T03:00:00,19.088686,72.867919,11,VABB,90,3.1,2000,3000,30.0,20.0,,0,0,0,0,0
2024-04-07T03:30:00,19.088686,72.867919,11,VABB,50,1.5,10000,3000,31.0,20.0,,0,0,0,0,0
2024-04-07T04:00:00,19.088686,72.867919,11,VABB,90,3.1,22000,3000,32.0,18.0,,0,0,0,0,0
2024-04-07T04:30:00,19.088686,72.867919,11,VABB,100,3.1,22000,3000,33.0,18.0,,0,0,0,0,0
2024-04-07T05:00:00,19.088686,72.867919,11,VABB,0,0.0,22000,3000,33.0,17.0,,0,0,0,0,0
2024-04-07T05:30:00,19.088686,72.867919,11,VABB,0,0.0,22000,3000,35.0,17.0,,0,0,0,0,0
2024-04-07T06:00:00,19.088686,72.867919,11,VABB,,0.0,22000,2000,35.0,16.9,1009.6,0,0,0,0,0
2024-04-07T06:00:00,19.088686,72.867919,11,VABB,340,3.1,10000,3000,35.0,15.0,,0,0,0,0,0
2024-04-07T06:30:00,19.088686,72.867919,11,VABB,260,6.2,22000,4000,34.0,20.0,,0,0,0,0,0
2024-04-07T07:00:00,19.088686,72.867919,11,VABB,300,4.6,22000,4000,34.0,20.0,,0,0,0,0,0
2024-04-07T07:30:00,19.088686,72.867919,11,VABB,280,3.6,22000,4000,34.0,20.0,,0,0,0,0,0
2024-04-07T08:00:00,19.088686,72.867919,11,VABB,260,6.7,22000,4000,34.0,19.0,,0,0,0,0,0
2024-04-07T08:30:00,19.088686,72.867919,11,VABB,260,4.1,22000,4000,34.0,18.0,,0,0,0,0,1
2024-04-07T09:00:00,19.088686,72.867919,11,VABB,270,2.1,,2000,35.4,19.1,1007.1,0,0,0,0,0
2024-04-07T09:00:00,19.088686,72.867919,11,VABB,250,6.2,22000,4000,35.0,15.0,,0,0,0,0,0
2024-04-07T09:30:00,19.088686,72.867919,11,VABB,280,5.7,22000,4000,37.0,9.0,,0,0,0,0,0
2024-04-07T10:00:00,19.088686,72.867919,11,VABB,260,6.7,22000,4000,35.0,16.0,,0,0,0,0,1
2024-04-07T10:30:00,19.088686,72.867919,11,VABB,290,5.7,22000,4000,32.0,19.0,,0,0,0,0,0
2024-04-07T11:00:00,19.088686,72.867919,11,VABB,280,5.7,22000,4000,32.0,18.0,,0,0,0,0,0
2024-04-07T11:30:00,19.088686,72.867919,11,VABB,280,5.7,22000,4000,32.0,17.0,,0,0,0,0,0
2024-04-07T12:00:00,19.088686,72.867919,11,VABB,270,2.1,,2000,32.2,17.6,1006.7,0,0,0,0,0
2024-04-07T12:00:00,19.088686,72.867919,11,VABB,270,5.1,22000,4000,32.0,17.0,,0,0,0,0,0
2024-04-07T12:30:00,19.088686,72.867919,11,VABB,280,5.1,22000,4000,31.0,15.0,,0,0,0,0,0
2024-04-07T13:00:00,19.088686,72.867919,11,VABB,310,3.1,22000,4000,31.0,17.0,,0,0,0,0,0
2024-04-07T13:30:00,19.088686,72.867919,11,VABB,290,4.6,2000,3500,30.0,17.0,,0,0,0,0,0
2024-04-07T14:00:00,19.088686,72.867919,11,VABB,310,3.6,22000,3000,30.0,19.0,,0,0,0,0,0
2024-04-07T14:30:00,19.088686,72.867919,11,VABB,300,3.6,22000,3000,29.0,20.0,,0,0,0,0,0
2024-04-07T15:00:00,19.088686,72.867919,11,VABB,,0.0,,2000,28.4,20.5,1008.2,0,0,0,0,0
2024-04-07T15:00:00,19.088686,72.867919,11,VABB,300,4.1,22000,3000,29.0,20.0,,0,0,0,0,0
2024-04-07T15:30:00,19.088686,72.867919,11,VABB,270,3.1,22000,3000,28.0,22.0,,0,1,0,0,0
2024-04-07T16:00:00,19.088686,72.867919,11,VABB,270,3.1,22000,3000,28.0,21.0,,0,1,0,0,0
2024-04-07T16:30:00,19.088686,72.867919,11,VABB,270,2.6,22000,3000,28.0,21.0,,0,1,0,0,0
2024-04-07T17:00:00,19.088686,72.867919,11,VABB,280,3.6,22000,3000,28.0,22.0,,0,1,0,0,0
2024-04-07T17:30:00,19.088686,72.867919,11,VABB,280,3.1,22000,3000,28.0,22.0,,0,1,0,0,0
2024-04-07T18:00:00,19.088686,72.867919,11,VABB,,0.0,,2000,27.2,21.5,1009.4,0,0,0,0,0
2024-04-07T18:00:00,19.088686,72.867919,11,VABB,280,2.6,22000,3000,27.0,22.0,,0,1,0,0,0
2024-04-07T18:30:00,19.088686,72.867919,11,VABB,310,2.1,22000,3000,27.0,22.0,,0,1,0,0,0
2024-04-07T19:00:00,19.088686,72.867919,11,VABB,300,2.6,22000,3000,27.0,23.0,,0,1,0,0,0
2024-04-07T19:30:00,19.088686,72.867919,11,VABB,290,3.6,22000,3000,27.0,23.0,,0,1,0,0,0
2024-04-07T20:00:00,19.088686,72.867919,11,VABB,300,2.6,22000,3000,27.0,23.0,,1,0,0,0,0
2024-04-07T20:30:00,19.088686,72.867919,11,VABB,290,2.6,22000,3000,27.0,24.0,,1,0,0,0,0
2024-04-07T21:00:00,19.088686,72.867919,11,VABB,,0.0,,2000,26.4,22.6,1008.6,0,0,0,0,0
2024-04-07T21:00:00,19.088686,72.867919,11,VABB,290,2.1,22000,3000,27.0,24.0,,1,0,0,0,0
2024-04-07T21:30:00,19.088686,72.867919,11,VABB,270,1.5,22000,3000,27.0,24.0,,1,0,0,0,0
2024-04-07T22:00:00,19.088686,72.867919,11,VABB,0,0.0,22000,3000,26.0,23.0,,1,0,0,0,0
2024-04-07T22:30:00,19.088686,72.867919,11,VABB,0,0.0,22000,3000,26.0,23.0,,1,0,0,0,0
2024-04-07T23:00:00,19.088686,72.867919,11,VABB,0,0.0,22000,3000,26.0,23.0,,1,0,0,0,0
2024-04-07T23:30:00,19.088686,72.867919,11,VABB,340,1.5,22000,3000,26.0,23.0,,1,0,0,0,0
2024-04-08T00:00:00,19.088686,72.867919,11,VABB,,0.0,,2000,24.4,21.7,1008.3,0,0,0,0,0
2024-04-08T00:00:00,19.088686,72.867919,11,VABB,0,0.0,22000,3000,26.0,23.0,,1,0,0,0,0
2024-04-08T00:30:00,19.088686,72.867919,11,VABB,50,2.1,22000,3000,26.0,23.0,,1,0,0,0,0
2024-04-08T01:00:00,19.088686,72.867919,11,VABB,0,0.0,22000,3000,26.0,23.0,,1,0,0,0,0
2024-04-08T01:30:00,19.088686,72.867919,11,VABB,210,2.1,22000,3000,26.0,23.0,,1,0,0,0,0
2024-04-08T02:00:00,19.088686,72.867919,11,VABB,0,0.0,22000,3000,27.0,23.0,,1,0,0,0,0
2024-04-08T02:30:00,19.088686,72.867919,11,VABB,0,0.0,22000,2500,28.0,23.0,,1,0,0,0,0
2024-04-08T03:00:00,19.088686,72.867919,11,VABB,,0.0,,2000,26.4,22.2,1010.1,0,0,0,0,0
2024-04-08T03:00:00,19.088686,72.867919,11,VABB,50,2.1,22000,2500,29.0,23.0,,0,1,0,0,0
2024-04-08T03:30:00,19.088686,72.867919,11,VABB,50,2.1,22000,2500,29.0,20.0,,0,0,0,0,0
2024-04-08T04:00:00,19.088686,72.867919,11,VABB,80,2.6,22000,3000,31.0,17.0,,0,0,0,0,0
2024-04-08T04:30:00,19.088686,72.867919,11,VABB,30,1.5,22000,3000,31.0,18.0,,0,0,0,0,0
2024-04-08T05:00:00,19.088686,72.867919,11,VABB,20,1.5,22000,3000,32.0,18.0,,0,0,0,0,0
2024-04-08T05:30:00,19.088686,72.867919,11,VABB,240,2.6,22000,3000,32.0,21.0,,0,0,0,0,0
2024-04-08T06:00:00,19.088686,72.867919,11,VABB,270,2.1,,2000,32.4,22.2,1010.2,0,0,0,0,0
2024-04-08T06:00:00,19.088686,72.867919,11,VABB,270,5.1,22000,3000,33.0,22.0,,0,0,0,0,0
2024-04-08T06:30:00,19.088686,72.867919,11,VABB,250,5.1,22000,3000,32.0,23.0,,0,1,0,0,0
2024-04-08T07:00:00,19.088686,72.867919,11,VABB,280,5.7,22000,3000,32.0,24.0,,0,1,0,0,0
2024-04-08T07:30:00,19.088686,72.867919,11,VABB,270,4.6,22000,4000,32.0,24.0,,0,1,0,0,0
2024-04-08T08:00:00,19.088686,72.867919,11,VABB,250,3.6,22000,4000,32.0,24.0,,0,1,0,0,1
2024-04-08T08:30:00,19.088686,72.867919,11,VABB,250,7.2,22000,4000,32.0,24.0,,0,1,0,0,0
2024-04-08T09:00:00,19.088686,72.867919,11,VABB,270,2.1,,2000,32.6,24.0,1007.7,0,0,0,0,0
2024-04-08T09:00:00,19.088686,72.867919,11,VABB,260,6.2,22000,4000,32.0,24.0,,0,1,0,0,0
2024-04-08T09:30:00,19.088686,72.867919,11,VABB,250,6.7,22000,4000,32.0,24.0,,0,1,0,0,0
2024-04-08T10:00:00,19.088686,72.867919,11,VABB,260,6.7,22000,4000,32.0,24.0,,0,1,0,0,0
2024-04-08T10:30:00,19.088686,72.867919,11,VABB,280,4.1,22000,4000,32.0,25.0,,0,1,0,0,0
2024-04-08T11:00:00,19.088686,72.867919,11,VABB,260,6.2,22000,4000,32.0,25.0,,0,1,0,0,0
2024-04-08T11:30:00,19.088686,72.867919,11,VABB,260,5.1,22000,4000,31.0,25.0,,0,1,0,0,0
2024-04-08T12:00:00,19.088686,72.867919,11,VABB,270,1.5,,2000,31.6,24.8,1006.8,0,0,0,0,0
2024-04-08T12:00:00,19.088686,72.867919,11,VABB,270,5.1,22000,4000,31.0,25.0,,0,1,0,0,0
2024-04-08T12:30:00,19.088686,72.867919,11,VABB,270,4.6,22000,4000,30.0,25.0,,0,1,0,0,0
2024-04-08T13:00:00,19.088686,72.867919,11,VABB,260,4.6,22000,4000,30.0,25.0,,0,1,0,0,0
2024-04-08T13:30:00,19.088686,72.867919,11,VABB,270,5.1,22000,4000,29.0,26.0,,0,1,0,0,0
2024-04-08T14:00:00,19.088686,72.867919,11,VABB,270,4.1,22000,3000,29.0,26.0,,0,1,0,0,0
2024-04-08T14:30:00,19.088686,72.867919,11,VABB,260,4.1,22000,3000,28.0,26.0,,0,1,0,0,0
2024-04-08T15:00:00,19.088686,72.867919,11,VABB,,0.0,,2000,28.2,25.1,1008.2,0,0,0,0,0
2024-04-08T15:00:00,19.088686,72.867919,11,VABB,270,3.1,22000,3000,28.0,26.0,,0,1,0,0,0
2024-04-08T15:30:00,19.088686,72.867919,11,VABB,260,3.6,22000,3000,28.0,26.0,,0,1,0,0,0
2024-04-08T16:00:00,19.088686,72.867919,11,VABB,280,4.6,22000,3000,28.0,26.0,,0,1,0,0,0
2024-04-08T16:30:00,19.088686,72.867919,11,VABB,260,3.1,22000,3000,28.0,26.0,,0,1,0,0,0
2024-04-08T17:00:00,19.088686,72.867919,11,VABB,230,3.1,22000,3000,28.0,26.0,,0,1,0,0,0
2024-04-08T17:30:00,19.088686,72.867919,11,VABB,280,3.1,22000,3000,28.0,26.0,,0,1,0,0,0
2024-04-08T18:00:00,19.088686,72.867919,11,VABB,,0.0,22000,2000,27.6,24.7,1009.4,0,0,0,0,0
2024-04-08T18:00:00,19.088686,72.867919,11,VABB,280,3.1,22000,3000,28.0,26.0,,0,1,0,0,0
2024-04-08T18:30:00,19.088686,72.867919,11,VABB,280,3.1,22000,3000,28.0,25.0,,0,1,0,0,0
2024-04-08T19:00:00,19.088686,72.867919,11,VABB,300,3.1,22000,3000,28.0,25.0,,0,1,0,0,0
2024-04-08T19:30:00,19.088686,72.867919,11,VABB,300,3.1,22000,3000,27.0,25.0,,0,1,0,0,0
2024-04-08T20:00:00,19.088686,72.867919,11,VABB,350,3.1,22000,3000,28.0,25.0,,0,1,0,0,0
2024-04-08T20:30:00,19.088686,72.867919,11,VABB,300,2.1,22000,3000,28.0,24.0,,0,1,0,0,0
2024-04-08T21:00:00,19.088686,72.867919,11,VABB,350,2.1,22000,3000,28.0,24.0,,0,1,0,0,0
2024-04-08T21:30:00,19.088686,72.867919,11,VABB,50,2.1,22000,3000,28.0,24.0,,0,1,0,0,0
2024-04-08T22:00:00,19.088686,72.867919,11,VABB,0,0.0,22000,3000,27.0,24.0,,1,0,0,0,0
2024-04-08T22:30:00,19.088686,72.867919,11,VABB,0,0.0,22000,3000,27.0,23.0,,1,0,0,0,0
2024-04-08T23:00:00,19.088686,72.867919,11,VABB,0,0.0,22000,3000,27.0,22.0,,0,1,0,0,0
2024-04-08T23:30:00,19.088686,72.867919,11,VABB,130,1.5,22000,3000,28.0,22.0,,0,1,0,0,0
2024-04-09T00:00:00,19.088686,72.867919,11,VABB,,0.0,,2000,24.4,21.7,1007.9,0,0,0,0,0
2024-04-09T00:00:00,19.088686,72.867919,11,VABB,120,2.6,22000,3000,27.0,23.0,,0,1,0,0,0
2024-04-09T00:30:00,19.088686,72.867919,11,VABB,120,2.6,22000,3000,27.0,24.0,,1,0,0,0,0
2024-04-09T01:00:00,19.088686,72.867919,11,VABB,100,2.6,22000,2500,27.0,24.0,,1,0,0,0,0
2024-04-09T01:30:00,19.088686,72.867919,11,VABB,110,1.5,22000,2000,27.0,24.0,,1,0,1,0,0
2024-04-09T02:00:00,19.088686,72.867919,11,VABB,110,1.5,22000,1800,27.0,24.0,,1,0,1,0,0
2024-04-09T02:30:00,19.088686,72.867919,11,VABB,80,2.6,22000,1700,28.0,23.0,,1,0,1,0,0
2024-04-09T03:00:00,19.088686,72.867919,11,VABB,,0.0,,2000,27.4,22.4,1009.6,0,0,0,0,0
2024-04-09T03:00:00,19.088686,72.867919,11,VABB,0,0.0,22000,1700,30.0,23.0,,0,1,0,0,0
2024-04-09T03:30:00,19.088686,72.867919,11,VABB,30,2.6,22000,2100,30.0,22.0,,0,1,0,0,0
2024-04-09T04:00:00,19.088686,72.867919,11,VABB,10,3.1,22000,2200,32.0,19.0,,0,0,0,0,0
2024-04-09T04:30:00,19.088686,72.867919,11,VABB,320,2.6,22000,2500,33.0,17.0,,0,0,0,0,0
2024-04-09T05:00:00,19.088686,72.867919,11,VABB,350,3.6,22000,2500,34.0,14.0,,0,0,0,0,0
2024-04-09T05:30:00,19.088686,72.867919,11,VABB,260,5.7,22000,2500,34.0,19.0,,0,0,0,0,0
2024-04-09T06:00:00,19.088686,72.867919,11,VABB,270,1.5,,2000,33.6,22.6,1009.9,0,0,0,0,0
2024-04-09T06:00:00,19.088686,72.867919,11,VABB,250,6.2,22000,2500,33.0,23.0,,0,0,0,0,0
2024-04-09T06:30:00,19.088686,72.867919,11,VABB,260,5.7,22000,2500,32.0,24.0,,0,1,0,0,0
2024-04-09T07:00:00,19.088686,72.867919,11,VABB,250,3.6,22000,3000,33.0,24.0,,0,1,0,0,1
2024-04-09T07:30:00,19.088686,72.867919,11,VABB,260,6.2,22000,3000,33.0,23.0,,0,0,0,0,0
2024-04-09T08:00:00,19.088686,72.867919,11,VABB,260,6.7,22000,3500,33.0,23.0,,0,0,0,0,0
2024-04-09T08:30:00,19.088686,72.867919,11,VABB,260,5.7,22000,3500,32.0,23.0,,0,0,0,0,0
2024-04-09T09:00:00,19.088686,72.867919,11,VABB,320,2.1,,2000,32.4,23.2,1008.6,0,0,0,0,0
2024-04-09T09:00:00,19.088686,72.867919,11,VABB,250,6.2,22000,4000,31.0,23.0,,0,0,0,0,0
2024-04-09T09:30:00,19.088686,72.867919,11,VABB,260,5.7,22000,4000,32.0,23.0,,0,0,0,0,0
2024-04-09T10:00:00,19.088686,72.867919,11,VABB,280,6.2,22000,4000,31.0,23.0,,0,0,0,0,0
2024-04-09T10:30:00,19.088686,72.867919,11,VABB,270,5.7,22000,4000,31.0,24.0,,0,0,0,0,0
2024-04-09T11:00:00,19.088686,72.867919,11,VABB,240,4.1,22000,4000,31.0,25.0,,0,0,0,0,0
2024-04-09T11:30:00,19.088686,72.867919,11,VABB,260,4.1,10000,4000,31.0,25.0,,0,0,0,0,0
2024-04-09T12:00:00,19.088686,72.867919,11,VABB,270,1.5,,2000,31.4,24.3,1007.0,0,0,0,0,0
2024-04-09T12:00:00,19.088686,72.867919,11,VABB,260,5.1,10000,4000,30.0,25.0,,0,1,0,0,0
2024-04-09T12:30:00,19.088686,72.867919,11,VABB,270,4.1,10000,3000,30.0,25.0,,0,1,0,0,0
2024-04-09T13:00:00,19.088686,72.867919,11,VABB,260,3.6,2000,3000,29.0,26.0,,0,1,0,0,0
2024-04-09T13:30:00,19.088686,72.867919,11,VABB,270,4.6,2000,3000,29.0,26.0,,0,1,0,0,0
2024-04-09T14:00:00,19.088686,72.867919,11,VABB,260,3.6,2000,3000,28.0,26.0,,0,1,0,0,0
2024-04-09T14:30:00,19.088686,72.867919,11,VABB,270,3.1,2000,3000,28.0,26.0,,0,1,0,0,0
2024-04-09T15:00:00,19.088686,72.867919,11,VABB,,0.0,22000,2000,28.2,24.8,1008.7,0,0,0,0,0
2024-04-09T15:00:00,19.088686,72.867919,11,VABB,260,3.1,2000,3000,28.0,26.0,,0,1,0,0,0
2024-04-09T15:30:00,19.088686,72.867919,11,VABB,250,4.1,2000,3000,28.0,26.0,,0,1,0,0,0
2024-04-09T16:00:00,19.088686,72.867919,11,VABB,240,3.1,2000,3000,28.0,26.0,,0,1,0,0,0
2024-04-09T16:30:00,19.088686,72.867919,11,VABB,260,3.1,2000,3000,28.0,26.0,,0,1,0,0,0
2024-04-09T17:00:00,19.088686,72.867919,11,VABB,260,3.6,3048,3000,28.0,26.0,,0,1,0,0,0
2024-04-09T17:30:00,19.088686,72.867919,11,VABB,260,3.6,3048,3000,28.0,25.0,,0,1,0,0,0
2024-04-09T18:00:00,19.088686,72.867919,11,VABB,320,2.1,750,2000,28.0,23.9,1010.3,0,0,0,0,0
2024-04-09T18:00:00,19.088686,72.867919,11,VABB,270,3.6,3048,3000,28.0,25.0,,0,1,0,0,0
2024-04-09T18:30:00,19.088686,72.867919,11,VABB,260,3.6,3048,3000,29.0,26.0,,0,1,0,0,0
2024-04-09T19:00:00,19.088686,72.867919,11,VABB,280,3.1,3048,3000,28.0,25.0,,0,1,0,0,0
2024-04-09T19:30:00,19.088686,72.867919,11,VABB,270,2.6,2000,3000,28.0,25.0,,0,1,0,0,0
2024-04-09T20:00:00,19.088686,72.867919,11,VABB,260,2.1,2000,3000,27.0,25.0,,0,1,0,0,0
2024-04-09T20:30:00,19.088686,72.867919,11,VABB,270,2.6,2000,3000,27.0,25.0,,0,1,0,0,0
2024-04-09T21:00:00,19.088686,72.867919,11,VABB,,0.0,750,2000,27.0,23.8,1008.8,0,0,0,0,0
2024-04-09T21:00:00,19.088686,72.867919,11,VABB,270,2.1,2000,3000,27.0,25.0,,0,1,0,0,0
2024-04-09T21:30:00,19.088686,72.867919,11,VABB,260,1.5,2000,3000,27.0,25.0,,0,1,0,0,0
2024-04-09T22:00:00,19.088686,72.867919,11,VABB,0,0.0,2000,3000,27.0,25.0,,0,1,0,0,0
2024-04-09T22:30:00,19.088686,72.867919,11,VABB,250,2.1,2000,3000,27.0,25.0,,0,1,0,0,0
2024-04-09T23:00:00,19.088686,72.867919,11,VABB,250,2.6,2000,3000,27.0,25.0,,0,1,0,0,0
2024-04-09T23:30:00,19.088686,72.867919,11,VABB,230,2.1,2000,3000,27.0,25.0,,0,1,0,0,0
2024-04-10T00:00:00,19.088686,72.867919,11,VABB,,0.0,,2000,25.6,23.3,1008.4,0,0,0,0,0
2024-04-10T00:00:00,19.088686,72.867919,11,VABB,20,2.1,2000,3000,27.0,25.0,,0,1,0,0,0
2024-04-10T00:30:00,19.088686,72.867919,11,VABB,130,2.6,2000,3000,27.0,25.0,,0,1,0,0,0
2024-04-10T01:00:00,19.088686,72.867919,11,VABB,130,2.6,2000,2500,27.0,25.0,,0,1,0,0,0
2024-04-10T01:30:00,19.088686,72.867919,11,VABB,100,3.6,22000,2000,27.0,25.0,,0,1,0,0,0
2024-04-10T02:00:00,19.088686,72.867919,11,VABB,120,2.6,22000,1800,27.0,25.0,,1,0,1,0,0
2024-04-10T02:30:00,19.088686,72.867919,11,VABB,210,2.1,,1500,28.0,25.0,,1,0,0,0,0
2024-04-10T03:00:00,19.088686,72.867919,11,VABB,,0.0,,2000,27.4,23.9,1010.1,0,0,0,0,0
2024-04-10T03:00:00,19.088686,72.867919,11,VABB,240,2.1,,1500,29.0,25.0,,1,0,0,0,0
2024-04-10T03:30:00,19.088686,72.867919,11,VABB,350,2.1,22000,1800,30.0,23.0,,0,1,0,0,0
2024-04-10T04:00:00,19.088686,72.867919,11,VABB,260,2.6,22000,2100,30.0,23.0,,0,1,0,0,0
2024-04-10T04:30:00,19.088686,72.867919,11,VABB,240,3.6,22000,2100,31.0,23.0,,0,1,0,0,0
2024-04-10T05:00:00,19.088686,72.867919,11,VABB,290,1.5,22000,2100,31.0,23.0,,0,1,0,0,0
2024-04-10T05:30:00,19.088686,72.867919,11,VABB,260,3.6,22000,2500,32.0,24.0,,0,1,0,0,0
2024-04-10T06:00:00,19.088686,72.867919,11,VABB,320,1.5,,2000,32.0,23.0,1010.2,0,0,0,0,0
2024-04-10T06:00:00,19.088686,72.867919,11,VABB,270,4.1,22000,2500,32.0,24.0,,0,1,0,0,0
2024-04-10T06:30:00,19.088686,72.867919,11,VABB,260,4.6,22000,2500,31.0,24.0,,0,1,0,0,0
2024-04-10T07:00:00,19.088686,72.867919,11,VABB,260,5.7,22000,2500,31.0,24.0,,0,1,0,0,0
2024-04-10T07:30:00,19.088686,72.867919,11,VABB,250,5.7,22000,3000,32.0,24.0,,0,1,0,0,0
2024-04-10T08:00:00,19.088686,72.867919,11,VABB,260,5.1,22000,3500,31.0,23.0,,0,1,0,0,0
2024-04-10T08:30:00,19.088686,72.867919,11,VABB,260,6.2,22000,3500,32.0,23.0,,0,0,0,0,0
2024-04-10T09:00:00,19.088686,72.867919,11,VABB,270,2.1,,2000,32.8,22.3,1008.4,0,0,0,0,0
2024-04-10T09:00:00,19.088686,72.867919,11,VABB,270,6.2,22000,4000,32.0,23.0,,0,0,0,0,0
2024-04-10T09:30:00,19.088686,72.867919,11,VABB,270,6.2,22000,4000,31.0,21.0,,0,0,0,0,0
2024-04-10T10:00:00,19.088686,72.867919,11,VABB,290,6.2,22000,4000,31.0,24.0,,0,0,0,0,0
2024-04-10T10:30:00,19.088686,72.867919,11,VABB,270,6.2,22000,4000,31.0,24.0,,0,0,0,0,0
2024-04-10T11:00:00,19.088686,72.867919,11,VABB,290,4.6,22000,4000,31.0,25.0,,0,0,0,0,0
2024-04-10T11:30:00,19.088686,72.867919,11,VABB,280,5.7,22000,4000,30.0,25.0,,0,1,0,0,0
2024-04-10T12:00:00,19.088686,72.867919,11,VABB,320,2.1,,2000,30.6,24.6,1007.6,0,0,0,0,0
2024-04-10T12:00:00,19.088686,72.867919,11,VABB,270,5.7,10000,4000,30.0,25.0,,0,1,0,0,0
2024-04-10T12:30:00,19.088686,72.867919,11,VABB,280,5.1,10000,4000,29.0,25.0,,0,1,0,0,0
2024-04-10T13:00:00,19.088686,72.867919,11,VABB,280,4.1,10000,3000,29.0,25.0,,0,1,0,0,0
2024-04-10T13:30:00,19.088686,72.867919,11,VABB,280,4.6,10000,3000,29.0,25.0,,0,1,0,0,0
2024-04-10T14:00:00,19.088686,72.867919,11,VABB,310,3.1,10000,3000,29.0,26.0,,0,1,0,0,0
2024-04-10T14:30:00,19.088686,72.867919,11,VABB,310,4.6,10000,3000,29.0,26.0,,1,0,0,0,0
2024-04-10T15:00:00,19.088686,72.867919,11,VABB,,0.0,,2000,28.0,24.6,1008.6,0,0,0,0,0
2024-04-10T15:00:00,19.088686,72.867919,11,VABB,300,3.1,10000,3000,28.0,25.0,,1,0,0,0,0
2024-04-10T15:30:00,19.088686,72.867919,11,VABB,300,3.1,10000,3000,28.0,25.0,,1,0,0,0,0
2024-04-10T16:00:00,19.088686,72.867919,11,VABB,290,2.1,10000,3000,28.0,26.0,,1,0,0,0,0
2024-04-10T16:30:00,19.088686,72.867919,11,VABB,320,2.6,22000,3000,28.0,26.0,,1,0,0,0,0
2024-04-10T17:00:00,19.088686,72.867919,11,VABB,310,2.1,22000,3000,28.0,26.0,,1,0,0,0,0
2024-04-10T17:30:00,19.088686,72.867919,11,VABB,320,2.6,22000,3000,28.0,26.0,,1,0,0,0,0
2024-04-10T18:00:00,19.088686,72.867919,11,VABB,,0.0,,2000,27.4,24.5,1009.4,0,0,0,0,0
2024-04-10T18:00:00,19.088686,72.867919,11,VABB,300,2.1,22000,3000,28.0,25.0,,1,0,0,0,0
2024-04-10T18:30:00,19.088686,72.867919,11,VABB,90,2.6,22000,3000,28.0,25.0,,1,0,0,0,0
2024-04-10T19:00:00,19.088686,72.867919,11,VABB,350,1.5,22000,3000,28.0,25.0,,1,0,0,0,0
2024-04-10T19:30:00,19.088686,72.867919,11,VABB,310,1.5,22000,3000,28.0,24.0,,1,0,0,0,0
2024-04-10T20:00:00,19.088686,72.867919,11,VABB,310,4.1,22000,3000,28.0,24.0,,1,0,0,0,0
2024-04-10T20:30:00,19.088686,72.867919,11,VABB,0,0.0,22000,3000,28.0,25.0,,1,0,0,0,0
2024-04-10T21:00:00,19.088686,72.867919,11,VABB,,0.0,,2000,26.0,23.7,1008.4,0,0,0,0,0
2024-04-10T21:00:00,19.088686,72.867919,11,VABB,280,1.5,22000,3000,28.0,24.0,,1,0,0,0,0
2024-04-10T21:30:00,19.088686,72.867919,11,VABB,360,1.5,22000,3000,28.0,23.0,,1,0,0,0,0
2024-04-10T22:00:00,19.088686,72.867919,11,VABB,10,1.5,2000,3000,28.0,23.0,,1,0,0,0,0
2024-04-10T22:30:00,19.088686,72.867919,11,VABB,20,1.5,2000,3000,28.0,24.0,,1,0,0,0,0
2024-04-10T23:00:00,19.088686,72.867919,11,VABB,350,1.5,22000,3000,27.0,24.0,,1,0,0,0,0
2024-04-10T23:30:00,19.088686,72.867919,11,VABB,350,2.1,22000,3000,27.0,24.0,,1,0,0,0,0
2024-04-11T00:00:00,19.088686,72.867919,11,VABB,,0.0,22000,2000,25.4,23.3,1009.0,0,0,0,0,0
2024-04-11T00:00:00,19.088686,72.867919,11,VABB,330,1.5,22000,3000,27.0,24.0,,1,0,0,0,0
2024-04-11T00:30:00,19.088686,72.867919,11,VABB,0,0.0,10000,3000,27.0,23.0,,1,0,0,0,0
2024-04-11T01:00:00,19.088686,72.867919,11,VABB,20,2.1,3048,3000,28.0,22.0,,0,1,0,0,0
2024-04-11T01:30:00,19.088686,72.867919,11,VABB,80,1.5,3048,3000,28.0,21.0,,0,1,0,0,0
2024-04-11T02:00:00,19.088686,72.867919,11,VABB,120,3.1,10000,2500,28.0,23.0,,0,1,0,0,0
2024-04-11T02:30:00,19.088686,72.867919,11,VABB,100,3.1,10000,2500,28.0,22.0,,0,1,0,0,0
2024-04-11T03:00:00,19.088686,72.867919,11,VABB,,0.0,22000,2000,27.8,21.5,1010.6,0,0,0,0,0
2024-04-11T03:00:00,19.088686,72.867919,11,VABB,90,2.6,2000,2500,29.0,22.0,,0,1,0,0,0
2024-04-11T03:30:00,19.088686,72.867919,11,VABB,80,2.1,2000,2500,30.0,21.0,,0,0,0,0,0
2024-04-11T04:00:00,19.088686,72.867919,11,VABB,40,3.6,3048,3000,32.0,17.0,,0,0,0,0,0
2024-04-11T04:30:00,19.088686,72.867919,11,VABB,340,3.6,10000,3000,32.0,16.0,,0,0,0,0,0
2024-04-11T05:00:00,19.088686,72.867919,11,VABB,210,2.1,10000,3000,34.0,16.0,,0,0,0,0,0
2024-04-11T05:30:00,19.088686,72.867919,11,VABB,280,5.1,10000,3000,34.0,19.0,,0,0,0,0,0
2024-04-11T06:00:00,19.088686,72.867919,11,VABB,270,2.1,22000,2000,33.4,20.9,1010.7,0,0,0,0,0
2024-04-11T06:00:00,19.088686,72.867919,11,VABB,260,4.6,10000,3000,32.0,21.0,,0,0,0,0,0
2024-04-11T06:30:00,19.088686,72.867919,11,VABB,240,5.1,22000,3000,31.0,23.0,,0,0,0,0,0
2024-04-11T07:00:00,19.088686,72.867919,11,VABB,250,5.1,10000,3000,32.0,22.0,,0,0,0,0,0
2024-04-11T07:30:00,19.088686,72.867919,11,VABB,270,4.6,10000,3000,32.0,22.0,,0,0,0,0,0
2024-04-11T08:00:00,19.088686,72.867919,11,VABB,250,4.1,10000,4000,32.0,23.0,,0,0,0,0,0
2024-04-11T08:30:00,19.088686,72.867919,11,VABB,240,4.6,2000,4000,31.0,22.0,,0,0,0,0,0
2024-04-11T09:00:00,19.088686,72.867919,11,VABB,270,2.1,22000,2000,32.2,21.9,1008.5,0,0,0,0,0
2024-04-11T09:00:00,19.088686,72.867919,11,VABB,250,4.6,2000,4000,30.0,22.0,,0,0,0,0,0
2024-04-11T09:30:00,19.088686,72.867919,11,VABB,270,5.7,2000,4000,31.0,22.0,,0,0,0,0,0
2024-04-11T10:00:00,19.088686,72.867919,11,VABB,260,5.1,10000,4000,31.0,22.0,,0,1,0,0,0
2024-04-11T10:30:00,19.088686,72.867919,11,VABB,270,6.2,10000,4000,31.0,22.0,,0,0,0,0,0
2024-04-11T11:00:00,19.088686,72.867919,11,VABB,270,4.6,10000,4000,32.0,22.0,,0,0,0,0,0
2024-04-11T11:30:00,19.088686,72.867919,11,VABB,260,5.7,10000,4000,31.0,22.0,,0,0,0,0,0
2024-04-11T12:00:00,19.088686,72.867919,11,VABB,320,1.5,22000,2000,31.2,22.4,1007.4,0,0,0,0,0
2024-04-11T12:00:00,19.088686,72.867919,11,VABB,260,5.1,2000,4000,31.0,22.0,,0,0,0,0,0
2024-04-11T12:30:00,19.088686,72.867919,11,VABB,260,4.6,2000,4000,30.0,23.0,,0,0,0,0,0
2024-04-11T13:00:00,19.088686,72.867919,11,VABB,270,4.6,2000,3000,29.0,23.0,,0,0,0,0,0
2024-04-11T13:30:00,19.088686,72.867919,11,VABB,270,4.6,2000,3000,29.0,23.0,,0,1,0,0,0
2024-04-11T14:00:00,19.088686,72.867919,11,VABB,260,4.1,2000,3000,29.0,23.0,,0,1,0,0,0
2024-04-11T14:30:00,19.088686,72.867919,11,VABB,310,2.1,2000,3000,29.0,23.0,,0,1,0,0,0
2024-04-11T15:00:00,19.088686,72.867919,11,VABB,,0.0,22000,2000,28.4,21.9,1008.7,0,0,0,0,0
2024-04-11T15:00:00,19.088686,72.867919,11,VABB,270,2.6,10000,3000,29.0,23.0,,0,1,0,0,0
2024-04-11T15:30:00,19.088686,72.867919,11,VABB,260,2.6,10000,3000,29.0,23.0,,0,1,0,0,0
2024-04-11T16:00:00,19.088686,72.867919,11,VABB,220,2.6,10000,3000,28.0,23.0,,0,1,0,0,0
2024-04-11T16:30:00,19.088686,72.867919,11,VABB,230,3.1,22000,3000,28.0,23.0,,0,1,0,0,0
2024-04-11T17:00:00,19.088686,72.867919,11,VABB,240,2.6,22000,3000,28.0,24.0,,0,1,0,0,0
2024-04-11T17:30:00,19.088686,72.867919,11,VABB,240,3.1,22000,3000,28.0,24.0,,1,0,0,0,0
2024-04-11T18:00:00,19.088686,72.867919,11,VABB,,0.0,,2000,27.4,23.3,1009.6,0,0,0,0,0
2024-04-11T18:00:00,19.088686,72.867919,11,VABB,270,2.1,22000,3000,28.0,24.0,,1,0,0,0,0
2024-04-11T18:30:00,19.088686,72.867919,11,VABB,280,2.1,22000,3000,28.0,25.0,,1,0,0,0,0
2024-04-11T19:00:00,19.088686,72.867919,11,VABB,270,2.1,22000,3000,28.0,24.0,,1,0,0,0,0
2024-04-11T19:30:00,19.088686,72.867919,11,VABB,280,1.5,22000,2500,27.0,25.0,,1,0,0,0,0
2024-04-11T20:00:00,19.088686,72.867919,11,VABB,330,2.1,22000,2500,28.0,25.0,,1,0,0,0,0
2024-04-11T20:30:00,19.088686,72.867919,11,VABB,300,1.5,22000,2500,28.0,24.0,,1,0,0,0,0
2024-04-11T21:00:00,19.088686,72.867919,11,VABB,,0.0,,2000,26.6,23.1,1008.9,0,0,0,0,0
2024-04-11T21:00:00,19.088686,72.867919,11,VABB,50,1.5,22000,2500,28.0,24.0,,1,0,0,0,0
2024-04-11T21:30:00,19.088686,72.867919,11,VABB,30,3.1,22000,2500,28.0,24.0,,1,0,0,0,0
2024-04-11T22:00:00,19.088686,72.867919,11,VABB,280,3.1,2000,2500,27.0,24.0,,1,0,0,0,0
2024-04-11T22:30:00,19.088686,72.867919,11,VABB,330,1.5,2000,2500,27.0,24.0,,1,0,0,0,0
2024-04-11T23:00:00,19.088686,72.867919,11,VABB,330,2.6,2000,2500,27.0,24.0,,1,0,0,0,0
2024-04-11T23:30:00,19.088686,72.867919,11,VABB,340,3.1,2000,2500,27.0,24.0,,1,0,0,0,0
2024-04-12T00:00:00,19.088686,72.867919,11,VABB,,0.0,,2000,26.0,22.4,1008.8,0,0,0,0,0
2024-04-12T00:00:00,19.088686,72.867919,11,VABB,340,2.6,2000,2500,27.0,23.0,,1,0,0,0,0
2024-04-12T00:30:00,19.088686,72.867919,11,VABB,40,2.6,10000,2200,27.0,23.0,,1,0,0,0,0
2024-04-12T01:00:00,19.088686,72.867919,11,VABB,40,3.6,10000,2200,27.0,23.0,,1,0,0,0,0
2024-04-12T01:30:00,19.088686,72.867919,11,VABB,20,2.6,10000,2200,27.0,21.0,,0,1,0,0,0
2024-04-12T02:00:00,19.088686,72.867919,11,VABB,0,0.0,10000,2200,28.0,21.0,,0,1,0,0,0
2024-04-12T02:30:00,19.088686,72.867919,11,VABB,130,1.5,10000,2500,28.0,21.0,,0,1,0,0,0
2024-04-12T03:00:00,19.088686,72.867919,11,VABB,,0.0,22000,2000,26.6,18.8,1010.6,0,0,0,0,0
2024-04-12T03:00:00,19.088686,72.867919,11,VABB,0,0.0,10000,2500,29.0,21.0,,0,1,0,0,0
2024-04-12T03:30:00,19.088686,72.867919,11,VABB,0,0.0,10000,2500,30.0,19.0,,0,1,0,0,0
2024-04-12T04:00:00,19.088686,72.867919,11,VABB,320,1.5,10000,3000,32.0,15.0,,0,0,0,0,0
2024-04-12T04:30:00,19.088686,72.867919,11,VABB,340,2.1,10000,3000,32.0,13.0,,0,0,0,0,0
2024-04-12T05:00:00,19.088686,72.867919,11,VABB,240,5.1,10000,3500,32.0,19.0,,0,0,0,0,0
2024-04-12T05:30:00,19.088686,72.867919,11,VABB,240,4.6,10000,3500,32.0,20.0,,0,0,0,0,0
2024-04-12T06:00:00,19.088686,72.867919,11,VABB,320,1.5,22000,2000,32.6,21.4,1010.4,0,0,0,0,0
2024-04-12T06:00:00,19.088686,72.867919,11,VABB,270,3.6,10000,4000,32.0,20.0,,0,0,0,0,0
2024-04-12T06:30:00,19.088686,72.867919,11,VABB,260,4.6,10000,4000,32.0,21.0,,0,0,0,0,0
2024-04-12T07:00:00,19.088686,72.867919,11,VABB,260,5.1,10000,4000,33.0,22.0,,0,0,0,0,0
2024-04-12T07:30:00,19.088686,72.867919,11,VABB,280,5.1,10000,4000,32.0,21.0,,0,0,0,0,0
2024-04-12T08:00:00,19.088686,72.867919,11,VABB,270,6.2,22000,4000,31.0,20.0,,0,0,0,0,0
2024-04-12T08:30:00,19.088686,72.867919,11,VABB,280,3.6,22000,4000,31.0,20.0,,0,0,0,0,1
2024-04-12T09:00:00,19.088686,72.867919,11,VABB,270,2.6,,2000,32.4,20.8,1008.5,0,0,0,0,0
2024-04-12T09:00:00,19.088686,72.867919,11,VABB,290,4.6,22000,4000,32.0,20.0,,0,0,0,0,0
2024-04-12T09:30:00,19.088686,72.867919,11,VABB,260,6.2,22000,4000,32.0,19.0,,0,0,0,0,0
2024-04-12T10:00:00,19.088686,72.867919,11,VABB,270,6.7,10000,4000,31.0,20.0,,0,0,0,0,0
2024-04-12T10:30:00,19.088686,72.867919,11,VABB,260,5.7,10000,4000,31.0,21.0,,0,0,0,0,0
2024-04-12T11:00:00,19.088686,72.867919,11,VABB,280,5.1,10000,4000,31.0,20.0,,0,0,0,0,0
2024-04-12T11:30:00,19.088686,72.867919,11,VABB,270,7.2,22000,4000,31.0,20.0,,0,0,0,0,0
2024-04-12T12:00:00,19.088686,72.867919,11,VABB,270,2.1,22000,2000,30.8,21.3,1007.3,0,0,0,0,0
2024-04-12T12:00:00,19.088686,72.867919,11,VABB,280,6.2,22000,4000,30.0,21.0,,0,0,0,0,0
2024-04-12T12:30:00,19.088686,72.867919,11,VABB,280,7.2,22000,4000,30.0,20.0,,0,0,0,0,0
2024-04-12T13:00:00,19.088686,72.867919,11,VABB,280,5.7,10000,4000,29.0,21.0,,0,1,0,0,0
2024-04-12T13:30:00,19.088686,72.867919,11,VABB,300,5.1,10000,3000,29.0,21.0,,0,1,0,0,0
2024-04-12T14:00:00,19.088686,72.867919,11,VABB,310,3.1,10000,3000,29.0,22.0,,0,1,0,0,0
2024-04-12T14:30:00,19.088686,72.867919,11,VABB,290,4.6,22000,3000,28.0,23.0,,0,1,0,0,0
2024-04-12T15:00:00,19.088686,72.867919,11,VABB,320,1.5,,2000,27.8,22.5,1008.9,0,0,0,0,0
2024-04-12T15:00:00,19.088686,72.867919,11,VABB,280,3.6,22000,3000,28.0,23.0,,1,0,0,0,0
2024-04-12T15:30:00,19.088686,72.867919,11,VABB,310,1.5,22000,3000,28.0,22.0,,0,1,0,0,0
2024-04-12T16:00:00,19.088686,72.867919,11,VABB,310,2.1,22000,3000,28.0,22.0,,0,1,0,0,0
2024-04-12T16:30:00,19.088686,72.867919,11,VABB,300,3.6,22000,3000,28.0,23.0,,0,1,0,0,0
2024-04-12T17:00:00,19.088686,72.867919,11,VABB,290,3.1,22000,3000,28.0,23.0,,0,1,0,0,0
2024-04-12T17:30:00,19.088686,72.867919,11,VABB,270,2.6,22000,3000,27.0,23.0,,0,1,0,0,0
2024-04-12T18:00:00,19.088686,72.867919,11,VABB,,0.0,,2000,26.8,22.7,1010.3,0,0,0,0,0
2024-04-12T18:00:00,19.088686,72.867919,11,VABB,290,2.1,22000,3000,27.0,22.0,,0,1,0,0,0
2024-04-12T18:30:00,19.088686,72.867919,11,VABB,350,2.6,22000,3000,27.0,22.0,,0,1,0,0,0
2024-04-12T19:00:00,19.088686,72.867919,11,VABB,330,1.5,2000,3000,27.0,23.0,,0,1,0,0,0
2024-04-12T19:30:00,19.088686,72.867919,11,VABB,80,2.1,2000,2500,27.0,23.0,,1,0,0,0,0
2024-04-12T20:00:00,19.088686,72.867919,11,VABB,250,2.6,2000,2500,27.0,23.0,,1,0,0,0,0
2024-04-12T20:02:00,19.088686,72.867919,11,VABB,250,2.6,2000,2500,27.0,23.0,,1,0,0,0,0
2024-04-12T20:30:00,19.088686,72.867919,11,VABB,260,2.1,3048,2500,27.0,23.0,,1,0,0,0,0
2024-04-12T21:00:00,19.088686,72.867919,11,VABB,,0.0,22000,2000,25.6,22.3,1009.6,0,0,0,0,0
2024-04-12T21:00:00,19.088686,72.867919,11,VABB,290,2.6,3048,2500,27.0,23.0,,1,0,0,0,0
2024-04-12T21:30:00,19.088686,72.867919,11,VABB,310,1.5,2000,2500,27.0,23.0,,1,0,0,0,0
2024-04-12T22:00:00,19.088686,72.867919,11,VABB,290,2.1,2000,2500,27.0,22.0,,1,0,0,0,0
2024-04-12T22:30:00,19.088686,72.867919,11,VABB,30,2.6,2000,2500,27.0,23.0,,1,0,0,0,0
2024-04-12T23:00:00,19.088686,72.867919,11,VABB,20,1.5,2000,2500,27.0,23.0,,1,0,0,0,0
2024-04-12T23:30:00,19.088686,72.867919,11,VABB,0,0.0,2000,2500,26.0,23.0,,1,0,0,0,0
2024-04-13T00:00:00,19.088686,72.867919,11,VABB,,0.0,22000,2000,24.4,22.0,1010.0,0,0,0,0,0
2024-04-13T00:00:00,19.088686,72.867919,11,VABB,80,2.1,2000,2500,26.0,23.0,,1,0,0,0,0
2024-04-13T00:30:00,19.088686,72.867919,11,VABB,70,2.1,2000,2500,26.0,23.0,,1,0,0,0,0
2024-04-13T01:00:00,19.088686,72.867919,11,VABB,20,2.1,2000,2500,26.0,22.0,,1,0,0,0,0
2024-04-13T01:30:00,19.088686,72.867919,11,VABB,30,2.1,2000,2200,27.0,22.0,,1,0,0,0,0
2024-04-13T02:00:00,19.088686,72.867919,11,VABB,350,2.1,2000,2200,27.0,22.0,,0,1,0,0,0
2024-04-13T02:30:00,19.088686,72.867919,11,VABB,60,3.1,2000,2500,29.0,23.0,,0,1,0,0,0
2024-04-13T03:00:00,19.088686,72.867919,11,VABB,,0.0,22000,2000,26.8,21.7,1011.6,0,0,0,0,0
2024-04-13T03:00:00,19.088686,72.867919,11,VABB,360,2.1,2000,3000,28.0,22.0,,0,1,0,0,0
2024-04-13T03:30:00,19.088686,72.867919,11,VABB,70,2.1,2000,3500,29.0,22.0,,0,1,0,0,0
2024-04-13T04:00:00,19.088686,72.867919,11,VABB,300,2.6,2000,3500,29.0,22.0,,0,1,0,0,0
2024-04-13T04:30:00,19.088686,72.867919,11,VABB,10,1.5,2000,3500,30.0,20.0,,0,0,0,0,0
2024-04-13T05:00:00,19.088686,72.867919,11,VABB,200,3.1,10000,3500,31.0,18.0,,0,0,0,0,0
2024-04-13T05:30:00,19.088686,72.867919,11,VABB,300,4.1,10000,4000,31.0,21.0,,0,0,0,0,0
2024-04-13T06:00:00,19.088686,72.867919,11,VABB,270,2.1,22000,2000,31.4,21.0,1011.4,0,0,0,0,0
2024-04-13T06:00:00,19.088686,72.867919,11,VABB,280,4.6,10000,4000,33.0,21.0,,0,0,0,0,0
2024-04-13T06:30:00,19.088686,72.867919,11,VABB,250,6.2,10000,4000,31.0,22.0,,0,0,0,0,0
2024-04-13T07:00:00,19.088686,72.867919,11,VABB,280,3.6,10000,4000,31.0,21.0,,0,0,0,0,0
2024-04-13T07:30:00,19.088686,72.867919,11,VABB,250,5.1,10000,4000,31.0,20.0,,0,0,0,0,0
2024-04-13T08:00:00,19.088686,72.867919,11,VABB,280,5.7,10000,4000,31.0,20.0,,0,0,0,0,0
2024-04-13T08:30:00,19.088686,72.867919,11,VABB,280,6.2,10000,5000,32.0,20.0,,0,0,0,0,0
2024-04-13T09:00:00,19.088686,72.867919,11,VABB,270,4.1,,2000,32.0,18.8,1009.0,0,0,0,0,0
2024-04-13T09:00:00,19.088686,72.867919,11,VABB,270,5.1,22000,5000,31.0,20.0,,0,0,0,0,0
2024-04-13T09:30:00,19.088686,72.867919,11,VABB,270,6.2,22000,5000,32.0,20.0,,0,0,0,0,0
2024-04-13T10:00:00,19.088686,72.867919,11,VABB,270,5.7,22000,5000,31.0,20.0,,0,0,0,0,0
2024-04-13T10:30:00,19.088686,72.867919,11,VABB,270,5.7,22000,5000,31.0,20.0,,0,0,0,0,0
2024-04-13T11:00:00,19.088686,72.867919,11,VABB,260,4.1,22000,5000,30.0,21.0,,0,0,0,0,1
2024-04-13T11:30:00,19.088686,72.867919,11,VABB,280,3.6,22000,5000,30.0,21.0,,0,0,0,0,1
2024-04-13T12:00:00,19.088686,72.867919,11,VABB,270,3.1,,2000,31.6,20.9,1008.2,0,0,0,0,0
2024-04-13T12:00:00,19.088686,72.867919,11,VABB,270,6.2,22000,5000,30.0,22.0,,0,0,0,0,0
2024-04-13T12:30:00,19.088686,72.867919,11,VABB,290,5.7,22000,5000,29.0,23.0,,0,0,0,0,0
2024-04-13T13:00:00,19.088686,72.867919,11,VABB,290,5.7,22000,5000,28.0,23.0,,0,0,0,0,0
2024-04-13T13:30:00,19.088686,72.867919,11,VABB,290,4.6,2000,4000,28.0,23.0,,0,1,0,0,0
2024-04-13T14:00:00,19.088686,72.867919,11,VABB,300,4.1,2000,3500,28.0,22.0,,0,1,0,0,0
2024-04-13T14:30:00,19.088686,72.867919,11,VABB,290,4.1,2000,3500,28.0,22.0,,0,1,0,0,0
2024-04-13T15:00:00,19.088686,72.867919,11,VABB,270,1.5,,2000,27.4,21.3,1009.7,0,0,0,0,0
2024-04-13T15:00:00,19.088686,72.867919,11,VABB,290,3.6,2000,3500,28.0,22.0,,0,1,0,0,0
2024-04-13T15:30:00,19.088686,72.867919,11,VABB,300,2.6,2000,3500,28.0,22.0,,0,1,0,0,0
2024-04-13T16:00:00,19.088686,72.867919,11,VABB,330,4.1,2000,3500,28.0,22.0,,0,1,0,0,0
2024-04-13T16:30:00,19.088686,72.867919,11,VABB,350,2.1,2000,3500,28.0,22.0,,0,1,0,0,0
2024-04-13T17:00:00,19.088686,72.867919,11,VABB,300,1.5,2000,3000,28.0,22.0,,0,1,0,0,0
2024-04-13T17:30:00,19.088686,72.867919,11,VABB,10,1.5,2000,3000,28.0,22.0,,0,1,0,0,0
2024-04-13T18:00:00,19.088686,72.867919,11,VABB,,0.0,,2000,26.6,21.8,1011.1,0,0,0,0,0
2024-04-13T18:00:00,19.088686,72.867919,11,VABB,290,2.1,2000,3000,28.0,22.0,,0,1,0,0,0
2024-04-13T18:30:00,19.088686,72.867919,11,VABB,250,2.1,2000,3000,27.0,22.0,,0,1,0,0,0
2024-04-13T19:00:00,19.088686,72.867919,11,VABB,290,2.6,2000,2500,27.0,22.0,,0,1,0,0,0
2024-04-13T19:30:00,19.088686,72.867919,11,VABB,280,2.1,2000,2500,27.0,22.0,,0,1,0,0,0
2024-04-13T20:00:00,19.088686,72.867919,11,VABB,280,2.6,2000,2500,27.0,22.0,,0,1,0,0,0
2024-04-13T20:30:00,19.088686,72.867919,11,VABB,230,2.6,2000,2500,27.0,22.0,,0,1,0,0,0
2024-04-13T21:00:00,19.088686,72.867919,11,VABB,,0.0,,2000,25.0,21.7,1010.1,0,0,0,0,0
2024-04-13T21:00:00,19.088686,72.867919,11,VABB,340,2.1,2000,2500,27.0,22.0,,0,1,0,0,0
2024-04-13T21:30:00,19.088686,72.867919,11,VABB,20,1.5,2000,2500,27.0,22.0,,0,1,0,0,0
2024-04-13T22:00:00,19.088686,72.867919,11,VABB,10,2.1,2000,2500,27.0,22.0,,0,1,0,0,0
2024-04-13T22:30:00,19.088686,72.867919,11,VABB,60,2.6,2000,2500,26.0,22.0,,1,0,0,0,0
2024-04-13T23:00:00,19.088686,72.867919,11,VABB,110,2.1,2000,2500,26.0,22.0,,1,0,0,0,0
2024-04-13T23:30:00,19.088686,72.867919,11,VABB,140,2.6,2000,2500,26.0,22.0,,1,0,0,0,0
2024-04-14T00:00:00,19.088686,72.867919,11,VABB,,0.0,,2000,24.0,22.2,1010.7,0,0,0,0,0
2024-04-14T00:00:00,19.088686,72.867919,11,VABB,90,2.6,2000,2500,26.0,22.0,,1,0,0,0,0
2024-04-14T00:30:00,19.088686,72.867919,11,VABB,80,2.1,2000,2500,26.0,22.0,,1,0,0,0,0
2024-04-14T01:00:00,19.088686,72.867919,11,VABB,0,0.0,2000,2500,26.0,22.0,,1,0,0,0,0
2024-04-14T01:30:00,19.088686,72.867919,11,VABB,330,1.5,10000,2200,26.0,23.0,,1,0,0,0,0
2024-04-14T02:00:00,19.088686,72.867919,11,VABB,0,0.0,10000,2200,27.0,22.0,,1,0,0,0,0
2024-04-14T02:30:00,19.088686,72.867919,11,VABB,50,2.6,10000,2200,28.0,21.0,,0,1,0,0,0
2024-04-14T03:00:00,19.088686,72.867919,11,VABB,,0.0,,2000,26.2,20.7,1012.3,0,0,0,0,0
2024-04-14T03:00:00,19.088686,72.867919,11,VABB,50,2.1,22000,2500,28.0,21.0,,0,1,0,0,0
2024-04-14T03:30:00,19.088686,72.867919,11,VABB,40,1.5,22000,2500,29.0,21.0,,0,1,0,0,0
2024-04-14T04:00:00,19.088686,72.867919,11,VABB,0,0.0,22000,3000,30.0,21.0,,0,1,0,0,0
2024-04-14T04:30:00,19.088686,72.867919,11,VABB,90,2.6,22000,3000,31.0,22.0,,0,0,0,0,0
2024-04-14T05:00:00,19.088686,72.867919,11,VABB,30,2.6,22000,3000,31.0,17.0,,0,0,0,0,0
2024-04-14T05:30:00,19.088686,72.867919,11,VABB,20,2.1,22000,4000,33.0,16.0,,0,0,0,0,0
2024-04-14T06:00:00,19.088686,72.867919,11,VABB,270,2.1,,2000,32.4,20.8,1011.5,0,0,0,0,0
2024-04-14T06:00:00,19.088686,72.867919,11,VABB,270,4.6,22000,4000,32.0,21.0,,0,0,0,0,0
2024-04-14T06:30:00,19.088686,72.867919,11,VABB,280,5.7,22000,4000,32.0,21.0,,0,0,0,0,0
2024-04-14T07:00:00,19.088686,72.867919,11,VABB,290,5.7,22000,4000,32.0,22.0,,0,0,0,0,0
2024-04-14T07:30:00,19.088686,72.867919,11,VABB,270,6.7,22000,4000,32.0,22.0,,0,0,0,0,0
2024-04-14T08:00:00,19.088686,72.867919,11,VABB,260,6.2,22000,5000,32.0,23.0,,0,1,0,0,0
2024-04-14T08:30:00,19.088686,72.867919,11,VABB,260,3.6,22000,5000,32.0,23.0,,0,0,0,0,1
2024-04-14T09:00:00,19.088686,72.867919,11,VABB,320,1.5,,2000,32.6,23.7,1008.9,0,0,0,0,0
2024-04-14T09:00:00,19.088686,72.867919,11,VABB,250,4.1,10000,5000,32.0,23.0,,0,0,0,0,1
2024-04-14T09:30:00,19.088686,72.867919,11,VABB,270,5.1,10000,5000,31.0,24.0,,0,1,0,0,0
2024-04-14T10:00:00,19.088686,72.867919,11,VABB,270,3.6,10000,5000,31.0,24.0,,0,1,0,0,1
2024-04-14T10:30:00,19.088686,72.867919,11,VABB,290,5.1,10000,5000,32.0,24.0,,0,1,0,0,0
2024-04-14T11:00:00,19.088686,72.867919,11,VABB,270,4.1,10000,5000,31.0,24.0,,0,1,0,0,1
2024-04-14T11:30:00,19.088686,72.867919,11,VABB,290,5.7,10000,4000,31.0,24.0,,0,1,0,0,0
2024-04-14T12:00:00,19.088686,72.867919,11,VABB,360,4.1,,2000,30.4,24.4,1008.0,0,0,0,0,0
2024-04-14T12:00:00,19.088686,72.867919,11,VABB,290,6.7,10000,4000,30.0,24.0,,0,1,0,0,0
2024-04-14T12:30:00,19.088686,72.867919,11,VABB,310,5.7,10000,4000,30.0,25.0,,0,1,0,0,0
2024-04-14T13:00:00,19.088686,72.867919,11,VABB,310,4.6,2000,4000,30.0,25.0,,0,1,0,0,0
2024-04-14T13:30:00,19.088686,72.867919,11,VABB,310,4.1,2000,4000,29.0,25.0,,0,1,0,0,0
2024-04-14T14:00:00,19.088686,72.867919,11,VABB,310,4.1,2000,3500,29.0,25.0,,1,0,0,0,0
2024-04-14T14:30:00,19.088686,72.867919,11,VABB,300,3.6,2000,3500,29.0,25.0,,1,0,0,0,0
2024-04-14T15:00:00,19.088686,72.867919,11,VABB,,0.0,,2000,28.4,24.4,1010.0,0,0,0,0,0
2024-04-14T15:00:00,19.088686,72.867919,11,VABB,310,4.1,2000,3500,29.0,26.0,,1,0,0,0,0
2024-04-14T15:30:00,19.088686,72.867919,11,VABB,320,3.1,2000,3500,29.0,26.0,,1,0,0,0,0
2024-04-14T16:00:00,19.088686,72.867919,11,VABB,330,3.6,2000,3000,29.0,26.0,,1,0,0,0,0
2024-04-14T16:30:00,19.088686,72.867919,11,VABB,330,2.6,2000,3000,29.0,26.0,,1,0,0,0,0
2024-04-14T17:00:00,19.088686,72.867919,11,VABB,340,1.5,2000,3000,29.0,26.0,,1,0,0,0,0
2024-04-14T17:30:00,19.088686,72.867919,11,VABB,330,2.1,2000,3000,29.0,26.0,,1,0,0,0,0
2024-04-14T18:00:00,19.088686,72.867919,11,VABB,,0.0,22000,2000,27.7,24.6,1011.0,0,0,0,0,0
2024-04-14T18:00:00,19.088686,72.867919,11,VABB,350,2.6,2000,2500,28.0,26.0,,1,0,0,0,0
2024-04-14T18:30:00,19.088686,72.867919,11,VABB,340,3.6,2000,2500,29.0,26.0,,1,0,0,0,0
2024-04-14T19:00:00,19.088686,72.867919,11,VABB,350,3.6,22000,2500,28.0,26.0,,1,0,0,0,0
2024-04-14T19:30:00,19.088686,72.867919,11,VABB,340,3.1,22000,2500,28.0,26.0,,1,0,0,0,0
2024-04-14T20:00:00,19.088686,72.867919,11,VABB,340,4.6,22000,2500,28.0,26.0,,1,0,0,0,0
2024-04-14T20:30:00,19.088686,72.867919,11,VABB,330,4.6,22000,2500,28.0,26.0,,1,0,0,0,0
2024-04-14T21:00:00,19.088686,72.867919,11,VABB,,0.0,22000,2000,27.6,24.7,1009.9,0,0,0,0,0
2024-04-14T21:00:00,19.088686,72.867919,11,VABB,330,2.6,22000,2500,28.0,26.0,,1,0,0,0,0
2024-04-14T21:30:00,19.088686,72.867919,11,VABB,340,4.6,22000,2500,28.0,25.0,,1,0,0,0,0
2024-04-14T22:00:00,19.088686,72.867919,11,VABB,340,2.1,22000,2500,28.0,25.0,,1,0,0,0,0
2024-04-14T22:30:00,19.088686,72.867919,11,VABB,40,2.1,22000,2500,28.0,25.0,,1,0,0,0,0
2024-04-14T23:00:00,19.088686,72.867919,11,VABB,110,1.5,22000,2500,28.0,25.0,,1,0,0,0,0
2024-04-14T23:30:00,19.088686,72.867919,11,VABB,60,2.1,22000,2500,28.0,25.0,,1,0,0,0,0
2024-04-15T00:00:00,19.088686,72.867919,11,VABB,,0.0,,2000,26.6,23.7,1009.8,0,0,0,0,0
2024-04-15T00:00:00,19.088686,72.867919,11,VABB,110,3.1,22000,2500,28.0,25.0,,1,0,0,0,0
2024-04-15T00:30:00,19.088686,72.867919,11,VABB,80,1.5,22000,2500,28.0,25.0,,1,0,0,0,0
2024-04-15T01:00:00,19.088686,72.867919,11,VABB,150,1.5,22000,2500,28.0,25.0,,1,0,0,0,0
2024-04-15T01:30:00,19.088686,72.867919,11,VABB,140,2.1,22000,2200,28.0,25.0,,1,0,0,0,0
2024-04-15T02:00:00,19.088686,72.867919,11,VABB,40,2.6,22000,2200,29.0,25.0,,1,0,0,0,0
2024-04-15T02:30:00,19.088686,72.867919,11,VABB,0,0.0,22000,2200,29.0,25.0,,0,1,0,0,0
2024-04-15T03:00:00,19.088686,72.867919,11,VABB,,0.0,,2000,29.0,23.8,1011.6,0,0,0,0,0
2024-04-15T03:00:00,19.088686,72.867919,11,VABB,210,1.5,22000,2200,30.0,24.0,,0,1,0,0,0
2024-04-15T03:30:00,19.088686,72.867919,11,VABB,330,2.6,22000,2200,31.0,24.0,,0,1,0,0,0
2024-04-15T04:00:00,19.088686,72.867919,11,VABB,110,2.1,22000,2500,32.0,23.0,,0,1,0,0,0
2024-04-15T04:30:00,19.088686,72.867919,11,VABB,40,3.6,22000,2500,33.0,23.0,,0,1,0,0,0
2024-04-15T05:00:00,19.088686,72.867919,11,VABB,40,4.1,22000,2500,35.0,22.0,,0,1,0,0,0
2024-04-15T05:30:00,19.088686,72.867919,11,VABB,70,2.1,22000,3000,36.0,22.0,,0,1,0,0,0
2024-04-15T06:00:00,19.088686,72.867919,11,VABB,,0.0,,2000,37.4,22.8,1010.6,0,0,0,0,0
2024-04-15T06:00:00,19.088686,72.867919,11,VABB,90,2.1,22000,3000,37.0,21.0,,0,1,0,0,0
2024-04-15T06:30:00,19.088686,72.867919,11,VABB,350,1.5,22000,3000,37.0,20.0,,0,1,0,0,0
2024-04-15T07:00:00,19.088686,72.867919,11,VABB,250,4.6,22000,3500,37.0,24.0,,0,1,0,0,0
2024-04-15T07:30:00,19.088686,72.867919,11,VABB,260,5.7,22000,3500,36.0,24.0,,0,1,0,0,0
2024-04-15T08:00:00,19.088686,72.867919,11,VABB,270,5.7,22000,4000,36.0,24.0,,0,1,0,0,0
2024-04-15T08:30:00,19.088686,72.867919,11,VABB,260,6.2,22000,3500,35.0,26.0,,0,1,0,0,0
2024-04-15T09:00:00,19.088686,72.867919,11,VABB,320,4.6,,2000,36.4,25.5,1007.9,0,0,0,0,0
2024-04-15T09:00:00,19.088686,72.867919,11,VABB,280,5.7,22000,3500,35.0,25.0,,0,0,0,0,0
2024-04-15T09:30:00,19.088686,72.867919,11,VABB,270,5.1,22000,3500,34.0,24.0,,0,0,0,0,0
2024-04-15T10:00:00,19.088686,72.867919,11,VABB,280,5.1,22000,3500,35.0,25.0,,0,0,0,0,0
2024-04-15T10:30:00,19.088686,72.867919,11,VABB,250,5.7,2000,3500,36.0,25.0,,0,0,0,0,0
2024-04-15T11:00:00,19.088686,72.867919,11,VABB,310,4.6,2000,3000,34.0,25.0,,0,0,0,0,0
2024-04-15T11:30:00,19.088686,72.867919,11,VABB,320,3.1,2000,3000,35.0,25.0,,0,0,0,0,0
2024-04-15T12:00:00,19.088686,72.867919,11,VABB,320,3.1,22000,2000,35.0,24.5,1006.5,0,0,0,0,0
2024-04-15T12:00:00,19.088686,72.867919,11,VABB,310,5.7,2000,3000,35.0,24.0,,0,0,0,0,0
2024-04-15T12:30:00,19.088686,72.867919,11,VABB,310,5.7,2000,3000,34.0,23.0,,0,0,0,0,0
2024-04-15T13:00:00,19.088686,72.867919,11,VABB,310,3.6,2000,3000,34.0,24.0,,0,0,0,0,0
2024-04-15T13:30:00,19.088686,72.867919,11,VABB,330,3.6,2000,3000,34.0,23.0,,0,0,0,0,0
2024-04-15T14:00:00,19.088686,72.867919,11,VABB,330,3.6,2000,3000,34.0,23.0,,0,0,0,0,0
2024-04-15T14:30:00,19.088686,72.867919,11,VABB,20,2.6,2000,3000,34.0,22.0,,0,0,0,0,0
2024-04-15T15:00:00,19.088686,72.867919,11,VABB,,0.0,3000,2000,32.8,23.6,1009.5,0,0,0,0,0
2024-04-15T15:00:00,19.088686,72.867919,11,VABB,0,0.0,2000,3000,34.0,22.0,,0,0,0,0,0
2024-04-15T15:30:00,19.088686,72.867919,11,VABB,160,2.6,3048,3000,34.0,23.0,,0,0,0,0,0
2024-04-15T16:00:00,19.088686,72.867919,11,VABB,190,2.1,3048,3000,33.0,23.0,,0,0,0,0,0
2024-04-15T16:30:00,19.088686,72.867919,11,VABB,210,2.1,3048,3000,33.0,24.0,,0,0,0,0,0
2024-04-15T17:00:00,19.088686,72.867919,11,VABB,100,3.1,2000,3000,33.0,24.0,,0,0,0,0,0
2024-04-15T17:30:00,19.088686,72.867919,11,VABB,180,2.1,2000,3000,33.0,24.0,,0,0,0,0,0
2024-04-15T18:00:00,19.088686,72.867919,11,VABB,,0.0,,2000,31.2,24.7,1009.9,0,0,0,0,0
2024-04-15T18:00:00,19.088686,72.867919,11,VABB,280,3.6,2000,3000,33.0,25.0,,0,1,0,0,0
2024-04-15T18:30:00,19.088686,72.867919,11,VABB,270,5.1,22000,3000,31.0,28.0,,0,1,0,0,0
2024-04-15T19:00:00,19.088686,72.867919,11,VABB,280,3.6,22000,3000,30.0,27.0,,0,1,0,0,0
2024-04-15T19:30:00,19.088686,72.867919,11,VABB,280,3.6,22000,3000,31.0,27.0,,0,1,0,0,0
2024-04-15T20:00:00,19.088686,72.867919,11,VABB,320,2.6,22000,3000,30.0,26.0,,0,1,0,0,0
2024-04-15T20:30:00,19.088686,72.867919,11,VABB,350,3.1,22000,3000,31.0,26.0,,0,1,0,0,0
2024-04-15T21:00:00,19.088686,72.867919,11,VABB,340,4.1,22000,3000,31.0,25.0,,0,1,0,0,0
2024-04-15T21:30:00,19.088686,72.867919,11,VABB,350,3.1,22000,3000,31.0,25.0,,0,1,0,0,0
2024-04-15T22:00:00,19.088686,72.867919,11,VABB,360,2.6,22000,3000,31.0,25.0,,0,1,0,0,0
2024-04-15T22:30:00,19.088686,72.867919,11,VABB,310,1.5,22000,3000,31.0,25.0,,0,1,0,0,0
2024-04-15T23:00:00,19.088686,72.867919,11,VABB,360,1.5,22000,3000,31.0,24.0,,0,1,0,0,0
2024-04-15T23:30:00,19.088686,72.867919,11,VABB,320,2.6,22000,3000,31.0,24.0,,0,1,0,0,0
2024-04-16T01:30:00,19.088686,72.867919,11,VABB,350,2.6,2000,3000,31.0,24.0,,0,1,0,0,0
2024-04-16T02:30:00,19.088686,72.867919,11,VABB,30,1.5,2000,2500,32.0,24.0,,0,1,0,0,0
2024-04-16T03:00:00,19.088686,72.867919,11,VABB,30,1.5,2000,2500,33.0,23.0,,0,1,0,0,0
2024-04-16T03:30:00,19.088686,72.867919,11,VABB,0,0.0,2000,2500,33.0,22.0,,0,0,0,0,0
2024-04-16T04:00:00,19.088686,72.867919,11,VABB,350,1.5,2000,2500,34.0,21.0,,0,0,0,0,0
2024-04-16T04:30:00,19.088686,72.867919,11,VABB,310,2.1,2000,2500,36.0,21.0,,0,0,0,0,0
2024-04-16T05:00:00,19.088686,72.867919,11,VABB,280,3.1,2000,2500,36.0,22.0,,0,0,0,0,0
2024-04-16T05:30:00,19.088686,72.867919,11,VABB,290,2.1,2000,3000,37.0,21.0,,0,0,0,0,0
2024-04-16T06:00:00,19.088686,72.867919,11,VABB,330,2.1,2000,3000,38.0,20.0,,0,0,0,0,0
2024-04-16T06:30:00,19.088686,72.867919,11,VABB,30,3.6,2000,3000,40.0,17.0,,0,0,0,0,0
2024-04-16T07:00:00,19.088686,72.867919,11,VABB,260,5.1,2000,3000,38.0,23.0,,0,0,0,0,0
2024-04-16T07:30:00,19.088686,72.867919,11,VABB,290,4.1,2000,3000,39.0,22.0,,0,0,0,0,0
2024-04-16T08:00:00,19.088686,72.867919,11,VABB,280,6.2,10000,3000,38.0,20.0,,0,0,0,0,0
2024-04-16T08:30:00,19.088686,72.867919,11,VABB,280,6.2,10000,3500,39.0,19.0,,0,0,0,0,0
2024-04-16T09:00:00,19.088686,72.867919,11,VABB,290,5.7,10000,3500,38.0,22.0,,0,0,0,0,0
2024-04-16T09:30:00,19.088686,72.867919,11,VABB,290,4.6,22000,3500,37.0,22.0,,0,0,0,0,0
2024-04-16T10:00:00,19.088686,72.867919,11,VABB,300,5.1,22000,3500,38.0,20.0,,0,0,0,0,0
2024-04-16T10:30:00,19.088686,72.867919,11,VABB,310,5.7,22000,4000,37.0,19.0,,0,0,0,0,0
2024-04-16T11:00:00,19.088686,72.867919,11,VABB,300,4.6,22000,4000,38.0,19.0,,0,0,0,0,0
2024-04-16T11:30:00,19.088686,72.867919,11,VABB,300,3.6,22000,4000,38.0,19.0,,0,0,0,0,0
2024-04-16T12:00:00,19.088686,72.867919,11,VABB,290,5.1,22000,4000,37.0,19.0,,0,0,0,0,0
2024-04-16T12:30:00,19.088686,72.867919,11,VABB,290,3.6,22000,4000,36.0,20.0,,0,0,0,0,0
2024-04-16T13:00:00,19.088686,72.867919,11,VABB,310,2.6,22000,4000,36.0,21.0,,0,0,0,0,0
2024-04-16T13:30:00,19.088686,72.867919,11,VABB,310,1.5,22000,3500,35.0,21.0,,0,0,0,0,0
2024-04-16T14:00:00,19.088686,72.867919,11,VABB,270,2.1,22000,3000,35.0,22.0,,0,0,0,0,0
2024-04-16T14:30:00,19.088686,72.867919,11,VABB,260,2.1,22000,3000,34.0,22.0,,0,0,0,0,0
2024-04-16T15:00:00,19.088686,72.867919,11,VABB,170,2.6,22000,3000,35.0,22.0,,0,0,0,0,0
2024-04-16T15:30:00,19.088686,72.867919,11,VABB,170,2.1,22000,3000,34.0,24.0,,0,0,0,0,0
2024-04-16T16:00:00,19.088686,72.867919,11,VABB,170,1.5,22000,2500,33.0,24.0,,0,0,0,0,0
2024-04-16T16:30:00,19.088686,72.867919,11,VABB,170,2.1,22000,2500,33.0,25.0,,0,0,0,0,0
2024-04-16T17:00:00,19.088686,72.867919,11,VABB,170,3.1,22000,2500,33.0,25.0,,0,1,0,0,0
2024-04-16T17:30:00,19.088686,72.867919,11,VABB,190,2.1,22000,2500,32.0,27.0,,0,1,0,0,0
2024-04-16T18:00:00,19.088686,72.867919,11,VABB,150,3.1,22000,2500,31.0,27.0,,0,1,0,0,0
2024-04-16T18:30:00,19.088686,72.867919,11,VABB,180,3.1,22000,2500,31.0,26.0,,0,1,0,0,0
2024-04-16T19:00:00,19.088686,72.867919,11,VABB,220,3.6,22000,2500,31.0,26.0,,0,1,0,0,0
2024-04-16T19:30:00,19.088686,72.867919,11,VABB,240,3.1,22000,2500,31.0,28.0,,1,0,0,0,0
2024-04-16T20:00:00,19.088686,72.867919,11,VABB,240,4.1,22000,2500,30.0,27.0,,1,0,0,0,0
2024-04-16T20:30:00,19.088686,72.867919,11,VABB,230,2.6,22000,2500,30.0,26.0,,1,0,0,0,0
2024-04-16T21:00:00,19.088686,72.867919,11,VABB,230,3.1,22000,2500,30.0,26.0,,1,0,0,0,0
2024-04-16T21:30:00,19.088686,72.867919,11,VABB,230,2.1,22000,2500,30.0,26.0,,1,0,0,0,0
2024-04-16T22:00:00,19.088686,72.867919,11,VABB,190,2.1,22000,2500,30.0,26.0,,0,1,0,0,0
2024-04-16T22:30:00,19.088686,72.867919,11,VABB,200,2.1,22000,2500,30.0,26.0,,0,1,0,0,0
2024-04-16T23:00:00,19.088686,72.867919,11,VABB,190,4.6,22000,2500,30.0,26.0,,0,1,0,0,0
2024-04-16T23:30:00,19.088686,72.867919,11,VABB,200,1.5,22000,2500,30.0,26.0,,0,1,0,0,0
2024-04-17T00:30:00,19.088686,72.867919,11,VABB,200,2.6,10000,2500,30.0,26.0,,0,1,0,0,0
2024-04-17T01:00:00,19.088686,72.867919,11,VABB,0,0.0,3048,2500,30.0,27.0,,0,1,0,0,0
2024-04-17T01:30:00,19.088686,72.867919,11,VABB,220,2.1,3048,3000,30.0,27.0,,0,1,0,0,0
2024-04-17T02:00:00,19.088686,72.867919,11,VABB,180,2.1,3048,3000,30.0,27.0,,0,1,0,0,0
2024-04-17T02:30:00,19.088686,72.867919,11,VABB,160,2.1,3048,2500,30.0,28.0,,1,0,0,0,0
2024-04-17T03:00:00,19.088686,72.867919,11,VABB,210,3.6,3048,2500,31.0,28.0,,1,0,0,0,0
2024-04-17T03:30:00,19.088686,72.867919,11,VABB,170,3.1,3048,2500,32.0,26.0,,1,0,0,0,0
2024-04-17T04:00:00,19.088686,72.867919,11,VABB,170,3.1,2000,2500,33.0,26.0,,0,1,0,0,0
2024-04-17T04:30:00,19.088686,72.867919,11,VABB,170,5.7,2000,2500,32.0,28.0,,0,1,0,0,0
2024-04-17T05:00:00,19.088686,72.867919,11,VABB,180,5.7,2000,2500,33.0,27.0,,0,1,0,0,0
2024-04-17T13:00:00,19.088686,72.867919,11,VABB,240,4.1,2000,3500,31.0,27.0,,0,1,0,0,0
2024-04-17T13:30:00,19.088686,72.867919,11,VABB,240,3.1,2000,3000,31.0,27.0,,0,1,0,0,0
2024-04-17T14:00:00,19.088686,72.867919,11,VABB,210,3.6,10000,3000,30.0,27.0,,0,1,0,0,0
2024-04-17T14:30:00,19.088686,72.867919,11,VABB,220,2.6,10000,3000,30.0,27.0,,0,1,0,0,0
2024-04-17T15:00:00,19.088686,72.867919,11,VABB,230,2.6,22000,3000,30.0,27.0,,0,1,0,0,0
2024-04-17T15:30:00,19.088686,72.867919,11,VABB,250,2.6,22000,2500,30.0,27.0,,0,1,0,0,0
2024-04-17T16:00:00,19.088686,72.867919,11,VABB,240,3.1,22000,2500,30.0,27.0,,0,1,0,0,0
2024-04-17T16:30:00,19.088686,72.867919,11,VABB,240,2.1,22000,2500,30.0,27.0,,0,1,0,0,0
2024-04-17T17:00:00,19.088686,72.867919,11,VABB,240,2.6,22000,2500,30.0,27.0,,0,1,0,0,0
2024-04-17T17:30:00,19.088686,72.867919,11,VABB,230,2.6,22000,2500,30.0,27.0,,0,1,0,0,0
2024-04-17T18:00:00,19.088686,72.867919,11,VABB,210,2.1,22000,2500,30.0,27.0,,0,1,0,0,0
2024-04-17T18:30:00,19.088686,72.867919,11,VABB,210,2.6,2000,2500,30.0,27.0,,1,0,0,0,0
2024-04-17T19:00:00,19.088686,72.867919,11,VABB,210,2.1,2000,2500,30.0,27.0,,1,0,0,0,0
2024-04-17T19:30:00,19.088686,72.867919,11,VABB,240,2.1,2000,2500,30.0,27.0,,1,0,0,0,0
2024-04-17T20:00:00,19.088686,72.867919,11,VABB,210,1.5,2000,2500,30.0,28.0,,1,0,0,0,0
2024-04-17T20:30:00,19.088686,72.867919,11,VABB,250,1.5,2000,2500,30.0,28.0,,1,0,0,0,0
2024-04-17T21:00:00,19.088686,72.867919,11,VABB,180,1.5,2000,2500,30.0,28.0,,1,0,0,0,0
2024-04-17T21:30:00,19.088686,72.867919,11,VABB,290,3.6,2000,2200,30.0,28.0,,1,0,0,0,0
2024-04-17T22:00:00,19.088686,72.867919,11,VABB,250,2.1,3048,2200,29.0,28.0,,1,0,0,0,0
2024-04-17T22:30:00,19.088686,72.867919,11,VABB,0,0.0,3048,2200,29.0,28.0,,1,0,0,0,0
2024-04-17T23:00:00,19.088686,72.867919,11,VABB,220,2.1,3048,2200,29.0,28.0,,1,0,0,0,0
2024-04-17T23:30:00,19.088686,72.867919,11,VABB,230,1.5,3048,2200,29.0,28.0,,1,0,0,0,0
2024-04-18T00:00:00,19.088686,72.867919,11,VABB,110,2.1,3048,2200,29.0,28.0,,1,0,0,0,0
2024-04-18T00:30:00,19.088686,72.867919,11,VABB,0,0.0,3048,2200,29.0,28.0,,1,0,0,0,0
2024-04-18T01:00:00,19.088686,72.867919,11,VABB,0,0.0,3048,1600,29.0,28.0,,1,0,0,0,0
2024-04-18T01:30:00,19.088686,72.867919,11,VABB,150,2.1,3048,1600,30.0,28.0,,1,0,0,0,0
2024-04-18T02:00:00,19.088686,72.867919,11,VABB,0,0.0,3048,1600,30.0,28.0,,0,1,0,0,0
2024-04-18T02:30:00,19.088686,72.867919,11,VABB,240,2.1,22000,1600,30.0,28.0,,0,1,0,0,0
2024-04-18T03:00:00,19.088686,72.867919,11,VABB,230,2.1,10000,1600,31.0,28.0,,0,1,0,0,0
2024-04-18T03:30:00,19.088686,72.867919,11,VABB,220,2.6,22000,1600,32.0,27.0,,0,1,0,0,0
2024-04-18T04:00:00,19.088686,72.867919,11,VABB,300,2.1,22000,1600,33.0,28.0,,0,1,0,0,0
2024-04-18T04:30:00,19.088686,72.867919,11,VABB,240,4.1,22000,2000,33.0,28.0,,0,1,0,0,0
2024-04-18T05:00:00,19.088686,72.867919,11,VABB,260,5.1,22000,2000,32.0,28.0,,0,1,0,0,0
2024-04-18T05:30:00,19.088686,72.867919,11,VABB,270,5.7,22000,2200,32.0,28.0,,0,1,0,0,0
2024-04-18T06:00:00,19.088686,72.867919,11,VABB,270,6.2,22000,2500,32.0,27.0,,0,1,0,0,0
2024-04-18T06:30:00,19.088686,72.867919,11,VABB,270,4.6,22000,2500,32.0,25.0,,0,1,0,0,0
2024-04-18T07:00:00,19.088686,72.867919,11,VABB,260,5.7,22000,3000,33.0,26.0,,0,1,0,0,0
2024-04-18T07:30:00,19.088686,72.867919,11,VABB,270,6.2,22000,3000,33.0,26.0,,0,1,0,0,0
2024-04-18T08:00:00,19.088686,72.867919,11,VABB,270,4.1,22000,3500,33.0,25.0,,0,1,0,0,1
2024-04-18T08:30:00,19.088686,72.867919,11,VABB,250,6.2,22000,3500,32.0,24.0,,0,1,0,0,0
2024-04-18T10:00:00,19.088686,72.867919,11,VABB,250,6.2,10000,4000,32.0,24.0,,0,1,0,0,0
2024-04-18T10:30:00,19.088686,72.867919,11,VABB,300,5.1,10000,4000,33.0,23.0,,0,0,0,0,0
2024-04-18T11:00:00,19.088686,72.867919,11,VABB,310,5.1,10000,4000,33.0,24.0,,0,0,0,0,0
2024-04-18T12:30:00,19.088686,72.867919,11,VABB,320,3.1,10000,4000,33.0,21.0,,0,0,0,0,0
2024-04-18T13:00:00,19.088686,72.867919,11,VABB,290,4.6,10000,3500,32.0,22.0,,0,0,0,0,0
2024-04-18T13:30:00,19.088686,72.867919,11,VABB,300,2.6,10000,3500,32.0,22.0,,0,0,0,0,0
2024-04-18T14:00:00,19.088686,72.867919,11,VABB,290,2.6,10000,3000,32.0,21.0,,0,0,0,0,0
2024-04-18T14:30:00,19.088686,72.867919,11,VABB,300,2.1,10000,3000,32.0,21.0,,0,0,0,0,0
2024-04-18T15:00:00,19.088686,72.867919,11,VABB,270,2.1,10000,3000,31.0,21.0,,0,0,0,0,0
2024-04-18T15:30:00,19.088686,72.867919,11,VABB,230,3.1,10000,3000,31.0,22.0,,0,0,0,0,0
2024-04-18T16:00:00,19.088686,72.867919,11,VABB,280,2.6,10000,3000,31.0,23.0,,0,0,0,0,0
2024-04-18T16:30:00,19.088686,72.867919,11,VABB,300,3.1,10000,3000,31.0,23.0,,0,0,0,0,0
2024-04-18T17:00:00,19.088686,72.867919,11,VABB,310,2.6,10000,3000,30.0,23.0,,0,1,0,0,0
2024-04-19T00:00:00,19.088686,72.867919,11,VABB,,0.0,,2000,29.2,23.7,1006.8,0,0,0,0,0
2024-04-19T00:30:00,19.088686,72.867919,11,VABB,0,0.0,2000,2500,29.0,22.0,,0,1,0,0,0
2024-04-19T01:00:00,19.088686,72.867919,11,VABB,0,0.0,2000,2500,29.0,22.0,,0,1,0,0,0
2024-04-19T01:30:00,19.088686,72.867919,11,VABB,230,1.5,2000,2500,29.0,22.0,,0,1,0,0,0
2024-04-19T02:00:00,19.088686,72.867919,11,VABB,0,0.0,2000,3000,30.0,23.0,,0,1,0,0,0
2024-04-19T02:30:00,19.088686,72.867919,11,VABB,230,1.5,2000,3000,30.0,23.0,,0,1,0,0,0
2024-04-19T03:00:00,19.088686,72.867919,11,VABB,,0.0,22000,2000,30.8,24.5,1007.9,0,0,0,0,0
2024-04-19T03:00:00,19.088686,72.867919,11,VABB,0,0.0,2000,3000,31.0,23.0,,0,1,0,0,0
2024-04-19T03:30:00,19.088686,72.867919,11,VABB,0,0.0,2000,3000,31.0,23.0,,0,1,0,0,0
2024-04-19T04:00:00,19.088686,72.867919,11,VABB,130,2.6,2000,3000,32.0,23.0,,0,1,0,0,0
2024-04-19T04:30:00,19.088686,72.867919,11,VABB,280,2.6,22000,3000,33.0,24.0,,0,0,0,0,0
2024-04-19T05:00:00,19.088686,72.867919,11,VABB,260,3.6,22000,3000,32.0,24.0,,0,0,0,0,0
2024-04-19T05:30:00,19.088686,72.867919,11,VABB,250,5.1,22000,3000,33.0,24.0,,0,0,0,0,0
2024-04-19T06:00:00,19.088686,72.867919,11,VABB,320,2.6,,2000,32.8,24.9,1008.4,0,0,0,0,0
2024-04-19T06:00:00,19.088686,72.867919,11,VABB,280,6.2,10000,3500,32.0,24.0,,0,0,0,0,0
2024-04-19T06:30:00,19.088686,72.867919,11,VABB,250,5.7,10000,3500,32.0,24.0,,0,1,0,0,0
2024-04-19T07:00:00,19.088686,72.867919,11,VABB,260,5.7,10000,3500,32.0,24.0,,0,1,0,0,0
2024-04-19T07:30:00,19.088686,72.867919,11,VABB,260,5.7,10000,3500,32.0,24.0,,0,1,0,0,0
2024-04-19T08:00:00,19.088686,72.867919,11,VABB,250,6.7,10000,4000,32.0,24.0,,0,1,0,0,0
2024-04-19T08:30:00,19.088686,72.867919,11,VABB,270,6.7,22000,4000,32.0,23.0,,0,1,0,0,0
2024-04-19T09:00:00,19.088686,72.867919,11,VABB,340,2.1,,2000,33.6,24.9,1005.8,0,0,0,0,0
2024-04-19T09:00:00,19.088686,72.867919,11,VABB,290,6.2,22000,4000,32.0,23.0,,0,0,0,0,0
2024-04-19T09:30:00,19.088686,72.867919,11,VABB,270,3.6,22000,4000,33.0,24.0,,0,0,0,0,1
2024-04-19T10:00:00,19.088686,72.867919,11,VABB,290,5.7,22000,4000,33.0,23.0,,0,0,0,0,0
2024-04-19T10:30:00,19.088686,72.867919,11,VABB,290,6.2,22000,4000,33.0,23.0,,0,0,0,0,0
2024-04-19T11:00:00,19.088686,72.867919,11,VABB,290,6.2,22000,4000,33.0,21.0,,0,0,0,0,0
2024-04-19T11:30:00,19.088686,72.867919,11,VABB,290,5.1,22000,4000,33.0,22.0,,0,0,0,0,0
2024-04-19T12:00:00,19.088686,72.867919,11,VABB,340,2.1,,2000,33.4,23.7,1004.3,0,0,0,0,0
2024-04-19T12:00:00,19.088686,72.867919,11,VABB,280,6.2,2000,4000,32.0,22.0,,0,0,0,0,0
2024-04-19T12:30:00,19.088686,72.867919,11,VABB,290,5.7,22000,4000,32.0,23.0,,0,0,0,0,0
2024-04-19T13:00:00,19.088686,72.867919,11,VABB,290,5.1,2000,3500,31.0,23.0,,0,0,0,0,0
2024-04-19T13:30:00,19.088686,72.867919,11,VABB,310,4.1,2000,3500,31.0,23.0,,0,1,0,0,0
2024-04-19T14:00:00,19.088686,72.867919,11,VABB,310,4.1,2000,3500,30.0,23.0,,0,1,0,0,0
2024-04-19T14:30:00,19.088686,72.867919,11,VABB,290,4.1,2000,3500,30.0,24.0,,0,1,0,0,0
2024-04-19T15:00:00,19.088686,72.867919,11,VABB,,0.0,22000,2000,30.2,24.8,1006.4,0,0,0,0,0
2024-04-19T15:00:00,19.088686,72.867919,11,VABB,300,3.6,2000,3500,30.0,24.0,,0,1,0,0,0
2024-04-19T15:30:00,19.088686,72.867919,11,VABB,300,3.1,2000,3000,30.0,24.0,,0,1,0,0,0
2024-04-19T16:00:00,19.088686,72.867919,11,VABB,310,3.1,2000,3000,30.0,23.0,,0,1,0,0,0
2024-04-19T16:30:00,19.088686,72.867919,11,VABB,330,2.6,2000,3000,29.0,24.0,,0,1,0,0,0
2024-04-19T17:00:00,19.088686,72.867919,11,VABB,280,4.1,22000,3000,29.0,24.0,,0,1,0,0,0
2024-04-19T17:30:00,19.088686,72.867919,11,VABB,300,4.1,22000,3000,29.0,24.0,,0,1,0,0,0
2024-04-19T18:00:00,19.088686,72.867919,11,VABB,,0.0,22000,2000,29.8,25.3,1007.4,0,0,0,0,0
2024-04-19T18:00:00,19.088686,72.867919,11,VABB,320,3.1,22000,3000,29.0,23.0,,0,1,0,0,0
2024-04-19T18:30:00,19.088686,72.867919,11,VABB,330,2.1,22000,3000,30.0,23.0,,0,1,0,0,0
2024-04-19T19:00:00,19.088686,72.867919,11,VABB,320,2.6,22000,3000,30.0,23.0,,0,1,0,0,0
2024-04-19T19:30:00,19.088686,72.867919,11,VABB,320,2.1,22000,3000,29.0,23.0,,0,1,0,0,0
2024-04-19T20:00:00,19.088686,72.867919,11,VABB,100,2.1,22000,3000,29.0,22.0,,0,1,0,0,0
2024-04-19T20:30:00,19.088686,72.867919,11,VABB,350,2.6,22000,2500,29.0,22.0,,0,1,0,0,0
2024-04-19T21:00:00,19.088686,72.867919,11,VABB,,0.0,,2000,29.4,25.1,1006.2,0,0,0,0,0
2024-04-19T21:00:00,19.088686,72.867919,11,VABB,340,3.1,22000,2500,29.0,22.0,,0,1,0,0,0
2024-04-19T21:30:00,19.088686,72.867919,11,VABB,330,2.1,22000,2500,29.0,22.0,,0,1,0,0,0
2024-04-19T22:00:00,19.088686,72.867919,11,VABB,20,1.5,10000,2500,29.0,22.0,,0,1,0,0,0
2024-04-19T22:30:00,19.088686,72.867919,11,VABB,0,0.0,10000,2500,29.0,22.0,,0,1,0,0,0
2024-04-19T23:00:00,19.088686,72.867919,11,VABB,30,2.1,10000,2500,29.0,22.0,,0,1,0,0,0
2024-04-19T23:30:00,19.088686,72.867919,11,VABB,20,1.5,2000,2500,29.0,22.0,,0,1,0,0,0
2024-04-20T00:00:00,19.088686,72.867919,11,VABB,,0.0,22000,2000,28.6,24.9,1005.7,0,0,0,0,0
2024-04-20T00:00:00,19.088686,72.867919,11,VABB,10,1.5,2000,2500,29.0,23.0,,0,1,0,0,0
2024-04-20T00:30:00,19.088686,72.867919,11,VABB,350,1.5,2000,2500,29.0,23.0,,0,1,0,0,0
2024-04-20T01:00:00,19.088686,72.867919,11,VABB,30,3.1,2000,2500,29.0,23.0,,0,1,0,0,0
2024-04-20T01:30:00,19.088686,72.867919,11,VABB,360,2.1,2000,2500,29.0,23.0,,0,1,0,0,0
2024-04-20T02:00:00,19.088686,72.867919,11,VABB,330,2.6,2000,2500,29.0,23.0,,0,1,0,0,0
2024-04-20T02:30:00,19.088686,72.867919,11,VABB,30,2.6,2000,2500,29.0,23.0,,0,1,0,0,0
2024-04-20T03:00:00,19.088686,72.867919,11,VABB,,0.0,,2000,30.2,25.1,1007.7,0,0,0,0,0
2024-04-20T03:00:00,19.088686,72.867919,11,VABB,360,3.1,10000,3000,30.0,22.0,,0,1,0,0,0
2024-04-20T03:30:00,19.088686,72.867919,11,VABB,350,2.6,10000,3000,31.0,22.0,,0,1,0,0,0
2024-04-20T04:00:00,19.088686,72.867919,11,VABB,320,2.1,10000,3000,32.0,22.0,,0,0,0,0,0
2024-04-20T04:30:00,19.088686,72.867919,11,VABB,330,2.6,2000,3000,33.0,21.0,,0,0,0,0,0
2024-04-20T05:00:00,19.088686,72.867919,11,VABB,300,3.1,10000,3000,33.0,21.0,,0,0,0,0,0
2024-04-20T05:30:00,19.088686,72.867919,11,VABB,240,3.1,10000,3000,35.0,22.0,,0,0,0,0,0
2024-04-20T06:00:00,19.088686,72.867919,11,VABB,230,1.5,22000,2000,34.8,24.3,1008.0,0,0,0,0,0
2024-04-20T06:00:00,19.088686,72.867919,11,VABB,270,6.7,10000,3000,33.0,24.0,,0,0,0,0,0
2024-04-20T06:30:00,19.088686,72.867919,11,VABB,270,6.2,10000,3000,34.0,23.0,,0,0,0,0,0
2024-04-20T07:00:00,19.088686,72.867919,11,VABB,320,3.6,10000,3000,35.0,23.0,,0,0,0,0,0
2024-04-20T07:30:00,19.088686,72.867919,11,VABB,320,4.1,10000,3000,34.0,23.0,,0,0,0,0,0
2024-04-20T08:00:00,19.088686,72.867919,11,VABB,300,2.6,10000,3500,34.0,23.0,,0,0,0,0,0
2024-04-20T08:30:00,19.088686,72.867919,11,VABB,280,5.1,10000,3500,35.0,22.0,,0,0,0,0,0
2024-04-20T09:00:00,19.088686,72.867919,11,VABB,320,2.1,22000,2000,35.0,22.2,1006.1,0,0,0,0,0
2024-04-20T09:00:00,19.088686,72.867919,11,VABB,300,3.6,10000,3500,35.0,22.0,,0,0,0,0,0
2024-04-20T09:30:00,19.088686,72.867919,11,VABB,300,5.1,3048,3500,34.0,21.0,,0,0,0,0,0
2024-04-20T10:00:00,19.088686,72.867919,11,VABB,290,3.6,10000,4000,34.0,19.0,,0,0,0,0,1
2024-04-20T10:30:00,19.088686,72.867919,11,VABB,310,4.6,10000,4000,34.0,19.0,,0,0,0,0,0
2024-04-20T11:00:00,19.088686,72.867919,11,VABB,300,5.1,2000,4000,34.0,19.0,,0,0,0,0,0
2024-04-20T11:30:00,19.088686,72.867919,11,VABB,300,5.7,10000,4000,34.0,18.0,,0,0,0,0,0
2024-04-20T12:00:00,19.088686,72.867919,11,VABB,320,2.1,22000,2000,33.2,19.2,1005.4,0,0,0,0,0
2024-04-20T12:00:00,19.088686,72.867919,11,VABB,280,5.7,3048,4000,33.0,19.0,,0,0,0,0,0
2024-04-20T12:30:00,19.088686,72.867919,11,VABB,280,6.2,2000,3500,32.0,18.0,,0,0,0,0,0
2024-04-20T13:00:00,19.088686,72.867919,11,VABB,260,4.1,3048,3500,32.0,20.0,,0,0,0,0,0
2024-04-20T13:30:00,19.088686,72.867919,11,VABB,220,4.1,3048,3500,31.0,21.0,,0,0,0,0,0
2024-04-20T14:00:00,19.088686,72.867919,11,VABB,240,4.1,3048,3000,31.0,21.0,,0,0,0,0,0
2024-04-20T14:30:00,19.088686,72.867919,11,VABB,230,4.1,2000,3000,31.0,21.0,,0,0,0,0,0
2024-04-20T15:00:00,19.088686,72.867919,11,VABB,320,2.1,,2000,30.6,21.1,1008.5,0,0,0,0,0
2024-04-20T15:00:00,19.088686,72.867919,11,VABB,240,5.1,2000,3000,31.0,21.0,,0,0,0,0,0
2024-04-20T15:30:00,19.088686,72.867919,11,VABB,270,4.6,2000,3000,30.0,21.0,,0,0,0,0,0
2024-04-20T16:00:00,19.088686,72.867919,11,VABB,260,3.6,2000,2500,30.0,21.0,,0,0,0,0,0
2024-04-20T16:30:00,19.088686,72.867919,11,VABB,260,3.6,2000,2500,30.0,22.0,,0,0,0,0,0
2024-04-20T17:00:00,19.088686,72.867919,11,VABB,260,2.6,22000,2500,30.0,22.0,,0,1,0,0,0
2024-04-20T17:30:00,19.088686,72.867919,11,VABB,270,3.1,22000,2500,29.0,23.0,,0,1,0,0,0
2024-04-20T18:00:00,19.088686,72.867919,11,VABB,,0.0,,2000,29.4,23.0,1009.1,0,0,0,0,0
2024-04-20T18:00:00,19.088686,72.867919,11,VABB,250,3.1,22000,2500,29.0,23.0,,0,1,0,0,0
2024-04-20T18:30:00,19.088686,72.867919,11,VABB,210,2.1,22000,2500,29.0,23.0,,0,1,0,0,0
2024-04-20T19:00:00,19.088686,72.867919,11,VABB,290,1.5,22000,2500,29.0,23.0,,0,1,0,0,0
2024-04-20T19:30:00,19.088686,72.867919,11,VABB,290,2.1,22000,2500,29.0,23.0,,0,1,0,0,0
2024-04-20T20:00:00,19.088686,72.867919,11,VABB,320,1.5,22000,2500,29.0,23.0,,0,1,0,0,0
2024-04-20T20:30:00,19.088686,72.867919,11,VABB,300,2.1,22000,2500,29.0,23.0,,0,1,0,0,0
2024-04-20T21:00:00,19.088686,72.867919,11,VABB,,0.0,,2000,28.2,22.9,1007.2,0,0,0,0,0
2024-04-20T21:00:00,19.088686,72.867919,11,VABB,0,0.0,22000,2500,29.0,23.0,,0,1,0,0,0
2024-04-20T21:30:00,19.088686,72.867919,11,VABB,70,1.5,22000,2500,29.0,23.0,,0,1,0,0,0
2024-04-20T22:00:00,19.088686,72.867919,11,VABB,20,2.1,22000,2500,29.0,23.0,,0,1,0,0,0
2024-04-20T22:30:00,19.088686,72.867919,11,VABB,20,1.5,22000,2500,29.0,23.0,,0,1,0,0,0
2024-04-20T23:00:00,19.088686,72.867919,11,VABB,340,2.6,22000,2500,29.0,22.0,,0,1,0,0,0
2024-04-20T23:30:00,19.088686,72.867919,11,VABB,330,2.1,22000,2500,29.0,21.0,,0,1,0,0,0
2024-04-21T00:00:00,19.088686,72.867919,11,VABB,,0.0,,2000,27.2,23.1,1007.0,0,0,0,0,0
2024-04-21T00:00:00,19.088686,72.867919,11,VABB,10,2.6,22000,2500,29.0,22.0,,0,1,0,0,0
2024-04-21T00:30:00,19.088686,72.867919,11,VABB,340,3.1,10000,2500,29.0,21.0,,0,1,0,0,0
2024-04-21T01:00:00,19.088686,72.867919,11,VABB,340,4.1,10000,2500,28.0,22.0,,0,1,0,0,0
2024-04-21T01:30:00,19.088686,72.867919,11,VABB,330,4.1,10000,2500,29.0,22.0,,0,1,0,0,0
2024-04-21T02:00:00,19.088686,72.867919,11,VABB,20,3.1,10000,2500,29.0,22.0,,0,1,0,0,0
2024-04-21T02:30:00,19.088686,72.867919,11,VABB,350,2.6,22000,2500,29.0,22.0,,0,1,0,0,0
2024-04-21T03:00:00,19.088686,72.867919,11,VABB,,0.0,,2000,29.6,21.6,1008.6,0,0,0,0,0
2024-04-21T03:00:00,19.088686,72.867919,11,VABB,50,3.1,22000,3000,30.0,22.0,,0,1,0,0,0
2024-04-21T03:30:00,19.088686,72.867919,11,VABB,340,4.6,22000,3000,31.0,18.0,,0,0,0,0,0
2024-04-21T04:00:00,19.088686,72.867919,11,VABB,340,3.1,22000,3000,32.0,18.0,,0,0,0,0,0
2024-04-21T04:30:00,19.088686,72.867919,11,VABB,370,3.6,22000,3000,32.0,18.0,,0,0,0,0,0
2024-04-21T05:00:00,19.088686,72.867919,11,VABB,300,4.1,22000,3000,33.0,17.0,,0,0,0,0,0
2024-04-21T05:30:00,19.088686,72.867919,11,VABB,320,3.6,10000,3000,33.0,18.0,,0,0,0,0,0
2024-04-21T06:00:00,19.088686,72.867919,11,VABB,320,2.6,22000,2000,33.6,23.2,1009.0,0,0,0,0,0
2024-04-21T06:00:00,19.088686,72.867919,11,VABB,290,5.7,10000,4000,33.0,22.0,,0,0,0,0,0
2024-04-21T06:30:00,19.088686,72.867919,11,VABB,270,6.2,10000,4000,33.0,22.0,,0,0,0,0,0
2024-04-21T07:00:00,19.088686,72.867919,11,VABB,300,5.7,3048,4000,33.0,22.0,,0,0,0,0,0
2024-04-21T07:30:00,19.088686,72.867919,11,VABB,290,5.1,3048,4000,32.0,22.0,,0,0,0,0,0
2024-04-21T08:00:00,19.088686,72.867919,11,VABB,290,4.6,3048,4000,33.0,22.0,,0,0,0,0,0
2024-04-21T08:30:00,19.088686,72.867919,11,VABB,280,6.2,3048,4000,33.0,22.0,,0,0,0,0,0
2024-04-21T09:00:00,19.088686,72.867919,11,VABB,360,3.1,3000,2000,32.8,21.3,1007.0,0,0,0,0,0
2024-04-21T09:00:00,19.088686,72.867919,11,VABB,290,5.7,3048,4000,33.0,21.0,,0,0,0,0,0
2024-04-21T09:30:00,19.088686,72.867919,11,VABB,290,6.7,3048,4000,34.0,20.0,,0,0,0,0,0
2024-04-21T10:00:00,19.088686,72.867919,11,VABB,320,5.1,3048,4000,33.0,15.0,,0,0,0,0,0
2024-04-21T10:30:00,19.088686,72.867919,11,VABB,300,5.1,3048,5000,33.0,15.0,,0,0,0,0,0
2024-04-21T11:00:00,19.088686,72.867919,11,VABB,310,4.1,3048,7000,33.0,16.0,,0,0,0,0,0
2024-04-21T11:30:00,19.088686,72.867919,11,VABB,310,5.7,3048,7000,33.0,16.0,,0,0,0,0,0
2024-04-21T12:00:00,19.088686,72.867919,11,VABB,320,1.5,,2000,31.8,17.4,1006.4,0,0,0,0,0
2024-04-21T12:00:00,19.088686,72.867919,11,VABB,300,4.6,3048,5000,33.0,17.0,,0,0,0,0,0
2024-04-21T12:30:00,19.088686,72.867919,11,VABB,310,3.1,10000,5000,33.0,16.0,,0,0,0,0,0
2024-04-21T13:00:00,19.088686,72.867919,11,VABB,330,4.1,10000,4000,32.0,15.0,,0,0,0,0,0
2024-04-21T13:30:00,19.088686,72.867919,11,VABB,330,3.1,10000,4000,31.0,16.0,,0,0,0,0,0
2024-04-21T14:00:00,19.088686,72.867919,11,VABB,300,3.1,10000,4000,31.0,17.0,,0,0,0,0,0
2024-04-21T14:30:00,19.088686,72.867919,11,VABB,310,2.6,10000,4000,30.0,18.0,,0,0,0,0,0
2024-04-21T15:00:00,19.088686,72.867919,11,VABB,,0.0,22000,2000,30.0,18.2,1007.4,0,0,0,0,0
2024-04-21T15:00:00,19.088686,72.867919,11,VABB,310,3.6,10000,4000,30.0,18.0,,0,0,0,0,0
2024-04-21T15:30:00,19.088686,72.867919,11,VABB,320,3.6,10000,4000,30.0,18.0,,0,0,0,0,0
2024-04-21T16:00:00,19.088686,72.867919,11,VABB,300,3.6,10000,3500,30.0,19.0,,0,0,0,0,0
2024-04-21T16:30:00,19.088686,72.867919,11,VABB,350,3.1,10000,3500,31.0,19.0,,0,0,0,0,0
2024-04-21T17:00:00,19.088686,72.867919,11,VABB,300,2.1,10000,3500,30.0,19.0,,0,0,0,0,0
2024-04-21T17:30:00,19.088686,72.867919,11,VABB,310,2.6,10000,3500,30.0,20.0,,0,0,0,0,0
2024-04-21T18:00:00,19.088686,72.867919,11,VABB,,0.0,,2000,29.2,21.5,1008.7,0,0,0,0,0
2024-04-21T18:00:00,19.088686,72.867919,11,VABB,290,3.6,10000,3500,30.0,22.0,,0,0,0,0,0
2024-04-21T18:30:00,19.088686,72.867919,11,VABB,300,2.6,3048,3000,29.0,23.0,,0,1,0,0,0
2024-04-21T19:00:00,19.088686,72.867919,11,VABB,340,3.1,3048,3000,29.0,23.0,,0,1,0,0,0
2024-04-21T19:30:00,19.088686,72.867919,11,VABB,340,2.6,3048,3000,29.0,23.0,,0,1,0,0,0
2024-04-21T20:00:00,19.088686,72.867919,11,VABB,300,2.6,3048,3000,29.0,23.0,,0,1,0,0,0
2024-04-21T20:30:00,19.088686,72.867919,11,VABB,300,2.6,3048,3000,29.0,24.0,,0,1,0,0,0
2024-04-21T21:00:00,19.088686,72.867919,11,VABB,320,1.5,22000,2000,28.6,23.7,1007.3,0,0,0,0,0
2024-04-21T21:00:00,19.088686,72.867919,11,VABB,300,3.1,3048,3000,29.0,25.0,,1,0,0,0,0
2024-04-21T21:30:00,19.088686,72.867919,11,VABB,310,2.6,10000,3000,29.0,25.0,,1,0,0,0,0
2024-04-21T22:00:00,19.088686,72.867919,11,VABB,320,2.6,3048,3000,29.0,25.0,,1,0,0,0,0
2024-04-21T22:30:00,19.088686,72.867919,11,VABB,340,2.6,3048,3000,28.0,25.0,,1,0,0,0,0
2024-04-21T23:00:00,19.088686,72.867919,11,VABB,300,3.1,3048,3000,29.0,25.0,,1,0,0,0,0
2024-04-21T23:30:00,19.088686,72.867919,11,VABB,320,2.6,3048,3000,28.0,25.0,,1,0,0,0,0
2024-04-22T00:00:00,19.088686,72.867919,11,VABB,,0.0,22000,2000,28.0,24.3,1008.0,0,0,0,0,0
2024-04-22T00:00:00,19.088686,72.867919,11,VABB,310,2.6,3048,3000,28.0,25.0,,1,0,0,0,0
2024-04-22T00:30:00,19.088686,72.867919,11,VABB,320,2.6,3048,3000,29.0,25.0,,1,0,0,0,0
2024-04-22T01:00:00,19.088686,72.867919,11,VABB,360,3.1,3048,3000,29.0,24.0,,1,0,0,0,0
2024-04-22T01:30:00,19.088686,72.867919,11,VABB,340,2.1,3048,3000,29.0,24.0,,0,1,0,0,0
2024-04-22T02:00:00,19.088686,72.867919,11,VABB,330,3.1,3048,3000,29.0,24.0,,0,1,0,0,0
2024-04-22T02:30:00,19.088686,72.867919,11,VABB,340,3.6,3048,3000,29.0,24.0,,0,1,0,0,0
2024-04-22T03:00:00,19.088686,72.867919,11,VABB,,0.0,22000,2000,29.8,22.5,1010.0,0,0,0,0,0
2024-04-22T03:00:00,19.088686,72.867919,11,VABB,20,3.1,3048,3000,30.0,23.0,,0,1,0,0,0
2024-04-22T03:29:00,19.088686,72.867919,11,VABB,320,3.1,2000,3500,30.0,23.0,,0,1,0,0,0
2024-04-22T03:30:00,19.088686,72.867919,11,VABB,320,3.1,2000,3500,30.0,23.0,,0,1,0,0,0
2024-04-22T04:00:00,19.088686,72.867919,11,VABB,310,2.6,10000,3500,31.0,23.0,,0,1,0,0,0
2024-04-22T04:30:00,19.088686,72.867919,11,VABB,340,2.6,10000,3500,32.0,22.0,,0,1,0,0,0
2024-04-22T05:00:00,19.088686,72.867919,11,VABB,320,3.1,22000,3500,33.0,21.0,,0,0,0,0,0
2024-04-22T05:30:00,19.088686,72.867919,11,VABB,310,2.6,22000,4000,34.0,20.0,,0,0,0,0,0
2024-04-22T06:00:00,19.088686,72.867919,11,VABB,320,1.5,22000,2000,34.0,21.3,1009.9,0,0,0,0,0
2024-04-22T06:00:00,19.088686,72.867919,11,VABB,310,2.1,22000,4000,35.0,19.0,,0,0,0,0,0
2024-04-22T06:30:00,19.088686,72.867919,11,VABB,270,5.1,22000,4000,34.0,23.0,,0,0,0,0,0
2024-04-22T07:00:00,19.088686,72.867919,11,VABB,290,6.2,22000,4000,34.0,23.0,,0,0,0,0,0
2024-04-22T07:30:00,19.088686,72.867919,11,VABB,290,5.7,22000,4000,34.0,22.0,,0,0,0,0,0
2024-04-22T08:00:00,19.088686,72.867919,11,VABB,300,5.1,22000,4000,34.0,22.0,,0,0,0,0,0
2024-04-22T08:30:00,19.088686,72.867919,11,VABB,280,6.2,10000,4000,33.0,20.0,,0,0,0,0,0
2024-04-22T09:00:00,19.088686,72.867919,11,VABB,320,2.1,22000,2000,34.0,23.0,1008.1,0,0,0,0,0
2024-04-22T09:00:00,19.088686,72.867919,11,VABB,280,5.1,10000,5000,34.0,20.0,,0,0,0,0,0
2024-04-22T09:30:00,19.088686,72.867919,11,VABB,270,5.1,10000,5000,34.0,19.0,,0,0,0,0,0
2024-04-22T10:00:00,19.088686,72.867919,11,VABB,280,6.2,10000,5000,33.0,19.0,,0,0,0,0,0
2024-04-22T10:30:00,19.088686,72.867919,11,VABB,280,3.6,10000,5000,34.0,19.0,,0,0,0,0,1
2024-04-22T11:00:00,19.088686,72.867919,11,VABB,290,4.6,10000,5000,33.0,19.0,,0,0,0,0,0
2024-04-22T11:30:00,19.088686,72.867919,11,VABB,330,5.7,10000,5000,34.0,17.0,,0,0,0,0,0
2024-04-22T12:00:00,19.088686,72.867919,11,VABB,320,2.6,22000,2000,33.2,20.7,1006.7,0,0,0,0,0
2024-04-22T12:00:00,19.088686,72.867919,11,VABB,310,5.7,10000,5000,33.0,17.0,,0,0,0,0,0
2024-04-22T12:30:00,19.088686,72.867919,11,VABB,330,4.6,10000,5000,33.0,17.0,,0,0,0,0,0
2024-04-22T13:00:00,19.088686,72.867919,11,VABB,320,4.1,10000,5000,32.0,17.0,,0,0,0,0,0
2024-04-22T13:30:00,19.088686,72.867919,11,VABB,290,4.6,10000,4000,31.0,17.0,,0,0,0,0,0
2024-04-22T14:00:00,19.088686,72.867919,11,VABB,300,3.1,10000,4000,31.0,17.0,,0,0,0,0,0
2024-04-22T14:30:00,19.088686,72.867919,11,VABB,220,2.6,10000,4000,31.0,18.0,,0,0,0,0,0
2024-04-22T15:00:00,19.088686,72.867919,11,VABB,,0.0,,2000,30.0,21.7,1008.1,0,0,0,0,0
2024-04-22T15:00:00,19.088686,72.867919,11,VABB,310,2.6,10000,4000,30.0,20.0,,0,0,0,0,0
2024-04-22T15:30:00,19.088686,72.867919,11,VABB,130,2.6,22000,4000,30.0,21.0,,0,0,0,0,0
2024-04-22T16:00:00,19.088686,72.867919,11,VABB,280,4.1,22000,4000,30.0,21.0,,0,1,0,0,0
2024-04-22T16:30:00,19.088686,72.867919,11,VABB,290,2.6,22000,3000,30.0,22.0,,0,1,0,0,0
2024-04-22T17:00:00,19.088686,72.867919,11,VABB,290,3.1,22000,3000,29.0,22.0,,0,1,0,0,0
2024-04-22T17:30:00,19.088686,72.867919,11,VABB,300,3.1,22000,3000,29.0,22.0,,0,1,0,0,0
2024-04-22T18:00:00,19.088686,72.867919,11,VABB,,0.0,,2000,28.6,22.4,1009.5,0,0,0,0,0
2024-04-22T18:00:00,19.088686,72.867919,11,VABB,300,3.1,22000,3000,29.0,22.0,,0,1,0,0,0
2024-04-22T18:30:00,19.088686,72.867919,11,VABB,300,3.6,22000,3000,29.0,23.0,,0,1,0,0,0
2024-04-22T19:00:00,19.088686,72.867919,11,VABB,320,3.1,22000,3000,29.0,23.0,,0,1,0,0,0
2024-04-22T19:30:00,19.088686,72.867919,11,VABB,320,3.1,22000,3000,29.0,22.0,,0,1,0,0,0
2024-04-22T20:00:00,19.088686,72.867919,11,VABB,330,2.1,22000,3000,29.0,21.0,,0,1,0,0,0
2024-04-22T20:30:00,19.088686,72.867919,11,VABB,350,2.6,22000,3000,29.0,21.0,,0,1,0,0,0
2024-04-22T21:00:00,19.088686,72.867919,11,VABB,,0.0,,2000,27.8,21.9,1007.8,0,0,0,0,0
2024-04-22T21:00:00,19.088686,72.867919,11,VABB,350,2.6,22000,3000,29.0,21.0,,0,1,0,0,0
2024-04-22T21:30:00,19.088686,72.867919,11,VABB,330,3.6,22000,3000,29.0,22.0,,0,1,0,0,0
2024-04-22T22:00:00,19.088686,72.867919,11,VABB,340,2.1,22000,3000,28.0,22.0,,0,1,0,0,0
2024-04-22T22:30:00,19.088686,72.867919,11,VABB,360,1.5,22000,3000,28.0,22.0,,0,1,0,0,0
2024-04-22T23:00:00,19.088686,72.867919,11,VABB,20,1.5,22000,3000,28.0,22.0,,0,1,0,0,0
2024-04-22T23:30:00,19.088686,72.867919,11,VABB,20,2.1,22000,3000,28.0,22.0,,0,1,0,0,0
2024-04-23T00:00:00,19.088686,72.867919,11,VABB,,0.0,,2000,26.4,22.2,1007.3,0,0,0,0,0
2024-04-23T00:00:00,19.088686,72.867919,11,VABB,30,1.5,22000,3000,28.0,22.0,,0,1,0,0,0
2024-04-23T00:30:00,19.088686,72.867919,11,VABB,80,2.1,2000,3000,28.0,22.0,,0,1,0,0,0
2024-04-23T01:00:00,19.088686,72.867919,11,VABB,0,0.0,2000,3000,28.0,22.0,,0,1,0,0,0
2024-04-23T01:30:00,19.088686,72.867919,11,VABB,80,2.1,2000,3000,28.0,22.0,,0,1,0,0,0
2024-04-23T02:00:00,19.088686,72.867919,11,VABB,360,2.1,2000,3000,28.0,22.0,,0,1,0,0,0
2024-04-23T02:30:00,19.088686,72.867919,11,VABB,0,0.0,2000,3000,29.0,22.0,,0,1,0,0,0
2024-04-23T03:00:00,19.088686,72.867919,11,VABB,,0.0,22000,2000,28.4,22.8,1009.0,0,0,0,0,0
2024-04-23T03:00:00,19.088686,72.867919,11,VABB,330,2.1,2000,3000,30.0,22.0,,0,1,0,0,0
2024-04-23T03:30:00,19.088686,72.867919,11,VABB,350,2.1,2000,3000,30.0,22.0,,0,1,0,0,0
2024-04-23T04:00:00,19.088686,72.867919,11,VABB,20,2.6,2000,3000,31.0,21.0,,0,0,0,0,0
2024-04-23T04:30:00,19.088686,72.867919,11,VABB,80,2.6,2000,3000,32.0,20.0,,0,0,0,0,0
2024-04-23T05:00:00,19.088686,72.867919,11,VABB,340,2.6,2000,3500,32.0,21.0,,0,0,0,0,0
2024-04-23T05:30:00,19.088686,72.867919,11,VABB,260,4.6,2000,3500,32.0,23.0,,0,0,0,0,0
2024-04-23T06:00:00,19.088686,72.867919,11,VABB,320,1.5,22000,2000,33.4,23.3,1008.8,0,0,0,0,0
2024-04-23T06:00:00,19.088686,72.867919,11,VABB,270,5.7,10000,3500,33.0,23.0,,0,0,0,0,0
2024-04-23T06:30:00,19.088686,72.867919,11,VABB,270,6.7,10000,3500,33.0,23.0,,0,0,0,0,0
2024-04-23T07:00:00,19.088686,72.867919,11,VABB,270,4.6,10000,4000,33.0,23.0,,0,0,0,0,0
2024-04-23T07:30:00,19.088686,72.867919,11,VABB,270,6.2,22000,4000,33.0,23.0,,0,0,0,0,0
2024-04-23T08:00:00,19.088686,72.867919,11,VABB,270,5.1,22000,4000,34.0,23.0,,0,0,0,0,0
2024-04-23T08:30:00,19.088686,72.867919,11,VABB,280,7.2,22000,4000,33.0,23.0,,0,0,0,0,0
2024-04-23T09:00:00,19.088686,72.867919,11,VABB,320,3.1,,2000,33.8,22.8,1006.4,0,0,0,0,0
2024-04-23T09:00:00,19.088686,72.867919,11,VABB,290,5.1,22000,4000,34.0,23.0,,0,0,0,0,0
2024-04-23T09:30:00,19.088686,72.867919,11,VABB,300,5.1,22000,4000,33.0,23.0,,0,0,0,0,0
2024-04-23T10:00:00,19.088686,72.867919,11,VABB,300,4.6,22000,4000,33.0,22.0,,0,0,0,0,0
2024-04-23T10:30:00,19.088686,72.867919,11,VABB,340,3.6,22000,4000,33.0,20.0,,0,0,0,0,0
2024-04-23T11:00:00,19.088686,72.867919,11,VABB,300,5.1,22000,4000,33.0,20.0,,0,0,0,0,0
2024-04-23T11:30:00,19.088686,72.867919,11,VABB,320,4.6,22000,4000,33.0,21.0,,0,0,0,0,0
2024-04-23T12:00:00,19.088686,72.867919,11,VABB,360,2.1,,2000,32.4,21.8,1005.0,0,0,0,0,0
2024-04-23T12:00:00,19.088686,72.867919,11,VABB,300,4.1,22000,4000,32.0,21.0,,0,0,0,0,0
2024-04-23T12:30:00,19.088686,72.867919,11,VABB,300,5.1,22000,4000,32.0,21.0,,0,0,0,0,0
2024-04-23T13:00:00,19.088686,72.867919,11,VABB,320,4.1,22000,4000,31.0,20.0,,0,0,0,0,0
2024-04-23T13:30:00,19.088686,72.867919,11,VABB,310,4.1,22000,3000,30.0,21.0,,0,0,0,0,0
2024-04-23T14:00:00,19.088686,72.867919,11,VABB,300,3.6,22000,3000,30.0,22.0,,0,1,0,0,0
2024-04-23T14:30:00,19.088686,72.867919,11,VABB,320,3.6,22000,3000,30.0,22.0,,0,1,0,0,0
2024-04-23T15:00:00,19.088686,72.867919,11,VABB,320,2.1,,2000,29.4,22.3,1005.7,0,0,0,0,0
2024-04-23T15:00:00,19.088686,72.867919,11,VABB,320,3.1,22000,3000,30.0,23.0,,0,1,0,0,0
2024-04-23T15:30:00,19.088686,72.867919,11,VABB,330,2.6,22000,3000,30.0,22.0,,0,1,0,0,0
2024-04-23T16:00:00,19.088686,72.867919,11,VABB,300,2.1,22000,3000,30.0,22.0,,0,1,0,0,0
2024-04-23T16:30:00,19.088686,72.867919,11,VABB,280,2.1,22000,3000,30.0,22.0,,0,1,0,0,0
2024-04-23T17:00:00,19.088686,72.867919,11,VABB,300,1.5,22000,3000,30.0,22.0,,0,1,0,0,0
2024-04-23T17:30:00,19.088686,72.867919,11,VABB,300,2.6,22000,3000,30.0,23.0,,0,1,0,0,0
2024-04-23T18:00:00,19.088686,72.867919,11,VABB,,0.0,,2000,28.4,23.8,1007.3,0,0,0,0,0
2024-04-23T18:00:00,19.088686,72.867919,11,VABB,320,2.1,22000,3000,29.0,23.0,,0,1,0,0,0
2024-04-23T18:30:00,19.088686,72.867919,11,VABB,300,2.6,22000,3000,30.0,24.0,,0,1,0,0,0
2024-04-23T19:00:00,19.088686,72.867919,11,VABB,310,2.6,22000,3000,29.0,24.0,,0,1,0,0,0
2024-04-23T19:30:00,19.088686,72.867919,11,VABB,290,3.6,22000,3000,29.0,24.0,,0,1,0,0,0
2024-04-23T20:00:00,19.088686,72.867919,11,VABB,310,2.6,22000,3000,29.0,25.0,,0,1,0,0,0
2024-04-23T20:30:00,19.088686,72.867919,11,VABB,320,2.6,22000,3000,28.0,25.0,,1,0,0,0,0
2024-04-23T21:00:00,19.088686,72.867919,11,VABB,,0.0,,2000,27.8,23.7,1005.7,0,0,0,0,0
2024-04-23T21:00:00,19.088686,72.867919,11,VABB,330,2.6,22000,3000,28.0,25.0,,1,0,0,0,0
2024-04-23T21:30:00,19.088686,72.867919,11,VABB,320,3.1,2000,3000,28.0,25.0,,1,0,0,0,0
2024-04-23T22:00:00,19.088686,72.867919,11,VABB,330,2.6,2000,3000,28.0,25.0,,1,0,0,0,0
2024-04-23T22:30:00,19.088686,72.867919,11,VABB,350,2.6,2000,3000,28.0,24.0,,1,0,0,0,0
2024-04-23T23:00:00,19.088686,72.867919,11,VABB,350,3.1,2000,3000,28.0,24.0,,0,1,0,0,0
2024-04-23T23:30:00,19.088686,72.867919,11,VABB,30,2.6,2000,3000,28.0,23.0,,0,1,0,0,0
2024-04-24T00:00:00,19.088686,72.867919,11,VABB,,0.0,,2000,26.6,22.5,1005.8,0,0,0,0,0
2024-04-24T00:00:00,19.088686,72.867919,11,VABB,360,2.1,10000,3000,28.0,23.0,,0,1,0,0,0
2024-04-24T00:30:00,19.088686,72.867919,11,VABB,340,3.1,10000,3000,28.0,22.0,,0,1,0,0,0
2024-04-24T01:00:00,19.088686,72.867919,11,VABB,10,2.1,2000,3000,28.0,23.0,,0,1,0,0,0
2024-04-24T01:30:00,19.088686,72.867919,11,VABB,340,2.1,2000,3000,28.0,23.0,,0,1,0,0,0
2024-04-24T02:00:00,19.088686,72.867919,11,VABB,340,2.1,2000,3000,29.0,23.0,,0,1,0,0,0
2024-04-24T02:30:00,19.088686,72.867919,11,VABB,340,2.6,3048,3000,29.0,23.0,,0,1,0,0,0
2024-04-24T03:00:00,19.088686,72.867919,11,VABB,,0.0,22000,2000,29.0,22.2,1007.7,0,0,0,0,0
2024-04-24T03:00:00,19.088686,72.867919,11,VABB,30,4.1,3048,3000,30.0,22.0,,0,1,0,0,0
2024-04-24T03:30:00,19.088686,72.867919,11,VABB,10,3.6,3048,3000,30.0,22.0,,0,1,0,0,0
2024-04-24T04:00:00,19.088686,72.867919,11,VABB,330,2.1,3048,3000,31.0,22.0,,0,1,0,0,0
2024-04-24T04:30:00,19.088686,72.867919,11,VABB,330,2.6,3048,3000,32.0,21.0,,0,0,0,0,0
2024-04-24T05:00:00,19.088686,72.867919,11,VABB,300,3.1,3048,3000,33.0,21.0,,0,0,0,0,0
2024-04-24T05:30:00,19.088686,72.867919,11,VABB,270,4.1,3048,3000,33.0,21.0,,0,0,0,0,0
2024-04-24T06:00:00,19.088686,72.867919,11,VABB,320,2.1,22000,2000,33.0,23.8,1007.8,0,0,0,0,0
2024-04-24T06:00:00,19.088686,72.867919,11,VABB,260,6.2,3048,3000,33.0,24.0,,0,0,0,0,0
2024-04-24T06:30:00,19.088686,72.867919,11,VABB,250,5.7,3048,3000,33.0,24.0,,0,0,0,0,0
2024-04-24T07:00:00,19.088686,72.867919,11,VABB,270,4.1,3048,3000,33.0,25.0,,0,1,0,0,1
2024-04-24T07:30:00,19.088686,72.867919,11,VABB,250,5.1,3048,3500,33.0,25.0,,0,1,0,0,1
2024-04-24T08:00:00,19.088686,72.867919,11,VABB,280,5.7,3048,3500,33.0,25.0,,0,1,0,0,0
2024-04-24T08:30:00,19.088686,72.867919,11,VABB,270,5.7,2000,3500,34.0,25.0,,0,1,0,0,0
2024-04-24T09:00:00,19.088686,72.867919,11,VABB,320,3.1,22000,2000,33.8,24.1,1005.8,0,0,0,0,0
2024-04-24T09:00:00,19.088686,72.867919,11,VABB,300,5.7,2000,4000,33.0,23.0,,0,0,0,0,0
2024-04-24T09:30:00,19.088686,72.867919,11,VABB,280,6.2,2000,4000,33.0,23.0,,0,0,0,0,0
2024-04-24T10:00:00,19.088686,72.867919,11,VABB,290,5.1,10000,4000,33.0,22.0,,0,0,0,0,0
2024-04-24T10:30:00,19.088686,72.867919,11,VABB,310,4.1,10000,4000,34.0,22.0,,0,0,0,0,0
2024-04-24T11:00:00,19.088686,72.867919,11,VABB,300,5.7,10000,4000,33.0,23.0,,0,0,0,0,0
2024-04-24T11:30:00,19.088686,72.867919,11,VABB,300,5.7,22000,4000,32.0,23.0,,0,0,0,0,0
2024-04-24T12:00:00,19.088686,72.867919,11,VABB,320,3.1,,2000,31.8,24.1,1004.4,0,0,0,0,0
2024-04-24T12:00:00,19.088686,72.867919,11,VABB,300,4.6,22000,4000,31.0,23.0,,0,0,0,0,0
2024-04-24T12:30:00,19.088686,72.867919,11,VABB,290,6.2,10000,4000,31.0,23.0,,0,1,0,0,0
2024-04-24T13:00:00,19.088686,72.867919,11,VABB,300,3.6,10000,4000,31.0,24.0,,0,1,0,0,0
2024-04-24T13:30:00,19.088686,72.867919,11,VABB,300,4.1,10000,3500,30.0,24.0,,0,1,0,0,0
2024-04-24T14:00:00,19.088686,72.867919,11,VABB,310,3.6,10000,3500,30.0,24.0,,0,1,0,0,0
2024-04-24T14:30:00,19.088686,72.867919,11,VABB,300,2.6,10000,3500,30.0,24.0,,0,1,0,0,0
2024-04-24T15:00:00,19.088686,72.867919,11,VABB,320,3.1,,2000,29.4,23.9,1006.5,0,0,0,0,0
2024-04-24T15:00:00,19.088686,72.867919,11,VABB,310,2.6,22000,3500,30.0,24.0,,0,1,0,0,0
2024-04-24T15:30:00,19.088686,72.867919,11,VABB,300,2.6,22000,3500,29.0,24.0,,0,1,0,0,0
2024-04-24T16:00:00,19.088686,72.867919,11,VABB,330,2.1,22000,3000,29.0,24.0,,0,1,0,0,0
2024-04-24T16:30:00,19.088686,72.867919,11,VABB,100,2.1,22000,3000,30.0,24.0,,0,1,0,0,0
2024-04-24T17:00:00,19.088686,72.867919,11,VABB,310,1.5,22000,3000,29.0,24.0,,0,1,0,0,0
2024-04-24T17:30:00,19.088686,72.867919,11,VABB,280,2.1,22000,3000,29.0,24.0,,0,1,0,0,0
2024-04-24T18:00:00,19.088686,72.867919,11,VABB,,0.0,22000,2000,28.8,23.3,1008.4,0,0,0,0,0
2024-04-24T18:00:00,19.088686,72.867919,11,VABB,230,3.1,22000,3000,29.0,24.0,,0,1,0,0,0
2024-04-24T18:30:00,19.088686,72.867919,11,VABB,260,3.1,22000,3000,29.0,24.0,,0,1,0,0,0
2024-04-24T19:00:00,19.088686,72.867919,11,VABB,230,3.1,22000,3000,29.0,24.0,,0,1,0,0,0
2024-04-24T19:30:00,19.088686,72.867919,11,VABB,240,3.1,22000,3000,29.0,25.0,,0,1,0,0,0
2024-04-24T20:00:00,19.088686,72.867919,11,VABB,240,3.6,22000,3000,28.0,25.0,,1,0,0,0,0
2024-04-24T20:30:00,19.088686,72.867919,11,VABB,280,2.6,22000,3000,28.0,26.0,,1,0,0,0,0
2024-04-24T21:00:00,19.088686,72.867919,11,VABB,,0.0,22000,2000,28.2,25.1,1007.1,0,0,0,0,0
2024-04-24T21:00:00,19.088686,72.867919,11,VABB,260,2.6,2000,3000,28.0,26.0,,1,0,0,0,0
2024-04-24T21:30:00,19.088686,72.867919,11,VABB,230,3.6,2000,2500,28.0,26.0,,1,0,0,0,0
2024-04-24T22:00:00,19.088686,72.867919,11,VABB,290,2.1,2000,2500,28.0,26.0,,1,0,0,0,0
2024-04-24T22:30:00,19.088686,72.867919,11,VABB,280,2.6,2000,2500,28.0,26.0,,1,0,0,0,0
2024-04-24T23:00:00,19.088686,72.867919,11,VABB,270,2.1,2000,2500,28.0,26.0,,1,0,0,0,0
2024-04-24T23:30:00,19.088686,72.867919,11,VABB,350,1.5,2000,2500,28.0,26.0,,1,0,0,0,0
2024-04-25T00:00:00,19.088686,72.867919,11,VABB,,0.0,22000,2000,27.4,24.5,1006.8,0,0,0,0,0
2024-04-25T00:00:00,19.088686,72.867919,11,VABB,320,1.5,2000,2500,28.0,26.0,,1,0,0,0,0
2024-04-25T00:30:00,19.088686,72.867919,11,VABB,340,1.5,2000,2500,28.0,26.0,,1,0,0,0,0
2024-04-25T01:00:00,19.088686,72.867919,11,VABB,350,1.5,2000,2500,28.0,26.0,,1,0,0,0,0
2024-04-25T01:30:00,19.088686,72.867919,11,VABB,340,3.1,2000,2500,28.0,26.0,,1,0,0,0,0
2024-04-25T02:00:00,19.088686,72.867919,11,VABB,340,3.1,3048,2500,29.0,26.0,,1,0,0,0,0
2024-04-25T02:30:00,19.088686,72.867919,11,VABB,350,3.1,3048,2500,29.0,25.0,,1,0,0,0,0
2024-04-25T03:00:00,19.088686,72.867919,11,VABB,,0.0,22000,2000,29.4,23.6,1007.4,0,0,0,0,0
2024-04-25T03:00:00,19.088686,72.867919,11,VABB,20,2.1,2000,2500,30.0,25.0,,1,0,0,0,0
2024-04-25T03:30:00,19.088686,72.867919,11,VABB,20,4.1,2000,3000,31.0,23.0,,0,1,0,0,0
2024-04-25T04:00:00,19.088686,72.867919,11,VABB,30,3.1,22000,3000,32.0,23.0,,0,1,0,0,0
2024-04-25T04:30:00,19.088686,72.867919,11,VABB,310,3.1,22000,3000,32.0,22.0,,0,1,0,0,0
2024-04-25T05:00:00,19.088686,72.867919,11,VABB,350,2.6,22000,3000,33.0,21.0,,0,0,0,0,0
2024-04-25T05:30:00,19.088686,72.867919,11,VABB,310,4.1,22000,3000,34.0,21.0,,0,0,0,0,0
2024-04-25T06:00:00,19.088686,72.867919,11,VABB,320,1.5,,2000,34.6,21.4,1007.8,0,0,0,0,0
2024-04-25T06:00:00,19.088686,72.867919,11,VABB,310,4.1,22000,3000,35.0,21.0,,0,0,0,0,0
2024-04-25T06:30:00,19.088686,72.867919,11,VABB,290,4.6,22000,3500,35.0,23.0,,0,0,0,0,0
2024-04-25T07:00:00,19.088686,72.867919,11,VABB,290,6.7,22000,4000,34.0,21.0,,0,0,0,0,0
2024-04-25T07:30:00,19.088686,72.867919,11,VABB,300,5.7,22000,4000,34.0,20.0,,0,0,0,0,0
2024-04-25T08:00:00,19.088686,72.867919,11,VABB,300,6.2,22000,5000,34.0,19.0,,0,0,0,0,0
2024-04-25T08:30:00,19.088686,72.867919,11,VABB,290,6.7,22000,5000,34.0,18.0,,0,0,0,0,0
2024-04-25T09:00:00,19.088686,72.867919,11,VABB,320,2.1,,2000,34.2,20.1,1005.7,0,0,0,0,0
2024-04-25T09:00:00,19.088686,72.867919,11,VABB,270,4.6,22000,5000,33.0,18.0,,0,0,0,0,1
2024-04-25T09:30:00,19.088686,72.867919,11,VABB,260,3.6,22000,5000,33.0,18.0,,0,0,0,0,1
2024-04-25T10:00:00,19.088686,72.867919,11,VABB,280,4.1,22000,4000,33.0,18.0,,0,0,0,0,1
2024-04-25T10:30:00,19.088686,72.867919,11,VABB,280,4.1,22000,4000,34.0,19.0,,0,0,0,0,1
2024-04-25T11:00:00,19.088686,72.867919,11,VABB,280,6.2,22000,3500,33.0,20.0,,0,0,0,0,0
2024-04-25T11:30:00,19.088686,72.867919,11,VABB,310,5.7,22000,3000,32.0,20.0,,0,0,0,0,0
2024-04-25T12:00:00,19.088686,72.867919,11,VABB,340,2.1,,2000,31.6,21.2,1004.7,0,0,0,0,0
2024-04-25T12:00:00,19.088686,72.867919,11,VABB,290,6.2,22000,3000,32.0,21.0,,0,0,0,0,0
2024-04-25T12:30:00,19.088686,72.867919,11,VABB,290,5.7,22000,3000,32.0,21.0,,0,0,0,0,0
2024-04-25T13:00:00,19.088686,72.867919,11,VABB,300,3.6,22000,3000,31.0,22.0,,0,0,0,0,0
2024-04-25T13:30:00,19.088686,72.867919,11,VABB,300,5.1,22000,3000,30.0,22.0,,0,0,0,0,0
2024-04-25T14:00:00,19.088686,72.867919,11,VABB,320,3.1,22000,3000,31.0,23.0,,0,1,0,0,0
2024-04-25T14:30:00,19.088686,72.867919,11,VABB,300,3.6,22000,3000,30.0,23.0,,0,1,0,0,0
2024-04-25T15:00:00,19.088686,72.867919,11,VABB,,0.0,22000,2000,29.6,23.5,1006.6,0,0,0,0,0
2024-04-25T15:00:00,19.088686,72.867919,11,VABB,290,3.6,22000,3000,30.0,23.0,,0,1,0,0,0
2024-04-25T15:30:00,19.088686,72.867919,11,VABB,320,3.1,10000,3000,30.0,23.0,,0,1,0,0,0
2024-04-25T16:00:00,19.088686,72.867919,11,VABB,300,1.5,10000,3000,30.0,22.0,,0,1,0,0,0
2024-04-25T16:30:00,19.088686,72.867919,11,VABB,360,2.6,2000,3000,31.0,22.0,,0,1,0,0,0
2024-04-25T17:00:00,19.088686,72.867919,11,VABB,40,2.6,2000,3000,30.0,22.0,,0,1,0,0,0
2024-04-25T17:30:00,19.088686,72.867919,11,VABB,50,1.5,2000,3000,30.0,21.0,,0,1,0,0,0
2024-04-25T18:00:00,19.088686,72.867919,11,VABB,,0.0,,2000,28.4,22.8,1007.7,0,0,0,0,0
2024-04-25T18:00:00,19.088686,72.867919,11,VABB,80,1.5,22000,3000,30.0,21.0,,0,0,0,0,0
2024-04-25T18:30:00,19.088686,72.867919,11,VABB,340,2.1,22000,3000,30.0,22.0,,0,1,0,0,0
2024-04-25T19:00:00,19.088686,72.867919,11,VABB,310,2.1,22000,3000,30.0,21.0,,0,1,0,0,0
2024-04-25T19:30:00,19.088686,72.867919,11,VABB,240,3.1,22000,3000,29.0,22.0,,0,1,0,0,0
2024-04-25T20:00:00,19.088686,72.867919,11,VABB,270,2.6,22000,3000,29.0,22.0,,0,1,0,0,0
2024-04-25T20:30:00,19.088686,72.867919,11,VABB,310,2.6,22000,3000,29.0,22.0,,0,1,0,0,0
2024-04-25T21:00:00,19.088686,72.867919,11,VABB,,0.0,,2000,28.4,23.8,1006.4,0,0,0,0,0
2024-04-25T21:00:00,19.088686,72.867919,11,VABB,280,3.6,22000,3000,29.0,24.0,,1,0,0,0,0
2024-04-25T21:30:00,19.088686,72.867919,11,VABB,310,3.1,22000,3000,29.0,26.0,,1,0,0,0,0
2024-04-25T22:00:00,19.088686,72.867919,11,VABB,300,2.6,3048,3000,28.0,26.0,,1,0,0,0,0
2024-04-25T22:30:00,19.088686,72.867919,11,VABB,300,3.1,3048,3000,28.0,26.0,,1,0,0,0,0
2024-04-25T23:00:00,19.088686,72.867919,11,VABB,300,2.6,3048,3000,28.0,26.0,,1,0,0,0,0
2024-04-25T23:30:00,19.088686,72.867919,11,VABB,320,3.1,3048,3000,28.0,26.0,,1,0,0,0,0
2024-04-26T00:00:00,19.088686,72.867919,11,VABB,,0.0,600,2000,28.2,25.1,1006.6,0,0,0,0,0
2024-04-26T00:00:00,19.088686,72.867919,11,VABB,20,2.6,10000,3000,29.0,26.0,,1,0,0,0,0
2024-04-26T00:30:00,19.088686,72.867919,11,VABB,30,3.6,10000,3000,29.0,26.0,,1,0,0,0,0
2024-04-26T01:00:00,19.088686,72.867919,11,VABB,30,3.1,2000,3000,29.0,26.0,,1,0,0,0,0
2024-04-26T01:30:00,19.088686,72.867919,11,VABB,60,3.6,3048,3000,29.0,26.0,,0,1,0,0,0
2024-04-26T02:00:00,19.088686,72.867919,11,VABB,0,0.0,3048,3000,29.0,25.0,,0,1,0,0,0
2024-04-26T02:30:00,19.088686,72.867919,11,VABB,340,3.1,3048,3000,30.0,23.0,,0,1,0,0,0
2024-04-26T03:00:00,19.088686,72.867919,11,VABB,,0.0,,2000,29.8,23.4,1007.8,0,0,0,0,0
2024-04-26T03:00:00,19.088686,72.867919,11,VABB,350,3.1,2000,3000,31.0,20.0,,0,0,0,0,0
2024-04-26T03:30:00,19.088686,72.867919,11,VABB,330,3.1,3048,3000,32.0,19.0,,0,0,0,0,0
2024-04-26T04:00:00,19.088686,72.867919,11,VABB,350,2.6,3048,3000,33.0,18.0,,0,0,0,0,0
2024-04-26T04:30:00,19.088686,72.867919,11,VABB,20,3.6,10000,3000,34.0,18.0,,0,0,0,0,0
2024-04-26T05:00:00,19.088686,72.867919,11,VABB,280,2.6,10000,3500,35.0,14.0,,0,0,0,0,0
2024-04-26T05:30:00,19.088686,72.867919,11,VABB,280,3.6,10000,3500,36.0,13.0,,0,0,0,0,0
2024-04-26T06:00:00,19.088686,72.867919,11,VABB,320,1.5,,2000,35.4,21.3,1007.9,0,0,0,0,0
2024-04-26T06:00:00,19.088686,72.867919,11,VABB,300,5.7,10000,3500,35.0,20.0,,0,0,0,0,0
2024-04-26T06:30:00,19.088686,72.867919,11,VABB,280,4.1,3048,3500,34.0,23.0,,0,0,0,0,1
2024-04-26T07:00:00,19.088686,72.867919,11,VABB,270,5.7,3048,3500,33.0,25.0,,0,0,0,0,0
2024-04-26T07:30:00,19.088686,72.867919,11,VABB,270,5.7,3048,3500,33.0,24.0,,0,0,0,0,0
2024-04-26T08:00:00,19.088686,72.867919,11,VABB,280,3.6,3048,3500,33.0,25.0,,0,0,0,0,1
2024-04-26T08:30:00,19.088686,72.867919,11,VABB,280,5.7,3048,3500,33.0,25.0,,0,0,0,0,0
2024-04-26T09:00:00,19.088686,72.867919,11,VABB,320,2.1,22000,2000,34.2,25.5,1006.0,0,0,0,0,0
2024-04-26T09:00:00,19.088686,72.867919,11,VABB,270,5.1,3048,3500,34.0,25.0,,0,1,0,0,0
2024-04-26T09:30:00,19.088686,72.867919,11,VABB,290,4.6,3048,3500,34.0,25.0,,0,1,0,0,0
2024-04-26T10:00:00,19.088686,72.867919,11,VABB,290,6.7,3048,3500,33.0,25.0,,0,1,0,0,0
2024-04-26T10:30:00,19.088686,72.867919,11,VABB,280,5.7,3048,4000,34.0,25.0,,0,1,0,0,0
2024-04-26T11:00:00,19.088686,72.867919,11,VABB,270,5.1,2000,4000,34.0,26.0,,0,1,0,0,0
2024-04-26T11:30:00,19.088686,72.867919,11,VABB,290,6.2,2000,4000,33.0,25.0,,0,1,0,0,0
2024-04-26T12:00:00,19.088686,72.867919,11,VABB,360,1.5,,2000,32.4,25.4,1004.9,0,0,0,0,0
2024-04-26T12:00:00,19.088686,72.867919,11,VABB,280,5.7,2000,4000,32.0,25.0,,0,1,0,0,0
2024-04-26T12:30:00,19.088686,72.867919,11,VABB,310,3.6,22000,4000,32.0,24.0,,0,1,0,0,0
2024-04-26T13:00:00,19.088686,72.867919,11,VABB,300,4.6,22000,4000,32.0,22.0,,0,0,0,0,0
2024-04-26T13:30:00,19.088686,72.867919,11,VABB,300,2.6,22000,4000,32.0,21.0,,0,0,0,0,0
2024-04-26T14:00:00,19.088686,72.867919,11,VABB,310,2.6,22000,3500,32.0,20.0,,0,0,0,0,0
2024-04-26T14:30:00,19.088686,72.867919,11,VABB,330,2.1,22000,3500,33.0,20.0,,0,0,0,0,0
2024-04-26T15:00:00,19.088686,72.867919,11,VABB,,0.0,,2000,31.0,21.2,1006.3,0,0,0,0,0
2024-04-26T15:00:00,19.088686,72.867919,11,VABB,330,2.6,22000,3500,33.0,19.0,,0,0,0,0,0
2024-04-26T15:30:00,19.088686,72.867919,11,VABB,360,2.1,22000,3500,33.0,18.0,,0,0,0,0,0
2024-04-26T16:00:00,19.088686,72.867919,11,VABB,30,2.1,22000,3000,33.0,18.0,,0,0,0,0,0
2024-04-26T16:30:00,19.088686,72.867919,11,VABB,0,0.0,22000,3000,33.0,18.0,,0,0,0,0,0
2024-04-26T17:00:00,19.088686,72.867919,11,VABB,260,2.6,22000,3000,32.0,22.0,,0,0,0,0,0
2024-04-26T17:30:00,19.088686,72.867919,11,VABB,270,3.1,22000,3000,31.0,25.0,,0,0,0,0,0
2024-04-26T18:00:00,19.088686,72.867919,11,VABB,,0.0,22000,2000,30.2,24.5,1007.5,0,0,0,0,0
2024-04-26T18:00:00,19.088686,72.867919,11,VABB,280,4.6,22000,3000,30.0,25.0,,0,0,0,0,0
2024-04-26T18:30:00,19.088686,72.867919,11,VABB,300,3.6,10000,3000,30.0,24.0,,0,0,0,0,0
2024-04-26T19:00:00,19.088686,72.867919,11,VABB,290,4.6,10000,3000,30.0,25.0,,0,0,0,0,0
2024-04-26T19:30:00,19.088686,72.867919,11,VABB,320,3.6,2000,3000,29.0,26.0,,0,1,0,0,0
2024-04-26T20:00:00,19.088686,72.867919,11,VABB,330,3.6,2000,3000,29.0,26.0,,0,1,0,0,0
2024-04-26T20:30:00,19.088686,72.867919,11,VABB,300,4.1,2000,2500,29.0,26.0,,0,1,0,0,0
2024-04-26T21:00:00,19.088686,72.867919,11,VABB,320,1.5,22000,2000,28.8,24.5,1006.3,0,0,0,0,0
2024-04-26T21:00:00,19.088686,72.867919,11,VABB,340,4.1,2000,2500,29.0,26.0,,0,1,0,0,0
2024-04-26T21:30:00,19.088686,72.867919,11,VABB,340,3.6,2000,2500,29.0,25.0,,0,1,0,0,0
2024-04-26T22:00:00,19.088686,72.867919,11,VABB,340,3.6,2000,2500,29.0,24.0,,0,1,0,0,0
2024-04-26T22:30:00,19.088686,72.867919,11,VABB,350,2.1,2000,2500,29.0,24.0,,0,1,0,0,0
2024-04-26T23:00:00,19.088686,72.867919,11,VABB,40,2.6,2000,2500,29.0,23.0,,0,1,0,0,0
2024-04-26T23:30:00,19.088686,72.867919,11,VABB,0,0.0,3048,2500,29.0,23.0,,0,1,0,0,0
2024-04-27T00:00:00,19.088686,72.867919,11,VABB,,0.0,22000,2000,27.8,22.5,1006.5,0,0,0,0,0
2024-04-27T00:00:00,19.088686,72.867919,11,VABB,340,1.5,3048,2500,29.0,23.0,,0,1,0,0,0
2024-04-27T00:30:00,19.088686,72.867919,11,VABB,330,1.5,3048,2500,29.0,23.0,,0,1,0,0,0
2024-04-27T01:00:00,19.088686,72.867919,11,VABB,50,2.1,3048,2500,29.0,23.0,,0,1,0,0,0
2024-04-27T01:30:00,19.088686,72.867919,11,VABB,350,1.5,3048,2500,30.0,23.0,,0,1,0,0,0
2024-04-27T02:00:00,19.088686,72.867919,11,VABB,330,2.1,3048,3000,30.0,23.0,,0,1,0,0,0
2024-04-27T02:30:00,19.088686,72.867919,11,VABB,360,2.6,3048,3000,30.0,23.0,,0,1,0,0,0
2024-04-27T03:00:00,19.088686,72.867919,11,VABB,,0.0,22000,2000,30.2,22.3,1008.6,0,0,0,0,0
2024-04-27T03:00:00,19.088686,72.867919,11,VABB,360,3.6,3048,3000,31.0,22.0,,0,0,0,0,0
2024-04-27T03:30:00,19.088686,72.867919,11,VABB,340,2.6,3048,3000,32.0,21.0,,0,0,0,0,0
2024-04-27T04:00:00,19.088686,72.867919,11,VABB,20,3.1,2000,3000,33.0,20.0,,0,0,0,0,0
2024-04-27T04:30:00,19.088686,72.867919,11,VABB,330,1.5,3048,3000,33.0,21.0,,0,0,0,0,0
2024-04-27T05:00:00,19.088686,72.867919,11,VABB,320,2.6,2000,3000,34.0,21.0,,0,0,0,0,0
2024-04-27T05:30:00,19.088686,72.867919,11,VABB,300,2.1,22000,3500,35.0,21.0,,0,0,0,0,0
2024-04-27T06:00:00,19.088686,72.867919,11,VABB,320,1.5,,2000,35.8,20.7,1008.0,0,0,0,0,0
2024-04-27T06:00:00,19.088686,72.867919,11,VABB,260,2.6,22000,3500,36.0,21.0,,0,0,0,0,0
2024-04-27T06:30:00,19.088686,72.867919,11,VABB,270,5.7,22000,3500,35.0,25.0,,0,0,0,0,0
2024-04-27T07:00:00,19.088686,72.867919,11,VABB,280,6.2,22000,3500,35.0,25.0,,0,0,0,0,0
2024-04-27T07:30:00,19.088686,72.867919,11,VABB,280,5.7,22000,3500,36.0,25.0,,0,0,0,0,0
2024-04-27T08:00:00,19.088686,72.867919,11,VABB,270,6.2,22000,3500,36.0,25.0,,0,0,0,0,0
2024-04-27T08:30:00,19.088686,72.867919,11,VABB,260,6.2,22000,3500,35.0,25.0,,0,0,0,0,0
2024-04-27T09:00:00,19.088686,72.867919,11,VABB,320,2.1,,2000,36.4,24.2,1005.7,0,0,0,0,0
2024-04-27T09:00:00,19.088686,72.867919,11,VABB,290,5.1,22000,3500,36.0,23.0,,0,0,0,0,0
2024-04-27T09:30:00,19.088686,72.867919,11,VABB,280,4.1,22000,3500,36.0,23.0,,0,0,0,0,1
2024-04-27T10:00:00,19.088686,72.867919,11,VABB,310,4.6,22000,3500,35.0,22.0,,0,0,0,0,0
2024-04-27T10:30:00,19.088686,72.867919,11,VABB,300,6.2,22000,3500,35.0,22.0,,0,0,0,0,0
2024-04-27T11:00:00,19.088686,72.867919,11,VABB,310,5.7,22000,3500,35.0,22.0,,0,0,0,0,0
2024-04-27T11:30:00,19.088686,72.867919,11,VABB,310,3.6,22000,4000,35.0,21.0,,0,0,0,0,1
2024-04-27T12:00:00,19.088686,72.867919,11,VABB,320,2.1,,2000,34.6,23.4,1004.4,0,0,0,0,0
2024-04-27T12:00:00,19.088686,72.867919,11,VABB,310,3.6,22000,4000,35.0,21.0,,0,0,0,0,1
2024-04-27T12:30:00,19.088686,72.867919,11,VABB,300,4.6,22000,4000,34.0,21.0,,0,0,0,0,0
2024-04-27T13:00:00,19.088686,72.867919,11,VABB,300,4.6,22000,4000,34.0,22.0,,0,0,0,0,0
2024-04-27T13:30:00,19.088686,72.867919,11,VABB,310,3.1,10000,4000,34.0,21.0,,0,0,0,0,0
2024-04-27T14:00:00,19.088686,72.867919,11,VABB,310,2.6,10000,3000,34.0,21.0,,0,0,0,0,0
2024-04-27T14:30:00,19.088686,72.867919,11,VABB,310,3.1,10000,3000,33.0,21.0,,0,0,0,0,0
2024-04-27T15:00:00,19.088686,72.867919,11,VABB,,0.0,,2000,32.6,23.4,1005.8,0,0,0,0,0
2024-04-27T15:00:00,19.088686,72.867919,11,VABB,320,2.1,10000,3000,34.0,21.0,,0,0,0,0,0
2024-04-27T15:30:00,19.088686,72.867919,11,VABB,220,3.6,22000,3000,34.0,21.0,,0,0,0,0,0
2024-04-27T16:00:00,19.088686,72.867919,11,VABB,80,3.1,22000,3000,33.0,22.0,,0,0,0,0,0
2024-04-27T16:30:00,19.088686,72.867919,11,VABB,360,2.6,22000,3000,33.0,21.0,,0,0,0,0,0
2024-04-27T17:00:00,19.088686,72.867919,11,VABB,330,2.6,22000,3000,33.0,21.0,,0,0,0,0,0
2024-04-27T17:30:00,19.088686,72.867919,11,VABB,340,1.5,22000,3000,33.0,21.0,,0,0,0,0,0
2024-04-27T18:00:00,19.088686,72.867919,11,VABB,,0.0,,2000,30.4,22.2,1007.2,0,0,0,0,0
2024-04-27T18:00:00,19.088686,72.867919,11,VABB,320,1.5,22000,3000,33.0,20.0,,0,0,0,0,0
2024-04-27T18:30:00,19.088686,72.867919,11,VABB,300,4.1,22000,3000,32.0,23.0,,0,0,0,0,0
2024-04-27T19:00:00,19.088686,72.867919,11,VABB,310,3.6,22000,3000,31.0,26.0,,0,1,0,0,0
2024-04-27T19:30:00,19.088686,72.867919,11,VABB,330,3.6,22000,3000,30.0,26.0,,1,0,0,0,0
2024-04-27T20:00:00,19.088686,72.867919,11,VABB,310,3.6,22000,3000,31.0,26.0,,1,0,0,0,0
2024-04-27T20:30:00,19.088686,72.867919,11,VABB,320,3.1,22000,3000,30.0,25.0,,1,0,0,0,0
2024-04-27T21:00:00,19.088686,72.867919,11,VABB,,0.0,,2000,30.2,26.3,1006.2,0,0,0,0,0
2024-04-27T21:00:00,19.088686,72.867919,11,VABB,330,3.6,22000,3000,31.0,24.0,,0,1,0,0,0
2024-04-27T21:30:00,19.088686,72.867919,11,VABB,330,3.6,22000,3000,31.0,24.0,,0,1,0,0,0
2024-04-27T22:00:00,19.088686,72.867919,11,VABB,350,2.1,22000,3000,29.0,22.0,,0,1,0,0,0
2024-04-27T22:30:00,19.088686,72.867919,11,VABB,330,3.6,22000,3000,30.0,23.0,,0,1,0,0,0
2024-04-27T23:00:00,19.088686,72.867919,11,VABB,330,3.6,22000,3000,31.0,23.0,,0,1,0,0,0
2024-04-27T23:30:00,19.088686,72.867919,11,VABB,330,3.1,22000,3000,31.0,22.0,,0,1,0,0,0
2024-04-28T00:00:00,19.088686,72.867919,11,VABB,,0.0,,2000,29.6,23.5,1006.0,0,0,0,0,0
2024-04-28T00:00:00,19.088686,72.867919,11,VABB,360,2.1,22000,3000,31.0,22.0,,0,0,0,0,0
2024-04-28T00:30:00,19.088686,72.867919,11,VABB,360,2.6,22000,3000,31.0,21.0,,0,0,0,0,0
2024-04-28T01:00:00,19.088686,72.867919,11,VABB,20,2.6,22000,3000,31.0,21.0,,0,0,0,0,0
2024-04-28T01:30:00,19.088686,72.867919,11,VABB,50,2.1,22000,3000,31.0,21.0,,0,0,0,0,0
2024-04-28T02:00:00,19.088686,72.867919,11,VABB,360,2.1,22000,3000,31.0,20.0,,0,0,0,0,0
2024-04-28T02:30:00,19.088686,72.867919,11,VABB,350,2.1,22000,3000,32.0,20.0,,0,0,0,0,0
2024-04-28T03:00:00,19.088686,72.867919,11,VABB,,0.0,,2000,31.2,22.8,1007.9,0,0,0,0,0
2024-04-28T03:00:00,19.088686,72.867919,11,VABB,10,2.6,22000,3000,33.0,20.0,,0,0,0,0,0
2024-04-28T03:30:00,19.088686,72.867919,11,VABB,20,3.1,22000,3000,33.0,20.0,,0,0,0,0,0
2024-04-28T04:00:00,19.088686,72.867919,11,VABB,60,2.6,22000,3000,34.0,20.0,,0,0,0,0,0
2024-04-28T04:30:00,19.088686,72.867919,11,VABB,330,3.1,22000,3000,36.0,19.0,,0,0,0,0,0
2024-04-28T05:00:00,19.088686,72.867919,11,VABB,320,2.6,22000,3000,37.0,19.0,,0,0,0,0,0
2024-04-28T05:30:00,19.088686,72.867919,11,VABB,300,3.6,22000,3000,37.0,18.0,,0,0,0,0,0
2024-04-28T06:00:00,19.088686,72.867919,11,VABB,340,1.5,,2000,37.6,22.7,1007.4,0,0,0,0,0
2024-04-28T06:00:00,19.088686,72.867919,11,VABB,340,3.1,22000,3000,38.0,16.0,,0,0,0,0,0
2024-04-28T06:30:00,19.088686,72.867919,11,VABB,290,5.1,22000,3000,38.0,23.0,,0,0,0,0,0
2024-04-28T07:00:00,19.088686,72.867919,11,VABB,290,4.6,22000,3000,38.0,22.0,,0,0,0,0,0
2024-04-28T07:30:00,19.088686,72.867919,11,VABB,290,6.2,22000,3000,38.0,22.0,,0,0,0,0,0
2024-04-28T08:00:00,19.088686,72.867919,11,VABB,330,5.7,22000,3000,38.0,21.0,,0,0,0,0,0
2024-04-28T08:30:00,19.088686,72.867919,11,VABB,320,5.1,22000,3500,38.0,19.0,,0,0,0,0,0
2024-04-28T09:00:00,19.088686,72.867919,11,VABB,320,3.1,,2000,38.0,24.8,1005.0,0,0,0,0,0
2024-04-28T09:00:00,19.088686,72.867919,11,VABB,310,6.7,22000,3500,38.0,18.0,,0,0,0,0,0
2024-04-28T09:30:00,19.088686,72.867919,11,VABB,310,5.1,22000,3500,38.0,19.0,,0,0,0,0,0
2024-04-28T10:00:00,19.088686,72.867919,11,VABB,320,8.8,22000,3500,37.0,19.0,,0,0,0,0,0
2024-04-28T10:30:00,19.088686,72.867919,11,VABB,310,5.7,22000,3500,37.0,20.0,,0,0,0,0,0
2024-04-28T11:00:00,19.088686,72.867919,11,VABB,310,7.2,22000,3500,36.0,19.0,,0,0,0,0,0
2024-04-28T11:30:00,19.088686,72.867919,11,VABB,330,3.6,22000,4000,36.0,19.0,,0,0,0,0,1
2024-04-28T12:00:00,19.088686,72.867919,11,VABB,340,5.1,,2000,35.4,19.8,1004.4,0,0,0,0,0
2024-04-28T12:00:00,19.088686,72.867919,11,VABB,310,3.6,22000,4000,36.0,18.0,,0,0,0,0,1
2024-04-28T12:30:00,19.088686,72.867919,11,VABB,320,5.7,22000,4000,36.0,17.0,,0,0,0,0,0
2024-04-28T13:00:00,19.088686,72.867919,11,VABB,320,4.1,22000,3500,36.0,17.0,,0,0,0,0,0
2024-04-28T13:30:00,19.088686,72.867919,11,VABB,320,5.1,22000,3500,35.0,16.0,,0,0,0,0,0
2024-04-28T14:00:00,19.088686,72.867919,11,VABB,340,5.1,22000,3000,36.0,15.0,,0,0,0,0,0
2024-04-28T14:30:00,19.088686,72.867919,11,VABB,340,3.1,22000,3000,35.0,15.0,,0,0,0,0,0
2024-04-28T15:00:00,19.088686,72.867919,11,VABB,,0.0,,2000,34.0,20.6,1006.3,0,0,0,0,0
2024-04-28T15:00:00,19.088686,72.867919,11,VABB,70,2.1,22000,3000,35.0,16.0,,0,0,0,0,0
2024-04-28T15:30:00,19.088686,72.867919,11,VABB,60,3.1,22000,3000,35.0,16.0,,0,0,0,0,0
2024-04-28T16:00:00,19.088686,72.867919,11,VABB,10,2.1,22000,3000,35.0,15.0,,0,0,0,0,0
2024-04-28T16:30:00,19.088686,72.867919,11,VABB,340,2.6,22000,3000,35.0,15.0,,0,0,0,0,0
2024-04-28T17:00:00,19.088686,72.867919,11,VABB,290,3.6,22000,3000,35.0,13.0,,0,0,0,0,0
2024-04-28T17:30:00,19.088686,72.867919,11,VABB,300,2.6,22000,3000,33.0,20.0,,0,0,0,0,0
2024-04-28T18:00:00,19.088686,72.867919,11,VABB,,0.0,,2000,31.6,22.9,1008.2,0,0,0,0,0
2024-04-28T18:00:00,19.088686,72.867919,11,VABB,220,3.1,22000,3000,33.0,20.0,,0,0,0,0,0
2024-04-28T18:30:00,19.088686,72.867919,11,VABB,320,3.1,22000,3000,32.0,22.0,,0,0,0,0,0
2024-04-28T19:00:00,19.088686,72.867919,11,VABB,330,3.1,22000,3000,32.0,23.0,,0,1,0,0,0
2024-04-28T19:30:00,19.088686,72.867919,11,VABB,350,4.1,22000,3000,31.0,23.0,,0,1,0,0,0
2024-04-28T20:00:00,19.088686,72.867919,11,VABB,330,3.1,22000,3000,31.0,22.0,,0,1,0,0,0
2024-04-28T20:30:00,19.088686,72.867919,11,VABB,340,2.6,22000,3000,31.0,22.0,,0,0,0,0,0
2024-04-28T21:00:00,19.088686,72.867919,11,VABB,,0.0,,2000,30.6,21.7,1007.0,0,0,0,0,0
2024-04-28T21:00:00,19.088686,72.867919,11,VABB,20,3.1,22000,3000,31.0,21.0,,0,0,0,0,0
2024-04-28T21:30:00,19.088686,72.867919,11,VABB,350,1.5,22000,3000,31.0,20.0,,0,0,0,0,0
2024-04-28T22:00:00,19.088686,72.867919,11,VABB,340,1.5,22000,3000,31.0,19.0,,0,0,0,0,0
2024-04-28T22:30:00,19.088686,72.867919,11,VABB,30,2.1,22000,3000,31.0,20.0,,0,0,0,0,0
2024-04-28T23:00:00,19.088686,72.867919,11,VABB,40,4.1,22000,3000,32.0,20.0,,0,0,0,0,0
2024-04-28T23:30:00,19.088686,72.867919,11,VABB,10,2.6,22000,3000,31.0,19.0,,0,0,0,0,0
2024-04-29T00:00:00,19.088686,72.867919,11,VABB,,0.0,22000,2000,28.4,20.9,1007.6,0,0,0,0,0
2024-04-29T00:00:00,19.088686,72.867919,11,VABB,350,2.6,22000,3000,31.0,18.0,,0,0,0,0,0
2024-04-29T00:30:00,19.088686,72.867919,11,VABB,350,2.1,10000,3000,32.0,17.0,,0,0,0,0,0
2024-04-29T01:00:00,19.088686,72.867919,11,VABB,50,2.6,10000,3000,32.0,18.0,,0,0,0,0,0
2024-04-29T01:30:00,19.088686,72.867919,11,VABB,30,3.1,2000,3000,33.0,18.0,,0,0,0,0,0
2024-04-29T02:00:00,19.088686,72.867919,11,VABB,50,2.6,10000,3000,32.0,18.0,,0,0,0,0,0
2024-04-29T02:30:00,19.088686,72.867919,11,VABB,350,2.1,22000,3000,32.0,18.0,,0,0,0,0,0
2024-04-29T03:00:00,19.088686,72.867919,11,VABB,,0.0,,2000,31.4,19.8,1008.9,0,0,0,0,0
2024-04-29T03:00:00,19.088686,72.867919,11,VABB,10,2.6,22000,3000,33.0,17.0,,0,0,0,0,0
2024-04-29T03:30:00,19.088686,72.867919,11,VABB,40,3.6,10000,3000,35.0,17.0,,0,0,0,0,0
2024-04-29T04:00:00,19.088686,72.867919,11,VABB,20,3.6,10000,3000,36.0,13.0,,0,0,0,0,0
2024-04-29T04:30:00,19.088686,72.867919,11,VABB,330,3.6,10000,3500,36.0,13.0,,0,0,0,0,0
2024-04-29T05:00:00,19.088686,72.867919,11,VABB,10,3.6,10000,3500,38.0,13.0,,0,0,0,0,0
2024-04-29T05:30:00,19.088686,72.867919,11,VABB,290,3.1,10000,3500,37.0,14.0,,0,0,0,0,0
2024-04-29T06:00:00,19.088686,72.867919,11,VABB,320,2.1,,2000,37.0,18.9,1009.2,0,0,0,0,0
2024-04-29T06:00:00,19.088686,72.867919,11,VABB,320,4.1,10000,4000,38.0,13.0,,0,0,0,0,0
2024-04-29T06:30:00,19.088686,72.867919,11,VABB,290,4.6,10000,4000,37.0,18.0,,0,0,0,0,0
2024-04-29T07:00:00,19.088686,72.867919,11,VABB,340,6.2,22000,4000,38.0,17.0,,0,0,0,0,0
2024-04-29T07:30:00,19.088686,72.867919,11,VABB,310,5.7,22000,4000,38.0,15.0,,0,0,0,0,0
2024-04-29T08:00:00,19.088686,72.867919,11,VABB,300,6.7,22000,4000,38.0,15.0,,0,0,0,0,0
2024-04-29T08:30:00,19.088686,72.867919,11,VABB,310,4.6,22000,4000,38.0,13.0,,0,0,0,0,1
2024-04-29T09:00:00,19.088686,72.867919,11,VABB,360,3.1,,2000,39.0,13.0,1006.7,0,0,0,0,0
2024-04-29T09:00:00,19.088686,72.867919,11,VABB,300,5.1,22000,4000,38.0,12.0,,0,0,0,0,1
2024-04-29T09:30:00,19.088686,72.867919,11,VABB,320,3.6,22000,4000,38.0,11.0,,0,0,0,0,1
2024-04-29T10:00:00,19.088686,72.867919,11,VABB,280,8.2,22000,4000,38.0,12.0,,0,0,0,0,0
2024-04-29T10:30:00,19.088686,72.867919,11,VABB,290,5.1,22000,4000,38.0,12.0,,0,0,0,0,1
2024-04-29T11:00:00,19.088686,72.867919,11,VABB,320,4.6,22000,4000,39.0,10.0,,0,0,0,0,0
2024-04-29T11:30:00,19.088686,72.867919,11,VABB,320,4.6,22000,4000,38.0,9.0,,0,0,0,0,0
2024-04-29T12:00:00,19.088686,72.867919,11,VABB,360,2.1,,2000,37.0,10.6,1007.5,0,0,0,0,0
2024-04-29T12:00:00,19.088686,72.867919,11,VABB,310,5.7,22000,4000,37.0,9.0,,0,0,0,0,0
2024-04-29T12:30:00,19.088686,72.867919,11,VABB,330,5.1,22000,4000,37.0,7.0,,0,0,0,0,0
2024-04-29T13:00:00,19.088686,72.867919,11,VABB,330,4.1,22000,4000,37.0,6.0,,0,0,0,0,0
2024-04-29T13:30:00,19.088686,72.867919,11,VABB,340,4.1,22000,4000,37.0,6.0,,0,0,0,0,0
2024-04-29T14:00:00,19.088686,72.867919,11,VABB,330,4.1,22000,4000,36.0,6.0,,0,0,0,0,0
2024-04-29T14:30:00,19.088686,72.867919,11,VABB,340,2.1,22000,4000,36.0,6.0,,0,0,0,0,0
2024-04-29T15:00:00,19.088686,72.867919,11,VABB,,0.0,,2000,33.6,14.0,1007.3,0,0,0,0,0
2024-04-29T15:00:00,19.088686,72.867919,11,VABB,290,2.6,22000,3000,35.0,10.0,,0,0,0,0,0
2024-04-29T15:30:00,19.088686,72.867919,11,VABB,260,2.6,22000,3000,33.0,19.0,,0,0,0,0,0
2024-04-29T16:00:00,19.088686,72.867919,11,VABB,250,3.1,22000,3000,33.0,21.0,,0,0,0,0,0
2024-04-29T16:30:00,19.088686,72.867919,11,VABB,290,3.1,22000,3000,33.0,22.0,,0,0,0,0,0
2024-04-29T17:00:00,19.088686,72.867919,11,VABB,300,4.6,22000,3000,32.0,23.0,,0,0,0,0,0
2024-04-29T17:30:00,19.088686,72.867919,11,VABB,300,5.1,22000,3000,31.0,23.0,,0,0,0,0,0
2024-04-29T18:00:00,19.088686,72.867919,11,VABB,,0.0,,2000,30.8,22.6,1008.4,0,0,0,0,0
2024-04-29T18:00:00,19.088686,72.867919,11,VABB,320,3.6,22000,3000,31.0,23.0,,0,0,0,0,0
2024-04-29T18:30:00,19.088686,72.867919,11,VABB,330,2.6,22000,3000,32.0,21.0,,0,0,0,0,0
2024-04-29T19:00:00,19.088686,72.867919,11,VABB,340,3.1,22000,3000,32.0,21.0,,0,0,0,0,0
2024-04-29T19:30:00,19.088686,72.867919,11,VABB,340,3.6,22000,3000,32.0,20.0,,0,0,0,0,0
2024-04-29T20:00:00,19.088686,72.867919,11,VABB,330,3.6,22000,3000,31.0,20.0,,0,0,0,0,0
2024-04-29T20:30:00,19.088686,72.867919,11,VABB,340,3.1,22000,3000,31.0,20.0,,0,0,0,0,0
2024-04-29T21:00:00,19.088686,72.867919,11,VABB,,0.0,,2000,29.6,21.9,1007.2,0,0,0,0,0
2024-04-29T21:00:00,19.088686,72.867919,11,VABB,330,3.6,22000,3000,31.0,21.0,,0,0,0,0,0
2024-04-29T21:30:00,19.088686,72.867919,11,VABB,350,2.6,22000,3000,31.0,22.0,,0,0,0,0,0
2024-04-29T22:00:00,19.088686,72.867919,11,VABB,350,2.6,22000,3000,30.0,22.0,,0,1,0,0,0
2024-04-29T22:30:00,19.088686,72.867919,11,VABB,360,2.1,22000,3000,30.0,22.0,,0,1,0,0,0
2024-04-29T23:00:00,19.088686,72.867919,11,VABB,50,3.1,22000,3000,30.0,22.0,,0,1,0,0,0
2024-04-29T23:30:00,19.088686,72.867919,11,VABB,350,2.6,22000,3000,30.0,22.0,,0,1,0,0,0
2024-04-30T00:00:00,19.088686,72.867919,11,VABB,,0.0,,2000,28.6,23.4,1007.1,0,0,0,0,0
2024-04-30T00:00:00,19.088686,72.867919,11,VABB,20,2.6,22000,3000,30.0,23.0,,0,1,0,0,0
2024-04-30T00:30:00,19.088686,72.867919,11,VABB,360,3.1,22000,3000,30.0,23.0,,0,1,0,0,0
2024-04-30T01:00:00,19.088686,72.867919,11,VABB,10,2.6,22000,2500,30.0,23.0,,0,1,0,0,0
2024-04-30T01:30:00,19.088686,72.867919,11,VABB,30,2.1,10000,2500,31.0,23.0,,0,1,0,0,0
2024-04-30T02:00:00,19.088686,72.867919,11,VABB,360,2.1,10000,2500,31.0,23.0,,0,1,0,0,0
2024-04-30T02:30:00,19.088686,72.867919,11,VABB,50,1.5,22000,3000,31.0,22.0,,0,1,0,0,0
2024-04-30T03:00:00,19.088686,72.867919,11,VABB,,0.0,22000,2000,31.8,23.1,1008.4,0,0,0,0,0
2024-04-30T03:00:00,19.088686,72.867919,11,VABB,60,1.5,22000,3000,32.0,21.0,,0,1,0,0,0
2024-04-30T03:30:00,19.088686,72.867919,11,VABB,0,0.0,22000,3000,33.0,20.0,,0,1,0,0,0
2024-04-30T04:00:00,19.088686,72.867919,11,VABB,0,0.0,22000,3000,34.0,21.0,,0,0,0,0,0
2024-04-30T04:30:00,19.088686,72.867919,11,VABB,0,0.0,22000,3000,36.0,21.0,,0,0,0,0,0
2024-04-30T05:00:00,19.088686,72.867919,11,VABB,0,0.0,22000,3000,36.0,19.0,,0,0,0,0,0
2024-04-30T05:30:00,19.088686,72.867919,11,VABB,330,4.1,22000,3000,37.0,16.0,,0,0,0,0,0
2024-04-30T06:00:00,19.088686,72.867919,11,VABB,320,4.1,,2000,37.4,21.7,1007.5,0,0,0,0,0
2024-04-30T06:00:00,19.088686,72.867919,11,VABB,320,4.1,22000,3000,38.0,16.0,,0,0,0,0,0
2024-04-30T06:30:00,19.088686,72.867919,11,VABB,300,4.6,22000,3500,37.0,21.0,,0,0,0,0,0
2024-04-30T07:00:00,19.088686,72.867919,11,VABB,300,4.6,22000,3500,38.0,22.0,,0,0,0,0,0
2024-04-30T07:30:00,19.088686,72.867919,11,VABB,270,4.1,22000,3500,37.0,22.0,,0,0,0,0,1
2024-04-30T08:00:00,19.088686,72.867919,11,VABB,300,5.1,22000,3500,38.0,20.0,,0,0,0,0,0
2024-04-30T08:30:00,19.088686,72.867919,11,VABB,300,5.7,22000,4000,38.0,19.0,,0,0,0,0,0
2024-04-30T09:00:00,19.088686,72.867919,11,VABB,320,1.5,,2000,37.6,21.2,1005.0,0,0,0,0,0
2024-04-30T09:00:00,19.088686,72.867919,11,VABB,320,4.6,22000,4000,38.0,15.0,,0,0,0,0,0
2024-04-30T09:30:00,19.088686,72.867919,11,VABB,330,6.7,22000,4000,38.0,14.0,,0,0,0,0,0
2024-04-30T10:00:00,19.088686,72.867919,11,VABB,320,5.7,22000,4500,38.0,15.0,,0,0,0,0,0
2024-04-30T10:30:00,19.088686,72.867919,11,VABB,330,4.6,22000,5000,37.0,15.0,,0,0,0,0,1
2024-04-30T11:00:00,19.088686,72.867919,11,VABB,340,5.7,22000,5000,36.0,16.0,,0,0,0,0,0
2024-04-30T11:30:00,19.088686,72.867919,11,VABB,340,5.1,22000,5000,36.0,17.0,,0,0,0,0,0
2024-04-30T12:00:00,19.088686,72.867919,11,VABB,320,2.6,,2000,36.2,20.9,1004.1,0,0,0,0,0
2024-04-30T12:00:00,19.088686,72.867919,11,VABB,300,5.1,22000,5000,36.0,17.0,,0,0,0,0,0
2024-04-30T12:30:00,19.088686,72.867919,11,VABB,300,3.6,22000,4000,35.0,16.0,,0,0,0,0,0
2024-04-30T13:00:00,19.088686,72.867919,11,VABB,290,4.1,22000,4000,34.0,16.0,,0,0,0,0,0
2024-04-30T13:30:00,19.088686,72.867919,11,VABB,300,3.1,22000,3000,33.0,17.0,,0,0,0,0,0
2024-04-30T14:00:00,19.088686,72.867919,11,VABB,290,1.5,22000,3000,33.0,17.0,,0,0,0,0,0
2024-04-30T14:30:00,19.088686,72.867919,11,VABB,300,2.1,22000,3000,33.0,17.0,,0,0,0,0,0
2024-04-30T15:00:00,19.088686,72.867919,11,VABB,,0.0,,2000,32.2,23.2,1005.8,0,0,0,0,0
2024-04-30T15:00:00,19.088686,72.867919,11,VABB,0,0.0,22000,3000,33.0,19.0,,0,0,0,0,0
2024-04-30T15:30:00,19.088686,72.867919,11,VABB,290,3.6,22000,3000,32.0,19.0,,0,0,0,0,0
2024-04-30T16:00:00,19.088686,72.867919,11,VABB,290,4.6,22000,3000,30.0,22.0,,0,0,0,0,0
2024-04-30T16:30:00,19.088686,72.867919,11,VABB,300,3.6,22000,3000,30.0,23.0,,0,1,0,0,0
2024-04-30T17:00:00,19.088686,72.867919,11,VABB,300,5.7,22000,3000,29.0,24.0,,0,1,0,0,0
2024-04-30T17:30:00,19.088686,72.867919,11,VABB,320,3.1,22000,3000,29.0,22.0,,0,1,0,0,0
2024-04-30T18:00:00,19.088686,72.867919,11,VABB,320,2.6,,2000,30.2,22.9,1006.8,0,0,0,0,0
2024-04-30T18:00:00,19.088686,72.867919,11,VABB,310,2.6,22000,3000,30.0,21.0,,0,1,0,0,0
2024-04-30T18:30:00,19.088686,72.867919,11,VABB,300,2.1,22000,3000,30.0,20.0,,0,1,0,0,0
2024-04-30T19:00:00,19.088686,72.867919,11,VABB,280,2.6,22000,3000,30.0,20.0,,0,0,0,0,0
2024-04-30T19:30:00,19.088686,72.867919,11,VABB,310,2.6,22000,3000,30.0,21.0,,0,0,0,0,0
2024-04-30T20:00:00,19.088686,72.867919,11,VABB,290,3.6,22000,3000,30.0,21.0,,0,0,0,0,0
2024-04-30T20:30:00,19.088686,72.867919,11,VABB,300,3.6,22000,3000,30.0,20.0,,0,0,0,0,0
2024-04-30T21:00:00,19.088686,72.867919,11,VABB,,0.0,,2000,29.8,22.1,1005.4,0,0,0,0,0
2024-04-30T21:00:00,19.088686,72.867919,11,VABB,310,1.5,22000,3000,30.0,19.0,,0,0,0,0,0
2024-04-30T21:30:00,19.088686,72.867919,11,VABB,290,3.1,22000,3000,29.0,20.0,,0,0,0,0,0
2024-05-01T21:00:00,19.088686,72.867919,11,VABB,,0.0,22000,2000,27.6,23.8,1005.4,0,0,0,0,0
2024-05-01T22:00:00,19.088686,72.867919,11,VABB,0,0.0,2000,3000,27.0,23.0,,0,1,0,0,0
2024-05-01T22:30:00,19.088686,72.867919,11,VABB,0,0.0,2000,3000,27.0,23.0,,0,1,0,0,0
2024-05-01T23:00:00,19.088686,72.867919,11,VABB,0,0.0,2000,3000,27.0,22.0,,0,1,0,0,0
2024-05-01T23:30:00,19.088686,72.867919,11,VABB,0,0.0,2000,3000,27.0,23.0,,0,1,0,0,0
2024-05-02T00:00:00,19.088686,72.867919,11,VABB,,0.0,22000,2000,27.5,23.9,1005.8,0,0,0,0,0
2024-05-02T00:00:00,19.088686,72.867919,11,VABB,200,1.5,2000,3000,27.0,22.0,,0,1,0,0,0
2024-05-02T00:30:00,19.088686,72.867919,11,VABB,220,1.5,2000,3000,27.0,22.0,,0,1,0,0,0
2024-05-02T01:00:00,19.088686,72.867919,11,VABB,230,1.5,2000,3000,27.0,22.0,,0,1,0,0,0
2024-05-02T01:30:00,19.088686,72.867919,11,VABB,0,0.0,2000,3000,27.0,22.0,,0,1,0,0,0
2024-05-02T02:00:00,19.088686,72.867919,11,VABB,0,0.0,762,3000,28.0,22.0,,0,1,0,0,0
2024-05-02T02:30:00,19.088686,72.867919,11,VABB,0,0.0,762,3000,28.0,22.0,,0,1,0,0,0
2024-05-02T03:00:00,19.088686,72.867919,11,VABB,,0.0,22000,2000,29.6,22.9,1007.7,0,0,0,0,0
2024-05-02T03:00:00,19.088686,72.867919,11,VABB,0,0.0,762,3000,28.0,22.0,,0,1,0,0,0
2024-05-02T03:30:00,19.088686,72.867919,11,VABB,0,0.0,762,3000,29.0,22.0,,0,1,0,0,0
2024-05-02T04:00:00,19.088686,72.867919,11,VABB,200,2.1,762,3500,30.0,22.0,,0,1,0,0,0
2024-05-02T04:30:00,19.088686,72.867919,11,VABB,200,1.5,762,3500,30.0,22.0,,0,1,0,0,0
2024-05-02T05:00:00,19.088686,72.867919,11,VABB,260,2.6,762,3500,31.0,22.0,,0,1,0,0,0
2024-05-02T05:30:00,19.088686,72.867919,11,VABB,240,3.6,2000,3500,31.0,22.0,,0,1,0,0,0
2024-05-02T06:00:00,19.088686,72.867919,11,VABB,320,2.1,22000,2000,32.0,23.3,1007.7,0,0,0,0,0
2024-05-02T06:00:00,19.088686,72.867919,11,VABB,230,5.7,2000,3500,31.0,23.0,,0,1,0,0,0
2024-05-02T06:30:00,19.088686,72.867919,11,VABB,260,4.6,2000,3500,31.0,22.0,,0,1,0,0,0
2024-05-02T07:00:00,19.088686,72.867919,11,VABB,260,5.7,2000,3500,31.0,22.0,,0,0,0,0,0
2024-05-02T07:30:00,19.088686,72.867919,11,VABB,240,3.1,2000,3500,31.0,22.0,,0,0,0,0,0
2024-05-02T08:00:00,19.088686,72.867919,11,VABB,240,4.1,2000,3500,31.0,22.0,,0,0,0,0,0
2024-05-02T08:30:00,19.088686,72.867919,11,VABB,220,4.1,2000,4000,31.0,21.0,,0,0,0,0,0
2024-05-02T09:00:00,19.088686,72.867919,11,VABB,270,2.6,,2000,32.6,22.7,1005.5,0,0,0,0,0
2024-05-02T09:00:00,19.088686,72.867919,11,VABB,230,4.6,22000,4000,32.0,20.0,,0,0,0,0,0
2024-05-02T09:30:00,19.088686,72.867919,11,VABB,230,4.6,22000,4000,31.0,20.0,,0,0,0,0,0
2024-05-02T10:00:00,19.088686,72.867919,11,VABB,260,5.7,22000,4000,31.0,20.0,,0,0,0,0,0
2024-05-02T10:30:00,19.088686,72.867919,11,VABB,270,6.2,22000,4000,32.0,20.0,,0,0,0,0,0
2024-05-02T11:00:00,19.088686,72.867919,11,VABB,270,4.6,22000,4000,32.0,21.0,,0,0,0,0,1
2024-05-02T11:30:00,19.088686,72.867919,11,VABB,260,6.2,22000,4000,31.0,21.0,,0,0,0,0,0
2024-05-02T12:00:00,19.088686,72.867919,11,VABB,270,1.5,,2000,32.0,22.0,1005.0,0,0,0,0,0
2024-05-02T12:00:00,19.088686,72.867919,11,VABB,250,5.7,22000,4000,31.0,21.0,,0,0,0,0,0
2024-05-02T12:30:00,19.088686,72.867919,11,VABB,280,5.7,22000,3500,30.0,21.0,,0,0,0,0,0
2024-05-02T13:00:00,19.088686,72.867919,11,VABB,270,5.1,22000,3500,30.0,22.0,,0,0,0,0,0
2024-05-02T13:30:00,19.088686,72.867919,11,VABB,280,3.6,22000,3500,30.0,22.0,,0,0,0,0,0
2024-05-02T14:00:00,19.088686,72.867919,11,VABB,270,3.6,22000,3500,29.0,22.0,,0,0,0,0,0
2024-05-02T14:30:00,19.088686,72.867919,11,VABB,270,3.6,22000,3000,29.0,22.0,,0,1,0,0,0
2024-05-02T15:00:00,19.088686,72.867919,11,VABB,,0.0,,2000,29.0,23.2,1006.4,0,0,0,0,0
2024-05-02T15:00:00,19.088686,72.867919,11,VABB,290,2.1,22000,3000,29.0,23.0,,0,1,0,0,0
2024-05-02T15:30:00,19.088686,72.867919,11,VABB,260,2.6,22000,3000,29.0,23.0,,0,1,0,0,0
2024-05-02T16:00:00,19.088686,72.867919,11,VABB,230,2.6,22000,3000,28.0,22.0,,0,1,0,0,0
2024-05-02T16:30:00,19.088686,72.867919,11,VABB,210,1.5,22000,3000,28.0,22.0,,0,1,0,0,0
2024-05-02T17:00:00,19.088686,72.867919,11,VABB,230,2.1,22000,3000,28.0,22.0,,0,1,0,0,0
2024-05-02T17:30:00,19.088686,72.867919,11,VABB,200,2.1,22000,3000,28.0,22.0,,0,1,0,0,0
2024-05-02T18:00:00,19.088686,72.867919,11,VABB,,0.0,,2000,26.6,21.8,1007.4,0,0,0,0,0
2024-05-02T18:00:00,19.088686,72.867919,11,VABB,250,2.6,22000,3000,28.0,22.0,,0,1,0,0,0
2024-05-02T18:30:00,19.088686,72.867919,11,VABB,260,3.1,22000,3000,28.0,22.0,,0,1,0,0,0
2024-05-02T19:00:00,19.088686,72.867919,11,VABB,270,3.6,22000,3000,28.0,23.0,,0,1,0,0,0
2024-05-02T19:30:00,19.088686,72.867919,11,VABB,310,2.6,22000,3000,28.0,24.0,,1,0,0,0,0
2024-05-02T21:00:00,19.088686,72.867919,11,VABB,,0.0,22000,2000,27.0,22.9,1006.2,0,0,0,0,0
2024-05-03T00:00:00,19.088686,72.867919,11,VABB,,0.0,22000,2000,25.2,22.2,1007.1,0,0,0,0,0
2024-05-03T03:00:00,19.088686,72.867919,11,VABB,,0.0,,2000,28.2,22.6,1009.5,0,0,0,0,0
2024-05-03T04:30:00,19.088686,72.867919,11,VABB,240,4.1,22000,3000,31.0,22.0,,0,1,0,0,0
2024-05-03T05:00:00,19.088686,72.867919,11,VABB,280,3.6,22000,3500,31.0,23.0,,0,1,0,0,0
2024-05-03T05:30:00,19.088686,72.867919,11,VABB,250,3.6,22000,3500,31.0,23.0,,0,1,0,0,0
2024-05-03T06:00:00,19.088686,72.867919,11,VABB,320,1.5,,2000,31.8,23.8,1009.0,0,0,0,0,0
2024-05-03T06:00:00,19.088686,72.867919,11,VABB,270,4.6,22000,3500,31.0,23.0,,0,1,0,0,0
2024-05-03T06:30:00,19.088686,72.867919,11,VABB,240,4.6,22000,4000,31.0,23.0,,0,1,0,0,0
2024-05-03T07:00:00,19.088686,72.867919,11,VABB,260,4.1,22000,4000,31.0,23.0,,0,1,0,0,0
2024-05-03T07:30:00,19.088686,72.867919,11,VABB,280,3.6,22000,4000,32.0,24.0,,0,1,0,0,0
2024-05-03T09:00:00,19.088686,72.867919,11,VABB,270,1.5,,2000,32.2,23.9,1006.2,0,0,0,0,0
2024-05-03T09:30:00,19.088686,72.867919,11,VABB,260,5.7,22000,5000,31.0,24.0,,0,1,0,0,0
2024-05-03T10:00:00,19.088686,72.867919,11,VABB,280,6.2,22000,5000,31.0,24.0,,0,1,0,0,0
2024-05-03T10:30:00,19.088686,72.867919,11,VABB,270,3.6,22000,5000,31.0,24.0,,0,1,0,0,1
2024-05-03T11:00:00,19.088686,72.867919,11,VABB,270,4.1,22000,5000,31.0,24.0,,0,1,0,0,1
2024-05-03T11:30:00,19.088686,72.867919,11,VABB,270,5.7,22000,5000,31.0,24.0,,0,1,0,0,0
2024-05-03T12:00:00,19.088686,72.867919,11,VABB,320,2.1,,2000,31.6,23.2,1005.3,0,0,0,0,0
2024-05-03T12:00:00,19.088686,72.867919,11,VABB,280,5.1,22000,5000,31.0,24.0,,0,1,0,0,0
2024-05-03T12:30:00,19.088686,72.867919,11,VABB,290,5.7,22000,5000,31.0,24.0,,0,1,0,0,0
2024-05-03T13:00:00,19.088686,72.867919,11,VABB,260,5.7,22000,4000,30.0,24.0,,0,1,0,0,0
2024-05-03T13:30:00,19.088686,72.867919,11,VABB,280,5.1,22000,4000,30.0,24.0,,0,1,0,0,0
2024-05-03T14:00:00,19.088686,72.867919,11,VABB,300,4.6,22000,3000,30.0,24.0,,0,1,0,0,0
2024-05-03T14:30:00,19.088686,72.867919,11,VABB,310,3.6,22000,3000,29.0,24.0,,0,1,0,0,0
2024-05-03T15:00:00,19.088686,72.867919,11,VABB,,0.0,,2000,29.2,23.4,1006.9,0,0,0,0,0
2024-05-03T15:00:00,19.088686,72.867919,11,VABB,310,3.1,22000,3000,29.0,24.0,,0,1,0,0,0
2024-05-03T15:30:00,19.088686,72.867919,11,VABB,280,2.1,22000,3000,29.0,24.0,,0,1,0,0,0
2024-05-03T16:00:00,19.088686,72.867919,11,VABB,300,1.5,22000,3000,29.0,24.0,,0,1,0,0,0
2024-05-03T16:30:00,19.088686,72.867919,11,VABB,300,2.6,22000,3000,29.0,24.0,,0,1,0,0,0
2024-05-03T17:00:00,19.088686,72.867919,11,VABB,290,3.1,22000,3000,29.0,24.0,,0,1,0,0,0
2024-05-03T17:30:00,19.088686,72.867919,11,VABB,320,2.1,22000,3000,29.0,24.0,,0,1,0,0,0
2024-05-03T18:00:00,19.088686,72.867919,11,VABB,,0.0,,2000,28.6,24.9,1008.7,0,0,0,0,0
2024-05-03T18:00:00,19.088686,72.867919,11,VABB,230,3.1,22000,3000,29.0,25.0,,0,1,0,0,0
2024-05-03T18:30:00,19.088686,72.867919,11,VABB,220,3.1,22000,3000,29.0,25.0,,0,1,0,0,0
2024-05-03T19:00:00,19.088686,72.867919,11,VABB,240,3.1,22000,3000,29.0,25.0,,0,1,0,0,0
2024-05-03T19:30:00,19.088686,72.867919,11,VABB,240,2.6,22000,3000,28.0,25.0,,0,1,0,0,0
2024-05-03T20:00:00,19.088686,72.867919,11,VABB,260,2.1,22000,3000,28.0,25.0,,0,1,0,0,0
2024-05-03T20:30:00,19.088686,72.867919,11,VABB,240,3.1,22000,2500,29.0,25.0,,0,1,0,0,0
2024-05-03T21:00:00,19.088686,72.867919,11,VABB,,0.0,22000,2000,27.8,24.3,1007.6,0,0,0,0,0
2024-05-03T21:00:00,19.088686,72.867919,11,VABB,240,3.1,22000,2500,28.0,25.0,,0,1,0,0,0
2024-05-03T21:30:00,19.088686,72.867919,11,VABB,220,2.1,22000,2500,28.0,25.0,,0,1,0,0,0
2024-05-04T00:00:00,19.088686,72.867919,11,VABB,,0.0,22000,2000,26.6,23.7,1008.4,0,0,0,0,0
2024-05-04T03:00:00,19.088686,72.867919,11,VABB,,0.0,22000,2000,29.0,24.4,1010.2,0,0,0,0,0
2024-05-04T06:00:00,19.088686,72.867919,11,VABB,320,1.5,,2000,33.2,24.7,1010.3,0,0,0,0,0
2024-05-04T09:00:00,19.088686,72.867919,11,VABB,270,2.1,22000,2000,33.0,25.1,1007.4,0,0,0,0,0
2024-05-04T09:00:00,19.088686,72.867919,11,VABB,280,5.1,2000,4000,32.0,26.0,,0,1,0,0,0
2024-05-04T09:30:00,19.088686,72.867919,11,VABB,270,6.2,2000,4000,32.0,26.0,,0,1,0,0,0
2024-05-04T10:00:00,19.088686,72.867919,11,VABB,260,6.2,2000,4000,32.0,26.0,,0,1,0,0,0
2024-05-04T10:30:00,19.088686,72.867919,11,VABB,280,5.7,2000,4000,32.0,26.0,,0,1,0,0,0
2024-05-04T11:00:00,19.088686,72.867919,11,VABB,270,3.6,2000,4000,32.0,26.0,,0,1,0,0,1
2024-05-04T11:30:00,19.088686,72.867919,11,VABB,270,5.7,2000,4000,32.0,26.0,,0,1,0,0,0
2024-05-04T12:00:00,19.088686,72.867919,11,VABB,270,3.1,22000,2000,32.0,25.2,1006.2,0,0,0,0,0
2024-05-04T12:00:00,19.088686,72.867919,11,VABB,290,5.7,2000,4000,31.0,26.0,,0,1,0,0,0
2024-05-04T12:30:00,19.088686,72.867919,11,VABB,290,5.7,2000,3500,31.0,26.0,,0,1,0,0,0
2024-05-04T13:00:00,19.088686,72.867919,11,VABB,270,5.7,2000,3500,30.0,27.0,,0,1,0,0,0
2024-05-04T13:30:00,19.088686,72.867919,11,VABB,280,4.6,2000,3500,30.0,27.0,,1,0,0,0,0
2024-05-04T14:00:00,19.088686,72.867919,11,VABB,290,5.1,2000,3500,30.0,27.0,,1,0,0,0,0
2024-05-04T14:30:00,19.088686,72.867919,11,VABB,280,5.1,2000,3000,30.0,27.0,,1,0,0,0,0
2024-05-04T15:00:00,19.088686,72.867919,11,VABB,320,2.6,,2000,29.6,25.7,1007.9,0,0,0,0,0
2024-05-04T15:00:00,19.088686,72.867919,11,VABB,300,3.6,2000,3000,30.0,27.0,,1,0,0,0,0
2024-05-04T15:30:00,19.088686,72.867919,11,VABB,280,5.1,2000,3000,30.0,27.0,,1,0,0,0,0
2024-05-04T16:00:00,19.088686,72.867919,11,VABB,280,4.6,2000,3000,30.0,27.0,,1,0,0,0,0
2024-05-04T16:30:00,19.088686,72.867919,11,VABB,290,4.6,2000,3000,30.0,27.0,,1,0,0,0,0
2024-05-04T17:00:00,19.088686,72.867919,11,VABB,290,2.6,2000,3000,29.0,26.0,,1,0,0,0,0
2024-05-04T17:30:00,19.088686,72.867919,11,VABB,280,2.1,2000,3000,30.0,26.0,,1,0,0,0,0
2024-05-04T18:00:00,19.088686,72.867919,11,VABB,,0.0,,2000,29.0,24.9,1008.1,0,0,0,0,0
2024-05-04T18:00:00,19.088686,72.867919,11,VABB,310,2.1,2000,3000,30.0,25.0,,1,0,0,0,0
2024-05-04T18:30:00,19.088686,72.867919,11,VABB,320,2.1,2000,3000,30.0,25.0,,0,1,0,0,0
2024-05-04T19:00:00,19.088686,72.867919,11,VABB,330,2.6,22000,3000,30.0,26.0,,0,1,0,0,0
2024-05-04T19:30:00,19.088686,72.867919,11,VABB,350,1.5,22000,3000,29.0,26.0,,0,1,0,0,0
2024-05-04T20:00:00,19.088686,72.867919,11,VABB,30,2.1,22000,3000,29.0,26.0,,0,1,0,0,0
2024-05-04T20:30:00,19.088686,72.867919,11,VABB,270,1.5,22000,3000,29.0,26.0,,1,0,0,0,0
2024-05-04T21:00:00,19.088686,72.867919,11,VABB,,0.0,,2000,28.0,24.6,1005.7,0,0,0,0,0
2024-05-04T21:00:00,19.088686,72.867919,11,VABB,90,2.1,22000,3000,29.0,26.0,,1,0,0,0,0
2024-05-04T21:30:00,19.088686,72.867919,11,VABB,0,0.0,22000,3000,29.0,26.0,,1,0,0,0,0
2024-05-04T22:00:00,19.088686,72.867919,11,VABB,0,0.0,22000,3000,29.0,26.0,,1,0,0,0,0
2024-05-04T22:30:00,19.088686,72.867919,11,VABB,0,0.0,22000,3000,29.0,26.0,,1,0,0,0,0
2024-05-04T23:00:00,19.088686,72.867919,11,VABB,20,1.5,22000,3000,29.0,26.0,,1,0,0,0,0
2024-05-04T23:30:00,19.088686,72.867919,11,VABB,0,0.0,22000,3000,29.0,25.0,,1,0,0,0,0
2024-05-05T00:00:00,19.088686,72.867919,11,VABB,,0.0,22000,2000,28.0,24.9,1005.9,0,0,0,0,0
2024-05-05T00:00:00,19.088686,72.867919,11,VABB,330,1.5,2000,3000,29.0,26.0,,1,0,0,0,0
2024-05-05T00:30:00,19.088686,72.867919,11,VABB,0,0.0,2000,3000,29.0,26.0,,1,0,0,0,0
2024-05-05T01:00:00,19.088686,72.867919,11,VABB,230,2.1,2000,3000,29.0,26.0,,1,0,0,0,0
2024-05-05T01:30:00,19.088686,72.867919,11,VABB,210,2.1,2000,3000,29.0,26.0,,1,0,0,0,0
2024-05-05T02:00:00,19.088686,72.867919,11,VABB,200,2.1,2000,3000,29.0,26.0,,1,0,0,0,0
2024-05-05T02:30:00,19.088686,72.867919,11,VABB,260,2.6,2000,3000,30.0,26.0,,1,0,0,0,0
2024-05-05T03:00:00,19.088686,72.867919,11,VABB,,0.0,,2000,30.4,25.6,1007.8,0,0,0,0,0
2024-05-05T03:00:00,19.088686,72.867919,11,VABB,330,2.1,2000,3000,30.0,26.0,,1,0,0,0,0
2024-05-05T03:30:00,19.088686,72.867919,11,VABB,270,2.6,762,3000,31.0,26.0,,1,0,0,0,0
2024-05-05T04:00:00,19.088686,72.867919,11,VABB,310,1.5,762,3000,31.0,26.0,,0,1,0,0,0
2024-05-05T04:30:00,19.088686,72.867919,11,VABB,230,3.6,2000,3000,32.0,27.0,,0,1,0,0,0
2024-05-05T05:00:00,19.088686,72.867919,11,VABB,290,3.1,2000,3000,32.0,26.0,,0,1,0,0,0
2024-05-05T05:30:00,19.088686,72.867919,11,VABB,260,4.6,2000,3000,32.0,27.0,,0,1,0,0,0
2024-05-05T06:00:00,19.088686,72.867919,11,VABB,320,1.5,22000,2000,33.4,25.9,1007.8,0,0,0,0,0
2024-05-05T06:00:00,19.088686,72.867919,11,VABB,260,5.1,2000,3500,32.0,27.0,,0,1,0,0,0
2024-05-05T06:30:00,19.088686,72.867919,11,VABB,250,5.7,2000,3500,32.0,27.0,,0,1,0,0,0
2024-05-05T07:00:00,19.088686,72.867919,11,VABB,270,5.7,2000,3500,32.0,27.0,,0,1,0,0,0
2024-05-05T07:30:00,19.088686,72.867919,11,VABB,250,5.1,2000,4000,33.0,27.0,,0,1,0,0,0
2024-05-05T08:00:00,19.088686,72.867919,11,VABB,250,5.1,22000,4000,33.0,27.0,,0,1,0,0,0
2024-05-05T08:30:00,19.088686,72.867919,11,VABB,270,5.1,22000,4000,33.0,26.0,,0,1,0,0,0
2024-05-05T09:00:00,19.088686,72.867919,11,VABB,320,1.5,,2000,34.2,26.1,1005.9,0,0,0,0,0
2024-05-05T09:00:00,19.088686,72.867919,11,VABB,260,6.7,2500,4000,33.0,27.0,,0,1,0,0,0
2024-05-05T09:30:00,19.088686,72.867919,11,VABB,270,4.1,2500,5000,34.0,27.0,,0,1,0,0,1
2024-05-05T10:00:00,19.088686,72.867919,11,VABB,270,4.1,2500,5000,34.0,27.0,,0,1,0,0,1
2024-05-05T10:30:00,19.088686,72.867919,11,VABB,260,7.2,2500,5000,33.0,26.0,,0,1,0,0,0
2024-05-05T11:00:00,19.088686,72.867919,11,VABB,290,5.7,2500,5000,34.0,24.0,,0,1,0,0,0
2024-05-05T11:30:00,19.088686,72.867919,11,VABB,280,5.7,2500,5000,33.0,24.0,,0,1,0,0,0
2024-05-05T12:00:00,19.088686,72.867919,11,VABB,320,1.5,,2000,34.0,23.4,1005.0,0,0,0,0,0
2024-05-05T12:00:00,19.088686,72.867919,11,VABB,310,4.6,22000,5000,33.0,23.0,,0,0,0,0,0
2024-05-05T12:30:00,19.088686,72.867919,11,VABB,290,4.6,22000,4000,32.0,24.0,,0,0,0,0,0
2024-05-05T13:00:00,19.088686,72.867919,11,VABB,290,4.1,22000,4000,32.0,24.0,,0,1,0,0,0
2024-05-05T13:30:00,19.088686,72.867919,11,VABB,300,3.6,22000,4000,31.0,24.0,,0,1,0,0,0
2024-05-05T14:00:00,19.088686,72.867919,11,VABB,280,5.1,22000,4000,31.0,25.0,,0,1,0,0,0
2024-05-05T14:30:00,19.088686,72.867919,11,VABB,310,3.1,22000,3000,31.0,25.0,,0,1,0,0,0
2024-05-05T15:00:00,19.088686,72.867919,11,VABB,,0.0,,2000,30.0,23.7,1006.5,0,0,0,0,0
2024-05-05T15:00:00,19.088686,72.867919,11,VABB,300,4.1,22000,3000,31.0,24.0,,0,1,0,0,0
2024-05-05T15:30:00,19.088686,72.867919,11,VABB,310,3.1,22000,3000,30.0,25.0,,0,1,0,0,0
2024-05-05T16:00:00,19.088686,72.867919,11,VABB,300,3.1,22000,3000,30.0,24.0,,0,1,0,0,0
2024-05-05T16:30:00,19.088686,72.867919,11,VABB,290,3.6,22000,3000,31.0,25.0,,0,1,0,0,0
2024-05-05T17:00:00,19.088686,72.867919,11,VABB,290,3.1,22000,3000,30.0,25.0,,0,1,0,0,0
2024-05-05T17:30:00,19.088686,72.867919,11,VABB,300,3.1,22000,3000,30.0,25.0,,0,1,0,0,0
2024-05-05T18:00:00,19.088686,72.867919,11,VABB,,0.0,,2000,29.2,25.2,1007.6,0,0,0,0,0
2024-05-05T18:00:00,19.088686,72.867919,11,VABB,280,5.1,22000,3000,30.0,26.0,,0,1,0,0,0
2024-05-05T18:30:00,19.088686,72.867919,11,VABB,280,3.6,22000,3000,30.0,26.0,,0,1,0,0,0
2024-05-05T19:00:00,19.088686,72.867919,11,VABB,320,3.1,22000,3000,30.0,27.0,,0,1,0,0,0
2024-05-05T19:30:00,19.088686,72.867919,11,VABB,290,3.1,2000,3000,29.0,27.0,,1,0,0,0,0
2024-05-05T20:00:00,19.088686,72.867919,11,VABB,310,3.6,2000,2500,29.0,26.0,,1,0,0,0,0
2024-05-05T20:30:00,19.088686,72.867919,11,VABB,310,3.6,2000,2500,29.0,26.0,,1,0,0,0,0
2024-05-05T21:00:00,19.088686,72.867919,11,VABB,,0.0,22000,2000,28.6,25.8,1006.6,0,0,0,0,0
2024-05-05T21:00:00,19.088686,72.867919,11,VABB,320,2.1,2000,2500,29.0,27.0,,1,0,0,0,0
2024-05-05T21:30:00,19.088686,72.867919,11,VABB,340,3.1,2000,2500,29.0,26.0,,1,0,0,0,0
2024-05-05T22:00:00,19.088686,72.867919,11,VABB,330,2.1,2000,2500,29.0,26.0,,1,0,0,0,0
2024-05-05T22:30:00,19.088686,72.867919,11,VABB,340,2.6,2000,2500,29.0,26.0,,1,0,0,0,0
2024-05-05T22:58:00,19.088686,72.867919,11,VABB,330,2.6,2000,2500,29.0,26.0,,1,0,0,0,0
2024-05-05T23:00:00,19.088686,72.867919,11,VABB,330,2.6,2000,2500,29.0,26.0,,1,0,0,0,0
2024-05-05T23:30:00,19.088686,72.867919,11,VABB,310,3.1,2000,2500,29.0,26.0,,1,0,0,0,0
2024-05-06T00:00:00,19.088686,72.867919,11,VABB,,0.0,22000,2000,28.2,25.7,1006.7,0,0,0,0,0
2024-05-06T00:30:00,19.088686,72.867919,11,VABB,320,2.1,2000,2500,29.0,26.0,,1,0,0,0,0
2024-05-06T01:00:00,19.088686,72.867919,11,VABB,20,2.1,2000,2500,29.0,26.0,,1,0,0,0,0
2024-05-06T01:30:00,19.088686,72.867919,11,VABB,330,2.1,2000,2500,30.0,26.0,,1,0,0,0,0
2024-05-06T02:00:00,19.088686,72.867919,11,VABB,300,3.1,2000,3000,30.0,26.0,,1,0,0,0,0
2024-05-06T02:30:00,19.088686,72.867919,11,VABB,320,3.1,2000,3000,30.0,25.0,,1,0,0,0,0
2024-05-06T03:00:00,19.088686,72.867919,11,VABB,,0.0,,2000,30.0,24.6,1008.5,0,0,0,0,0
2024-05-06T03:00:00,19.088686,72.867919,11,VABB,280,2.6,2000,3000,31.0,26.0,,1,0,0,0,0
2024-05-06T03:30:00,19.088686,72.867919,11,VABB,290,3.1,2000,3000,31.0,25.0,,0,1,0,0,0
2024-05-06T04:00:00,19.088686,72.867919,11,VABB,260,5.1,2000,3000,32.0,25.0,,0,1,0,0,0
2024-05-06T04:30:00,19.088686,72.867919,11,VABB,260,5.7,2000,3000,31.0,26.0,,0,1,0,0,0
2024-05-06T05:00:00,19.088686,72.867919,11,VABB,260,5.1,2000,3000,31.0,25.0,,0,1,0,0,0
2024-05-06T05:30:00,19.088686,72.867919,11,VABB,280,6.7,2000,3500,31.0,26.0,,0,1,0,0,0
2024-05-06T06:00:00,19.088686,72.867919,11,VABB,320,1.5,22000,2000,32.2,24.5,1009.2,0,0,0,0,0
2024-05-06T06:00:00,19.088686,72.867919,11,VABB,260,3.6,2000,4000,32.0,25.0,,0,1,0,0,1
2024-05-06T06:30:00,19.088686,72.867919,11,VABB,250,3.6,2000,4000,32.0,25.0,,0,1,0,0,1
2024-05-06T07:00:00,19.088686,72.867919,11,VABB,260,3.6,2000,4000,31.0,25.0,,0,1,0,0,1
2024-05-06T07:30:00,19.088686,72.867919,11,VABB,260,6.7,2000,4000,32.0,25.0,,0,1,0,0,0
2024-05-06T08:00:00,19.088686,72.867919,11,VABB,270,4.1,2000,4000,32.0,25.0,,0,1,0,0,1
2024-05-06T08:30:00,19.088686,72.867919,11,VABB,240,3.6,2000,4000,31.0,24.0,,0,1,0,0,0
2024-05-06T09:00:00,19.088686,72.867919,11,VABB,270,2.1,22000,2000,32.6,24.7,1007.5,0,0,0,0,0
2024-05-06T09:00:00,19.088686,72.867919,11,VABB,250,3.6,2000,4000,31.0,23.0,,0,1,0,0,1
2024-05-06T09:30:00,19.088686,72.867919,11,VABB,250,5.1,2000,4000,31.0,24.0,,0,1,0,0,0
2024-05-06T10:30:00,19.088686,72.867919,11,VABB,270,6.2,2000,5000,32.0,25.0,,0,1,0,0,0
2024-05-06T11:00:00,19.088686,72.867919,11,VABB,280,3.6,2000,5000,32.0,25.0,,0,1,0,0,1
2024-05-06T11:30:00,19.088686,72.867919,11,VABB,310,3.6,2000,5000,33.0,24.0,,0,1,0,0,0
2024-05-06T12:00:00,19.088686,72.867919,11,VABB,180,2.1,,2000,32.4,24.1,1006.2,0,0,0,0,0
2024-05-06T12:00:00,19.088686,72.867919,11,VABB,300,4.1,2000,5000,31.0,24.0,,0,1,0,0,0
2024-05-06T12:30:00,19.088686,72.867919,11,VABB,300,2.6,22000,5000,31.0,24.0,,0,1,0,0,0
2024-05-06T13:00:00,19.088686,72.867919,11,VABB,270,3.1,22000,5000,31.0,24.0,,0,1,0,0,0
2024-05-06T13:30:00,19.088686,72.867919,11,VABB,260,5.1,10000,4000,30.0,25.0,,0,1,0,0,0
2024-05-06T14:00:00,19.088686,72.867919,11,VABB,270,4.1,10000,4000,30.0,25.0,,0,1,0,0,0
2024-05-06T14:30:00,19.088686,72.867919,11,VABB,280,4.1,22000,4000,30.0,25.0,,0,1,0,0,0
2024-05-06T15:00:00,19.088686,72.867919,11,VABB,270,2.1,,2000,29.4,24.5,1007.4,0,0,0,0,0
2024-05-06T15:00:00,19.088686,72.867919,11,VABB,270,4.1,22000,4000,30.0,25.0,,0,1,0,0,0
2024-05-06T15:30:00,19.088686,72.867919,11,VABB,300,3.6,2000,4000,30.0,26.0,,0,1,0,0,0
2024-05-06T16:00:00,19.088686,72.867919,11,VABB,270,4.6,2000,3500,29.0,26.0,,0,1,0,0,0
2024-05-06T16:30:00,19.088686,72.867919,11,VABB,260,4.1,2000,3500,29.0,26.0,,0,1,0,0,0
2024-05-06T17:00:00,19.088686,72.867919,11,VABB,290,3.1,610,3000,30.0,27.0,,0,1,0,0,0
2024-05-06T17:30:00,19.088686,72.867919,11,VABB,270,4.1,2000,3000,29.0,26.0,,0,1,0,0,0
2024-05-06T18:00:00,19.088686,72.867919,11,VABB,,0.0,,2000,29.2,24.6,1008.5,0,0,0,0,0
2024-05-06T18:00:00,19.088686,72.867919,11,VABB,260,3.6,2000,3000,29.0,26.0,,0,1,0,0,0
2024-05-06T18:30:00,19.088686,72.867919,11,VABB,260,3.6,2000,3000,29.0,26.0,,0,1,0,0,0
2024-05-06T19:00:00,19.088686,72.867919,11,VABB,290,3.1,2000,3000,29.0,26.0,,0,1,0,0,0
2024-05-06T19:30:00,19.088686,72.867919,11,VABB,270,4.1,2000,3000,29.0,26.0,,0,1,0,0,0
2024-05-06T20:00:00,19.088686,72.867919,11,VABB,240,2.6,2000,3000,29.0,26.0,,0,1,0,0,0
2024-05-06T20:30:00,19.088686,72.867919,11,VABB,230,3.6,2000,3000,29.0,26.0,,0,1,0,0,0
2024-05-06T21:00:00,19.088686,72.867919,11,VABB,,0.0,22000,2000,28.2,24.8,1007.2,0,0,0,0,0
2024-05-06T21:00:00,19.088686,72.867919,11,VABB,240,2.6,2000,3000,29.0,26.0,,0,1,0,0,0
2024-05-06T21:30:00,19.088686,72.867919,11,VABB,260,2.6,2000,3000,29.0,26.0,,0,1,0,0,0
2024-05-06T22:00:00,19.088686,72.867919,11,VABB,280,2.6,2000,3000,29.0,25.0,,0,1,0,0,0
2024-05-06T22:30:00,19.088686,72.867919,11,VABB,260,2.6,2000,3000,28.0,26.0,,0,1,0,0,0
2024-05-06T23:00:00,19.088686,72.867919,11,VABB,270,2.1,2000,3000,29.0,26.0,,0,1,0,0,0
2024-05-06T23:30:00,19.088686,72.867919,11,VABB,0,0.0,2000,3000,29.0,25.0,,0,1,0,0,0
2024-05-07T00:00:00,19.088686,72.867919,11,VABB,,0.0,22000,2000,28.0,24.3,1007.3,0,0,0,0,0
2024-05-07T00:00:00,19.088686,72.867919,11,VABB,260,2.1,2000,3000,29.0,25.0,,0,1,0,0,0
2024-05-07T00:30:00,19.088686,72.867919,11,VABB,0,0.0,2000,3000,29.0,25.0,,0,1,0,0,0
2024-05-07T01:00:00,19.088686,72.867919,11,VABB,300,2.1,2000,3000,29.0,25.0,,0,1,0,0,0
2024-05-07T01:30:00,19.088686,72.867919,11,VABB,290,2.1,2000,3000,29.0,25.0,,0,1,0,0,0
2024-05-07T02:00:00,19.088686,72.867919,11,VABB,270,2.1,2000,3000,29.0,25.0,,0,1,0,0,0
2024-05-07T02:30:00,19.088686,72.867919,11,VABB,0,0.0,2000,3500,30.0,25.0,,0,1,0,0,0
2024-05-07T03:00:00,19.088686,72.867919,11,VABB,,0.0,750,2000,29.8,23.4,1009.3,0,0,0,0,0
2024-05-07T03:00:00,19.088686,72.867919,11,VABB,310,2.6,2000,4000,31.0,24.0,,0,1,0,0,0
2024-05-07T03:30:00,19.088686,72.867919,11,VABB,320,1.5,2000,4000,31.0,23.0,,0,1,0,0,0
2024-05-07T04:00:00,19.088686,72.867919,11,VABB,250,4.1,2000,4000,32.0,24.0,,0,1,0,0,0
2024-05-07T04:30:00,19.088686,72.867919,11,VABB,270,3.1,2000,4000,32.0,24.0,,0,1,0,0,0
2024-05-07T05:00:00,19.088686,72.867919,11,VABB,250,5.1,2000,4000,32.0,25.0,,0,1,0,0,0
2024-05-07T05:30:00,19.088686,72.867919,11,VABB,260,4.6,2000,4000,32.0,25.0,,0,1,0,0,0
2024-05-07T06:00:00,19.088686,72.867919,11,VABB,320,2.1,22000,2000,32.8,24.6,1009.4,0,0,0,0,0
2024-05-07T06:00:00,19.088686,72.867919,11,VABB,270,3.6,2000,4000,32.0,25.0,,0,1,0,0,0
2024-05-07T06:30:00,19.088686,72.867919,11,VABB,250,6.2,2000,4000,32.0,25.0,,0,1,0,0,0
2024-05-07T07:00:00,19.088686,72.867919,11,VABB,250,5.7,2000,4000,32.0,25.0,,0,1,0,0,0
2024-05-07T07:30:00,19.088686,72.867919,11,VABB,250,4.6,2000,4000,32.0,25.0,,0,1,0,0,0
2024-05-07T08:00:00,19.088686,72.867919,11,VABB,260,6.2,2000,4000,33.0,25.0,,0,1,0,0,0
2024-05-07T08:30:00,19.088686,72.867919,11,VABB,260,6.7,2000,4000,32.0,24.0,,0,1,0,0,0
2024-05-07T09:00:00,19.088686,72.867919,11,VABB,320,2.1,,2000,33.4,23.7,1007.7,0,0,0,0,0
2024-05-07T09:00:00,19.088686,72.867919,11,VABB,260,3.6,22000,5000,32.0,24.0,,0,1,0,0,1
2024-05-07T09:30:00,19.088686,72.867919,11,VABB,260,4.1,22000,5000,32.0,25.0,,0,1,0,0,1
2024-05-07T10:00:00,19.088686,72.867919,11,VABB,260,4.1,2000,5000,32.0,25.0,,0,1,0,0,1
2024-05-07T10:30:00,19.088686,72.867919,11,VABB,260,5.7,2000,5000,31.0,26.0,,0,1,0,0,1
2024-05-07T11:00:00,19.088686,72.867919,11,VABB,260,4.1,2000,5000,31.0,25.0,,0,1,0,0,1
2024-05-07T11:30:00,19.088686,72.867919,11,VABB,260,4.1,2000,5000,32.0,25.0,,0,1,0,0,1
2024-05-07T12:00:00,19.088686,72.867919,11,VABB,320,1.5,750,2000,32.0,23.7,1007.5,0,0,0,0,0
2024-05-07T12:00:00,19.088686,72.867919,11,VABB,270,4.6,2000,5000,31.0,25.0,,0,1,0,0,1
2024-05-07T12:30:00,19.088686,72.867919,11,VABB,270,4.1,762,5000,31.0,26.0,,0,1,0,0,1
2024-05-07T13:00:00,19.088686,72.867919,11,VABB,240,5.7,762,5000,30.0,25.0,,0,1,0,0,0
2024-05-07T13:30:00,19.088686,72.867919,11,VABB,260,6.2,762,4000,30.0,25.0,,0,1,0,0,0
2024-05-07T14:00:00,19.088686,72.867919,11,VABB,260,5.7,762,4000,30.0,25.0,,0,1,0,0,0
2024-05-07T14:30:00,19.088686,72.867919,11,VABB,250,5.7,762,4000,30.0,25.0,,1,0,0,0,0
2024-05-07T15:00:00,19.088686,72.867919,11,VABB,270,3.1,750,2000,30.0,24.3,1009.1,0,0,0,0,0
2024-05-07T15:00:00,19.088686,72.867919,11,VABB,260,5.7,762,4000,30.0,25.0,,1,0,0,0,0
2024-05-07T15:30:00,19.088686,72.867919,11,VABB,250,5.1,762,4000,30.0,25.0,,1,0,0,0,0
2024-05-07T16:00:00,19.088686,72.867919,11,VABB,240,4.6,762,3000,30.0,25.0,,1,0,0,0,0
2024-05-07T16:30:00,19.088686,72.867919,11,VABB,290,3.6,762,3000,30.0,25.0,,1,0,0,0,0
2024-05-07T18:00:00,19.088686,72.867919,11,VABB,,0.0,,2000,29.4,23.9,1009.8,0,0,0,0,0
2024-05-07T19:00:00,19.088686,72.867919,11,VABB,300,2.6,2000,3000,29.0,25.0,,1,0,0,0,0
2024-05-07T19:30:00,19.088686,72.867919,11,VABB,280,3.6,2000,3000,29.0,25.0,,1,0,0,0,0
2024-05-07T20:00:00,19.088686,72.867919,11,VABB,280,3.1,2000,3000,29.0,25.0,,1,0,0,0,0
2024-05-07T20:30:00,19.088686,72.867919,11,VABB,310,2.1,2000,3000,29.0,25.0,,1,0,0,0,0
2024-05-07T21:00:00,19.088686,72.867919,11,VABB,,0.0,,2000,28.8,24.2,1008.1,0,0,0,0,0
2024-05-07T21:00:00,19.088686,72.867919,11,VABB,250,2.1,2000,3000,29.0,25.0,,1,0,0,0,0
2024-05-07T21:30:00,19.088686,72.867919,11,VABB,230,3.1,2000,3000,29.0,25.0,,1,0,0,0,0
2024-05-07T22:00:00,19.088686,72.867919,11,VABB,240,1.5,2000,3000,29.0,25.0,,1,0,0,0,0
2024-05-07T22:30:00,19.088686,72.867919,11,VABB,240,1.5,2000,3000,29.0,25.0,,1,0,0,0,0
2024-05-07T23:00:00,19.088686,72.867919,11,VABB,240,3.1,2000,3000,29.0,25.0,,1,0,0,0,0
2024-05-07T23:30:00,19.088686,72.867919,11,VABB,250,2.1,2000,3000,29.0,25.0,,1,0,0,0,0
2024-05-08T00:00:00,19.088686,72.867919,11,VABB,,0.0,,2000,27.4,24.2,1008.2,0,0,0,0,0
2024-05-08T00:30:00,19.088686,72.867919,11,VABB,240,2.6,2000,3000,29.0,25.0,,1,0,0,0,0
2024-05-08T01:00:00,19.088686,72.867919,11,VABB,240,2.6,2000,3000,29.0,25.0,,1,0,0,0,0
2024-05-08T01:30:00,19.088686,72.867919,11,VABB,260,1.5,2000,3000,29.0,25.0,,1,0,0,0,0
2024-05-08T02:00:00,19.088686,72.867919,11,VABB,220,2.6,2000,3000,29.0,25.0,,1,0,0,0,0
2024-05-08T02:30:00,19.088686,72.867919,11,VABB,220,2.6,2000,3500,30.0,23.0,,0,1,0,0,0
2024-05-08T03:00:00,19.088686,72.867919,11,VABB,,0.0,750,2000,29.6,23.2,1009.9,0,0,0,0,0
2024-05-08T03:00:00,19.088686,72.867919,11,VABB,210,2.1,2000,4000,30.0,23.0,,0,1,0,0,0
2024-05-08T03:30:00,19.088686,72.867919,11,VABB,250,2.6,2000,4000,30.0,23.0,,0,1,0,0,0
2024-05-08T04:00:00,19.088686,72.867919,11,VABB,0,0.0,2000,4000,30.0,23.0,,0,1,0,0,0
2024-05-08T04:30:00,19.088686,72.867919,11,VABB,270,3.6,2000,4000,32.0,24.0,,0,1,0,0,0
2024-05-08T05:00:00,19.088686,72.867919,11,VABB,260,5.7,2000,4000,32.0,24.0,,0,1,0,0,0
2024-05-08T05:30:00,19.088686,72.867919,11,VABB,290,2.6,2000,4000,32.0,24.0,,0,1,0,0,0
2024-05-08T06:00:00,19.088686,72.867919,11,VABB,290,1.5,22000,2000,33.0,23.2,1009.5,0,0,0,0,0
2024-05-08T06:00:00,19.088686,72.867919,11,VABB,250,4.1,2000,4500,32.0,24.0,,0,1,0,0,0
2024-05-08T06:30:00,19.088686,72.867919,11,VABB,250,5.7,2000,5000,32.0,24.0,,0,1,0,0,0
2024-05-08T07:00:00,19.088686,72.867919,11,VABB,260,3.6,2000,5000,32.0,24.0,,0,1,0,0,1
2024-05-08T07:30:00,19.088686,72.867919,11,VABB,280,6.2,2000,5000,32.0,24.0,,0,1,0,0,0
2024-05-08T08:00:00,19.088686,72.867919,11,VABB,260,6.7,2000,5000,32.0,24.0,,0,1,0,0,0
2024-05-08T08:30:00,19.088686,72.867919,11,VABB,260,5.1,2000,5000,32.0,24.0,,0,1,0,0,1
2024-05-08T10:00:00,19.088686,72.867919,11,VABB,260,6.2,2000,5000,32.0,25.0,,0,1,0,0,0
2024-05-08T10:30:00,19.088686,72.867919,11,VABB,280,6.2,2000,5000,32.0,25.0,,0,1,0,0,0
2024-05-08T11:00:00,19.088686,72.867919,11,VABB,270,4.1,2000,5000,31.0,25.0,,0,1,0,0,1
2024-05-08T11:30:00,19.088686,72.867919,11,VABB,270,3.6,2000,5000,31.0,25.0,,0,1,0,0,1
2024-05-08T12:00:00,19.088686,72.867919,11,VABB,320,2.1,22000,2000,32.4,24.7,1005.6,0,0,0,0,0
2024-05-08T12:00:00,19.088686,72.867919,11,VABB,280,7.2,2000,5000,31.0,25.0,,0,1,0,0,0
2024-05-08T12:30:00,19.088686,72.867919,11,VABB,280,5.7,2000,5000,31.0,26.0,,0,1,0,0,0
2024-05-08T13:00:00,19.088686,72.867919,11,VABB,280,4.6,2000,5000,30.0,26.0,,0,1,0,0,0
2024-05-08T13:30:00,19.088686,72.867919,11,VABB,270,6.2,2000,4000,30.0,26.0,,1,0,0,0,0
2024-05-08T14:00:00,19.088686,72.867919,11,VABB,280,5.1,762,4000,30.0,26.0,,1,0,0,0,0
2024-05-08T14:30:00,19.088686,72.867919,11,VABB,280,3.6,762,3500,30.0,26.0,,1,0,0,0,0
2024-05-08T15:00:00,19.088686,72.867919,11,VABB,,0.0,22000,2000,29.6,25.1,1007.2,0,0,0,0,0
2024-05-08T15:00:00,19.088686,72.867919,11,VABB,300,3.6,2000,3500,30.0,26.0,,1,0,0,0,0
2024-05-08T16:30:00,19.088686,72.867919,11,VABB,270,4.1,2000,3500,29.0,26.0,,1,0,0,0,0
2024-05-08T17:00:00,19.088686,72.867919,11,VABB,280,3.1,2000,3500,29.0,26.0,,1,0,0,0,0
2024-05-08T17:30:00,19.088686,72.867919,11,VABB,260,2.6,2000,3500,29.0,26.0,,1,0,0,0,0
2024-05-08T18:00:00,19.088686,72.867919,11,VABB,,0.0,22000,2000,29.5,24.8,1008.1,0,0,0,0,0
2024-05-08T18:00:00,19.088686,72.867919,11,VABB,270,3.6,2000,3000,29.0,26.0,,1,0,0,0,0
2024-05-08T18:30:00,19.088686,72.867919,11,VABB,300,2.6,2000,3000,29.0,25.0,,1,0,0,0,0
2024-05-08T19:00:00,19.088686,72.867919,11,VABB,270,3.6,2000,3000,29.0,25.0,,1,0,0,0,0
2024-05-08T19:30:00,19.088686,72.867919,11,VABB,290,3.6,2000,3000,29.0,25.0,,1,0,0,0,0
2024-05-08T20:00:00,19.088686,72.867919,11,VABB,280,3.1,2000,3000,29.0,25.0,,1,0,0,0,0
2024-05-08T20:30:00,19.088686,72.867919,11,VABB,310,1.5,2000,3000,29.0,25.0,,1,0,0,0,0
2024-05-08T21:00:00,19.088686,72.867919,11,VABB,,0.0,22000,2000,28.6,24.3,1006.8,0,0,0,0,0
2024-05-08T21:00:00,19.088686,72.867919,11,VABB,320,1.5,2000,3000,29.0,25.0,,1,0,0,0,0
2024-05-08T21:30:00,19.088686,72.867919,11,VABB,290,2.6,2000,3000,29.0,25.0,,1,0,0,0,0
2024-05-08T22:00:00,19.088686,72.867919,11,VABB,300,2.1,2000,3000,29.0,25.0,,1,0,0,0,0
2024-05-08T22:30:00,19.088686,72.867919,11,VABB,0,0.0,2000,3000,29.0,25.0,,1,0,0,0,0
2024-05-08T23:00:00,19.088686,72.867919,11,VABB,40,2.6,2000,3000,29.0,25.0,,1,0,0,0,0
2024-05-08T23:30:00,19.088686,72.867919,11,VABB,220,2.1,2000,3000,29.0,25.0,,1,0,0,0,0
2024-05-09T00:00:00,19.088686,72.867919,11,VABB,,0.0,22000,2000,27.8,24.0,1006.7,0,0,0,0,0
2024-05-09T00:30:00,19.088686,72.867919,11,VABB,270,3.1,2000,3000,28.0,25.0,,1,0,0,0,0
2024-05-09T01:00:00,19.088686,72.867919,11,VABB,270,3.1,2000,3000,29.0,25.0,,1,0,0,0,0
2024-05-09T01:30:00,19.088686,72.867919,11,VABB,270,2.1,2000,3000,29.0,25.0,,1,0,0,0,0
2024-05-09T02:00:00,19.088686,72.867919,11,VABB,300,1.5,2000,3000,29.0,25.0,,1,0,0,0,0
2024-05-09T02:30:00,19.088686,72.867919,11,VABB,340,2.6,2000,3000,30.0,25.0,,0,1,0,0,0
2024-05-09T03:00:00,19.088686,72.867919,11,VABB,,0.0,750,2000,29.8,23.7,1008.4,0,0,0,0,0
2024-05-09T03:00:00,19.088686,72.867919,11,VABB,250,3.1,2000,4000,31.0,25.0,,0,1,0,0,0
2024-05-09T03:30:00,19.088686,72.867919,11,VABB,240,2.6,2000,4000,31.0,24.0,,0,1,0,0,0
2024-05-09T04:00:00,19.088686,72.867919,11,VABB,260,2.6,2000,4000,32.0,24.0,,0,1,0,0,0
2024-05-09T04:30:00,19.088686,72.867919,11,VABB,280,3.1,2000,4000,32.0,24.0,,0,1,0,0,0
2024-05-09T05:00:00,19.088686,72.867919,11,VABB,240,2.6,2000,4000,32.0,24.0,,0,1,0,0,0
2024-05-09T05:30:00,19.088686,72.867919,11,VABB,250,4.6,2000,4000,32.0,24.0,,0,1,0,0,0
2024-05-09T06:00:00,19.088686,72.867919,11,VABB,,0.0,22000,2000,33.2,23.4,1008.7,0,0,0,0,0
2024-05-09T06:00:00,19.088686,72.867919,11,VABB,270,4.6,2000,4000,33.0,24.0,,0,1,0,0,0
2024-05-09T06:30:00,19.088686,72.867919,11,VABB,270,4.1,2000,5000,32.0,24.0,,0,1,0,0,0
2024-05-09T07:00:00,19.088686,72.867919,11,VABB,260,6.7,2000,5000,33.0,24.0,,0,1,0,0,0
2024-05-09T07:30:00,19.088686,72.867919,11,VABB,270,6.2,2000,5000,32.0,23.0,,0,1,0,0,0
2024-05-09T08:00:00,19.088686,72.867919,11,VABB,270,6.7,2000,5000,32.0,25.0,,0,1,0,0,0
2024-05-09T08:30:00,19.088686,72.867919,11,VABB,280,7.7,2000,5000,32.0,25.0,,0,1,0,0,0
2024-05-09T09:00:00,19.088686,72.867919,11,VABB,320,2.1,22000,2000,33.4,24.0,1006.9,0,0,0,0,0
2024-05-09T09:00:00,19.088686,72.867919,11,VABB,280,4.6,2000,5000,32.0,25.0,,0,1,0,0,1
2024-05-09T09:30:00,19.088686,72.867919,11,VABB,290,7.2,2000,5000,32.0,25.0,,0,1,0,0,0
2024-05-09T10:00:00,19.088686,72.867919,11,VABB,270,7.7,2000,5000,32.0,25.0,,0,1,0,0,0
2024-05-09T10:30:00,19.088686,72.867919,11,VABB,270,7.2,2000,5000,32.0,26.0,,0,1,0,0,0
2024-05-09T11:00:00,19.088686,72.867919,11,VABB,290,4.6,2000,5000,32.0,25.0,,0,1,0,0,1
2024-05-09T11:30:00,19.088686,72.867919,11,VABB,280,5.1,2000,5000,32.0,26.0,,0,1,0,0,1
2024-05-09T12:00:00,19.088686,72.867919,11,VABB,320,1.5,22000,2000,32.3,22.9,1005.7,0,0,0,0,0
2024-05-09T12:00:00,19.088686,72.867919,11,VABB,290,6.2,2000,5000,31.0,25.0,,0,1,0,0,0
2024-05-09T12:30:00,19.088686,72.867919,11,VABB,280,6.2,2000,5000,31.0,25.0,,0,1,0,0,0
2024-05-09T13:00:00,19.088686,72.867919,11,VABB,280,6.2,2000,5000,31.0,26.0,,0,1,0,0,0
2024-05-09T13:30:00,19.088686,72.867919,11,VABB,280,5.7,2000,5000,30.0,26.0,,1,0,0,0,0
2024-05-09T14:00:00,19.088686,72.867919,11,VABB,270,5.7,2000,4000,30.0,26.0,,1,0,0,0,0
2024-05-09T14:30:00,19.088686,72.867919,11,VABB,280,4.1,2000,3500,30.0,26.0,,1,0,0,0,0
2024-05-09T15:00:00,19.088686,72.867919,11,VABB,320,1.5,750,2000,29.8,25.0,1007.2,0,0,0,0,0
2024-05-09T15:00:00,19.088686,72.867919,11,VABB,290,3.6,2000,3000,30.0,26.0,,1,0,0,0,0
2024-05-09T15:30:00,19.088686,72.867919,11,VABB,310,3.1,2000,3000,30.0,26.0,,1,0,0,0,0
2024-05-09T16:00:00,19.088686,72.867919,11,VABB,290,3.6,2000,3000,30.0,26.0,,1,0,0,0,0
2024-05-09T16:30:00,19.088686,72.867919,11,VABB,270,3.1,2000,3000,29.0,26.0,,1,0,0,0,0
2024-05-09T17:00:00,19.088686,72.867919,11,VABB,280,1.5,2000,3000,29.0,25.0,,1,0,0,0,0
2024-05-09T17:30:00,19.088686,72.867919,11,VABB,270,3.1,2000,3000,30.0,25.0,,1,0,0,0,0
2024-05-09T18:00:00,19.088686,72.867919,11,VABB,,0.0,,2000,29.4,24.5,1008.2,0,0,0,0,0
2024-05-09T18:00:00,19.088686,72.867919,11,VABB,330,3.1,2000,3000,29.0,25.0,,1,0,0,0,0
2024-05-09T18:30:00,19.088686,72.867919,11,VABB,300,2.6,2000,3000,29.0,25.0,,1,0,0,0,0
2024-05-09T19:00:00,19.088686,72.867919,11,VABB,270,2.1,2000,3000,29.0,25.0,,1,0,0,0,0
2024-05-09T19:30:00,19.088686,72.867919,11,VABB,310,2.1,2000,3000,29.0,25.0,,1,0,0,0,0
2024-05-09T20:00:00,19.088686,72.867919,11,VABB,320,2.1,2000,3000,29.0,25.0,,1,0,0,0,0
2024-05-09T20:30:00,19.088686,72.867919,11,VABB,310,1.5,2000,3000,29.0,25.0,,1,0,0,0,0
2024-05-09T21:00:00,19.088686,72.867919,11,VABB,,0.0,22000,2000,28.0,24.6,1007.2,0,0,0,0,0
2024-05-09T21:00:00,19.088686,72.867919,11,VABB,0,0.0,2000,3000,29.0,25.0,,1,0,0,0,0
2024-05-09T21:30:00,19.088686,72.867919,11,VABB,300,2.1,2000,3000,29.0,25.0,,1,0,0,0,0
2024-05-09T22:00:00,19.088686,72.867919,11,VABB,270,3.1,2000,3000,28.0,25.0,,1,0,0,0,0
2024-05-09T22:30:00,19.088686,72.867919,11,VABB,250,2.1,2000,3000,28.0,25.0,,1,0,0,0,0
2024-05-09T23:00:00,19.088686,72.867919,11,VABB,310,1.5,2000,3000,29.0,25.0,,1,0,0,0,0
2024-05-09T23:30:00,19.088686,72.867919,11,VABB,270,4.6,2000,3000,28.0,25.0,,1,0,0,0,0
2024-05-10T00:00:00,19.088686,72.867919,11,VABB,,0.0,,2000,28.0,23.9,1007.9,0,0,0,0,0
2024-05-10T00:00:00,19.088686,72.867919,11,VABB,270,2.6,2000,3000,28.0,25.0,,1,0,0,0,0
2024-05-10T00:30:00,19.088686,72.867919,11,VABB,310,2.1,2000,3000,28.0,25.0,,1,0,0,0,0
2024-05-10T01:00:00,19.088686,72.867919,11,VABB,300,2.1,2000,3500,28.0,25.0,,1,0,0,0,0
2024-05-10T01:30:00,19.088686,72.867919,11,VABB,350,2.1,2000,4000,29.0,25.0,,1,0,0,0,0
2024-05-10T02:00:00,19.088686,72.867919,11,VABB,40,2.1,2000,4000,29.0,24.0,,1,0,0,0,0
2024-05-10T02:30:00,19.088686,72.867919,11,VABB,290,1.5,2000,3500,29.0,24.0,,0,1,0,0,0
2024-05-10T03:00:00,19.088686,72.867919,11,VABB,,0.0,22000,2000,29.8,22.8,1010.0,0,0,0,0,0
2024-05-10T03:00:00,19.088686,72.867919,11,VABB,210,1.5,2000,3500,30.0,24.0,,0,1,0,0,0
2024-05-10T03:30:00,19.088686,72.867919,11,VABB,230,1.5,2000,4000,30.0,24.0,,0,1,0,0,0
2024-05-10T04:00:00,19.088686,72.867919,11,VABB,0,0.0,2000,4000,31.0,23.0,,0,1,0,0,0
2024-05-10T04:30:00,19.088686,72.867919,11,VABB,250,3.6,2000,4000,31.0,24.0,,0,1,0,0,0
2024-05-10T05:00:00,19.088686,72.867919,11,VABB,270,4.1,2000,4000,31.0,24.0,,0,1,0,0,0
2024-05-10T05:30:00,19.088686,72.867919,11,VABB,280,5.1,2000,4000,32.0,24.0,,0,1,0,0,0
2024-05-10T06:00:00,19.088686,72.867919,11,VABB,290,1.5,22000,2000,32.8,23.0,1010.2,0,0,0,0,0
2024-05-10T06:00:00,19.088686,72.867919,11,VABB,260,4.1,2000,5000,32.0,23.0,,0,1,0,0,0
2024-05-10T06:30:00,19.088686,72.867919,11,VABB,270,5.1,2000,5000,32.0,24.0,,0,1,0,0,0
2024-05-10T07:00:00,19.088686,72.867919,11,VABB,260,5.7,2000,5000,32.0,24.0,,0,1,0,0,0
2024-05-10T07:30:00,19.088686,72.867919,11,VABB,260,6.7,2000,5000,32.0,24.0,,0,1,0,0,1
2024-05-10T08:00:00,19.088686,72.867919,11,VABB,280,4.6,2000,5000,33.0,25.0,,0,1,0,0,1
2024-05-10T08:30:00,19.088686,72.867919,11,VABB,280,4.6,2000,5000,32.0,25.0,,0,1,0,0,1
2024-05-10T09:00:00,19.088686,72.867919,11,VABB,290,2.1,22000,2000,33.4,23.3,1008.3,0,0,0,0,0
2024-05-10T09:00:00,19.088686,72.867919,11,VABB,270,4.6,2000,5000,32.0,24.0,,0,1,0,0,1
2024-05-10T09:30:00,19.088686,72.867919,11,VABB,260,4.1,2000,5000,32.0,24.0,,0,1,0,0,1
2024-05-10T10:00:00,19.088686,72.867919,11,VABB,280,6.2,2000,5000,32.0,25.0,,0,1,0,0,0
2024-05-10T10:30:00,19.088686,72.867919,11,VABB,290,4.6,2000,5000,32.0,24.0,,0,1,0,0,1
2024-05-10T11:00:00,19.088686,72.867919,11,VABB,270,3.6,2000,5000,32.0,24.0,,0,1,0,0,1
2024-05-10T11:30:00,19.088686,72.867919,11,VABB,280,4.1,2000,5000,32.0,25.0,,0,1,0,0,1
2024-05-10T12:00:00,19.088686,72.867919,11,VABB,290,1.5,,2000,32.8,23.3,1006.9,0,0,0,0,0
2024-05-10T12:00:00,19.088686,72.867919,11,VABB,280,3.6,2000,5000,31.0,25.0,,0,1,0,0,1
2024-05-10T12:30:00,19.088686,72.867919,11,VABB,290,6.2,2000,5000,31.0,25.0,,0,1,0,0,0
2024-05-10T13:00:00,19.088686,72.867919,11,VABB,290,3.6,2000,5000,31.0,25.0,,0,1,0,0,1
2024-05-10T13:30:00,19.088686,72.867919,11,VABB,290,4.6,2000,4000,30.0,25.0,,0,1,0,0,0
2024-05-10T14:00:00,19.088686,72.867919,11,VABB,290,5.1,2000,4000,30.0,25.0,,0,1,0,0,0
2024-05-10T14:30:00,19.088686,72.867919,11,VABB,310,3.6,2000,3500,30.0,25.0,,0,1,0,0,0
2024-05-10T15:00:00,19.088686,72.867919,11,VABB,,0.0,,2000,29.6,24.1,1008.2,0,0,0,0,0
2024-05-10T15:00:00,19.088686,72.867919,11,VABB,320,3.1,2000,3500,30.0,25.0,,0,1,0,0,0
2024-05-10T15:30:00,19.088686,72.867919,11,VABB,350,4.1,2000,3500,30.0,25.0,,1,0,0,0,0
2024-05-10T16:00:00,19.088686,72.867919,11,VABB,320,2.6,2000,3500,30.0,25.0,,1,0,0,0,0
2024-05-10T16:30:00,19.088686,72.867919,11,VABB,290,2.6,2000,3000,30.0,25.0,,1,0,0,0,0
2024-05-10T17:00:00,19.088686,72.867919,11,VABB,330,3.1,2000,3000,30.0,25.0,,1,0,0,0,0
2024-05-10T17:30:00,19.088686,72.867919,11,VABB,340,3.6,2000,3000,30.0,25.0,,1,0,0,0,0
2024-05-10T18:00:00,19.088686,72.867919,11,VABB,,0.0,,2000,29.2,24.0,1009.4,0,0,0,0,0
2024-05-10T18:00:00,19.088686,72.867919,11,VABB,310,3.1,2000,3000,30.0,25.0,,1,0,0,0,0
2024-05-10T18:30:00,19.088686,72.867919,11,VABB,330,2.6,2000,3000,30.0,25.0,,1,0,0,0,0
2024-05-10T19:00:00,19.088686,72.867919,11,VABB,330,2.6,22000,3000,29.0,25.0,,1,0,0,0,0
2024-05-10T19:30:00,19.088686,72.867919,11,VABB,310,2.6,22000,3000,29.0,25.0,,1,0,0,0,0
2024-05-10T20:00:00,19.088686,72.867919,11,VABB,320,2.1,22000,3000,29.0,25.0,,1,0,0,0,0
2024-05-10T20:30:00,19.088686,72.867919,11,VABB,320,1.5,22000,3000,29.0,25.0,,1,0,0,0,0
2024-05-10T21:00:00,19.088686,72.867919,11,VABB,,0.0,,2000,28.4,24.4,1008.4,0,0,0,0,0
2024-05-10T21:00:00,19.088686,72.867919,11,VABB,360,1.5,22000,3000,29.0,26.0,,1,0,0,0,0
2024-05-10T21:30:00,19.088686,72.867919,11,VABB,40,2.1,22000,3000,29.0,25.0,,1,0,0,0,0
2024-05-10T22:00:00,19.088686,72.867919,11,VABB,50,2.1,22000,3000,29.0,26.0,,1,0,0,0,0
2024-05-10T22:30:00,19.088686,72.867919,11,VABB,60,1.5,2000,3000,29.0,26.0,,1,0,0,0,0
2024-05-10T23:00:00,19.088686,72.867919,11,VABB,350,2.6,2000,3000,29.0,26.0,,1,0,0,0,0
2024-05-10T23:30:00,19.088686,72.867919,11,VABB,10,2.6,2000,3000,29.0,25.0,,1,0,0,0,0
2024-05-11T00:00:00,19.088686,72.867919,11,VABB,,0.0,22000,2000,27.8,24.3,1009.0,0,0,0,0,0
2024-05-11T00:00:00,19.088686,72.867919,11,VABB,30,2.6,2000,3000,28.0,26.0,,1,0,0,0,0
2024-05-11T00:30:00,19.088686,72.867919,11,VABB,10,2.6,3048,3000,29.0,26.0,,1,0,0,0,0
2024-05-11T01:00:00,19.088686,72.867919,11,VABB,20,4.1,3048,3000,29.0,26.0,,1,0,0,0,0
2024-05-11T01:30:00,19.088686,72.867919,11,VABB,50,4.1,3048,3000,29.0,25.0,,1,0,0,0,0
2024-05-11T02:00:00,19.088686,72.867919,11,VABB,330,2.1,3048,3000,29.0,25.0,,1,0,0,0,0
2024-05-11T02:30:00,19.088686,72.867919,11,VABB,350,2.6,3048,3000,30.0,25.0,,1,0,0,0,0
2024-05-11T03:00:00,19.088686,72.867919,11,VABB,,0.0,22000,2000,29.8,24.4,1010.2,0,0,0,0,0
2024-05-11T03:00:00,19.088686,72.867919,11,VABB,340,2.1,2000,3000,30.0,25.0,,1,0,0,0,0
2024-05-11T03:30:00,19.088686,72.867919,11,VABB,330,2.6,2000,3000,31.0,25.0,,0,1,0,0,0
2024-05-11T04:00:00,19.088686,72.867919,11,VABB,310,2.6,2000,3500,31.0,24.0,,0,1,0,0,0
2024-05-11T04:30:00,19.088686,72.867919,11,VABB,60,3.1,2000,3500,32.0,24.0,,0,1,0,0,0
2024-05-11T05:00:00,19.088686,72.867919,11,VABB,300,3.6,2000,3500,33.0,24.0,,0,1,0,0,0
2024-05-11T05:30:00,19.088686,72.867919,11,VABB,290,4.6,2000,3500,33.0,23.0,,0,0,0,0,0
2024-05-11T06:00:00,19.088686,72.867919,11,VABB,340,2.1,,2000,33.6,24.5,1009.8,0,0,0,0,0
2024-05-11T06:00:00,19.088686,72.867919,11,VABB,300,4.1,2000,3500,33.0,25.0,,0,1,0,0,0
2024-05-11T06:30:00,19.088686,72.867919,11,VABB,320,3.6,22000,3500,33.0,26.0,,0,1,0,0,0
2024-05-11T07:00:00,19.088686,72.867919,11,VABB,290,5.7,22000,3500,33.0,26.0,,0,1,0,0,0
2024-05-11T07:30:00,19.088686,72.867919,11,VABB,300,4.6,22000,3500,33.0,26.0,,0,1,0,0,0
2024-05-11T08:00:00,19.088686,72.867919,11,VABB,290,3.6,22000,3500,33.0,26.0,,0,1,0,0,1
2024-05-11T08:30:00,19.088686,72.867919,11,VABB,290,6.2,22000,3500,34.0,26.0,,0,1,0,0,1
2024-05-11T09:00:00,19.088686,72.867919,11,VABB,320,2.6,,2000,33.8,25.1,1008.5,0,0,0,0,0
2024-05-11T09:00:00,19.088686,72.867919,11,VABB,310,6.2,22000,4000,33.0,25.0,,0,1,0,0,0
2024-05-11T09:30:00,19.088686,72.867919,11,VABB,240,4.6,22000,4000,33.0,26.0,,0,1,0,0,0
2024-05-11T10:00:00,19.088686,72.867919,11,VABB,290,3.6,22000,4000,33.0,25.0,,0,1,0,0,1
2024-05-11T10:30:00,19.088686,72.867919,11,VABB,290,4.6,22000,5000,33.0,25.0,,0,1,0,0,1
2024-05-11T11:00:00,19.088686,72.867919,11,VABB,310,3.1,2000,5000,33.0,24.0,,0,1,0,0,1
2024-05-11T11:30:00,19.088686,72.867919,11,VABB,290,4.6,2000,5000,32.0,25.0,,0,1,0,0,1
2024-05-11T12:00:00,19.088686,72.867919,11,VABB,340,2.1,,2000,32.4,23.5,1006.6,0,0,0,0,0
2024-05-11T12:00:00,19.088686,72.867919,11,VABB,300,5.7,2000,5000,32.0,25.0,,0,1,0,0,0
2024-05-11T12:30:00,19.088686,72.867919,11,VABB,290,5.1,2000,5000,31.0,25.0,,0,1,0,0,0
2024-05-11T13:00:00,19.088686,72.867919,11,VABB,300,5.1,2000,4000,31.0,25.0,,0,1,0,0,0
2024-05-11T13:30:00,19.088686,72.867919,11,VABB,290,6.2,2000,4000,31.0,25.0,,0,1,0,0,0
2024-05-11T14:00:00,19.088686,72.867919,11,VABB,310,4.6,762,4000,30.0,26.0,,0,1,0,0,0
2024-05-11T14:30:00,19.088686,72.867919,11,VABB,290,4.6,762,4000,30.0,26.0,,0,1,0,0,0
2024-05-11T15:00:00,19.088686,72.867919,11,VABB,320,2.1,750,2000,30.0,24.9,1009.2,0,0,0,0,0
2024-05-11T15:00:00,19.088686,72.867919,11,VABB,260,2.6,762,3000,30.0,26.0,,0,1,0,0,0
2024-05-11T15:30:00,19.088686,72.867919,11,VABB,140,2.6,762,3000,30.0,26.0,,0,1,0,0,0
2024-05-11T16:00:00,19.088686,72.867919,11,VABB,140,2.1,762,3000,30.0,25.0,,0,1,0,0,0
2024-05-11T16:30:00,19.088686,72.867919,11,VABB,210,2.1,762,3000,31.0,25.0,,0,1,0,0,0
2024-05-11T17:00:00,19.088686,72.867919,11,VABB,300,4.1,762,3000,31.0,25.0,,0,1,0,0,0
2024-05-11T17:30:00,19.088686,72.867919,11,VABB,290,5.7,762,3000,30.0,26.0,,0,1,0,0,0
2024-05-11T18:00:00,19.088686,72.867919,11,VABB,,0.0,22000,2000,29.8,24.7,1009.3,0,0,0,0,0
2024-05-11T18:00:00,19.088686,72.867919,11,VABB,310,2.6,762,3000,30.0,26.0,,0,1,0,0,0
2024-05-11T18:30:00,19.088686,72.867919,11,VABB,320,4.1,762,3000,30.0,26.0,,0,1,0,0,0
2024-05-11T19:00:00,19.088686,72.867919,11,VABB,320,3.6,762,3000,30.0,26.0,,0,1,0,0,0
2024-05-11T19:30:00,19.088686,72.867919,11,VABB,310,2.6,762,3000,30.0,26.0,,0,1,0,0,0
2024-05-11T20:00:00,19.088686,72.867919,11,VABB,280,3.6,762,3000,29.0,26.0,,1,0,0,0,0
2024-05-11T20:30:00,19.088686,72.867919,11,VABB,90,2.1,3048,3000,29.0,26.0,,1,0,0,0,0
2024-05-11T21:00:00,19.088686,72.867919,11,VABB,,0.0,750,2000,29.2,25.5,1008.8,0,0,0,0,0
2024-05-11T21:00:00,19.088686,72.867919,11,VABB,280,4.1,3048,3000,29.0,26.0,,1,0,0,0,0
2024-05-11T21:30:00,19.088686,72.867919,11,VABB,290,2.6,762,3000,29.0,26.0,,1,0,0,0,0
2024-05-11T22:00:00,19.088686,72.867919,11,VABB,310,3.1,3048,3000,29.0,26.0,,1,0,0,0,0
2024-05-11T22:30:00,19.088686,72.867919,11,VABB,290,3.6,3048,3000,29.0,26.0,,1,0,0,0,0
2024-05-11T23:00:00,19.088686,72.867919,11,VABB,300,2.6,3048,3000,29.0,26.0,,1,0,0,0,0
2024-05-11T23:30:00,19.088686,72.867919,11,VABB,290,3.6,762,3000,29.0,25.0,,1,0,0,0,0
2024-05-12T00:00:00,19.088686,72.867919,11,VABB,,0.0,,2000,28.6,24.6,1008.8,0,0,0,0,0
2024-05-12T00:00:00,19.088686,72.867919,11,VABB,340,2.6,762,3000,29.0,26.0,,1,0,0,0,0
2024-05-12T00:30:00,19.088686,72.867919,11,VABB,300,2.6,762,2500,29.0,25.0,,1,0,0,0,0
2024-05-12T01:00:00,19.088686,72.867919,11,VABB,340,1.5,762,2500,29.0,25.0,,1,0,0,0,0
2024-05-12T01:30:00,19.088686,72.867919,11,VABB,50,3.6,762,2500,29.0,26.0,,1,0,0,0,0
2024-05-12T02:00:00,19.088686,72.867919,11,VABB,60,3.1,762,3000,30.0,25.0,,1,0,0,0,0
2024-05-12T02:30:00,19.088686,72.867919,11,VABB,40,2.6,762,3000,30.0,25.0,,0,1,0,0,0
2024-05-12T03:00:00,19.088686,72.867919,11,VABB,,0.0,3000,2000,30.2,24.5,1011.8,0,0,0,0,0
2024-05-12T03:00:00,19.088686,72.867919,11,VABB,20,2.6,762,3000,30.0,25.0,,0,1,0,0,0
2024-05-12T03:30:00,19.088686,72.867919,11,VABB,70,2.1,762,3500,31.0,24.0,,0,1,0,0,0
2024-05-12T04:00:00,19.088686,72.867919,11,VABB,130,2.6,762,3500,32.0,25.0,,0,1,0,0,0
2024-05-12T04:30:00,19.088686,72.867919,11,VABB,140,2.6,762,3500,33.0,24.0,,0,1,0,0,0
2024-05-12T05:00:00,19.088686,72.867919,11,VABB,330,2.1,2000,3500,33.0,24.0,,0,1,0,0,0
2024-05-12T05:30:00,19.088686,72.867919,11,VABB,270,3.6,2000,3500,33.0,24.0,,0,1,0,0,0
2024-05-12T06:00:00,19.088686,72.867919,11,VABB,320,1.5,22000,2000,33.6,24.2,1010.6,0,0,0,0,0
2024-05-12T06:00:00,19.088686,72.867919,11,VABB,300,3.1,2000,3500,34.0,25.0,,0,1,0,0,0
2024-05-12T06:30:00,19.088686,72.867919,11,VABB,280,6.2,2000,3500,34.0,25.0,,0,1,0,0,0
2024-05-12T07:00:00,19.088686,72.867919,11,VABB,260,7.2,2000,3500,33.0,25.0,,0,1,0,0,0
2024-05-12T07:30:00,19.088686,72.867919,11,VABB,280,4.6,10000,4000,33.0,25.0,,0,1,0,0,1
2024-05-12T08:00:00,19.088686,72.867919,11,VABB,290,5.7,2000,4000,34.0,26.0,,0,1,0,0,0
2024-05-12T08:30:00,19.088686,72.867919,11,VABB,300,5.1,2000,4000,34.0,25.0,,0,1,0,0,0
2024-05-12T09:00:00,19.088686,72.867919,11,VABB,320,3.1,22000,2000,34.0,23.7,1008.3,0,0,0,0,0
2024-05-12T09:00:00,19.088686,72.867919,11,VABB,290,5.7,2000,4000,33.0,24.0,,0,0,0,0,0
2024-05-12T09:30:00,19.088686,72.867919,11,VABB,300,6.2,2000,4000,33.0,24.0,,0,0,0,0,0
2024-05-12T10:00:00,19.088686,72.867919,11,VABB,300,3.6,2000,4000,33.0,22.0,,0,0,0,0,1
2024-05-12T10:30:00,19.088686,72.867919,11,VABB,300,4.1,2000,4000,33.0,24.0,,0,0,0,0,1
2024-05-12T11:00:00,19.088686,72.867919,11,VABB,310,6.2,2000,4000,33.0,23.0,,0,0,0,0,0
2024-05-12T11:30:00,19.088686,72.867919,11,VABB,310,5.7,2000,4000,33.0,23.0,,0,0,0,0,0
2024-05-12T12:00:00,19.088686,72.867919,11,VABB,360,3.1,3000,2000,33.0,22.9,1006.3,0,0,0,0,0
2024-05-12T12:00:00,19.088686,72.867919,11,VABB,300,4.6,762,4000,32.0,23.0,,0,0,0,0,0
2024-05-12T12:30:00,19.088686,72.867919,11,VABB,330,5.1,762,4000,32.0,23.0,,0,0,0,0,0
2024-05-12T13:00:00,19.088686,72.867919,11,VABB,320,4.1,2000,4000,32.0,23.0,,0,0,0,0,0
2024-05-12T13:30:00,19.088686,72.867919,11,VABB,340,3.1,2000,4000,31.0,24.0,,0,1,0,0,0
2024-05-12T14:00:00,19.088686,72.867919,11,VABB,310,3.1,2000,4000,32.0,23.0,,0,1,0,0,0
2024-05-12T14:30:00,19.088686,72.867919,11,VABB,320,2.6,2000,4000,31.0,24.0,,0,1,0,0,0
2024-05-12T15:00:00,19.088686,72.867919,11,VABB,360,3.1,22000,2000,30.8,23.3,1008.0,0,0,0,0,0
2024-05-12T15:00:00,19.088686,72.867919,11,VABB,310,2.1,2000,4000,31.0,23.0,,0,1,0,0,0
2024-05-12T15:30:00,19.088686,72.867919,11,VABB,310,4.1,2000,3500,31.0,24.0,,0,1,0,0,0
2024-05-12T16:00:00,19.088686,72.867919,11,VABB,300,3.6,2000,3500,31.0,24.0,,0,1,0,0,0
2024-05-12T16:30:00,19.088686,72.867919,11,VABB,360,3.1,2000,3500,31.0,24.0,,0,1,0,0,0
2024-05-12T17:00:00,19.088686,72.867919,11,VABB,280,2.6,2000,3500,31.0,24.0,,0,1,0,0,0
2024-05-12T17:30:00,19.088686,72.867919,11,VABB,310,2.1,2000,3500,31.0,25.0,,0,1,0,0,0
2024-05-12T18:00:00,19.088686,72.867919,11,VABB,360,1.5,22000,2000,30.4,23.8,1009.2,0,0,0,0,0
2024-05-12T18:00:00,19.088686,72.867919,11,VABB,300,3.1,2000,3500,31.0,24.0,,0,1,0,0,0
2024-05-12T18:30:00,19.088686,72.867919,11,VABB,310,2.6,2000,3500,31.0,25.0,,0,1,0,0,0
2024-05-12T19:00:00,19.088686,72.867919,11,VABB,290,2.1,2000,3000,30.0,25.0,,0,1,0,0,0
2024-05-12T19:30:00,19.088686,72.867919,11,VABB,340,3.1,3048,3000,30.0,25.0,,0,1,0,0,0
2024-05-12T20:00:00,19.088686,72.867919,11,VABB,350,2.1,3048,3000,30.0,26.0,,1,0,0,0,0
2024-05-12T20:30:00,19.088686,72.867919,11,VABB,360,3.1,3048,3000,30.0,26.0,,1,0,0,0,0
2024-05-12T21:00:00,19.088686,72.867919,11,VABB,,0.0,3000,2000,30.0,25.2,1008.2,0,0,0,0,0
2024-05-12T21:00:00,19.088686,72.867919,11,VABB,340,2.1,3048,3000,30.0,26.0,,1,0,0,0,0
2024-05-12T21:30:00,19.088686,72.867919,11,VABB,330,1.5,3048,3000,30.0,26.0,,1,0,0,0,0
2024-05-12T22:00:00,19.088686,72.867919,11,VABB,310,2.1,3048,3000,30.0,26.0,,1,0,0,0,0
2024-05-12T22:30:00,19.088686,72.867919,11,VABB,320,2.6,3048,3000,30.0,26.0,,1,0,0,0,0
2024-05-12T23:00:00,19.088686,72.867919,11,VABB,330,2.1,3048,3000,30.0,26.0,,1,0,0,0,0
2024-05-12T23:30:00,19.088686,72.867919,11,VABB,330,2.6,3048,3000,30.0,26.0,,1,0,0,0,0
2024-05-13T00:00:00,19.088686,72.867919,11,VABB,,0.0,22000,2000,29.6,25.4,1008.0,0,0,0,0,0
2024-05-13T00:00:00,19.088686,72.867919,11,VABB,330,3.1,3048,3000,30.0,26.0,,1,0,0,0,0
2024-05-13T00:30:00,19.088686,72.867919,11,VABB,330,3.1,3048,3000,30.0,26.0,,1,0,0,0,0
2024-05-13T01:00:00,19.088686,72.867919,11,VABB,320,3.1,3048,3000,30.0,26.0,,1,0,0,0,0
2024-05-13T01:30:00,19.088686,72.867919,11,VABB,310,2.6,3048,3000,30.0,26.0,,1,0,0,0,0
2024-05-13T02:00:00,19.088686,72.867919,11,VABB,320,3.1,3048,3000,30.0,26.0,,1,0,0,0,0
2024-05-13T02:30:00,19.088686,72.867919,11,VABB,340,3.1,3048,3000,30.0,26.0,,1,0,0,0,0
2024-05-13T03:00:00,19.088686,72.867919,11,VABB,,0.0,750,2000,30.6,25.5,1009.8,0,0,0,0,0
2024-05-13T03:00:00,19.088686,72.867919,11,VABB,50,2.6,762,3000,30.0,26.0,,1,0,0,0,0
2024-05-13T03:30:00,19.088686,72.867919,11,VABB,0,0.0,762,3000,31.0,26.0,,1,0,0,0,0
2024-05-13T04:00:00,19.088686,72.867919,11,VABB,0,0.0,762,3500,32.0,26.0,,0,1,0,0,0
2024-05-13T04:30:00,19.088686,72.867919,11,VABB,270,2.6,762,3500,32.0,26.0,,0,1,0,0,0
2024-05-13T05:00:00,19.088686,72.867919,11,VABB,260,2.6,762,3500,32.0,26.0,,0,1,0,0,0
2024-05-13T05:30:00,19.088686,72.867919,11,VABB,350,3.1,2000,3500,35.0,25.0,,0,1,0,0,0
2024-05-13T06:00:00,19.088686,72.867919,11,VABB,,0.0,22000,2000,34.4,26.1,1009.6,0,0,0,0,0
2024-05-13T06:00:00,19.088686,72.867919,11,VABB,260,6.7,2000,3500,34.0,26.0,,0,1,0,0,0
2024-05-13T06:30:00,19.088686,72.867919,11,VABB,270,5.1,2000,4000,34.0,26.0,,0,1,0,0,0
2024-05-13T07:00:00,19.088686,72.867919,11,VABB,280,6.2,2000,4000,34.0,26.0,,0,1,0,0,0
2024-05-13T07:30:00,19.088686,72.867919,11,VABB,280,3.6,2000,4000,33.0,26.0,,0,1,0,0,1
2024-05-13T08:00:00,19.088686,72.867919,11,VABB,270,5.1,2000,4000,33.0,26.0,,0,1,0,0,1
2024-05-13T08:30:00,19.088686,72.867919,11,VABB,260,4.1,2000,4000,33.0,24.0,,0,1,0,0,1
2024-05-13T09:00:00,19.088686,72.867919,11,VABB,320,3.1,22000,2000,33.6,24.5,1007.3,0,0,0,0,0
2024-05-13T09:00:00,19.088686,72.867919,11,VABB,260,4.6,2000,4000,33.0,24.0,,0,1,0,0,1
2024-05-13T09:30:00,19.088686,72.867919,11,VABB,280,4.1,2000,4000,33.0,24.0,,0,1,0,0,1
2024-05-13T10:00:00,19.088686,72.867919,11,VABB,290,5.7,3048,4000,32.0,24.0,,0,1,0,0,1
2024-05-13T10:30:00,19.088686,72.867919,11,VABB,40,10.3,2438,500,30.0,20.0,,0,1,1,0,1
2024-05-13T11:00:00,19.088686,72.867919,11,VABB,70,15.4,2438,500,30.0,20.0,,0,1,1,0,1
2024-05-13T11:30:00,19.088686,72.867919,11,VABB,250,2.1,2438,1000,23.0,23.0,,0,0,0,0,0
2024-05-13T12:00:00,19.088686,72.867919,11,VABB,230,1.5,600,2000,23.6,22.1,1007.9,0,0,0,0,0
2024-05-13T12:00:00,19.088686,72.867919,11,VABB,230,6.7,2438,1500,25.0,25.0,,0,0,0,0,0
2024-05-13T12:30:00,19.088686,72.867919,11,VABB,270,3.1,2438,2100,27.0,24.0,,0,0,0,0,0
2024-05-13T13:00:00,19.088686,72.867919,11,VABB,40,4.1,2438,2500,27.0,24.0,,0,0,0,0,0
2024-05-13T13:30:00,19.088686,72.867919,11,VABB,50,2.1,2438,2500,28.0,21.0,,0,1,0,0,0
2024-05-13T14:00:00,19.088686,72.867919,11,VABB,330,2.6,2438,2500,28.0,24.0,,0,1,0,0,0
2024-05-13T14:30:00,19.088686,72.867919,11,VABB,200,3.1,2438,2500,28.0,24.0,,0,1,0,0,0
2024-05-13T15:00:00,19.088686,72.867919,11,VABB,,0.0,22000,2000,25.2,24.0,1008.0,0,0,0,0,0
2024-05-13T15:00:00,19.088686,72.867919,11,VABB,210,2.6,3048,2500,28.0,25.0,,0,1,0,0,0
2024-05-13T15:30:00,19.088686,72.867919,11,VABB,180,3.6,3048,2500,29.0,25.0,,0,1,0,0,0
2024-05-13T16:00:00,19.088686,72.867919,11,VABB,0,0.0,3048,2500,29.0,25.0,,0,1,0,0,0
2024-05-13T16:30:00,19.088686,72.867919,11,VABB,0,0.0,3048,2500,29.0,25.0,,0,1,0,0,0
2024-05-13T17:00:00,19.088686,72.867919,11,VABB,50,3.1,3048,2500,29.0,25.0,,0,1,0,0,0
2024-05-13T17:30:00,19.088686,72.867919,11,VABB,30,2.1,3048,2500,29.0,25.0,,0,1,0,0,0
2024-05-13T17:42:00,19.088686,72.867919,11,VABB,30,2.1,3048,2500,29.0,25.0,,0,1,0,0,0
2024-05-13T17:44:00,19.088686,72.867919,11,VABB,30,2.1,3048,2500,29.0,25.0,,0,1,0,0,0
2024-05-13T18:00:00,19.088686,72.867919,11,VABB,,0.0,,2000,26.0,24.6,1009.4,0,0,0,0,0
2024-05-13T18:00:00,19.088686,72.867919,11,VABB,50,2.6,3048,2500,29.0,25.0,,0,1,0,0,0
2024-05-13T18:30:00,19.088686,72.867919,11,VABB,360,3.1,3048,2500,29.0,25.0,,0,1,0,0,0
2024-05-13T19:00:00,19.088686,72.867919,11,VABB,20,3.6,2000,2500,29.0,25.0,,0,1,0,0,0
2024-05-13T19:30:00,19.088686,72.867919,11,VABB,10,3.1,2000,2500,28.0,25.0,,0,1,0,0,0
2024-05-13T20:00:00,19.088686,72.867919,11,VABB,20,5.1,2000,2500,28.0,25.0,,0,1,0,0,0
2024-05-13T20:30:00,19.088686,72.867919,11,VABB,40,4.1,2000,2500,29.0,26.0,,0,1,0,0,0
2024-05-13T21:00:00,19.088686,72.867919,11,VABB,,0.0,,2000,27.4,24.8,1008.3,0,0,0,0,0
2024-05-13T21:00:00,19.088686,72.867919,11,VABB,100,4.6,2000,2500,28.0,25.0,,0,1,0,0,0
2024-05-13T21:30:00,19.088686,72.867919,11,VABB,40,2.6,2000,2500,28.0,24.0,,0,1,0,0,0
2024-05-13T22:00:00,19.088686,72.867919,11,VABB,90,1.5,2000,2500,27.0,24.0,,0,1,0,0,0
2024-05-13T22:30:00,19.088686,72.867919,11,VABB,80,2.1,2000,2500,27.0,24.0,,0,1,0,0,0
2024-05-13T23:00:00,19.088686,72.867919,11,VABB,130,2.1,2000,2500,28.0,24.0,,0,1,0,0,0
2024-05-13T23:30:00,19.088686,72.867919,11,VABB,0,0.0,2000,2500,28.0,24.0,,0,1,0,0,0
2024-05-14T00:00:00,19.088686,72.867919,11,VABB,,0.0,,2000,26.0,23.1,1008.2,0,0,0,0,0
2024-05-14T00:00:00,19.088686,72.867919,11,VABB,170,2.1,2000,2200,28.0,24.0,,0,1,0,0,0
2024-05-14T00:30:00,19.088686,72.867919,11,VABB,140,2.6,2000,1800,28.0,24.0,,1,0,0,0,0
2024-05-14T01:00:00,19.088686,72.867919,11,VABB,0,0.0,3048,2200,28.0,24.0,,1,0,0,0,0
2024-05-14T01:30:00,19.088686,72.867919,11,VABB,30,2.1,2000,2200,29.0,24.0,,0,1,0,0,0
2024-05-14T02:00:00,19.088686,72.867919,11,VABB,20,2.1,10000,2500,30.0,25.0,,0,1,0,0,0
2024-05-14T02:30:00,19.088686,72.867919,11,VABB,170,2.1,22000,2500,30.0,24.0,,0,1,0,0,0
2024-05-14T03:00:00,19.088686,72.867919,11,VABB,,0.0,,2000,29.2,24.0,1008.7,0,0,0,0,0
2024-05-14T03:00:00,19.088686,72.867919,11,VABB,320,1.5,22000,2500,31.0,24.0,,0,1,0,0,0
2024-05-14T03:30:00,19.088686,72.867919,11,VABB,120,3.1,22000,2500,32.0,25.0,,0,1,0,0,0
2024-05-14T04:00:00,19.088686,72.867919,11,VABB,100,3.6,10000,2500,33.0,25.0,,0,1,0,0,0
2024-05-14T04:30:00,19.088686,72.867919,11,VABB,110,2.6,10000,2500,33.0,24.0,,0,1,0,0,0
2024-05-14T05:00:00,19.088686,72.867919,11,VABB,100,4.1,10000,2500,34.0,23.0,,0,0,0,0,0
2024-05-14T05:30:00,19.088686,72.867919,11,VABB,100,3.6,10000,2500,35.0,23.0,,0,0,0,0,0
2024-05-14T06:00:00,19.088686,72.867919,11,VABB,,0.0,,2000,36.0,24.7,1008.5,0,0,0,0,0
2024-05-14T06:00:00,19.088686,72.867919,11,VABB,150,2.6,10000,3000,36.0,21.0,,0,0,0,0,0
2024-05-14T06:30:00,19.088686,72.867919,11,VABB,230,3.6,10000,2100,37.0,20.0,,0,0,0,0,0
2024-05-14T07:00:00,19.088686,72.867919,11,VABB,310,4.1,10000,2500,35.0,26.0,,0,0,0,0,0
2024-05-14T07:30:00,19.088686,72.867919,11,VABB,300,5.1,10000,3000,34.0,26.0,,0,1,0,0,1
2024-05-14T08:00:00,19.088686,72.867919,11,VABB,320,3.6,10000,3000,35.0,24.0,,0,0,0,0,0
2024-05-14T08:30:00,19.088686,72.867919,11,VABB,310,5.7,10000,3000,36.0,24.0,,0,0,0,0,0
2024-05-14T09:00:00,19.088686,72.867919,11,VABB,320,3.1,,2000,34.4,25.4,1006.9,0,0,0,0,0
2024-05-14T09:00:00,19.088686,72.867919,11,VABB,290,5.7,2500,3000,35.0,25.0,,0,0,0,0,0
2024-05-14T09:30:00,19.088686,72.867919,11,VABB,300,3.6,2500,3000,35.0,24.0,,0,0,0,0,1
2024-05-14T10:00:00,19.088686,72.867919,11,VABB,280,4.1,2500,3500,35.0,25.0,,0,0,0,0,1
2024-05-14T10:30:00,19.088686,72.867919,11,VABB,290,5.1,2500,3500,35.0,23.0,,0,0,0,0,1
2024-05-14T11:00:00,19.088686,72.867919,11,VABB,290,5.1,2500,3500,35.0,21.0,,0,0,0,0,1
2024-05-14T11:30:00,19.088686,72.867919,11,VABB,290,4.6,2500,3500,34.0,22.0,,0,0,0,0,1
2024-05-14T12:00:00,19.088686,72.867919,11,VABB,320,3.1,22000,2000,34.0,21.3,1005.4,0,0,0,0,0
2024-05-14T12:00:00,19.088686,72.867919,11,VABB,300,5.1,2500,3500,33.0,22.0,,0,0,0,0,0
2024-05-14T12:30:00,19.088686,72.867919,11,VABB,340,4.6,2000,3500,33.0,23.0,,0,0,0,0,0
2024-05-14T13:00:00,19.088686,72.867919,11,VABB,350,2.6,2000,3500,33.0,24.0,,0,0,0,0,0
2024-05-14T13:30:00,19.088686,72.867919,11,VABB,60,5.1,2000,3500,33.0,19.0,,0,0,0,0,0
2024-05-14T14:00:00,19.088686,72.867919,11,VABB,60,4.6,2000,3000,32.0,20.0,,0,0,0,0,0
2024-05-14T14:30:00,19.088686,72.867919,11,VABB,140,1.5,2000,3000,32.0,19.0,,0,0,0,0,0
2024-05-14T15:00:00,19.088686,72.867919,11,VABB,,0.0,,2000,30.6,21.4,1007.3,0,0,0,0,0
2024-05-14T15:00:00,19.088686,72.867919,11,VABB,0,0.0,2000,3000,32.0,20.0,,0,0,0,0,0
2024-05-14T15:30:00,19.088686,72.867919,11,VABB,300,1.5,2000,3000,32.0,20.0,,0,0,0,0,0
2024-05-14T16:00:00,19.088686,72.867919,11,VABB,290,2.6,2000,3000,31.0,24.0,,0,1,0,0,0
2024-05-14T16:30:00,19.088686,72.867919,11,VABB,10,2.1,2000,3000,32.0,20.0,,0,0,0,0,0
2024-05-14T17:00:00,19.088686,72.867919,11,VABB,50,3.1,22000,3000,30.0,20.0,,0,0,0,0,0
2024-05-14T17:30:00,19.088686,72.867919,11,VABB,200,2.6,22000,3000,30.0,20.0,,0,0,0,0,0
2024-05-14T18:00:00,19.088686,72.867919,11,VABB,,0.0,,2000,29.0,23.2,1008.7,0,0,0,0,0
2024-05-14T18:00:00,19.088686,72.867919,11,VABB,20,1.5,22000,3000,31.0,20.0,,0,0,0,0,0
2024-05-14T18:30:00,19.088686,72.867919,11,VABB,300,1.5,22000,3000,32.0,20.0,,0,0,0,0,0
2024-05-14T19:00:00,19.088686,72.867919,11,VABB,,1.0,22000,2500,31.0,20.0,,0,0,0,1,0
2024-05-14T19:30:00,19.088686,72.867919,11,VABB,330,2.1,22000,2500,31.0,21.0,,0,0,0,0,0
2024-05-14T20:00:00,19.088686,72.867919,11,VABB,290,2.1,22000,2500,31.0,25.0,,0,1,0,0,0
2024-05-14T20:30:00,19.088686,72.867919,11,VABB,290,3.6,1600,2500,30.0,27.0,,1,0,0,0,0
2024-05-14T21:00:00,19.088686,72.867919,11,VABB,,0.0,22000,2000,29.4,26.0,1008.4,0,0,0,0,0
2024-05-14T21:00:00,19.088686,72.867919,11,VABB,330,2.1,2000,2500,30.0,27.0,,1,0,0,0,0
2024-05-14T21:30:00,19.088686,72.867919,11,VABB,340,2.1,22000,2500,30.0,27.0,,1,0,0,0,0
2024-05-14T22:00:00,19.088686,72.867919,11,VABB,300,2.6,22000,2500,30.0,27.0,,1,0,0,0,0
2024-05-14T22:30:00,19.088686,72.867919,11,VABB,40,2.1,22000,2500,30.0,27.0,,1,0,0,0,0
2024-05-14T23:00:00,19.088686,72.867919,11,VABB,70,2.1,22000,2500,30.0,27.0,,1,0,0,0,0
2024-05-14T23:30:00,19.088686,72.867919,11,VABB,100,2.6,22000,2500,29.0,26.0,,1,0,0,0,0
2024-05-15T00:00:00,19.088686,72.867919,11,VABB,,0.0,,2000,28.4,25.6,1008.2,0,0,0,0,0
2024-05-15T00:00:00,19.088686,72.867919,11,VABB,100,1.5,22000,2500,29.0,25.0,,1,0,0,0,0
2024-05-15T00:30:00,19.088686,72.867919,11,VABB,0,0.0,10000,2200,29.0,24.0,,1,0,0,0,0
2024-05-15T01:00:00,19.088686,72.867919,11,VABB,80,2.6,10000,1800,29.0,25.0,,1,0,0,0,0
2024-05-15T01:30:00,19.088686,72.867919,11,VABB,140,1.5,22000,1800,29.0,24.0,,1,0,0,0,0
2024-05-15T02:00:00,19.088686,72.867919,11,VABB,90,2.6,22000,1800,30.0,24.0,,0,1,0,0,0
2024-05-15T02:30:00,19.088686,72.867919,11,VABB,80,3.1,22000,1800,31.0,23.0,,0,1,0,0,0
2024-05-15T03:00:00,19.088686,72.867919,11,VABB,,0.0,,2000,30.0,23.3,1010.2,0,0,0,0,0
2024-05-15T03:00:00,19.088686,72.867919,11,VABB,170,2.1,22000,2000,31.0,23.0,,0,1,0,0,0
2024-05-15T03:30:00,19.088686,72.867919,11,VABB,40,2.6,22000,2000,32.0,22.0,,0,0,0,0,0
2024-05-15T04:00:00,19.088686,72.867919,11,VABB,30,2.6,22000,2500,33.0,21.0,,0,0,0,0,0
2024-05-15T04:30:00,19.088686,72.867919,11,VABB,140,2.1,22000,2500,34.0,21.0,,0,0,0,0,0
2024-05-15T05:00:00,19.088686,72.867919,11,VABB,120,2.1,22000,2500,35.0,21.0,,0,0,0,0,0
2024-05-15T05:30:00,19.088686,72.867919,11,VABB,150,1.5,22000,3000,36.0,21.0,,0,0,0,0,0
2024-05-15T06:00:00,19.088686,72.867919,11,VABB,,0.0,,2000,36.6,23.1,1009.8,0,0,0,0,0
2024-05-15T06:00:00,19.088686,72.867919,11,VABB,200,1.5,22000,3000,36.0,20.0,,0,0,0,0,0
2024-05-15T06:30:00,19.088686,72.867919,11,VABB,80,2.1,22000,3000,36.0,20.0,,0,0,0,0,0
2024-05-15T07:00:00,19.088686,72.867919,11,VABB,260,4.6,22000,3000,36.0,22.0,,0,0,0,0,0
2024-05-15T07:30:00,19.088686,72.867919,11,VABB,220,5.1,22000,3000,36.0,22.0,,0,0,0,0,0
2024-05-15T08:00:00,19.088686,72.867919,11,VABB,240,5.1,22000,3000,36.0,22.0,,0,0,0,0,0
2024-05-15T08:30:00,19.088686,72.867919,11,VABB,240,5.7,22000,3000,37.0,22.0,,0,0,0,0,0
2024-05-15T09:00:00,19.088686,72.867919,11,VABB,270,1.5,,2000,37.0,24.3,1006.8,0,0,0,0,0
2024-05-15T09:00:00,19.088686,72.867919,11,VABB,250,5.7,22000,3000,36.0,22.0,,0,0,0,0,0
2024-05-15T09:30:00,19.088686,72.867919,11,VABB,250,5.7,22000,3000,35.0,22.0,,0,0,0,0,0
2024-05-15T10:00:00,19.088686,72.867919,11,VABB,270,6.2,22000,3000,35.0,23.0,,0,0,0,0,0
2024-05-15T10:30:00,19.088686,72.867919,11,VABB,260,6.7,22000,3000,34.0,25.0,,0,0,0,0,0
2024-05-15T11:00:00,19.088686,72.867919,11,VABB,270,5.7,2500,3000,35.0,26.0,,0,0,0,0,0
2024-05-15T11:30:00,19.088686,72.867919,11,VABB,290,6.2,2500,3000,34.0,24.0,,0,0,0,0,0
2024-05-15T12:00:00,19.088686,72.867919,11,VABB,320,2.6,,2000,34.4,24.5,1005.4,0,0,0,0,0
2024-05-15T12:00:00,19.088686,72.867919,11,VABB,270,5.1,2500,3000,33.0,25.0,,0,0,0,0,0
2024-05-15T12:30:00,19.088686,72.867919,11,VABB,280,4.6,2500,2500,33.0,27.0,,0,1,0,0,0
2024-05-15T13:00:00,19.088686,72.867919,11,VABB,280,5.1,2500,2500,33.0,26.0,,0,1,0,0,0
2024-05-15T13:30:00,19.088686,72.867919,11,VABB,300,4.6,2500,2500,32.0,26.0,,0,1,0,0,0
2024-05-15T14:00:00,19.088686,72.867919,11,VABB,320,4.1,2500,2500,32.0,27.0,,0,1,0,0,0
2024-05-15T14:30:00,19.088686,72.867919,11,VABB,350,4.6,22000,2500,32.0,26.0,,0,1,0,0,0
2024-05-15T15:00:00,19.088686,72.867919,11,VABB,,0.0,22000,2000,31.8,25.6,1007.9,0,0,0,0,0
2024-05-15T15:00:00,19.088686,72.867919,11,VABB,260,3.6,22000,2500,32.0,26.0,,0,1,0,0,0
2024-05-15T15:30:00,19.088686,72.867919,11,VABB,260,3.6,22000,2500,32.0,27.0,,0,1,0,0,0
2024-05-15T16:00:00,19.088686,72.867919,11,VABB,310,2.6,22000,2500,32.0,29.0,,0,1,0,0,0
2024-05-15T16:30:00,19.088686,72.867919,11,VABB,280,2.6,22000,2500,31.0,28.0,,0,1,0,0,0
2024-05-15T17:00:00,19.088686,72.867919,11,VABB,290,4.1,22000,2500,31.0,29.0,,0,1,0,0,0
2024-05-15T17:30:00,19.088686,72.867919,11,VABB,320,3.1,22000,2500,32.0,28.0,,0,1,0,0,0
2024-05-15T18:00:00,19.088686,72.867919,11,VABB,,0.0,,2000,30.8,26.3,1009.0,0,0,0,0,0
2024-05-15T18:00:00,19.088686,72.867919,11,VABB,320,3.1,22000,2500,32.0,27.0,,0,1,0,0,0
2024-05-15T18:30:00,19.088686,72.867919,11,VABB,330,3.1,22000,2500,31.0,27.0,,0,1,0,0,0
2024-05-15T19:00:00,19.088686,72.867919,11,VABB,320,2.6,22000,2500,31.0,28.0,,0,1,0,0,0
2024-05-15T19:30:00,19.088686,72.867919,11,VABB,360,2.1,2000,2500,31.0,28.0,,0,1,0,0,0
2024-05-15T20:00:00,19.088686,72.867919,11,VABB,310,1.5,2000,2500,31.0,28.0,,0,1,0,0,0
2024-05-15T20:02:00,19.088686,72.867919,11,VABB,310,1.5,2000,2500,31.0,28.0,,0,1,0,0,0
2024-05-15T20:30:00,19.088686,72.867919,11,VABB,340,1.5,2000,2500,31.0,28.0,,0,1,0,0,0
2024-05-15T21:00:00,19.088686,72.867919,11,VABB,,0.0,22000,2000,30.4,26.8,1008.0,0,0,0,0,0
2024-05-15T21:00:00,19.088686,72.867919,11,VABB,210,3.1,2000,2500,31.0,28.0,,1,0,0,0,0
2024-05-15T21:30:00,19.088686,72.867919,11,VABB,270,1.0,2000,2500,30.0,28.0,,1,0,0,0,0
2024-05-15T22:00:00,19.088686,72.867919,11,VABB,230,2.1,2000,2500,30.0,28.0,,1,0,0,0,0
2024-05-15T22:30:00,19.088686,72.867919,11,VABB,260,3.1,2000,2500,30.0,28.0,,1,0,0,0,0
2024-05-15T23:00:00,19.088686,72.867919,11,VABB,250,2.1,22000,2500,30.0,29.0,,1,0,0,0,0
2024-05-15T23:30:00,19.088686,72.867919,11,VABB,50,1.5,22000,2500,30.0,28.0,,1,0,0,0,0
2024-05-16T00:00:00,19.088686,72.867919,11,VABB,,0.0,22000,2000,29.8,26.7,1009.0,0,0,0,0,0
2024-05-16T00:00:00,19.088686,72.867919,11,VABB,110,1.5,22000,2500,30.0,28.0,,1,0,0,0,0
2024-05-16T00:30:00,19.088686,72.867919,11,VABB,100,2.1,2000,2500,30.0,28.0,,1,0,0,0,0
2024-05-16T01:00:00,19.088686,72.867919,11,VABB,170,1.5,3048,2500,30.0,28.0,,1,0,0,0,0
2024-05-16T01:30:00,19.088686,72.867919,11,VABB,0,0.0,10000,2500,31.0,27.0,,0,1,0,0,0
2024-05-16T02:00:00,19.088686,72.867919,11,VABB,330,2.6,10000,2500,31.0,27.0,,0,1,0,0,0
2024-05-16T02:30:00,19.088686,72.867919,11,VABB,330,2.1,10000,2200,32.0,28.0,,1,0,0,0,0
2024-05-16T03:00:00,19.088686,72.867919,11,VABB,,0.0,22000,2000,31.6,26.6,1009.6,0,0,0,0,0
2024-05-16T03:00:00,19.088686,72.867919,11,VABB,360,2.1,10000,2200,33.0,27.0,,0,1,0,0,0
2024-05-16T03:30:00,19.088686,72.867919,11,VABB,20,2.6,10000,2200,33.0,27.0,,0,1,0,0,0
2024-05-16T04:00:00,19.088686,72.867919,11,VABB,270,2.1,10000,2200,35.0,26.0,,0,1,0,0,0
2024-05-16T04:30:00,19.088686,72.867919,11,VABB,260,4.6,10000,2500,34.0,27.0,,0,1,0,0,0
2024-05-16T05:00:00,19.088686,72.867919,11,VABB,260,3.6,10000,2500,34.0,27.0,,0,1,0,0,0
2024-05-16T05:30:00,19.088686,72.867919,11,VABB,260,5.7,10000,2500,34.0,28.0,,0,1,0,0,0
2024-05-16T06:00:00,19.088686,72.867919,11,VABB,290,3.1,,2000,35.0,26.7,1009.2,0,0,0,0,0
2024-05-16T06:00:00,19.088686,72.867919,11,VABB,270,6.7,2000,2500,34.0,28.0,,0,1,0,0,0
2024-05-16T06:30:00,19.088686,72.867919,11,VABB,290,4.6,22000,3000,34.0,29.0,,0,1,0,0,0
2024-05-16T07:00:00,19.088686,72.867919,11,VABB,260,7.2,22000,3000,34.0,29.0,,0,1,0,0,0
2024-05-16T07:30:00,19.088686,72.867919,11,VABB,260,6.7,22000,3000,34.0,28.0,,0,1,0,0,0
2024-05-16T08:00:00,19.088686,72.867919,11,VABB,300,5.7,2500,3500,34.0,27.0,,0,1,0,0,0
2024-05-16T08:30:00,19.088686,72.867919,11,VABB,250,5.1,2500,3500,34.0,24.0,,0,0,0,0,0
2024-05-16T09:00:00,19.088686,72.867919,11,VABB,290,1.5,22000,2000,35.4,24.4,1006.1,0,0,0,0,0
2024-05-16T09:00:00,19.088686,72.867919,11,VABB,230,5.7,2500,3500,34.0,25.0,,0,0,0,0,0
2024-05-16T09:30:00,19.088686,72.867919,11,VABB,290,6.2,2500,4000,34.0,25.0,,0,0,0,0,0
2024-05-16T10:00:00,19.088686,72.867919,11,VABB,280,6.2,762,4000,34.0,24.0,,0,0,0,0,0
2024-05-16T10:30:00,19.088686,72.867919,11,VABB,300,4.1,762,4000,34.0,25.0,,0,0,0,0,0
2024-05-16T11:00:00,19.088686,72.867919,11,VABB,280,5.1,2000,3500,34.0,26.0,,0,1,0,0,0
2024-05-16T11:30:00,19.088686,72.867919,11,VABB,310,2.1,3048,3500,35.0,23.0,,0,0,0,0,0
2024-05-16T12:00:00,19.088686,72.867919,11,VABB,,0.0,750,2000,35.2,23.8,1006.1,0,0,0,0,0
2024-05-16T12:00:00,19.088686,72.867919,11,VABB,190,1.5,3048,3500,33.0,24.0,,0,0,0,0,0
2024-05-16T12:30:00,19.088686,72.867919,11,VABB,150,4.6,3048,3000,34.0,19.0,,0,0,0,0,1
2024-05-16T13:00:00,19.088686,72.867919,11,VABB,160,2.6,2000,3000,32.0,18.0,,0,0,0,0,0
2024-05-16T13:30:00,19.088686,72.867919,11,VABB,90,6.2,2000,3000,31.0,19.0,,0,0,0,0,0
2024-05-16T14:00:00,19.088686,72.867919,11,VABB,130,1.5,2000,3000,31.0,19.0,,0,0,0,0,0
2024-05-16T14:30:00,19.088686,72.867919,11,VABB,80,5.7,2000,3000,30.0,20.0,,0,0,0,0,0
2024-05-16T15:00:00,19.088686,72.867919,11,VABB,,0.0,,2000,31.4,20.6,1007.6,0,0,0,0,0
2024-05-16T15:00:00,19.088686,72.867919,11,VABB,120,1.5,2000,3000,30.0,20.0,,0,0,0,0,0
2024-05-16T15:30:00,19.088686,72.867919,11,VABB,0,0.0,3048,3000,30.0,19.0,,0,0,0,0,0
2024-05-16T16:00:00,19.088686,72.867919,11,VABB,280,3.6,3048,3000,31.0,19.0,,0,0,0,0,0
2024-05-16T16:30:00,19.088686,72.867919,11,VABB,100,2.1,3048,3000,31.0,20.0,,0,0,0,0,0
2024-05-16T17:00:00,19.088686,72.867919,11,VABB,120,4.1,3048,3000,31.0,22.0,,0,0,0,0,0
2024-05-16T17:30:00,19.088686,72.867919,11,VABB,130,1.5,3048,3000,31.0,22.0,,0,0,0,0,0
2024-05-16T18:00:00,19.088686,72.867919,11,VABB,,0.0,,2000,30.4,21.5,1007.6,0,0,0,0,0
2024-05-16T18:00:00,19.088686,72.867919,11,VABB,110,3.6,3048,3000,31.0,21.0,,0,0,0,0,0
2024-05-16T18:30:00,19.088686,72.867919,11,VABB,170,2.6,2000,3000,30.0,21.0,,0,0,0,0,0
2024-05-16T19:00:00,19.088686,72.867919,11,VABB,120,3.6,762,2500,30.0,21.0,,0,0,0,0,0
2024-05-16T19:30:00,19.088686,72.867919,11,VABB,200,2.6,2000,2500,31.0,22.0,,0,0,0,0,0
2024-05-16T20:00:00,19.088686,72.867919,11,VABB,190,3.1,2000,2500,31.0,21.0,,0,0,0,0,0
2024-05-16T20:30:00,19.088686,72.867919,11,VABB,240,4.1,2000,2500,30.0,21.0,,0,0,0,0,0
2024-05-16T21:00:00,19.088686,72.867919,11,VABB,,0.0,,2000,30.4,22.2,1006.6,0,0,0,0,0
2024-05-16T21:00:00,19.088686,72.867919,11,VABB,250,2.1,2000,2500,30.0,22.0,,0,0,0,0,0
2024-05-16T21:30:00,19.088686,72.867919,11,VABB,230,2.6,2000,2500,30.0,23.0,,0,1,0,0,0
2024-05-16T22:00:00,19.088686,72.867919,11,VABB,260,2.6,2000,2500,30.0,24.0,,0,1,0,0,0
2024-05-16T22:30:00,19.088686,72.867919,11,VABB,240,2.1,2000,2500,30.0,23.0,,0,1,0,0,0
2024-05-16T23:00:00,19.088686,72.867919,11,VABB,200,2.1,2000,2500,31.0,22.0,,0,1,0,0,0
2024-05-16T23:30:00,19.088686,72.867919,11,VABB,200,1.5,2000,2500,30.0,23.0,,0,1,0,0,0
2024-05-17T00:00:00,19.088686,72.867919,11,VABB,,0.0,22000,2000,29.2,23.7,1008.2,0,0,0,0,0
2024-05-17T00:00:00,19.088686,72.867919,11,VABB,150,2.1,2000,2500,30.0,23.0,,0,1,0,0,0
2024-05-17T00:30:00,19.088686,72.867919,11,VABB,120,2.1,2000,2500,30.0,23.0,,0,1,0,0,0
2024-05-17T01:00:00,19.088686,72.867919,11,VABB,140,1.5,2000,2500,30.0,23.0,,0,1,0,0,0
2024-05-17T01:30:00,19.088686,72.867919,11,VABB,120,2.6,2000,2500,30.0,23.0,,0,1,0,0,0
2024-05-17T02:00:00,19.088686,72.867919,11,VABB,110,2.1,2000,2500,30.0,23.0,,0,1,0,0,0
2024-05-17T02:30:00,19.088686,72.867919,11,VABB,120,2.6,2000,2500,31.0,23.0,,0,1,0,0,0
2024-05-17T03:00:00,19.088686,72.867919,11,VABB,,0.0,750,2000,31.6,23.5,1009.3,0,0,0,0,0
2024-05-17T03:00:00,19.088686,72.867919,11,VABB,100,2.6,2000,2500,31.0,23.0,,0,1,0,0,0
2024-05-17T03:30:00,19.088686,72.867919,11,VABB,0,0.0,2000,2500,32.0,23.0,,0,1,0,0,0
2024-05-17T04:00:00,19.088686,72.867919,11,VABB,160,1.5,2000,2500,32.0,24.0,,0,1,0,0,0
2024-05-17T04:30:00,19.088686,72.867919,11,VABB,170,2.1,2000,2500,33.0,24.0,,0,1,0,0,0
2024-05-17T05:00:00,19.088686,72.867919,11,VABB,230,1.5,10000,2500,34.0,23.0,,0,0,0,0,0
2024-05-17T05:30:00,19.088686,72.867919,11,VABB,240,2.1,10000,2500,35.0,23.0,,0,0,0,0,0
2024-05-17T06:00:00,19.088686,72.867919,11,VABB,320,2.1,22000,2000,35.0,23.6,1008.6,0,0,0,0,0
2024-05-17T06:00:00,19.088686,72.867919,11,VABB,260,4.6,10000,2500,34.0,24.0,,0,0,0,0,0
2024-05-17T06:30:00,19.088686,72.867919,11,VABB,220,4.6,10000,2500,34.0,24.0,,0,0,0,0,0
2024-05-17T07:00:00,19.088686,72.867919,11,VABB,260,4.6,10000,3000,35.0,24.0,,0,0,0,0,0
2024-05-17T07:30:00,19.088686,72.867919,11,VABB,230,5.1,10000,3000,35.0,23.0,,0,0,0,0,0
2024-05-17T08:00:00,19.088686,72.867919,11,VABB,240,5.7,10000,3000,35.0,24.0,,0,0,0,0,0
2024-05-17T08:30:00,19.088686,72.867919,11,VABB,240,5.7,10000,3500,35.0,22.0,,0,0,0,0,0
2024-05-17T09:00:00,19.088686,72.867919,11,VABB,250,3.1,,2000,35.4,22.4,1006.0,0,0,0,0,0
2024-05-17T09:00:00,19.088686,72.867919,11,VABB,250,5.1,10000,3500,35.0,21.0,,0,0,0,0,0
2024-05-17T09:30:00,19.088686,72.867919,11,VABB,250,5.1,22000,3500,35.0,22.0,,0,0,0,0,0
2024-05-17T10:00:00,19.088686,72.867919,11,VABB,260,5.1,22000,3500,34.0,22.0,,0,0,0,0,0
2024-05-17T10:30:00,19.088686,72.867919,11,VABB,260,5.1,22000,3500,34.0,22.0,,0,0,0,0,0
2024-05-17T11:00:00,19.088686,72.867919,11,VABB,250,6.7,22000,3500,33.0,24.0,,0,0,0,0,0
2024-05-17T11:30:00,19.088686,72.867919,11,VABB,260,6.7,22000,3500,33.0,25.0,,0,0,0,0,0
2024-05-17T12:00:00,19.088686,72.867919,11,VABB,320,3.1,,2000,34.0,25.0,1004.4,0,0,0,0,0
2024-05-17T12:00:00,19.088686,72.867919,11,VABB,260,4.6,22000,3500,33.0,26.0,,0,1,0,0,0
2024-05-17T12:30:00,19.088686,72.867919,11,VABB,280,6.7,2000,3500,32.0,27.0,,0,1,0,0,0
2024-05-17T13:00:00,19.088686,72.867919,11,VABB,270,5.1,2000,3500,31.0,28.0,,1,0,0,0,0
2024-05-17T13:30:00,19.088686,72.867919,11,VABB,290,4.1,762,3000,31.0,28.0,,1,0,0,0,0
2024-05-17T14:00:00,19.088686,72.867919,11,VABB,280,4.1,610,3000,31.0,28.0,,1,0,0,0,0
2024-05-17T14:30:00,19.088686,72.867919,11,VABB,280,3.1,610,3000,31.0,28.0,,1,0,0,0,0
2024-05-17T15:00:00,19.088686,72.867919,11,VABB,270,1.5,,2000,31.2,27.1,1006.4,0,0,0,0,0
2024-05-17T15:00:00,19.088686,72.867919,11,VABB,230,2.6,610,3000,31.0,28.0,,1,0,0,0,0
2024-05-17T15:30:00,19.088686,72.867919,11,VABB,220,2.6,610,3000,31.0,28.0,,1,0,0,0,0
2024-05-17T16:00:00,19.088686,72.867919,11,VABB,230,2.6,3048,3000,31.0,28.0,,1,0,0,0,0
2024-05-17T16:30:00,19.088686,72.867919,11,VABB,230,3.6,3048,3000,31.0,28.0,,1,0,0,0,0
2024-05-17T17:00:00,19.088686,72.867919,11,VABB,260,4.6,3048,3000,31.0,28.0,,1,0,0,0,0
2024-05-17T17:30:00,19.088686,72.867919,11,VABB,250,4.6,762,3000,31.0,28.0,,1,0,0,0,0
2024-05-17T18:00:00,19.088686,72.867919,11,VABB,,0.0,,2000,30.8,27.2,1007.6,0,0,0,0,0
2024-05-17T18:00:00,19.088686,72.867919,11,VABB,260,2.1,762,3000,31.0,28.0,,1,0,0,0,0
2024-05-17T18:30:00,19.088686,72.867919,11,VABB,300,1.5,762,3000,31.0,28.0,,1,0,0,0,0
2024-05-17T19:00:00,19.088686,72.867919,11,VABB,0,0.0,762,3000,31.0,28.0,,1,0,0,0,0
2024-05-17T19:30:00,19.088686,72.867919,11,VABB,170,1.5,762,3000,31.0,28.0,,1,0,0,0,0
2024-05-17T20:00:00,19.088686,72.867919,11,VABB,0,0.0,762,3000,30.0,25.0,,1,0,0,0,0
2024-05-17T20:30:00,19.088686,72.867919,11,VABB,0,0.0,762,3000,31.0,27.0,,1,0,0,0,0
2024-05-17T21:00:00,19.088686,72.867919,11,VABB,,0.0,22000,2000,30.2,26.6,1005.8,0,0,0,0,0
2024-05-17T21:00:00,19.088686,72.867919,11,VABB,180,3.1,762,3000,31.0,27.0,,1,0,0,0,0
2024-05-17T21:30:00,19.088686,72.867919,11,VABB,210,2.6,2000,3000,31.0,27.0,,1,0,0,0,0
2024-05-17T22:00:00,19.088686,72.867919,11,VABB,210,2.1,2000,3000,31.0,28.0,,1,0,0,0,0
2024-05-17T22:30:00,19.088686,72.867919,11,VABB,180,2.1,2000,3000,31.0,27.0,,1,0,0,0,0
2024-05-17T23:00:00,19.088686,72.867919,11,VABB,220,1.5,2000,3000,31.0,27.0,,1,0,0,0,0
2024-05-17T23:30:00,19.088686,72.867919,11,VABB,250,3.1,2000,3000,30.0,28.0,,1,0,0,0,0
2024-05-18T00:00:00,19.088686,72.867919,11,VABB,,0.0,22000,2000,30.0,27.2,1005.4,0,0,0,0,0
2024-05-18T00:00:00,19.088686,72.867919,11,VABB,260,3.1,2000,3000,30.0,28.0,,1,0,0,0,0
2024-05-18T00:30:00,19.088686,72.867919,11,VABB,250,3.1,2000,3000,30.0,28.0,,1,0,0,0,0
2024-05-18T01:00:00,19.088686,72.867919,11,VABB,230,3.1,2000,3000,30.0,28.0,,1,0,0,0,0
2024-05-18T01:30:00,19.088686,72.867919,11,VABB,270,1.5,762,3000,30.0,28.0,,1,0,0,0,0
2024-05-18T02:00:00,19.088686,72.867919,11,VABB,360,2.1,762,3000,30.0,28.0,,1,0,0,0,0
2024-05-18T02:30:00,19.088686,72.867919,11,VABB,310,1.5,762,3000,31.0,28.0,,1,0,0,0,0
2024-05-18T03:00:00,19.088686,72.867919,11,VABB,,0.0,750,2000,31.4,26.7,1007.0,0,0,0,0,0
2024-05-18T03:00:00,19.088686,72.867919,11,VABB,270,1.5,762,3000,31.0,28.0,,1,0,0,0,0
2024-05-18T03:30:00,19.088686,72.867919,11,VABB,210,2.6,762,3000,31.0,28.0,,1,0,0,0,0
2024-05-18T04:00:00,19.088686,72.867919,11,VABB,0,0.0,762,3000,32.0,28.0,,1,0,0,0,0
2024-05-18T04:30:00,19.088686,72.867919,11,VABB,250,3.6,2000,3000,32.0,28.0,,1,0,0,0,0
2024-05-18T05:00:00,19.088686,72.867919,11,VABB,280,2.6,2000,3000,33.0,28.0,,1,0,0,0,0
2024-05-18T05:30:00,19.088686,72.867919,11,VABB,240,3.1,2000,3000,34.0,28.0,,0,1,0,0,0
2024-05-18T06:00:00,19.088686,72.867919,11,VABB,320,2.6,22000,2000,34.4,27.0,1006.3,0,0,0,0,0
2024-05-18T06:00:00,19.088686,72.867919,11,VABB,250,3.6,2000,3000,34.0,28.0,,0,1,0,0,0
2024-05-18T06:30:00,19.088686,72.867919,11,VABB,250,4.1,2000,3000,34.0,28.0,,0,1,0,0,0
2024-05-18T07:00:00,19.088686,72.867919,11,VABB,250,6.2,2000,3000,34.0,28.0,,0,1,0,0,0
2024-05-18T07:30:00,19.088686,72.867919,11,VABB,270,5.1,2000,3000,33.0,28.0,,0,1,0,0,0
2024-05-18T08:00:00,19.088686,72.867919,11,VABB,280,4.6,22000,3000,33.0,28.0,,0,1,0,0,0
2024-05-18T08:30:00,19.088686,72.867919,11,VABB,270,4.6,22000,4000,33.0,28.0,,0,1,0,0,0
2024-05-18T09:00:00,19.088686,72.867919,11,VABB,320,2.1,,2000,34.2,26.4,1003.6,0,0,0,0,0
2024-05-18T09:00:00,19.088686,72.867919,11,VABB,260,3.6,22000,4000,24.0,27.0,,0,1,0,0,1
2024-05-18T09:30:00,19.088686,72.867919,11,VABB,260,5.7,22000,4000,33.0,27.0,,0,1,0,0,0
2024-05-18T10:00:00,19.088686,72.867919,11,VABB,270,5.7,22000,4000,33.0,27.0,,0,1,0,0,0
2024-05-18T10:30:00,19.088686,72.867919,11,VABB,270,6.2,2000,4000,33.0,27.0,,0,1,0,0,0
2024-05-18T11:00:00,19.088686,72.867919,11,VABB,240,6.2,22000,4000,33.0,27.0,,0,1,0,0,0
2024-05-18T11:30:00,19.088686,72.867919,11,VABB,280,5.7,22000,4000,33.0,28.0,,1,0,0,0,0
2024-05-18T12:00:00,19.088686,72.867919,11,VABB,320,2.1,,2000,33.6,27.0,1001.7,0,0,0,0,0
2024-05-18T12:30:00,19.088686,72.867919,11,VABB,260,5.1,2000,3500,32.0,28.0,,1,0,0,0,0
2024-05-18T13:00:00,19.088686,72.867919,11,VABB,280,5.1,762,3500,32.0,28.0,,1,0,0,0,0
2024-05-18T13:30:00,19.088686,72.867919,11,VABB,260,4.6,762,3000,31.0,29.0,,1,0,0,0,0
2024-05-18T14:00:00,19.088686,72.867919,11,VABB,270,4.1,762,3000,31.0,29.0,,1,0,0,0,0
2024-05-18T14:30:00,19.088686,72.867919,11,VABB,270,4.1,762,3000,31.0,29.0,,1,0,0,0,0
2024-05-18T15:00:00,19.088686,72.867919,11,VABB,320,1.5,,2000,31.4,27.3,1003.3,0,0,0,0,0
2024-05-18T15:00:00,19.088686,72.867919,11,VABB,270,3.6,762,3000,31.0,29.0,,1,0,0,0,0
2024-05-18T15:30:00,19.088686,72.867919,11,VABB,240,3.6,762,3000,31.0,29.0,,1,0,0,0,0
2024-05-18T16:00:00,19.088686,72.867919,11,VABB,240,4.1,762,3000,31.0,29.0,,1,0,0,0,0
2024-05-18T16:30:00,19.088686,72.867919,11,VABB,240,3.6,762,3000,31.0,29.0,,1,0,0,0,0
2024-05-18T17:00:00,19.088686,72.867919,11,VABB,250,3.6,762,3000,31.0,29.0,,1,0,0,0,0
2024-05-18T17:30:00,19.088686,72.867919,11,VABB,260,4.1,762,3000,31.0,28.0,,1,0,0,0,0
2024-05-18T18:00:00,19.088686,72.867919,11,VABB,,0.0,22000,2000,31.0,26.6,1005.3,0,0,0,0,0
2024-05-18T18:00:00,19.088686,72.867919,11,VABB,250,2.6,762,3000,31.0,28.0,,1,0,0,0,0
2024-05-18T18:30:00,19.088686,72.867919,11,VABB,220,2.6,762,3000,31.0,27.0,,1,0,0,0,0
2024-05-18T19:00:00,19.088686,72.867919,11,VABB,230,3.1,2000,3000,31.0,27.0,,1,0,0,0,0
2024-05-18T19:30:00,19.088686,72.867919,11,VABB,210,2.6,2000,3000,31.0,27.0,,1,0,0,0,0
2024-05-18T20:00:00,19.088686,72.867919,11,VABB,190,2.1,2000,3000,31.0,27.0,,1,0,0,0,0
2024-05-18T20:30:00,19.088686,72.867919,11,VABB,230,3.6,2000,3000,31.0,27.0,,1,0,0,0,0
2024-05-18T21:00:00,19.088686,72.867919,11,VABB,,0.0,,2000,30.4,26.2,1003.6,0,0,0,0,0
2024-05-18T21:00:00,19.088686,72.867919,11,VABB,160,2.1,2000,3000,31.0,27.0,,1,0,0,0,0
2024-05-18T21:30:00,19.088686,72.867919,11,VABB,130,1.5,2000,3000,31.0,26.0,,1,0,0,0,0
2024-05-18T22:00:00,19.088686,72.867919,11,VABB,180,2.1,2000,3000,30.0,27.0,,1,0,0,0,0
2024-05-18T22:30:00,19.088686,72.867919,11,VABB,190,2.1,2000,3000,30.0,28.0,,1,0,0,0,0
2024-05-18T23:00:00,19.088686,72.867919,11,VABB,250,2.1,2000,3000,30.0,27.0,,1,0,0,0,0
2024-05-18T23:30:00,19.088686,72.867919,11,VABB,240,2.6,2000,3000,30.0,28.0,,1,0,0,0,0
2024-05-19T00:00:00,19.088686,72.867919,11,VABB,,0.0,22000,2000,30.2,26.3,1003.7,0,0,0,0,0
2024-05-19T00:00:00,19.088686,72.867919,11,VABB,220,2.6,2000,3000,30.0,28.0,,1,0,0,0,0
2024-05-19T00:30:00,19.088686,72.867919,11,VABB,220,2.1,762,3000,30.0,28.0,,1,0,0,0,0
2024-05-19T01:00:00,19.088686,72.867919,11,VABB,200,2.1,762,3000,30.0,27.0,,1,0,0,0,0
2024-05-19T01:30:00,19.088686,72.867919,11,VABB,160,2.6,762,3000,30.0,27.0,,1,0,0,0,0
2024-05-19T02:00:00,19.088686,72.867919,11,VABB,200,2.1,762,3000,31.0,27.0,,1,0,0,0,0
2024-05-19T02:30:00,19.088686,72.867919,11,VABB,150,2.1,762,3000,31.0,27.0,,1,0,0,0,0
2024-05-19T03:00:00,19.088686,72.867919,11,VABB,180,1.5,22000,2000,31.8,25.9,1005.0,0,0,0,0,0
2024-05-19T03:00:00,19.088686,72.867919,11,VABB,210,4.1,762,3000,32.0,27.0,,1,0,0,0,0
2024-05-19T03:30:00,19.088686,72.867919,11,VABB,230,2.6,762,3500,32.0,26.0,,0,1,0,0,0
2024-05-19T04:00:00,19.088686,72.867919,11,VABB,150,2.6,762,3500,33.0,26.0,,0,1,0,0,0
2024-05-19T04:30:00,19.088686,72.867919,11,VABB,200,3.6,2000,3500,34.0,27.0,,0,1,0,0,0
2024-05-19T05:00:00,19.088686,72.867919,11,VABB,270,5.1,762,3500,33.0,27.0,,0,1,0,0,0
2024-05-19T05:30:00,19.088686,72.867919,11,VABB,260,4.6,2000,3500,33.0,27.0,,0,1,0,0,0
2024-05-19T06:00:00,19.088686,72.867919,11,VABB,230,2.1,22000,2000,34.4,25.8,1005.0,0,0,0,0,0
2024-05-19T06:00:00,19.088686,72.867919,11,VABB,250,3.6,2000,4000,34.0,27.0,,0,1,0,0,1
2024-05-19T06:30:00,19.088686,72.867919,11,VABB,250,4.6,2000,4000,34.0,27.0,,0,1,0,0,0
2024-05-19T07:00:00,19.088686,72.867919,11,VABB,250,6.2,2000,4000,33.0,26.0,,0,1,0,0,0
2024-05-19T07:30:00,19.088686,72.867919,11,VABB,260,5.7,2000,4000,33.0,27.0,,0,1,0,0,0
2024-05-19T08:00:00,19.088686,72.867919,11,VABB,260,5.1,2000,4000,33.0,27.0,,0,1,0,0,0
2024-05-19T08:30:00,19.088686,72.867919,11,VABB,270,5.1,2000,4000,33.0,27.0,,0,1,0,0,0
2024-05-19T09:00:00,19.088686,72.867919,11,VABB,320,1.5,,2000,34.2,26.1,1002.6,0,0,0,0,0
2024-05-19T09:00:00,19.088686,72.867919,11,VABB,260,4.6,22000,4000,33.0,27.0,,0,1,0,0,0
2024-05-19T09:30:00,19.088686,72.867919,11,VABB,270,5.7,22000,4000,34.0,28.0,,0,1,0,0,0
2024-05-19T10:00:00,19.088686,72.867919,11,VABB,280,6.2,22000,4000,33.0,28.0,,0,1,0,0,0
2024-05-19T10:01:00,19.088686,72.867919,11,VABB,280,6.2,22000,4000,33.0,28.0,,0,1,0,0,0
2024-05-19T10:30:00,19.088686,72.867919,11,VABB,250,6.2,2000,4000,33.0,28.0,,0,1,0,0,0
2024-05-19T11:00:00,19.088686,72.867919,11,VABB,290,4.6,2000,4000,33.0,28.0,,0,1,0,0,0
2024-05-19T11:30:00,19.088686,72.867919,11,VABB,280,5.7,2000,4000,33.0,28.0,,0,1,0,0,0
2024-05-19T12:00:00,19.088686,72.867919,11,VABB,320,1.5,,2000,33.6,26.7,999.9,0,0,0,0,0
2024-05-19T12:00:00,19.088686,72.867919,11,VABB,280,4.6,2000,4000,33.0,28.0,,0,1,0,0,0
2024-05-19T12:30:00,19.088686,72.867919,11,VABB,280,5.1,2000,4000,32.0,28.0,,0,1,0,0,0
2024-05-19T13:00:00,19.088686,72.867919,11,VABB,260,4.6,2000,3500,32.0,27.0,,0,1,0,0,0
2024-05-19T13:30:00,19.088686,72.867919,11,VABB,260,4.6,2000,3500,32.0,28.0,,0,1,0,0,0
2024-05-19T14:00:00,19.088686,72.867919,11,VABB,270,3.6,2000,3500,31.0,27.0,,0,1,0,0,0
2024-05-19T15:00:00,19.088686,72.867919,11,VABB,,0.0,22000,2000,31.4,26.1,1002.4,0,0,0,0,0
2024-05-19T15:00:00,19.088686,72.867919,11,VABB,240,4.6,2000,3000,31.0,28.0,,0,1,0,0,0
2024-05-19T15:30:00,19.088686,72.867919,11,VABB,230,3.6,762,3000,31.0,27.0,,1,0,0,0,0
2024-05-19T16:00:00,19.088686,72.867919,11,VABB,250,4.1,762,3000,31.0,27.0,,1,0,0,0,0
2024-05-19T16:30:00,19.088686,72.867919,11,VABB,220,3.6,762,3000,31.0,27.0,,1,0,0,0,0
2024-05-19T17:00:00,19.088686,72.867919,11,VABB,230,3.6,762,3000,31.0,27.0,,1,0,0,0,0
2024-05-19T17:30:00,19.088686,72.867919,11,VABB,230,3.1,762,3000,31.0,27.0,,1,0,0,0,0
2024-05-19T18:00:00,19.088686,72.867919,11,VABB,,0.0,22000,2000,31.0,26.0,1003.3,0,0,0,0,0
2024-05-19T18:00:00,19.088686,72.867919,11,VABB,240,4.1,2000,3000,31.0,27.0,,1,0,0,0,0
2024-05-19T18:30:00,19.088686,72.867919,11,VABB,230,3.6,2000,3000,31.0,28.0,,1,0,0,0,0
2024-05-19T19:00:00,19.088686,72.867919,11,VABB,220,2.6,2000,3000,31.0,27.0,,1,0,0,0,0
2024-05-19T19:30:00,19.088686,72.867919,11,VABB,210,2.6,2000,3000,31.0,27.0,,1,0,0,0,0
2024-05-19T20:00:00,19.088686,72.867919,11,VABB,240,3.1,2000,3000,31.0,27.0,,1,0,0,0,0
2024-05-19T20:30:00,19.088686,72.867919,11,VABB,190,3.1,2000,3000,31.0,27.0,,1,0,0,0,0
2024-05-19T21:00:00,19.088686,72.867919,11,VABB,,0.0,22000,2000,30.6,25.5,1002.6,0,0,0,0,0
2024-05-19T21:00:00,19.088686,72.867919,11,VABB,180,3.1,2000,3000,31.0,26.0,,1,0,0,0,0
2024-05-19T21:30:00,19.088686,72.867919,11,VABB,180,3.6,2000,3000,31.0,27.0,,1,0,0,0,0
2024-05-19T22:00:00,19.088686,72.867919,11,VABB,190,2.6,762,3000,30.0,27.0,,1,0,0,0,0
2024-05-19T22:30:00,19.088686,72.867919,11,VABB,190,2.1,762,3000,30.0,27.0,,1,0,0,0,0
2024-05-19T23:00:00,19.088686,72.867919,11,VABB,200,2.6,762,3000,31.0,27.0,,1,0,0,0,0
2024-05-19T23:30:00,19.088686,72.867919,11,VABB,220,1.5,762,3000,31.0,26.0,,1,0,0,0,0
2024-05-20T00:00:00,19.088686,72.867919,11,VABB,,0.0,22000,2000,29.8,25.6,1003.2,0,0,0,0,0
2024-05-20T00:00:00,19.088686,72.867919,11,VABB,260,1.5,762,3000,30.0,27.0,,1,0,0,0,0
2024-05-20T00:30:00,19.088686,72.867919,11,VABB,230,2.6,762,3000,30.0,27.0,,1,0,0,0,0
2024-05-20T01:00:00,19.088686,72.867919,11,VABB,240,3.1,762,3000,31.0,27.0,,1,0,0,0,0
2024-05-20T01:30:00,19.088686,72.867919,11,VABB,220,2.1,762,3000,31.0,26.0,,1,0,0,0,0
2024-05-20T02:00:00,19.088686,72.867919,11,VABB,240,3.1,762,3000,31.0,27.0,,1,0,0,0,0
2024-05-20T02:30:00,19.088686,72.867919,11,VABB,220,3.1,762,3000,31.0,27.0,,0,1,0,0,0
2024-05-20T03:00:00,19.088686,72.867919,11,VABB,,0.0,750,2000,31.8,26.5,1004.9,0,0,0,0,0
2024-05-20T03:00:00,19.088686,72.867919,11,VABB,230,2.6,762,3000,32.0,27.0,,0,1,0,0,0
2024-05-20T03:30:00,19.088686,72.867919,11,VABB,280,2.6,762,3000,32.0,27.0,,0,1,0,0,0
2024-05-20T04:00:00,19.088686,72.867919,11,VABB,210,3.1,762,4000,33.0,27.0,,0,1,0,0,0
2024-05-20T04:30:00,19.088686,72.867919,11,VABB,270,1.5,762,4000,33.0,27.0,,0,1,0,0,0
2024-05-20T05:00:00,19.088686,72.867919,11,VABB,190,3.1,762,4000,33.0,27.0,,0,1,0,0,0
2024-05-20T05:30:00,19.088686,72.867919,11,VABB,270,3.1,762,4000,33.0,28.0,,0,1,0,0,0
2024-05-20T06:00:00,19.088686,72.867919,11,VABB,230,2.1,,2000,34.2,26.4,1005.1,0,0,0,0,0
2024-05-20T06:00:00,19.088686,72.867919,11,VABB,240,5.7,2000,4000,34.0,28.0,,0,1,0,0,0
2024-05-20T06:30:00,19.088686,72.867919,11,VABB,250,5.1,2000,4000,34.0,28.0,,0,1,0,0,0
2024-05-20T07:00:00,19.088686,72.867919,11,VABB,250,4.6,2000,4000,33.0,28.0,,0,1,0,0,1
2024-05-20T07:30:00,19.088686,72.867919,11,VABB,260,6.7,2000,4000,33.0,28.0,,0,1,0,0,0
2024-05-20T08:00:00,19.088686,72.867919,11,VABB,250,4.6,2000,4000,33.0,28.0,,0,1,0,0,1
2024-05-20T08:30:00,19.088686,72.867919,11,VABB,200,4.6,2000,4000,32.0,25.0,,0,1,0,0,0
2024-05-20T09:00:00,19.088686,72.867919,11,VABB,320,3.1,22000,2000,34.4,26.7,1003.6,0,0,0,0,0
2024-05-20T09:00:00,19.088686,72.867919,11,VABB,240,5.1,2000,4000,33.0,26.0,,0,1,0,0,0
2024-05-20T09:30:00,19.088686,72.867919,11,VABB,250,4.6,2000,4000,32.0,26.0,,0,1,0,0,0
2024-05-20T10:00:00,19.088686,72.867919,11,VABB,240,5.1,2000,4000,32.0,26.0,,0,1,0,0,0
2024-05-20T10:30:00,19.088686,72.867919,11,VABB,270,7.2,762,4000,32.0,27.0,,0,1,0,0,0
2024-05-20T11:00:00,19.088686,72.867919,11,VABB,270,3.6,762,4000,33.0,28.0,,0,1,0,0,1
2024-05-20T11:30:00,19.088686,72.867919,11,VABB,260,6.7,2000,4000,33.0,27.0,,0,1,0,0,0
2024-05-20T12:00:00,19.088686,72.867919,11,VABB,290,2.1,22000,2000,33.4,26.2,1001.3,0,0,0,0,0
2024-05-20T12:00:00,19.088686,72.867919,11,VABB,260,6.7,762,4000,32.0,28.0,,1,0,0,0,0
2024-05-20T12:30:00,19.088686,72.867919,11,VABB,270,6.2,762,4000,32.0,28.0,,1,0,0,0,0
2024-05-20T13:00:00,19.088686,72.867919,11,VABB,270,5.7,762,4000,32.0,28.0,,1,0,0,0,0
2024-05-20T13:30:00,19.088686,72.867919,11,VABB,280,4.1,762,3500,31.0,28.0,,1,0,0,0,0
2024-05-20T14:00:00,19.088686,72.867919,11,VABB,280,3.6,762,3500,31.0,28.0,,1,0,0,0,0
2024-05-20T14:30:00,19.088686,72.867919,11,VABB,260,4.1,762,3000,31.0,27.0,,1,0,0,0,0
2024-05-20T15:00:00,19.088686,72.867919,11,VABB,320,3.1,,2000,31.4,26.7,1004.2,0,0,0,0,0
2024-05-20T15:00:00,19.088686,72.867919,11,VABB,250,5.1,762,3000,31.0,28.0,,1,0,0,0,0
2024-05-20T15:30:00,19.088686,72.867919,11,VABB,240,3.6,762,3000,31.0,28.0,,1,0,0,0,0
2024-05-20T16:00:00,19.088686,72.867919,11,VABB,230,3.1,762,3000,31.0,28.0,,1,0,0,0,0
2024-05-20T16:30:00,19.088686,72.867919,11,VABB,230,4.1,762,3000,31.0,27.0,,1,0,0,0,0
2024-05-20T17:00:00,19.088686,72.867919,11,VABB,220,3.1,762,3000,31.0,27.0,,1,0,0,0,0
2024-05-20T17:30:00,19.088686,72.867919,11,VABB,230,3.6,762,3000,31.0,27.0,,1,0,0,0,0
2024-05-20T18:00:00,19.088686,72.867919,11,VABB,220,3.6,762,3000,31.0,27.0,,1,0,0,0,0
2024-05-20T18:30:00,19.088686,72.867919,11,VABB,230,2.1,762,3000,31.0,27.0,,1,0,0,0,0
2024-05-20T19:00:00,19.088686,72.867919,11,VABB,220,2.1,762,3000,31.0,27.0,,1,0,0,0,0
2024-05-20T19:30:00,19.088686,72.867919,11,VABB,230,1.5,762,3000,31.0,26.0,,1,0,0,0,0
2024-05-20T20:00:00,19.088686,72.867919,11,VABB,170,2.1,2000,3000,31.0,27.0,,1,0,0,0,0
2024-05-20T20:30:00,19.088686,72.867919,11,VABB,220,2.1,2000,3000,31.0,27.0,,1,0,0,0,0
2024-05-20T21:00:00,19.088686,72.867919,11,VABB,,0.0,,2000,30.0,25.8,1003.6,0,0,0,0,0
2024-05-20T21:00:00,19.088686,72.867919,11,VABB,200,2.6,2000,3000,31.0,27.0,,1,0,0,0,0
2024-05-20T21:30:00,19.088686,72.867919,11,VABB,180,2.1,3048,3000,31.0,27.0,,1,0,0,0,0
2024-05-20T22:00:00,19.088686,72.867919,11,VABB,0,0.0,3048,3000,31.0,27.0,,1,0,0,0,0
2024-05-20T22:30:00,19.088686,72.867919,11,VABB,0,0.0,3048,3000,30.0,27.0,,1,0,0,0,0
2024-05-20T23:00:00,19.088686,72.867919,11,VABB,240,2.6,3048,3000,31.0,26.0,,1,0,0,0,0
2024-05-20T23:30:00,19.088686,72.867919,11,VABB,230,2.1,2000,3000,30.0,27.0,,1,0,0,0,0
2024-05-21T00:00:00,19.088686,72.867919,11,VABB,,0.0,22000,2000,30.0,25.8,1003.6,0,0,0,0,0
2024-05-21T00:00:00,19.088686,72.867919,11,VABB,210,2.6,2000,3000,30.0,27.0,,1,0,0,0,0
2024-05-21T00:30:00,19.088686,72.867919,11,VABB,220,2.1,2000,3000,30.0,27.0,,1,0,0,0,0
2024-05-21T01:00:00,19.088686,72.867919,11,VABB,240,2.1,2000,3000,30.0,27.0,,1,0,0,0,0
2024-05-21T01:30:00,19.088686,72.867919,11,VABB,0,0.0,2000,3000,31.0,27.0,,1,0,0,0,0
2024-05-21T02:00:00,19.088686,72.867919,11,VABB,230,2.6,2000,3000,31.0,27.0,,1,0,0,0,0
2024-05-21T02:30:00,19.088686,72.867919,11,VABB,220,3.1,2000,3000,31.0,27.0,,0,1,0,0,0
2024-05-21T03:00:00,19.088686,72.867919,11,VABB,,0.0,22000,2000,31.4,26.1,1004.7,0,0,0,0,0
2024-05-21T03:00:00,19.088686,72.867919,11,VABB,150,2.6,2000,3000,32.0,27.0,,0,1,0,0,0
2024-05-21T03:30:00,19.088686,72.867919,11,VABB,230,2.1,2000,3000,32.0,27.0,,0,1,0,0,0
2024-05-21T04:00:00,19.088686,72.867919,11,VABB,220,1.5,2000,3000,33.0,27.0,,0,1,0,0,0
2024-05-21T04:30:00,19.088686,72.867919,11,VABB,240,3.1,2000,3000,33.0,27.0,,0,1,0,0,0
2024-05-21T05:00:00,19.088686,72.867919,11,VABB,240,3.6,2000,3500,33.0,27.0,,0,1,0,0,0
2024-05-21T05:30:00,19.088686,72.867919,11,VABB,270,4.1,2000,3500,34.0,28.0,,0,1,0,0,0
2024-05-21T06:00:00,19.088686,72.867919,11,VABB,320,2.1,,2000,34.2,26.8,1004.4,0,0,0,0,0
2024-05-21T06:00:00,19.088686,72.867919,11,VABB,300,4.1,2000,4000,34.0,28.0,,0,1,0,0,0
2024-05-21T06:30:00,19.088686,72.867919,11,VABB,280,5.7,2000,4000,33.0,28.0,,0,1,0,0,0
2024-05-21T07:00:00,19.088686,72.867919,11,VABB,270,4.1,762,4000,33.0,28.0,,0,1,0,0,1
2024-05-21T07:30:00,19.088686,72.867919,11,VABB,280,4.1,762,4000,33.0,28.0,,0,1,0,0,1
2024-05-21T08:00:00,19.088686,72.867919,11,VABB,270,6.7,762,4000,34.0,28.0,,0,1,0,0,0
2024-05-21T08:30:00,19.088686,72.867919,11,VABB,280,5.7,762,4000,33.0,28.0,,0,1,0,0,0
2024-05-21T09:00:00,19.088686,72.867919,11,VABB,270,2.6,22000,2000,34.8,28.3,1002.0,0,0,0,0,0
2024-05-21T09:00:00,19.088686,72.867919,11,VABB,270,4.1,762,4000,34.0,29.0,,0,1,0,0,1
2024-05-21T09:30:00,19.088686,72.867919,11,VABB,260,4.1,762,4000,33.0,29.0,,0,1,0,0,1
2024-05-21T10:00:00,19.088686,72.867919,11,VABB,270,5.1,2000,4000,34.0,29.0,,0,1,0,0,1
2024-05-21T10:30:00,19.088686,72.867919,11,VABB,290,5.1,2000,4000,34.0,29.0,,0,1,0,0,0
2024-05-21T11:00:00,19.088686,72.867919,11,VABB,290,5.7,2000,5000,34.0,28.0,,0,1,0,0,0
2024-05-21T11:30:00,19.088686,72.867919,11,VABB,280,3.6,2000,5000,34.0,28.0,,0,1,0,0,1
2024-05-21T12:00:00,19.088686,72.867919,11,VABB,270,2.6,,2000,34.4,27.0,1000.4,0,0,0,0,0
2024-05-21T12:00:00,19.088686,72.867919,11,VABB,290,4.6,2000,5000,34.0,27.0,,0,1,0,0,0
2024-05-21T12:30:00,19.088686,72.867919,11,VABB,300,5.1,2000,5000,33.0,27.0,,0,1,0,0,0
2024-05-21T13:00:00,19.088686,72.867919,11,VABB,280,4.6,22000,4000,33.0,27.0,,0,1,0,0,0
2024-05-21T13:30:00,19.088686,72.867919,11,VABB,280,3.6,22000,4000,33.0,27.0,,0,1,0,0,0
2024-05-21T14:00:00,19.088686,72.867919,11,VABB,300,2.6,22000,4000,32.0,27.0,,0,1,0,0,0
2024-05-21T14:30:00,19.088686,72.867919,11,VABB,290,4.1,22000,3500,32.0,27.0,,0,1,0,0,0
2024-05-21T15:00:00,19.088686,72.867919,11,VABB,320,1.5,22000,2000,31.6,26.3,1002.8,0,0,0,0,0
2024-05-21T15:00:00,19.088686,72.867919,11,VABB,280,5.1,2000,3500,31.0,28.0,,0,1,0,0,0
2024-05-21T15:30:00,19.088686,72.867919,11,VABB,290,3.6,2000,3000,32.0,28.0,,1,0,0,0,0
2024-05-21T16:00:00,19.088686,72.867919,11,VABB,320,3.1,2000,3000,32.0,27.0,,1,0,0,0,0
2024-05-21T16:30:00,19.088686,72.867919,11,VABB,280,3.1,2000,3000,32.0,28.0,,1,0,0,0,0
2024-05-21T17:00:00,19.088686,72.867919,11,VABB,290,2.6,2000,3000,31.0,28.0,,1,0,0,0,0
2024-05-21T17:30:00,19.088686,72.867919,11,VABB,250,4.1,2000,3000,31.0,27.0,,1,0,0,0,0
2024-05-21T18:00:00,19.088686,72.867919,11,VABB,,0.0,,2000,31.0,26.3,1004.3,0,0,0,0,0
2024-05-21T18:00:00,19.088686,72.867919,11,VABB,250,3.1,2000,3000,31.0,27.0,,1,0,0,0,0
2024-05-21T18:30:00,19.088686,72.867919,11,VABB,240,4.1,2000,3000,31.0,27.0,,1,0,0,0,0
2024-05-21T19:00:00,19.088686,72.867919,11,VABB,220,2.6,22000,3000,31.0,27.0,,1,0,0,0,0
2024-05-21T19:30:00,19.088686,72.867919,11,VABB,210,2.1,22000,3000,31.0,27.0,,1,0,0,0,0
2024-05-21T20:00:00,19.088686,72.867919,11,VABB,230,2.6,22000,3000,31.0,27.0,,1,0,0,0,0
2024-05-21T20:30:00,19.088686,72.867919,11,VABB,220,2.6,2000,3000,31.0,27.0,,1,0,0,0,0
2024-05-21T21:00:00,19.088686,72.867919,11,VABB,,0.0,22000,2000,30.6,26.1,1003.2,0,0,0,0,0
2024-05-21T21:00:00,19.088686,72.867919,11,VABB,240,2.1,2000,3000,31.0,27.0,,1,0,0,0,0
2024-05-21T21:30:00,19.088686,72.867919,11,VABB,240,2.6,2000,3000,31.0,27.0,,1,0,0,0,0
2024-05-21T22:00:00,19.088686,72.867919,11,VABB,220,1.5,2000,3000,31.0,27.0,,1,0,0,0,0
2024-05-21T22:30:00,19.088686,72.867919,11,VABB,230,2.6,2000,3000,30.0,28.0,,1,0,0,0,0
2024-05-21T23:00:00,19.088686,72.867919,11,VABB,230,5.1,3048,3000,31.0,28.0,,1,0,0,0,0
2024-05-21T23:30:00,19.088686,72.867919,11,VABB,210,2.6,3048,3000,31.0,28.0,,1,0,0,0,0
2024-05-22T00:00:00,19.088686,72.867919,11,VABB,,0.0,22000,2000,30.8,26.3,1003.6,0,0,0,0,0
2024-05-22T00:00:00,19.088686,72.867919,11,VABB,190,3.1,3048,3000,31.0,27.0,,1,0,0,0,0
2024-05-22T00:30:00,19.088686,72.867919,11,VABB,230,2.1,2000,3000,31.0,27.0,,1,0,0,0,0
2024-05-22T01:00:00,19.088686,72.867919,11,VABB,190,2.1,762,3000,31.0,28.0,,1,0,0,0,0
2024-05-22T01:30:00,19.088686,72.867919,11,VABB,210,2.6,2000,3000,31.0,27.0,,1,0,0,0,0
2024-05-22T02:00:00,19.088686,72.867919,11,VABB,210,3.1,762,3000,31.0,28.0,,1,0,0,0,0
2024-05-22T02:30:00,19.088686,72.867919,11,VABB,250,3.6,762,3000,31.0,28.0,,1,0,0,0,0
2024-05-22T03:00:00,19.088686,72.867919,11,VABB,,0.0,750,2000,32.4,27.8,1004.8,0,0,0,0,0
2024-05-22T03:00:00,19.088686,72.867919,11,VABB,260,3.1,762,3000,32.0,28.0,,1,0,0,0,0
2024-05-22T03:30:00,19.088686,72.867919,11,VABB,250,1.5,762,3000,32.0,28.0,,1,0,0,0,0
2024-05-22T04:00:00,19.088686,72.867919,11,VABB,260,3.1,762,3000,32.0,28.0,,1,0,0,0,0
2024-05-22T04:30:00,19.088686,72.867919,11,VABB,240,2.1,762,3500,33.0,28.0,,0,1,0,0,0
2024-05-22T05:00:00,19.088686,72.867919,11,VABB,280,2.6,762,3500,33.0,28.0,,0,1,0,0,0
2024-05-22T05:30:00,19.088686,72.867919,11,VABB,260,4.1,762,3500,34.0,28.0,,0,1,0,0,0
2024-05-22T06:00:00,19.088686,72.867919,11,VABB,270,1.5,22000,2000,34.2,27.9,1003.9,0,0,0,0,0
2024-05-22T06:00:00,19.088686,72.867919,11,VABB,270,4.6,2000,3500,33.0,28.0,,0,1,0,0,0
2024-05-22T06:30:00,19.088686,72.867919,11,VABB,280,4.6,2000,4000,33.0,28.0,,0,1,0,0,0
2024-05-22T07:00:00,19.088686,72.867919,11,VABB,270,4.1,2000,4000,34.0,28.0,,0,1,0,0,0
2024-05-22T07:30:00,19.088686,72.867919,11,VABB,260,6.2,2000,4000,34.0,28.0,,0,1,0,0,0
2024-05-22T08:00:00,19.088686,72.867919,11,VABB,290,5.7,762,4000,33.0,28.0,,0,1,0,0,0
2024-05-22T08:30:00,19.088686,72.867919,11,VABB,270,5.7,762,4000,33.0,28.0,,0,1,0,0,0
2024-05-22T09:00:00,19.088686,72.867919,11,VABB,320,2.1,22000,2000,34.2,27.1,1002.1,0,0,0,0,0
2024-05-22T09:00:00,19.088686,72.867919,11,VABB,280,6.2,762,4000,33.0,28.0,,0,1,0,0,0
2024-05-22T09:30:00,19.088686,72.867919,11,VABB,260,3.6,762,4000,33.0,28.0,,0,1,0,0,1
2024-05-22T10:00:00,19.088686,72.867919,11,VABB,290,5.1,762,4000,33.0,28.0,,0,1,0,0,0
2024-05-22T10:30:00,19.088686,72.867919,11,VABB,290,6.2,762,4000,33.0,28.0,,0,1,0,0,0
2024-05-22T11:00:00,19.088686,72.867919,11,VABB,290,3.6,762,4000,33.0,28.0,,0,1,0,0,1
2024-05-22T11:30:00,19.088686,72.867919,11,VABB,290,5.1,3048,3500,33.0,28.0,,0,1,0,0,0
2024-05-22T12:00:00,19.088686,72.867919,11,VABB,320,2.1,,2000,33.6,26.7,1000.5,0,0,0,0,0
2024-05-22T12:00:00,19.088686,72.867919,11,VABB,280,5.7,3048,3500,33.0,28.0,,0,1,0,0,0
2024-05-22T12:30:00,19.088686,72.867919,11,VABB,280,4.6,3048,3500,33.0,28.0,,0,1,0,0,0
2024-05-22T13:00:00,19.088686,72.867919,11,VABB,270,4.1,3048,3500,33.0,27.0,,0,1,0,0,0
2024-05-22T13:30:00,19.088686,72.867919,11,VABB,240,3.1,3048,3000,33.0,26.0,,0,1,0,0,0
2024-05-22T14:00:00,19.088686,72.867919,11,VABB,250,5.1,3048,3000,32.0,27.0,,0,1,0,0,0
2024-05-22T14:30:00,19.088686,72.867919,11,VABB,240,5.1,3048,3000,32.0,28.0,,0,1,0,0,0
2024-05-22T15:00:00,19.088686,72.867919,11,VABB,320,3.1,750,2000,32.0,26.7,1002.3,0,0,0,0,0
2024-05-22T15:00:00,19.088686,72.867919,11,VABB,270,3.1,3048,3000,31.0,28.0,,0,1,0,0,0
2024-05-22T15:30:00,19.088686,72.867919,11,VABB,270,3.6,2000,3000,31.0,28.0,,1,0,0,0,0
2024-05-22T16:00:00,19.088686,72.867919,11,VABB,250,4.6,2000,3000,31.0,28.0,,1,0,0,0,0
2024-05-22T16:30:00,19.088686,72.867919,11,VABB,250,5.1,762,3000,31.0,29.0,,1,0,0,0,0
2024-05-22T17:00:00,19.088686,72.867919,11,VABB,260,3.6,762,3000,31.0,28.0,,1,0,0,0,0
2024-05-22T17:30:00,19.088686,72.867919,11,VABB,270,3.6,762,3000,31.0,29.0,,1,0,0,0,0
2024-05-22T18:00:00,19.088686,72.867919,11,VABB,,0.0,22000,2000,31.0,27.4,1003.0,0,0,0,0,0
2024-05-22T18:00:00,19.088686,72.867919,11,VABB,270,3.6,2000,3000,31.0,28.0,,1,0,0,0,0
2024-05-22T18:30:00,19.088686,72.867919,11,VABB,270,2.6,2000,3000,31.0,28.0,,1,0,0,0,0
2024-05-22T19:00:00,19.088686,72.867919,11,VABB,240,3.6,2000,3000,31.0,28.0,,1,0,0,0,0
2024-05-22T19:30:00,19.088686,72.867919,11,VABB,250,2.1,2000,3000,31.0,28.0,,1,0,0,0,0
2024-05-22T20:00:00,19.088686,72.867919,11,VABB,280,2.1,10000,3000,31.0,28.0,,1,0,0,0,0
2024-05-22T20:30:00,19.088686,72.867919,11,VABB,190,2.1,10000,3000,31.0,28.0,,1,0,0,0,0
2024-05-22T21:00:00,19.088686,72.867919,11,VABB,,0.0,,2000,30.2,27.4,1001.1,0,0,0,0,0
2024-05-22T21:00:00,19.088686,72.867919,11,VABB,220,3.1,10000,3000,31.0,28.0,,1,0,0,0,0
2024-05-22T21:30:00,19.088686,72.867919,11,VABB,240,2.6,22000,3000,31.0,28.0,,1,0,0,0,0
2024-05-22T22:00:00,19.088686,72.867919,11,VABB,190,1.5,22000,3000,31.0,28.0,,1,0,0,0,0
2024-05-22T22:30:00,19.088686,72.867919,11,VABB,220,1.5,22000,3000,30.0,28.0,,1,0,0,0,0
2024-05-22T23:00:00,19.088686,72.867919,11,VABB,220,2.6,22000,3000,30.0,28.0,,1,0,0,0,0
2024-05-22T23:30:00,19.088686,72.867919,11,VABB,240,2.6,22000,3000,30.0,28.0,,1,0,0,0,0
2024-05-23T00:00:00,19.088686,72.867919,11,VABB,,0.0,22000,2000,29.6,27.4,1001.6,0,0,0,0,0
2024-05-23T00:00:00,19.088686,72.867919,11,VABB,230,3.1,22000,3000,30.0,28.0,,1,0,0,0,0
2024-05-23T00:30:00,19.088686,72.867919,11,VABB,200,3.1,2000,2500,30.0,28.0,,1,0,0,0,0
2024-05-23T01:00:00,19.088686,72.867919,11,VABB,220,3.1,2000,2500,31.0,28.0,,1,0,0,0,0
2024-05-23T01:30:00,19.088686,72.867919,11,VABB,190,3.1,2000,2500,31.0,28.0,,1,0,0,0,0
2024-05-23T02:00:00,19.088686,72.867919,11,VABB,210,3.1,2000,2500,31.0,28.0,,1,0,0,0,0
2024-05-23T02:30:00,19.088686,72.867919,11,VABB,190,3.6,2000,3000,31.0,28.0,,1,0,0,0,0
2024-05-23T03:00:00,19.088686,72.867919,11,VABB,,0.0,,2000,32.2,27.0,1003.6,0,0,0,0,0
2024-05-23T03:00:00,19.088686,72.867919,11,VABB,210,3.1,2000,3500,31.0,28.0,,1,0,0,0,0
2024-05-23T03:30:00,19.088686,72.867919,11,VABB,200,3.6,2000,4000,32.0,28.0,,1,0,0,0,0
2024-05-23T04:00:00,19.088686,72.867919,11,VABB,240,4.1,2000,4000,32.0,27.0,,1,0,0,0,0
2024-05-23T04:30:00,19.088686,72.867919,11,VABB,210,3.6,2000,4000,33.0,27.0,,1,0,0,0,0
2024-05-23T05:00:00,19.088686,72.867919,11,VABB,210,5.1,2000,4000,33.0,27.0,,1,0,0,0,0
2024-05-23T05:30:00,19.088686,72.867919,11,VABB,260,4.6,2000,4000,33.0,28.0,,0,1,0,0,0
2024-05-23T06:00:00,19.088686,72.867919,11,VABB,270,2.6,,2000,34.2,27.4,1003.6,0,0,0,0,0
2024-05-23T06:00:00,19.088686,72.867919,11,VABB,260,5.7,2000,4000,34.0,28.0,,0,1,0,0,0
2024-05-23T06:30:00,19.088686,72.867919,11,VABB,240,6.2,2000,4000,33.0,28.0,,0,1,0,0,0
2024-05-23T07:00:00,19.088686,72.867919,11,VABB,260,4.6,2000,4000,33.0,28.0,,0,1,0,0,0
2024-05-23T07:30:00,19.088686,72.867919,11,VABB,260,5.7,2000,4000,34.0,28.0,,0,1,0,0,0
2024-05-23T08:00:00,19.088686,72.867919,11,VABB,260,6.2,2000,4000,34.0,28.0,,0,1,0,0,0
2024-05-23T08:30:00,19.088686,72.867919,11,VABB,260,6.2,762,4000,34.0,28.0,,0,1,0,0,0
2024-05-23T09:00:00,19.088686,72.867919,11,VABB,320,2.1,750,2000,34.2,26.4,1001.8,0,0,0,0,0
2024-05-23T09:00:00,19.088686,72.867919,11,VABB,250,5.1,762,5000,32.0,26.0,,0,1,0,0,0
2024-05-23T09:30:00,19.088686,72.867919,11,VABB,270,4.6,762,5000,33.0,26.0,,0,1,0,0,0
2024-05-23T10:00:00,19.088686,72.867919,11,VABB,260,6.2,762,5000,32.0,28.0,,0,1,0,0,0
2024-05-23T10:30:00,19.088686,72.867919,11,VABB,270,6.2,762,5000,32.0,28.0,,0,1,0,0,0
2024-05-23T11:00:00,19.088686,72.867919,11,VABB,270,5.7,762,5000,32.0,28.0,,0,1,0,0,0
2024-05-23T11:30:00,19.088686,72.867919,11,VABB,270,5.1,762,5000,32.0,28.0,,0,1,0,0,0
2024-05-23T12:00:00,19.088686,72.867919,11,VABB,270,1.5,750,2000,33.2,26.9,1000.2,0,0,0,0,0
2024-05-23T12:00:00,19.088686,72.867919,11,VABB,300,5.1,762,4000,32.0,28.0,,1,0,0,0,0
2024-05-23T12:30:00,19.088686,72.867919,11,VABB,280,4.1,762,4000,32.0,28.0,,0,1,0,0,0
2024-05-23T13:00:00,19.088686,72.867919,11,VABB,260,5.1,762,4000,31.0,28.0,,0,1,0,0,0
2024-05-23T13:30:00,19.088686,72.867919,11,VABB,290,3.1,762,4000,31.0,28.0,,0,1,0,0,0
2024-05-23T14:00:00,19.088686,72.867919,11,VABB,280,4.6,762,4000,31.0,28.0,,0,1,0,0,0
2024-05-23T14:30:00,19.088686,72.867919,11,VABB,290,4.6,762,4000,31.0,28.0,,0,1,0,0,0
2024-05-23T15:00:00,19.088686,72.867919,11,VABB,320,2.6,22000,2000,30.8,26.9,1001.3,0,0,0,0,0
2024-05-23T15:00:00,19.088686,72.867919,11,VABB,290,3.6,762,4000,31.0,28.0,,0,1,0,0,0
2024-05-23T15:30:00,19.088686,72.867919,11,VABB,280,4.6,762,3500,31.0,28.0,,0,1,0,0,0
2024-05-23T16:00:00,19.088686,72.867919,11,VABB,300,4.1,762,3000,31.0,28.0,,0,1,0,0,0
2024-05-23T16:30:00,19.088686,72.867919,11,VABB,310,2.6,762,3000,31.0,28.0,,1,0,0,0,0
2024-05-23T17:00:00,19.088686,72.867919,11,VABB,270,2.1,762,3000,31.0,28.0,,1,0,0,0,0
2024-05-23T17:30:00,19.088686,72.867919,11,VABB,300,2.1,2000,3000,31.0,28.0,,1,0,0,0,0
2024-05-23T18:00:00,19.088686,72.867919,11,VABB,340,1.5,,2000,30.6,26.7,1002.5,0,0,0,0,0
2024-05-23T18:00:00,19.088686,72.867919,11,VABB,300,2.6,2000,3000,31.0,28.0,,1,0,0,0,0
2024-05-23T18:30:00,19.088686,72.867919,11,VABB,280,2.6,2000,3000,31.0,28.0,,1,0,0,0,0
2024-05-23T19:00:00,19.088686,72.867919,11,VABB,240,3.6,2000,3000,31.0,28.0,,1,0,0,0,0
2024-05-23T19:30:00,19.088686,72.867919,11,VABB,240,2.6,2000,3000,31.0,28.0,,1,0,0,0,0
2024-05-23T20:00:00,19.088686,72.867919,11,VABB,250,1.5,2000,3000,31.0,28.0,,1,0,0,0,0
2024-05-23T20:30:00,19.088686,72.867919,11,VABB,210,2.6,2000,3000,31.0,28.0,,1,0,0,0,0
2024-05-23T21:00:00,19.088686,72.867919,11,VABB,,0.0,22000,2000,30.4,26.5,1001.1,0,0,0,0,0
2024-05-23T21:00:00,19.088686,72.867919,11,VABB,230,3.6,2000,3000,31.0,28.0,,1,0,0,0,0
2024-05-23T21:30:00,19.088686,72.867919,11,VABB,220,2.6,2000,3000,31.0,27.0,,1,0,0,0,0
2024-05-23T22:00:00,19.088686,72.867919,11,VABB,230,2.6,2000,3000,31.0,28.0,,1,0,0,0,0
2024-05-23T22:30:00,19.088686,72.867919,11,VABB,210,1.5,2000,3000,30.0,27.0,,1,0,0,0,0
2024-05-23T23:00:00,19.088686,72.867919,11,VABB,210,2.6,762,3000,30.0,27.0,,1,0,0,0,0
2024-05-23T23:30:00,19.088686,72.867919,11,VABB,220,2.6,762,3000,30.0,28.0,,1,0,0,0,0
2024-05-24T00:00:00,19.088686,72.867919,11,VABB,,0.0,22000,2000,30.2,26.3,1001.1,0,0,0,0,0
2024-05-24T00:00:00,19.088686,72.867919,11,VABB,230,2.6,2000,3000,30.0,27.0,,1,0,0,0,0
2024-05-24T00:30:00,19.088686,72.867919,11,VABB,240,3.1,2000,3000,30.0,28.0,,1,0,0,0,0
2024-05-24T01:00:00,19.088686,72.867919,11,VABB,210,2.1,2000,3000,30.0,27.0,,1,0,0,0,0
2024-05-24T01:30:00,19.088686,72.867919,11,VABB,230,3.1,2000,3000,31.0,27.0,,1,0,0,0,0
2024-05-24T02:00:00,19.088686,72.867919,11,VABB,230,3.1,2000,3000,31.0,27.0,,1,0,0,0,0
2024-05-24T02:30:00,19.088686,72.867919,11,VABB,240,3.1,2000,3000,31.0,27.0,,1,0,0,0,0
2024-05-24T03:00:00,19.088686,72.867919,11,VABB,,0.0,750,2000,32.0,26.4,1003.1,0,0,0,0,0
2024-05-24T03:00:00,19.088686,72.867919,11,VABB,220,4.1,2000,3000,32.0,27.0,,0,1,0,0,0
2024-05-24T03:30:00,19.088686,72.867919,11,VABB,190,3.1,2000,3000,32.0,27.0,,0,1,0,0,0
2024-05-24T04:00:00,19.088686,72.867919,11,VABB,260,2.6,2000,3000,33.0,27.0,,0,1,0,0,0
2024-05-24T04:30:00,19.088686,72.867919,11,VABB,290,2.6,2000,3000,33.0,27.0,,0,1,0,0,0
2024-05-24T05:00:00,19.088686,72.867919,11,VABB,270,4.1,2000,4000,33.0,27.0,,0,1,0,0,0
2024-05-24T05:30:00,19.088686,72.867919,11,VABB,240,4.6,2000,4000,33.0,26.0,,0,1,0,0,0
2024-05-24T06:00:00,19.088686,72.867919,11,VABB,270,1.5,22000,2000,33.8,25.1,1003.2,0,0,0,0,0
2024-05-24T06:00:00,19.088686,72.867919,11,VABB,270,4.1,2000,4000,33.0,26.0,,0,1,0,0,0
2024-05-24T06:30:00,19.088686,72.867919,11,VABB,260,5.1,2000,4000,34.0,25.0,,0,1,0,0,0
2024-05-24T07:00:00,19.088686,72.867919,11,VABB,260,3.6,2000,4000,33.0,27.0,,0,1,0,0,1
2024-05-24T07:30:00,19.088686,72.867919,11,VABB,250,6.2,2000,4000,33.0,26.0,,0,1,0,0,0
2024-05-24T08:00:00,19.088686,72.867919,11,VABB,250,3.6,2000,4000,33.0,27.0,,0,1,0,0,1
2024-05-24T08:30:00,19.088686,72.867919,11,VABB,260,5.1,762,4000,33.0,26.0,,0,1,0,0,0
2024-05-24T09:00:00,19.088686,72.867919,11,VABB,320,1.5,,2000,34.4,24.8,1002.0,0,0,0,0,0
2024-05-24T09:00:00,19.088686,72.867919,11,VABB,250,4.6,762,4000,33.0,26.0,,0,1,0,0,0
2024-05-24T09:30:00,19.088686,72.867919,11,VABB,260,5.1,762,4000,34.0,27.0,,0,1,0,0,0
2024-05-24T10:00:00,19.088686,72.867919,11,VABB,290,4.1,762,4000,33.0,26.0,,0,1,0,0,1
2024-05-24T10:30:00,19.088686,72.867919,11,VABB,260,4.1,762,4000,33.0,26.0,,0,1,0,0,1
2024-05-24T11:00:00,19.088686,72.867919,11,VABB,280,4.1,762,4000,32.0,26.0,,0,1,0,0,1
2024-05-24T11:30:00,19.088686,72.867919,11,VABB,260,5.7,762,4000,32.0,26.0,,0,1,0,0,0
2024-05-24T12:00:00,19.088686,72.867919,11,VABB,290,1.5,750,2000,32.8,25.2,1001.1,0,0,0,0,0
2024-05-24T12:00:00,19.088686,72.867919,11,VABB,260,5.7,762,4000,32.0,27.0,,0,1,0,0,0
2024-05-24T12:30:00,19.088686,72.867919,11,VABB,250,6.2,762,4000,31.0,27.0,,0,1,0,0,0
2024-05-24T13:00:00,19.088686,72.867919,11,VABB,250,5.1,762,4000,31.0,27.0,,1,0,0,0,0
2024-05-24T13:30:00,19.088686,72.867919,11,VABB,270,5.1,762,4000,31.0,27.0,,1,0,0,0,0
2024-05-24T14:00:00,19.088686,72.867919,11,VABB,280,4.1,762,3500,31.0,27.0,,1,0,0,0,0
2024-05-24T14:30:00,19.088686,72.867919,11,VABB,280,3.6,762,3000,31.0,27.0,,1,0,0,0,0
2024-05-24T15:00:00,19.088686,72.867919,11,VABB,,0.0,22000,2000,31.0,25.7,1002.3,0,0,0,0,0
2024-05-24T15:00:00,19.088686,72.867919,11,VABB,250,4.6,762,3000,31.0,27.0,,1,0,0,0,0
2024-05-24T15:30:00,19.088686,72.867919,11,VABB,250,5.7,2000,3000,31.0,27.0,,1,0,0,0,0
2024-05-24T16:00:00,19.088686,72.867919,11,VABB,260,4.1,2000,3000,31.0,27.0,,1,0,0,0,0
2024-05-24T16:30:00,19.088686,72.867919,11,VABB,260,4.6,2000,3000,31.0,27.0,,1,0,0,0,0
2024-05-24T17:00:00,19.088686,72.867919,11,VABB,260,4.1,2000,3000,31.0,27.0,,1,0,0,0,0
2024-05-24T17:30:00,19.088686,72.867919,11,VABB,250,4.1,2000,3000,31.0,27.0,,1,0,0,0,0
2024-05-24T18:00:00,19.088686,72.867919,11,VABB,,0.0,22000,2000,30.6,26.1,1003.4,0,0,0,0,0
2024-05-24T18:00:00,19.088686,72.867919,11,VABB,260,4.1,2000,3000,31.0,27.0,,1,0,0,0,0
2024-05-24T18:30:00,19.088686,72.867919,11,VABB,250,4.1,2000,3000,31.0,27.0,,1,0,0,0,0
2024-05-24T19:00:00,19.088686,72.867919,11,VABB,250,4.1,2000,3000,30.0,27.0,,1,0,0,0,0
2024-05-24T19:30:00,19.088686,72.867919,11,VABB,250,4.1,2000,3000,30.0,27.0,,1,0,0,0,0
2024-05-24T20:00:00,19.088686,72.867919,11,VABB,240,4.1,2000,3000,30.0,27.0,,1,0,0,0,0
2024-05-24T20:30:00,19.088686,72.867919,11,VABB,250,4.1,2000,3000,30.0,27.0,,1,0,0,0,0
2024-05-24T21:00:00,19.088686,72.867919,11,VABB,,0.0,22000,2000,30.2,25.7,1001.9,0,0,0,0,0
2024-05-24T21:00:00,19.088686,72.867919,11,VABB,250,3.6,2000,3000,30.0,27.0,,1,0,0,0,0
2024-05-24T21:30:00,19.088686,72.867919,11,VABB,270,3.1,2000,3000,30.0,27.0,,1,0,0,0,0
2024-05-24T22:00:00,19.088686,72.867919,11,VABB,270,3.6,2000,3000,30.0,27.0,,1,0,0,0,0
2024-05-24T22:30:00,19.088686,72.867919,11,VABB,290,3.6,2000,3000,30.0,27.0,,1,0,0,0,0
2024-05-24T23:00:00,19.088686,72.867919,11,VABB,290,4.1,2000,3000,30.0,27.0,,1,0,0,0,0
2024-05-24T23:30:00,19.088686,72.867919,11,VABB,270,2.6,2000,3000,30.0,27.0,,1,0,0,0,0
2024-05-25T00:00:00,19.088686,72.867919,11,VABB,,0.0,22000,2000,30.0,25.5,1001.9,0,0,0,0,0
2024-05-25T00:00:00,19.088686,72.867919,11,VABB,310,2.1,2000,3000,30.0,27.0,,1,0,0,0,0
2024-05-25T00:30:00,19.088686,72.867919,11,VABB,300,2.1,2000,3000,30.0,27.0,,1,0,0,0,0
2024-05-25T01:00:00,19.088686,72.867919,11,VABB,290,2.6,762,3000,30.0,27.0,,1,0,0,0,0
2024-05-25T01:30:00,19.088686,72.867919,11,VABB,300,2.6,762,3000,31.0,27.0,,1,0,0,0,0
2024-05-25T02:00:00,19.088686,72.867919,11,VABB,300,2.6,762,3000,31.0,27.0,,1,0,0,0,0
2024-05-25T02:30:00,19.088686,72.867919,11,VABB,310,4.1,762,3000,31.0,26.0,,1,0,0,0,0
2024-05-25T03:00:00,19.088686,72.867919,11,VABB,320,1.5,22000,2000,30.8,25.4,1003.9,0,0,0,0,0
2024-05-25T03:00:00,19.088686,72.867919,11,VABB,280,4.6,762,3000,31.0,26.0,,1,0,0,0,0
2024-05-25T03:30:00,19.088686,72.867919,11,VABB,270,4.1,762,3000,32.0,26.0,,1,0,0,0,0
2024-05-25T04:00:00,19.088686,72.867919,11,VABB,290,3.1,762,3000,33.0,26.0,,0,1,0,0,0
2024-05-25T04:30:00,19.088686,72.867919,11,VABB,270,5.1,762,3500,33.0,26.0,,0,1,0,0,0
2024-05-25T05:00:00,19.088686,72.867919,11,VABB,280,4.6,762,3500,32.0,26.0,,0,1,0,0,0
2024-05-25T05:30:00,19.088686,72.867919,11,VABB,270,6.2,762,3500,33.0,24.0,,0,1,0,0,0
2024-05-25T06:00:00,19.088686,72.867919,11,VABB,320,1.5,22000,2000,33.6,25.2,1004.6,0,0,0,0,0
2024-05-25T06:00:00,19.088686,72.867919,11,VABB,270,5.1,762,4000,33.0,25.0,,0,1,0,0,0
2024-05-25T06:30:00,19.088686,72.867919,11,VABB,250,5.7,762,4000,33.0,25.0,,0,1,0,0,0
2024-05-25T07:00:00,19.088686,72.867919,11,VABB,270,6.2,762,4000,33.0,25.0,,0,1,0,0,0
2024-05-25T07:30:00,19.088686,72.867919,11,VABB,270,3.6,762,4000,33.0,26.0,,0,1,0,0,1
2024-05-25T08:00:00,19.088686,72.867919,11,VABB,260,4.6,762,4000,33.0,25.0,,0,1,0,0,0
2024-05-25T08:30:00,19.088686,72.867919,11,VABB,270,5.7,762,4000,33.0,25.0,,0,1,0,0,0
2024-05-25T09:00:00,19.088686,72.867919,11,VABB,320,1.5,750,2000,33.0,25.1,1003.0,0,0,0,0,0
2024-05-25T09:00:00,19.088686,72.867919,11,VABB,270,5.1,762,4000,32.0,27.0,,0,1,0,0,0
2024-05-25T09:30:00,19.088686,72.867919,11,VABB,250,5.7,762,4000,33.0,27.0,,0,1,0,0,0
2024-05-25T10:00:00,19.088686,72.867919,11,VABB,270,5.7,762,4000,32.0,26.0,,0,1,0,0,0
2024-05-25T10:30:00,19.088686,72.867919,11,VABB,260,4.6,762,4000,32.0,26.0,,0,1,0,0,0
2024-05-25T11:00:00,19.088686,72.867919,11,VABB,270,6.7,762,4000,33.0,26.0,,0,1,0,0,0
2024-05-25T11:30:00,19.088686,72.867919,11,VABB,260,5.7,762,4000,32.0,27.0,,0,1,0,0,0
2024-05-25T12:00:00,19.088686,72.867919,11,VABB,,0.0,750,2000,32.8,24.9,1001.8,0,0,0,0,0
2024-05-25T12:00:00,19.088686,72.867919,11,VABB,260,5.1,762,4000,32.0,26.0,,0,1,0,0,0
2024-05-25T12:30:00,19.088686,72.867919,11,VABB,280,4.6,762,4000,32.0,26.0,,0,1,0,0,0
2024-05-25T13:00:00,19.088686,72.867919,11,VABB,250,4.1,762,4000,31.0,26.0,,0,1,0,0,0
2024-05-25T13:30:00,19.088686,72.867919,11,VABB,260,4.6,762,3500,31.0,27.0,,0,1,0,0,0
2024-05-25T14:00:00,19.088686,72.867919,11,VABB,240,6.2,762,3500,31.0,26.0,,0,1,0,0,0
2024-05-25T14:30:00,19.088686,72.867919,11,VABB,250,5.1,3048,3500,31.0,27.0,,1,0,0,0,0
2024-05-25T15:00:00,19.088686,72.867919,11,VABB,270,1.5,22000,2000,31.2,25.6,1004.0,0,0,0,0,0
2024-05-25T15:00:00,19.088686,72.867919,11,VABB,250,6.2,3048,3000,31.0,26.0,,1,0,0,0,0
2024-05-25T15:30:00,19.088686,72.867919,11,VABB,240,5.7,2000,3000,31.0,27.0,,1,0,0,0,0
2024-05-25T16:00:00,19.088686,72.867919,11,VABB,250,5.1,2000,3000,31.0,26.0,,1,0,0,0,0
2024-05-25T16:30:00,19.088686,72.867919,11,VABB,240,4.6,2000,3000,31.0,27.0,,1,0,0,0,0
2024-05-25T17:00:00,19.088686,72.867919,11,VABB,230,4.1,2000,3000,31.0,27.0,,1,0,0,0,0
2024-05-25T17:30:00,19.088686,72.867919,11,VABB,240,4.6,2000,3000,31.0,27.0,,1,0,0,0,0
2024-05-25T18:00:00,19.088686,72.867919,11,VABB,270,1.5,22000,2000,31.0,25.4,1005.1,0,0,0,0,0
2024-05-25T18:00:00,19.088686,72.867919,11,VABB,230,4.6,2000,3000,31.0,27.0,,1,0,0,0,0
2024-05-25T18:30:00,19.088686,72.867919,11,VABB,250,5.7,2000,3000,31.0,26.0,,1,0,0,0,0
2024-05-25T19:00:00,19.088686,72.867919,11,VABB,250,4.6,2000,3000,31.0,26.0,,1,0,0,0,0
2024-05-25T19:30:00,19.088686,72.867919,11,VABB,240,3.6,2000,3000,30.0,25.0,,1,0,0,0,0
2024-05-25T20:00:00,19.088686,72.867919,11,VABB,260,4.6,2000,3000,30.0,25.0,,1,0,0,0,0
2024-05-25T20:30:00,19.088686,72.867919,11,VABB,250,4.1,762,3000,30.0,25.0,,1,0,0,0,0
2024-05-25T21:00:00,19.088686,72.867919,11,VABB,270,1.5,22000,2000,30.4,25.6,1003.5,0,0,0,0,0
2024-05-25T21:00:00,19.088686,72.867919,11,VABB,260,4.6,762,3000,30.0,25.0,,1,0,0,0,0
2024-05-25T21:30:00,19.088686,72.867919,11,VABB,260,4.6,762,3000,31.0,27.0,,1,0,0,0,0
2024-05-25T22:00:00,19.088686,72.867919,11,VABB,250,5.1,762,3000,31.0,27.0,,1,0,0,0,0
2024-05-25T22:30:00,19.088686,72.867919,11,VABB,260,4.6,762,3000,30.0,27.0,,1,0,0,0,0
2024-05-25T23:00:00,19.088686,72.867919,11,VABB,270,4.6,762,3000,31.0,27.0,,1,0,0,0,0
2024-05-25T23:30:00,19.088686,72.867919,11,VABB,270,4.1,762,3000,30.0,27.0,,1,0,0,0,0
2024-05-26T00:00:00,19.088686,72.867919,11,VABB,,0.0,22000,2000,30.4,25.9,1004.0,0,0,0,0,0
2024-05-26T00:00:00,19.088686,72.867919,11,VABB,260,4.1,762,3000,31.0,27.0,,1,0,0,0,0
2024-05-26T00:30:00,19.088686,72.867919,11,VABB,270,2.6,2000,3000,30.0,27.0,,1,0,0,0,0
2024-05-26T01:00:00,19.088686,72.867919,11,VABB,290,3.1,2000,3000,31.0,27.0,,1,0,0,0,0
2024-05-26T01:30:00,19.088686,72.867919,11,VABB,290,3.1,2000,3500,31.0,27.0,,1,0,0,0,0
2024-05-26T02:00:00,19.088686,72.867919,11,VABB,280,3.6,2000,3500,31.0,27.0,,1,0,0,0,0
2024-05-26T02:30:00,19.088686,72.867919,11,VABB,300,4.6,2000,3500,31.0,27.0,,1,0,0,0,0
2024-05-26T03:00:00,19.088686,72.867919,11,VABB,270,2.1,,2000,31.4,26.1,1005.2,0,0,0,0,0
2024-05-26T03:00:00,19.088686,72.867919,11,VABB,270,4.6,2000,3500,31.0,27.0,,1,0,0,0,0
2024-05-26T03:30:00,19.088686,72.867919,11,VABB,290,4.1,762,3500,32.0,27.0,,1,0,0,0,0
2024-05-26T04:00:00,19.088686,72.867919,11,VABB,270,5.7,762,3500,32.0,27.0,,0,1,0,0,0
2024-05-26T04:30:00,19.088686,72.867919,11,VABB,300,4.1,762,3500,33.0,26.0,,0,1,0,0,0
2024-05-26T05:00:00,19.088686,72.867919,11,VABB,280,4.6,762,3500,33.0,27.0,,0,1,0,0,0
2024-05-26T05:30:00,19.088686,72.867919,11,VABB,260,5.7,762,4000,33.0,27.0,,0,1,0,0,0
2024-05-26T06:00:00,19.088686,72.867919,11,VABB,320,2.1,750,2000,33.4,25.9,1005.9,0,0,0,0,0
2024-05-26T06:00:00,19.088686,72.867919,11,VABB,280,5.7,762,4000,33.0,27.0,,0,1,0,0,0
2024-05-26T06:30:00,19.088686,72.867919,11,VABB,280,5.7,762,4000,33.0,27.0,,0,1,0,0,0
2024-05-26T07:00:00,19.088686,72.867919,11,VABB,290,5.7,762,4000,33.0,26.0,,0,1,0,0,0
2024-05-26T07:30:00,19.088686,72.867919,11,VABB,250,4.6,762,4000,33.0,27.0,,0,1,0,0,1
2024-05-26T08:00:00,19.088686,72.867919,11,VABB,270,5.7,762,4000,32.0,27.0,,0,1,0,0,0
2024-05-26T08:30:00,19.088686,72.867919,11,VABB,270,6.2,762,4000,33.0,27.0,,0,1,0,0,0
2024-05-26T09:00:00,19.088686,72.867919,11,VABB,320,2.6,750,2000,34.0,26.5,1004.1,0,0,0,0,0
2024-05-26T09:00:00,19.088686,72.867919,11,VABB,290,5.7,762,4000,33.0,27.0,,0,1,0,0,0
2024-05-26T09:30:00,19.088686,72.867919,11,VABB,270,5.7,762,4000,33.0,26.0,,0,1,0,0,0
2024-05-26T10:00:00,19.088686,72.867919,11,VABB,250,5.7,762,4000,33.0,27.0,,0,1,0,0,0
2024-05-26T10:30:00,19.088686,72.867919,11,VABB,300,4.6,762,4000,33.0,27.0,,0,1,0,0,0
2024-05-26T11:00:00,19.088686,72.867919,11,VABB,270,5.7,762,4000,32.0,27.0,,0,1,0,0,0
2024-05-26T11:30:00,19.088686,72.867919,11,VABB,280,6.2,762,4000,32.0,27.0,,0,1,0,0,0
2024-05-26T12:00:00,19.088686,72.867919,11,VABB,320,4.1,,2000,33.2,25.3,1002.5,0,0,0,0,0
2024-05-26T12:00:00,19.088686,72.867919,11,VABB,260,5.7,762,4000,32.0,27.0,,0,1,0,0,0
2024-05-26T12:30:00,19.088686,72.867919,11,VABB,270,4.6,762,4000,32.0,27.0,,0,1,0,0,0
2024-05-26T13:00:00,19.088686,72.867919,11,VABB,270,4.6,762,4000,32.0,26.0,,0,1,0,0,0
2024-05-26T13:30:00,19.088686,72.867919,11,VABB,280,5.7,762,4000,31.0,27.0,,0,1,0,0,0
2024-05-26T14:00:00,19.088686,72.867919,11,VABB,260,5.1,762,4000,31.0,27.0,,1,0,0,0,0
2024-05-26T14:30:00,19.088686,72.867919,11,VABB,270,5.7,762,4000,31.0,27.0,,1,0,0,0,0
2024-05-26T15:00:00,19.088686,72.867919,11,VABB,320,1.5,22000,2000,31.2,25.9,1004.1,0,0,0,0,0
2024-05-26T15:00:00,19.088686,72.867919,11,VABB,250,5.1,762,3000,31.0,27.0,,1,0,0,0,0
2024-05-26T15:30:00,19.088686,72.867919,11,VABB,250,6.2,762,3000,31.0,27.0,,1,0,0,0,0
2024-05-26T16:00:00,19.088686,72.867919,11,VABB,260,4.1,762,3000,31.0,27.0,,1,0,0,0,0
2024-05-26T16:30:00,19.088686,72.867919,11,VABB,260,5.1,762,3000,31.0,27.0,,1,0,0,0,0
2024-05-26T17:00:00,19.088686,72.867919,11,VABB,250,5.7,762,3000,31.0,27.0,,1,0,0,0,0
2024-05-26T17:30:00,19.088686,72.867919,11,VABB,250,4.6,762,3000,31.0,27.0,,1,0,0,0,0
2024-05-26T18:00:00,19.088686,72.867919,11,VABB,,0.0,22000,2000,31.0,26.0,1004.9,0,0,0,0,0
2024-05-26T18:00:00,19.088686,72.867919,11,VABB,250,5.1,762,3000,31.0,27.0,,1,0,0,0,0
2024-05-26T18:30:00,19.088686,72.867919,11,VABB,250,5.1,762,3000,31.0,27.0,,1,0,0,0,0
2024-05-26T19:00:00,19.088686,72.867919,11,VABB,260,5.1,762,3000,31.0,27.0,,1,0,0,0,0
2024-05-26T19:30:00,19.088686,72.867919,11,VABB,270,4.6,762,3000,31.0,27.0,,1,0,0,0,0
2024-05-26T20:00:00,19.088686,72.867919,11,VABB,250,5.7,762,3000,31.0,27.0,,1,0,0,0,0
2024-05-26T20:30:00,19.088686,72.867919,11,VABB,250,5.7,762,3000,31.0,27.0,,1,0,0,0,0
2024-05-26T21:00:00,19.088686,72.867919,11,VABB,270,1.5,750,2000,30.6,26.1,1003.6,0,0,0,0,0
2024-05-26T21:00:00,19.088686,72.867919,11,VABB,230,5.7,762,3000,31.0,27.0,,1,0,0,0,0
2024-05-26T21:30:00,19.088686,72.867919,11,VABB,260,4.1,762,3000,31.0,27.0,,1,0,0,0,0
2024-05-26T22:00:00,19.088686,72.867919,11,VABB,260,4.1,762,3000,31.0,27.0,,1,0,0,0,0
2024-05-26T22:30:00,19.088686,72.867919,11,VABB,250,5.1,762,3000,30.0,27.0,,1,0,0,0,0
2024-05-26T23:00:00,19.088686,72.867919,11,VABB,240,4.6,762,3000,31.0,27.0,,1,0,0,0,0
2024-05-26T23:30:00,19.088686,72.867919,11,VABB,250,5.1,762,3000,31.0,27.0,,1,0,0,0,0
2024-05-27T00:00:00,19.088686,72.867919,11,VABB,270,1.5,,2000,30.4,25.6,1003.1,0,0,0,0,0
2024-05-27T00:00:00,19.088686,72.867919,11,VABB,250,5.1,762,3000,31.0,27.0,,1,0,0,0,0
2024-05-27T00:30:00,19.088686,72.867919,11,VABB,250,4.1,762,3000,31.0,27.0,,1,0,0,0,0
2024-05-27T01:00:00,19.088686,72.867919,11,VABB,260,5.1,762,3000,31.0,27.0,,1,0,0,0,0
2024-05-27T01:30:00,19.088686,72.867919,11,VABB,250,5.7,762,3000,31.0,27.0,,1,0,0,0,0
2024-05-27T02:00:00,19.088686,72.867919,11,VABB,260,5.1,762,3000,31.0,27.0,,1,0,0,0,0
2024-05-27T02:30:00,19.088686,72.867919,11,VABB,270,5.1,762,3000,31.0,27.0,,1,0,0,0,0
2024-05-27T03:00:00,19.088686,72.867919,11,VABB,320,1.5,720,2000,31.0,26.3,1004.7,0,0,0,0,0
2024-05-27T03:00:00,19.088686,72.867919,11,VABB,240,5.7,2000,3000,31.0,27.0,,1,0,0,0,0
2024-05-27T03:30:00,19.088686,72.867919,11,VABB,240,5.7,3048,3000,31.0,27.0,,1,0,0,0,0
2024-05-27T04:00:00,19.088686,72.867919,11,VABB,270,4.6,2000,3000,31.0,27.0,,1,0,0,0,0
2024-05-27T04:30:00,19.088686,72.867919,11,VABB,270,5.7,2000,3000,32.0,27.0,,1,0,0,0,0
2024-05-27T05:00:00,19.088686,72.867919,11,VABB,250,6.2,3048,3000,32.0,27.0,,1,0,0,0,0
2024-05-27T05:30:00,19.088686,72.867919,11,VABB,260,5.7,3048,3000,32.0,27.0,,1,0,0,0,0
2024-05-27T06:00:00,19.088686,72.867919,11,VABB,270,2.6,720,2000,32.8,26.1,1005.2,0,0,0,0,0
2024-05-27T06:00:00,19.088686,72.867919,11,VABB,250,5.7,3048,3000,33.0,27.0,,1,0,0,0,0
2024-05-27T06:30:00,19.088686,72.867919,11,VABB,260,4.6,762,3500,33.0,26.0,,1,0,0,0,0
2024-05-27T07:00:00,19.088686,72.867919,11,VABB,250,4.6,762,4000,33.0,27.0,,0,1,0,0,0
2024-05-27T07:30:00,19.088686,72.867919,11,VABB,260,5.7,762,4000,32.0,27.0,,0,1,0,0,0
2024-05-27T08:00:00,19.088686,72.867919,11,VABB,250,5.1,762,4000,32.0,27.0,,0,1,0,0,0
2024-05-27T08:03:00,19.088686,72.867919,11,VABB,250,5.1,762,4000,32.0,27.0,,0,1,0,0,0
2024-05-27T08:30:00,19.088686,72.867919,11,VABB,220,3.1,762,4000,32.0,25.0,,0,1,0,0,0
2024-05-27T09:00:00,19.088686,72.867919,11,VABB,320,2.1,750,2000,34.0,26.2,1003.8,0,0,0,0,0
2024-05-27T09:00:00,19.088686,72.867919,11,VABB,250,4.1,762,4000,32.0,26.0,,0,1,0,0,0
2024-05-27T09:30:00,19.088686,72.867919,11,VABB,240,4.6,762,3500,32.0,26.0,,0,1,0,0,0
2024-05-27T10:00:00,19.088686,72.867919,11,VABB,250,4.6,762,3500,31.0,26.0,,0,1,0,0,0
2024-05-27T10:30:00,19.088686,72.867919,11,VABB,250,4.6,762,3500,31.0,27.0,,1,0,0,0,1
2024-05-27T11:00:00,19.088686,72.867919,11,VABB,260,6.2,762,3500,31.0,27.0,,1,0,0,0,0
2024-05-27T11:30:00,19.088686,72.867919,11,VABB,250,6.7,762,3500,31.0,27.0,,1,0,0,0,0
2024-05-27T12:00:00,19.088686,72.867919,11,VABB,320,2.1,720,2000,32.0,26.1,1002.9,0,0,0,0,0
2024-05-27T12:30:00,19.088686,72.867919,11,VABB,260,5.1,762,3500,31.0,27.0,,1,0,0,0,0
2024-05-27T13:00:00,19.088686,72.867919,11,VABB,260,5.7,762,3500,31.0,27.0,,1,0,0,0,0
2024-05-27T13:30:00,19.088686,72.867919,11,VABB,240,6.2,762,3500,31.0,27.0,,1,0,0,0,0
2024-05-27T14:00:00,19.088686,72.867919,11,VABB,240,3.6,762,3500,31.0,27.0,,1,0,0,0,1
2024-05-27T14:30:00,19.088686,72.867919,11,VABB,230,5.1,762,3000,31.0,27.0,,1,0,0,0,0
2024-05-27T15:00:00,19.088686,72.867919,11,VABB,320,3.1,720,2000,31.4,25.8,1004.4,0,0,0,0,0
2024-05-27T15:00:00,19.088686,72.867919,11,VABB,240,4.6,762,3000,31.0,27.0,,1,0,0,0,0
2024-05-27T15:30:00,19.088686,72.867919,11,VABB,240,6.2,762,3000,31.0,27.0,,1,0,0,0,0
2024-05-27T16:00:00,19.088686,72.867919,11,VABB,240,5.1,762,3000,31.0,27.0,,1,0,0,0,0
2024-05-27T16:30:00,19.088686,72.867919,11,VABB,250,5.7,762,3000,31.0,27.0,,1,0,0,0,0
2024-05-27T17:00:00,19.088686,72.867919,11,VABB,250,4.1,762,3000,31.0,28.0,,1,0,0,0,0
2024-05-27T17:30:00,19.088686,72.867919,11,VABB,240,3.6,762,3000,31.0,27.0,,1,0,0,0,1
2024-05-27T18:00:00,19.088686,72.867919,11,VABB,,0.0,720,2000,30.8,26.3,1004.8,0,0,0,0,0
2024-05-27T18:00:00,19.088686,72.867919,11,VABB,240,5.1,762,3000,31.0,27.0,,1,0,0,0,0
2024-05-27T18:30:00,19.088686,72.867919,11,VABB,230,3.6,762,3000,31.0,27.0,,1,0,0,0,0
2024-05-27T19:00:00,19.088686,72.867919,11,VABB,220,5.1,762,3000,31.0,27.0,,1,0,0,0,0
2024-05-27T19:30:00,19.088686,72.867919,11,VABB,240,5.1,762,3000,31.0,27.0,,1,0,0,0,0
2024-05-27T20:00:00,19.088686,72.867919,11,VABB,240,5.1,762,3000,31.0,27.0,,1,0,0,0,0
2024-05-27T20:30:00,19.088686,72.867919,11,VABB,250,4.6,762,3000,31.0,27.0,,1,0,0,0,0
2024-05-27T21:00:00,19.088686,72.867919,11,VABB,270,2.1,,2000,30.4,25.6,1003.7,0,0,0,0,0
2024-05-27T21:00:00,19.088686,72.867919,11,VABB,240,6.2,762,3000,30.0,27.0,,1,0,0,0,0
2024-05-27T21:30:00,19.088686,72.867919,11,VABB,240,4.6,762,3000,31.0,27.0,,1,0,0,0,0
2024-05-27T22:00:00,19.088686,72.867919,11,VABB,250,5.1,762,3000,30.0,27.0,,1,0,0,0,0
2024-05-27T22:30:00,19.088686,72.867919,11,VABB,250,5.1,762,3000,30.0,27.0,,1,0,0,0,0
2024-05-27T23:00:00,19.088686,72.867919,11,VABB,250,5.1,762,3000,30.0,27.0,,1,0,0,0,0
2024-05-27T23:30:00,19.088686,72.867919,11,VABB,260,4.1,762,3000,30.0,27.0,,1,0,0,0,0
2024-05-28T00:00:00,19.088686,72.867919,11,VABB,270,2.6,720,2000,30.2,26.0,1003.9,0,0,0,0,0
2024-05-28T00:00:00,19.088686,72.867919,11,VABB,260,6.7,762,3000,30.0,27.0,,1,0,0,0,0
2024-05-28T00:30:00,19.088686,72.867919,11,VABB,250,4.6,762,3000,30.0,26.0,,1,0,0,0,0
2024-05-28T01:00:00,19.088686,72.867919,11,VABB,240,5.1,762,3000,30.0,27.0,,1,0,0,0,0
2024-05-28T01:30:00,19.088686,72.867919,11,VABB,260,5.7,762,3000,30.0,27.0,,1,0,0,0,0
2024-05-28T02:00:00,19.088686,72.867919,11,VABB,250,5.1,762,3000,31.0,27.0,,1,0,0,0,0
2024-05-28T02:30:00,19.088686,72.867919,11,VABB,250,5.1,762,3000,31.0,26.0,,1,0,0,0,0
2024-05-28T03:00:00,19.088686,72.867919,11,VABB,340,1.5,750,2000,31.6,25.4,1006.0,0,0,0,0,0
2024-05-28T03:00:00,19.088686,72.867919,11,VABB,240,5.7,762,3000,31.0,27.0,,1,0,0,0,0
2024-05-28T03:30:00,19.088686,72.867919,11,VABB,260,5.7,762,3000,32.0,27.0,,0,1,0,0,0
2024-05-28T04:00:00,19.088686,72.867919,11,VABB,270,4.6,762,3000,32.0,27.0,,0,1,0,0,0
2024-05-28T04:30:00,19.088686,72.867919,11,VABB,240,5.7,762,3000,32.0,27.0,,0,1,0,0,0
2024-05-28T05:00:00,19.088686,72.867919,11,VABB,260,3.6,762,3500,32.0,26.0,,0,1,0,0,1
2024-05-28T05:30:00,19.088686,72.867919,11,VABB,290,6.2,762,3500,32.0,26.0,,0,1,0,0,0
2024-05-28T06:00:00,19.088686,72.867919,11,VABB,320,1.5,750,2000,33.8,25.7,1005.7,0,0,0,0,0
2024-05-28T06:00:00,19.088686,72.867919,11,VABB,240,6.7,762,3500,33.0,26.0,,0,1,0,0,0
2024-05-28T06:30:00,19.088686,72.867919,11,VABB,260,5.7,762,3500,33.0,26.0,,0,1,0,0,0
2024-05-28T07:00:00,19.088686,72.867919,11,VABB,270,4.1,762,3500,33.0,26.0,,0,1,0,0,1
2024-05-28T07:30:00,19.088686,72.867919,11,VABB,260,4.1,762,4000,33.0,26.0,,0,1,0,0,1
2024-05-28T08:00:00,19.088686,72.867919,11,VABB,240,5.7,762,4000,32.0,27.0,,0,1,0,0,0
2024-05-28T08:30:00,19.088686,72.867919,11,VABB,220,4.1,762,4000,33.0,26.0,,0,1,0,0,0
2024-05-28T09:00:00,19.088686,72.867919,11,VABB,320,1.5,,2000,34.4,25.8,1003.5,0,0,0,0,0
2024-05-28T09:00:00,19.088686,72.867919,11,VABB,260,5.1,762,4000,33.0,25.0,,0,1,0,0,0
2024-05-28T09:30:00,19.088686,72.867919,11,VABB,270,5.7,762,4000,33.0,25.0,,0,1,0,0,0
2024-05-28T10:00:00,19.088686,72.867919,11,VABB,260,3.6,762,4000,33.0,25.0,,0,1,0,0,1
2024-05-28T10:30:00,19.088686,72.867919,11,VABB,220,6.2,762,4000,33.0,26.0,,0,1,0,0,0
2024-05-28T11:00:00,19.088686,72.867919,11,VABB,250,3.6,762,4000,33.0,26.0,,0,1,0,0,1
2024-05-28T11:30:00,19.088686,72.867919,11,VABB,230,6.2,762,4000,32.0,26.0,,0,1,0,0,0
2024-05-28T12:00:00,19.088686,72.867919,11,VABB,320,2.1,750,2000,33.4,25.2,1002.9,0,0,0,0,0
2024-05-28T12:00:00,19.088686,72.867919,11,VABB,240,5.7,762,4000,32.0,26.0,,0,1,0,0,0
2024-05-28T12:30:00,19.088686,72.867919,11,VABB,260,5.1,762,4000,32.0,26.0,,0,1,0,0,0
2024-05-28T13:00:00,19.088686,72.867919,11,VABB,240,5.1,762,4000,31.0,26.0,,0,1,0,0,0
2024-05-28T13:30:00,19.088686,72.867919,11,VABB,240,4.6,762,4000,31.0,26.0,,0,1,0,0,0
2024-05-28T14:00:00,19.088686,72.867919,11,VABB,250,5.1,762,4000,31.0,26.0,,0,1,0,0,0
2024-05-28T14:30:00,19.088686,72.867919,11,VABB,230,5.1,762,3000,31.0,26.0,,0,1,0,0,0
2024-05-28T15:00:00,19.088686,72.867919,11,VABB,,0.0,750,2000,31.4,25.2,1003.8,0,0,0,0,0
2024-05-28T15:00:00,19.088686,72.867919,11,VABB,230,4.6,762,3000,31.0,26.0,,0,1,0,0,0
2024-05-28T15:30:00,19.088686,72.867919,11,VABB,230,4.6,762,3000,31.0,26.0,,0,1,0,0,0
2024-05-28T16:00:00,19.088686,72.867919,11,VABB,220,4.6,762,3000,31.0,26.0,,0,1,0,0,0
2024-05-28T16:30:00,19.088686,72.867919,11,VABB,220,3.1,762,3000,31.0,26.0,,0,1,0,0,0
2024-05-28T17:00:00,19.088686,72.867919,11,VABB,230,4.6,762,3000,31.0,26.0,,0,1,0,0,0
2024-05-28T17:30:00,19.088686,72.867919,11,VABB,220,4.6,762,3000,31.0,26.0,,0,1,0,0,0
2024-05-28T18:00:00,19.088686,72.867919,11,VABB,230,1.5,750,2000,30.8,24.8,1004.4,0,0,0,0,0
2024-05-28T18:00:00,19.088686,72.867919,11,VABB,220,4.6,762,3000,31.0,26.0,,0,1,0,0,0
2024-05-28T18:30:00,19.088686,72.867919,11,VABB,230,3.1,762,3000,31.0,26.0,,0,1,0,0,0
2024-05-28T19:00:00,19.088686,72.867919,11,VABB,230,4.1,762,3000,31.0,26.0,,0,1,0,0,0
2024-05-28T19:30:00,19.088686,72.867919,11,VABB,230,4.6,762,3000,30.0,26.0,,0,1,0,0,0
2024-05-28T20:00:00,19.088686,72.867919,11,VABB,230,5.1,762,3000,30.0,26.0,,0,1,0,0,0
2024-05-28T20:30:00,19.088686,72.867919,11,VABB,230,4.1,762,3000,30.0,26.0,,0,1,0,0,0
2024-05-28T21:00:00,19.088686,72.867919,11,VABB,230,2.1,22000,2000,30.4,24.7,1003.2,0,0,0,0,0
2024-05-28T21:00:00,19.088686,72.867919,11,VABB,240,5.1,762,3000,31.0,26.0,,0,1,0,0,0
2024-05-28T21:30:00,19.088686,72.867919,11,VABB,230,4.6,762,3000,30.0,26.0,,0,1,0,0,0
2024-05-28T22:00:00,19.088686,72.867919,11,VABB,240,4.1,762,3000,30.0,26.0,,0,1,0,0,0
2024-05-28T22:30:00,19.088686,72.867919,11,VABB,230,3.6,762,3000,30.0,26.0,,0,1,0,0,0
2024-05-28T23:00:00,19.088686,72.867919,11,VABB,230,5.1,762,3000,30.0,26.0,,0,1,0,0,0
2024-05-28T23:30:00,19.088686,72.867919,11,VABB,220,4.6,762,3000,30.0,26.0,,0,1,0,0,0
2024-05-29T00:00:00,19.088686,72.867919,11,VABB,270,1.5,22000,2000,30.2,24.8,1003.6,0,0,0,0,0
2024-05-29T00:00:00,19.088686,72.867919,11,VABB,230,3.1,762,3000,30.0,26.0,,0,1,0,0,0
2024-05-29T00:30:00,19.088686,72.867919,11,VABB,230,4.6,762,3000,30.0,26.0,,0,1,0,0,0
2024-05-29T01:00:00,19.088686,72.867919,11,VABB,250,5.1,762,3000,30.0,26.0,,0,1,0,0,0
2024-05-29T01:30:00,19.088686,72.867919,11,VABB,250,4.6,762,3000,31.0,26.0,,0,1,0,0,0
2024-05-29T02:00:00,19.088686,72.867919,11,VABB,240,5.1,2000,3000,31.0,26.0,,0,1,0,0,0
2024-05-29T02:30:00,19.088686,72.867919,11,VABB,250,5.1,762,3000,31.0,26.0,,0,1,0,0,0
2024-05-29T03:00:00,19.088686,72.867919,11,VABB,270,2.1,,2000,31.4,25.2,1005.4,0,0,0,0,0
2024-05-29T03:00:00,19.088686,72.867919,11,VABB,220,5.7,762,3000,31.0,26.0,,0,1,0,0,0
2024-05-29T03:30:00,19.088686,72.867919,11,VABB,250,6.7,762,3000,32.0,26.0,,0,1,0,0,0
2024-05-29T04:00:00,19.088686,72.867919,11,VABB,240,5.1,762,3000,32.0,25.0,,0,1,0,0,0
2024-05-29T04:30:00,19.088686,72.867919,11,VABB,240,5.7,762,3000,32.0,26.0,,0,1,0,0,0
2024-05-29T05:00:00,19.088686,72.867919,11,VABB,250,6.7,762,3500,32.0,25.0,,0,1,0,0,0
2024-05-29T05:30:00,19.088686,72.867919,11,VABB,220,4.6,762,3500,33.0,26.0,,0,1,0,0,1
2024-05-29T06:00:00,19.088686,72.867919,11,VABB,270,3.1,,2000,33.8,25.4,1005.5,0,0,0,0,0
2024-05-29T06:00:00,19.088686,72.867919,11,VABB,240,4.6,762,3500,33.0,26.0,,0,1,0,0,1
2024-05-29T06:30:00,19.088686,72.867919,11,VABB,250,3.6,762,4000,33.0,26.0,,0,1,0,0,1
2024-05-29T07:00:00,19.088686,72.867919,11,VABB,260,3.6,762,4000,33.0,26.0,,0,1,0,0,1
2024-05-29T07:30:00,19.088686,72.867919,11,VABB,240,3.6,762,4000,33.0,25.0,,0,1,0,0,1
2024-05-29T08:00:00,19.088686,72.867919,11,VABB,260,3.6,762,4000,32.0,26.0,,0,1,0,0,1
2024-05-29T08:30:00,19.088686,72.867919,11,VABB,230,4.1,762,4000,34.0,26.0,,0,1,0,0,1
2024-05-29T09:00:00,19.088686,72.867919,11,VABB,230,1.5,750,2000,34.4,25.4,1004.0,0,0,0,0,0
2024-05-29T09:00:00,19.088686,72.867919,11,VABB,260,3.6,762,4000,33.0,25.0,,0,1,0,0,1
2024-05-29T09:30:00,19.088686,72.867919,11,VABB,240,6.2,762,4000,32.0,25.0,,0,1,0,0,0
2024-05-29T10:00:00,19.088686,72.867919,11,VABB,230,4.6,762,4000,33.0,26.0,,0,1,0,0,1
2024-05-29T10:30:00,19.088686,72.867919,11,VABB,230,5.1,762,4000,32.0,27.0,,0,1,0,0,0
2024-05-29T11:00:00,19.088686,72.867919,11,VABB,230,6.2,762,4000,32.0,26.0,,0,1,0,0,0
2024-05-29T11:30:00,19.088686,72.867919,11,VABB,240,3.6,762,4000,32.0,26.0,,0,1,0,0,1
2024-05-29T12:00:00,19.088686,72.867919,11,VABB,340,2.1,750,2000,33.0,25.4,1003.1,0,0,0,0,0
2024-05-29T12:00:00,19.088686,72.867919,11,VABB,230,4.1,762,4000,32.0,26.0,,0,1,0,0,0
2024-05-29T12:30:00,19.088686,72.867919,11,VABB,230,3.6,762,4000,32.0,26.0,,0,1,0,0,1
2024-05-29T13:00:00,19.088686,72.867919,11,VABB,230,5.7,762,4000,32.0,26.0,,0,1,0,0,0
2024-05-29T13:30:00,19.088686,72.867919,11,VABB,240,5.1,762,3500,31.0,26.0,,0,1,0,0,0
2024-05-29T14:00:00,19.088686,72.867919,11,VABB,240,6.2,762,3500,31.0,26.0,,0,1,0,0,0
2024-05-29T14:30:00,19.088686,72.867919,11,VABB,230,4.1,762,3500,31.0,26.0,,0,1,0,0,0
2024-05-29T15:00:00,19.088686,72.867919,11,VABB,230,1.5,750,2000,31.2,25.3,1004.6,0,0,0,0,0
2024-05-29T15:00:00,19.088686,72.867919,11,VABB,210,5.1,762,3500,31.0,27.0,,0,1,0,0,0
2024-05-29T15:30:00,19.088686,72.867919,11,VABB,230,4.6,762,3500,31.0,26.0,,0,1,0,0,0
2024-05-29T16:00:00,19.088686,72.867919,11,VABB,240,3.6,2000,3000,31.0,26.0,,0,1,0,0,0
2024-05-29T16:30:00,19.088686,72.867919,11,VABB,220,4.1,2000,3000,31.0,26.0,,0,1,0,0,0
2024-05-29T17:00:00,19.088686,72.867919,11,VABB,250,4.1,2000,3000,31.0,25.0,,0,1,0,0,0
2024-05-29T17:30:00,19.088686,72.867919,11,VABB,240,4.1,2000,3000,31.0,26.0,,0,1,0,0,0
2024-05-29T18:00:00,19.088686,72.867919,11,VABB,270,1.5,,2000,31.0,25.4,1005.8,0,0,0,0,0
2024-05-29T18:00:00,19.088686,72.867919,11,VABB,230,4.1,2000,3000,31.0,26.0,,0,1,0,0,0
2024-05-29T18:30:00,19.088686,72.867919,11,VABB,240,3.6,2000,3000,31.0,26.0,,0,1,0,0,0
2024-05-29T19:00:00,19.088686,72.867919,11,VABB,250,4.1,2000,3000,31.0,26.0,,0,1,0,0,0
2024-05-29T19:30:00,19.088686,72.867919,11,VABB,240,4.6,2000,3000,30.0,26.0,,0,1,0,0,0
2024-05-29T20:00:00,19.088686,72.867919,11,VABB,240,5.1,2000,3000,30.0,26.0,,0,1,0,0,0
2024-05-29T20:30:00,19.088686,72.867919,11,VABB,240,4.1,2000,3000,30.0,26.0,,0,1,0,0,0
2024-05-29T21:00:00,19.088686,72.867919,11,VABB,,0.0,22000,2000,30.4,25.3,1004.3,0,0,0,0,0
2024-05-29T21:00:00,19.088686,72.867919,11,VABB,260,4.1,2000,3000,30.0,26.0,,0,1,0,0,0
2024-05-29T21:30:00,19.088686,72.867919,11,VABB,250,5.1,2000,3000,30.0,26.0,,0,1,0,0,0
2024-05-29T22:00:00,19.088686,72.867919,11,VABB,240,3.1,2000,3000,30.0,26.0,,0,1,0,0,0
2024-05-29T22:30:00,19.088686,72.867919,11,VABB,260,2.6,2000,3000,30.0,26.0,,0,1,0,0,0
2024-05-29T23:00:00,19.088686,72.867919,11,VABB,240,4.6,2000,3000,30.0,26.0,,0,1,0,0,0
2024-05-29T23:30:00,19.088686,72.867919,11,VABB,260,3.6,2000,3000,30.0,26.0,,0,1,0,0,0
2024-05-30T00:00:00,19.088686,72.867919,11,VABB,,0.0,750,2000,30.2,25.7,1004.1,0,0,0,0,0
2024-05-30T00:00:00,19.088686,72.867919,11,VABB,250,3.6,2000,3000,30.0,26.0,,0,1,0,0,0
2024-05-30T00:30:00,19.088686,72.867919,11,VABB,250,3.1,2000,3000,30.0,26.0,,0,1,0,0,0
2024-05-30T01:00:00,19.088686,72.867919,11,VABB,240,3.1,762,3000,30.0,26.0,,0,1,0,0,0
2024-05-30T01:30:00,19.088686,72.867919,11,VABB,260,3.6,762,3000,30.0,26.0,,0,1,0,0,0
2024-05-30T02:00:00,19.088686,72.867919,11,VABB,240,4.1,762,3000,31.0,26.0,,0,1,0,0,0
2024-05-30T02:30:00,19.088686,72.867919,11,VABB,240,3.6,762,3000,31.0,26.0,,0,1,0,0,0
2024-05-30T03:00:00,19.088686,72.867919,11,VABB,,0.0,750,2000,31.4,25.5,1006.0,0,0,0,0,0
2024-05-30T03:00:00,19.088686,72.867919,11,VABB,270,3.1,762,3000,31.0,26.0,,0,1,0,0,0
2024-05-30T03:30:00,19.088686,72.867919,11,VABB,270,3.1,762,3500,32.0,26.0,,0,1,0,0,0
2024-05-30T04:00:00,19.088686,72.867919,11,VABB,240,2.6,762,3500,32.0,26.0,,0,1,0,0,0
2024-05-30T04:30:00,19.088686,72.867919,11,VABB,250,5.7,762,3500,32.0,27.0,,0,1,0,0,0
2024-05-30T05:00:00,19.088686,72.867919,11,VABB,250,4.6,762,3500,33.0,26.0,,0,1,0,0,0
2024-05-30T05:30:00,19.088686,72.867919,11,VABB,260,4.6,762,3500,33.0,25.0,,0,1,0,0,0
2024-05-30T06:00:00,19.088686,72.867919,11,VABB,320,2.1,,2000,34.0,24.7,1006.6,0,0,0,0,0
2024-05-30T06:00:00,19.088686,72.867919,11,VABB,260,4.1,762,3500,33.0,26.0,,0,1,0,0,0
2024-05-30T06:30:00,19.088686,72.867919,11,VABB,260,4.1,762,3500,34.0,26.0,,0,1,0,0,0
2024-05-30T07:00:00,19.088686,72.867919,11,VABB,250,4.6,762,3500,33.0,26.0,,0,1,0,0,0
2024-05-30T07:30:00,19.088686,72.867919,11,VABB,270,4.6,762,3500,34.0,25.0,,0,1,0,0,0
2024-05-30T08:00:00,19.088686,72.867919,11,VABB,270,3.6,762,3500,33.0,25.0,,0,1,0,0,0
2024-05-30T08:30:00,19.088686,72.867919,11,VABB,220,4.6,762,3500,33.0,24.0,,0,1,0,0,0
2024-05-30T09:00:00,19.088686,72.867919,11,VABB,270,2.6,,2000,34.6,26.9,1005.4,0,0,0,0,0
2024-05-30T09:00:00,19.088686,72.867919,11,VABB,210,4.6,762,3500,33.0,25.0,,0,1,0,0,0
2024-05-30T09:30:00,19.088686,72.867919,11,VABB,200,4.1,762,3500,33.0,24.0,,0,1,0,0,0
2024-05-30T10:00:00,19.088686,72.867919,11,VABB,210,3.6,762,3500,32.0,25.0,,0,1,0,0,0
2024-05-30T10:30:00,19.088686,72.867919,11,VABB,260,5.7,762,4000,33.0,26.0,,0,1,0,0,0
2024-05-30T11:00:00,19.088686,72.867919,11,VABB,220,4.6,762,4000,33.0,26.0,,0,1,0,0,0
2024-05-30T11:30:00,19.088686,72.867919,11,VABB,250,5.7,762,4000,33.0,26.0,,0,1,0,0,0
2024-05-30T12:00:00,19.088686,72.867919,11,VABB,270,1.5,,2000,34.0,25.6,1004.5,0,0,0,0,0
2024-05-30T12:00:00,19.088686,72.867919,11,VABB,250,5.7,762,4000,33.0,26.0,,0,1,0,0,0
2024-05-30T12:30:00,19.088686,72.867919,11,VABB,250,4.1,762,4000,32.0,27.0,,0,1,0,0,0
2024-05-30T13:00:00,19.088686,72.867919,11,VABB,270,4.6,762,4000,32.0,27.0,,0,1,0,0,0
2024-05-30T13:30:00,19.088686,72.867919,11,VABB,240,4.1,762,4000,32.0,27.0,,0,1,0,0,0
2024-05-30T14:00:00,19.088686,72.867919,11,VABB,230,4.6,762,3500,31.0,27.0,,0,1,0,0,0
2024-05-30T14:30:00,19.088686,72.867919,11,VABB,210,4.1,762,3500,31.0,27.0,,0,1,0,0,0
2024-05-30T15:00:00,19.088686,72.867919,11,VABB,270,1.5,,2000,31.6,26.6,1006.5,0,0,0,0,0
2024-05-30T15:00:00,19.088686,72.867919,11,VABB,240,5.1,762,3500,31.0,27.0,,0,1,0,0,0
2024-05-30T15:30:00,19.088686,72.867919,11,VABB,230,4.6,762,3000,31.0,27.0,,0,1,0,0,0
2024-05-30T16:00:00,19.088686,72.867919,11,VABB,230,3.6,762,3000,31.0,27.0,,0,1,0,0,0
2024-05-30T16:30:00,19.088686,72.867919,11,VABB,220,4.6,762,3000,31.0,27.0,,0,1,0,0,0
2024-05-30T17:00:00,19.088686,72.867919,11,VABB,230,4.6,762,3000,31.0,27.0,,0,1,0,0,0
2024-05-30T17:30:00,19.088686,72.867919,11,VABB,230,4.6,762,3000,31.0,27.0,,0,1,0,0,0
2024-05-30T18:00:00,19.088686,72.867919,11,VABB,270,1.5,,2000,31.4,26.7,1007.4,0,0,0,0,0
2024-05-30T18:00:00,19.088686,72.867919,11,VABB,250,4.1,762,3000,31.0,27.0,,0,1,0,0,0
2024-05-30T18:30:00,19.088686,72.867919,11,VABB,240,3.6,762,3000,31.0,27.0,,0,1,0,0,0
2024-05-30T19:00:00,19.088686,72.867919,11,VABB,230,3.1,762,3000,31.0,27.0,,1,0,0,0,0
2024-05-30T19:30:00,19.088686,72.867919,11,VABB,240,4.1,762,3000,31.0,27.0,,1,0,0,0,0
2024-05-30T20:00:00,19.088686,72.867919,11,VABB,250,3.6,762,3000,31.0,27.0,,1,0,0,0,0
2024-05-30T20:30:00,19.088686,72.867919,11,VABB,260,3.6,762,3000,31.0,27.0,,1,0,0,0,0
2024-05-30T21:00:00,19.088686,72.867919,11,VABB,,0.0,22000,2000,30.6,26.4,1005.3,0,0,0,0,0
2024-05-30T21:00:00,19.088686,72.867919,11,VABB,240,3.6,2000,3000,31.0,27.0,,1,0,0,0,0
2024-05-30T21:30:00,19.088686,72.867919,11,VABB,250,2.6,2000,3000,31.0,27.0,,1,0,0,0,0
2024-05-30T22:00:00,19.088686,72.867919,11,VABB,240,2.6,2000,3000,31.0,27.0,,1,0,0,0,0
2024-05-30T22:30:00,19.088686,72.867919,11,VABB,230,1.5,2000,3000,30.0,27.0,,1,0,0,0,0
2024-05-30T23:00:00,19.088686,72.867919,11,VABB,230,3.1,2000,3000,31.0,27.0,,1,0,0,0,0
2024-05-30T23:30:00,19.088686,72.867919,11,VABB,230,3.1,2000,3000,31.0,27.0,,1,0,0,0,0
2024-05-31T00:00:00,19.088686,72.867919,11,VABB,,0.0,22000,2000,30.4,26.2,1005.9,0,0,0,0,0
2024-05-31T00:00:00,19.088686,72.867919,11,VABB,250,3.1,2000,3000,30.0,27.0,,1,0,0,0,0
2024-05-31T00:30:00,19.088686,72.867919,11,VABB,260,3.1,2000,3000,30.0,27.0,,1,0,0,0,0
2024-05-31T01:00:00,19.088686,72.867919,11,VABB,290,1.5,2000,3000,31.0,27.0,,1,0,0,0,0
2024-05-31T01:30:00,19.088686,72.867919,11,VABB,230,3.1,2500,3000,31.0,27.0,,1,0,0,0,0
2024-05-31T02:00:00,19.088686,72.867919,11,VABB,260,2.1,2500,3000,31.0,27.0,,1,0,0,0,0
2024-05-31T02:30:00,19.088686,72.867919,11,VABB,320,2.1,2500,3000,32.0,27.0,,0,1,0,0,0
2024-05-31T03:00:00,19.088686,72.867919,11,VABB,,0.0,,2000,32.2,26.1,1007.6,0,0,0,0,0
2024-05-31T03:00:00,19.088686,72.867919,11,VABB,230,3.1,762,3000,32.0,27.0,,0,1,0,0,0
2024-05-31T03:30:00,19.088686,72.867919,11,VABB,280,2.1,762,3500,33.0,26.0,,0,1,0,0,0
2024-05-31T04:00:00,19.088686,72.867919,11,VABB,250,4.1,762,4000,33.0,26.0,,0,1,0,0,0
2024-05-31T04:30:00,19.088686,72.867919,11,VABB,310,1.5,762,4000,33.0,26.0,,0,1,0,0,0
2024-05-31T05:00:00,19.088686,72.867919,11,VABB,280,2.6,762,4000,34.0,26.0,,0,1,0,0,0
2024-05-31T05:30:00,19.088686,72.867919,11,VABB,280,4.1,762,4000,34.0,25.0,,0,1,0,0,0
2024-05-31T06:00:00,19.088686,72.867919,11,VABB,270,1.5,,2000,34.8,24.0,1007.6,0,0,0,0,0
2024-05-31T06:00:00,19.088686,72.867919,11,VABB,270,3.6,762,4000,34.0,25.0,,0,0,0,0,0
2024-05-31T06:30:00,19.088686,72.867919,11,VABB,270,5.7,762,4000,34.0,26.0,,0,0,0,0,0
2024-05-31T07:00:00,19.088686,72.867919,11,VABB,270,4.1,762,4000,34.0,26.0,,0,0,0,0,0
2024-05-31T07:30:00,19.088686,72.867919,11,VABB,270,5.1,762,4000,34.0,25.0,,0,0,0,0,0
2024-05-31T08:00:00,19.088686,72.867919,11,VABB,270,6.7,2000,4000,34.0,26.0,,0,0,0,0,0
2024-05-31T08:30:00,19.088686,72.867919,11,VABB,280,5.1,2000,4000,34.0,26.0,,0,0,0,0,0
2024-05-31T09:00:00,19.088686,72.867919,11,VABB,230,2.1,,2000,35.4,26.0,1005.7,0,0,0,0,0
2024-05-31T09:00:00,19.088686,72.867919,11,VABB,280,4.6,762,4000,34.0,27.0,,0,1,0,0,0
2024-05-31T09:30:00,19.088686,72.867919,11,VABB,240,7.2,762,4000,34.0,27.0,,0,1,0,0,0
2024-05-31T10:00:00,19.088686,72.867919,11,VABB,240,5.7,762,4000,34.0,27.0,,0,1,0,0,0
2024-05-31T10:30:00,19.088686,72.867919,11,VABB,260,3.6,762,4000,33.0,27.0,,0,1,0,0,1
2024-05-31T11:00:00,19.088686,72.867919,11,VABB,260,3.6,762,4000,33.0,26.0,,0,1,0,0,1
2024-05-31T11:30:00,19.088686,72.867919,11,VABB,250,6.2,762,4000,33.0,27.0,,0,1,0,0,0
2024-05-31T12:00:00,19.088686,72.867919,11,VABB,270,1.5,,2000,34.0,25.3,1004.9,0,0,0,0,0
2024-05-31T12:00:00,19.088686,72.867919,11,VABB,270,4.6,762,4000,33.0,26.0,,0,1,0,0,0
2024-05-31T12:30:00,19.088686,72.867919,11,VABB,270,4.1,762,4000,32.0,26.0,,0,1,0,0,0
2024-05-31T13:00:00,19.088686,72.867919,11,VABB,260,3.1,762,4000,32.0,27.0,,0,1,0,0,0
2024-05-31T13:30:00,19.088686,72.867919,11,VABB,290,3.6,762,4000,32.0,27.0,,0,1,0,0,0
2024-05-31T14:00:00,19.088686,72.867919,11,VABB,260,3.1,762,3500,32.0,27.0,,0,1,0,0,0
2024-05-31T14:30:00,19.088686,72.867919,11,VABB,270,3.1,762,3000,32.0,27.0,,0,1,0,0,0
2024-05-31T15:00:00,19.088686,72.867919,11,VABB,,0.0,,2000,31.8,26.2,1006.0,0,0,0,0,0
2024-05-31T15:00:00,19.088686,72.867919,11,VABB,280,3.1,762,3000,31.0,27.0,,0,1,0,0,0
2024-05-31T15:30:00,19.088686,72.867919,11,VABB,290,3.1,2000,3000,31.0,27.0,,0,1,0,0,0
2024-05-31T16:00:00,19.088686,72.867919,11,VABB,240,4.6,2000,3000,31.0,27.0,,0,1,0,0,0
2024-05-31T16:30:00,19.088686,72.867919,11,VABB,240,4.1,2000,3000,31.0,27.0,,0,1,0,0,0
2024-05-31T17:00:00,19.088686,72.867919,11,VABB,230,3.1,762,3000,31.0,27.0,,0,1,0,0,0
2024-05-31T17:30:00,19.088686,72.867919,11,VABB,240,4.1,762,3000,31.0,27.0,,0,1,0,0,0
2024-05-31T18:00:00,19.088686,72.867919,11,VABB,,0.0,,2000,31.4,26.1,1006.4,0,0,0,0,0
2024-05-31T18:00:00,19.088686,72.867919,11,VABB,240,4.6,762,3000,31.0,27.0,,0,1,0,0,0
2024-05-31T18:30:00,19.088686,72.867919,11,VABB,240,3.6,762,3000,31.0,27.0,,0,1,0,0,0
2024-05-31T19:00:00,19.088686,72.867919,11,VABB,260,4.1,762,3000,31.0,27.0,,1,0,0,0,0
2024-05-31T19:30:00,19.088686,72.867919,11,VABB,250,3.6,762,3000,31.0,27.0,,1,0,0,0,0
2024-05-31T20:00:00,19.088686,72.867919,11,VABB,240,4.6,762,3000,31.0,27.0,,1,0,0,0,0
2024-05-31T20:30:00,19.088686,72.867919,11,VABB,270,3.6,762,3000,31.0,27.0,,1,0,0,0,0
2024-05-31T21:00:00,19.088686,72.867919,11,VABB,,0.0,,2000,30.6,26.1,1004.4,0,0,0,0,0
2024-05-31T21:00:00,19.088686,72.867919,11,VABB,270,2.6,762,3000,31.0,27.0,,1,0,0,0,0
2024-05-31T21:30:00,19.088686,72.867919,11,VABB,230,4.6,762,3000,31.0,27.0,,1,0,0,0,0
2024-05-31T22:00:00,19.088686,72.867919,11,VABB,240,4.1,762,3000,31.0,27.0,,1,0,0,0,0
2024-05-31T22:30:00,19.088686,72.867919,11,VABB,240,4.1,762,3000,30.0,27.0,,1,0,0,0,0
2024-05-31T23:00:00,19.088686,72.867919,11,VABB,250,3.6,2000,3000,30.0,27.0,,1,0,0,0,0
2024-05-31T23:30:00,19.088686,72.867919,11,VABB,280,4.1,2000,3000,31.0,26.0,,1,0,0,0,0
2024-06-01T00:00:00,19.088686,72.867919,11,VABB,,0.0,,2000,30.4,25.6,1005.6,0,0,0,0,0
2024-06-01T00:00:00,19.088686,72.867919,11,VABB,260,3.1,2000,3000,30.0,27.0,,1,0,0,0,0
2024-06-01T00:30:00,19.088686,72.867919,11,VABB,260,2.6,762,3000,30.0,27.0,,1,0,0,0,0
2024-06-01T01:00:00,19.088686,72.867919,11,VABB,260,3.6,762,3000,30.0,27.0,,1,0,0,0,0
2024-06-01T01:30:00,19.088686,72.867919,11,VABB,240,3.6,762,3500,31.0,27.0,,1,0,0,0,0
2024-06-01T02:00:00,19.088686,72.867919,11,VABB,270,2.6,762,3500,31.0,27.0,,1,0,0,0,0
2024-06-01T02:30:00,19.088686,72.867919,11,VABB,250,3.6,762,3500,31.0,26.0,,1,0,0,0,0
2024-06-01T03:00:00,19.088686,72.867919,11,VABB,,0.0,,2000,31.8,25.9,1007.1,0,0,0,0,0
2024-06-01T03:00:00,19.088686,72.867919,11,VABB,250,4.6,762,4000,32.0,26.0,,1,0,0,0,0
2024-06-01T03:30:00,19.088686,72.867919,11,VABB,230,3.1,762,4000,32.0,27.0,,1,0,0,0,0
2024-06-01T04:00:00,19.088686,72.867919,11,VABB,280,3.6,762,4000,32.0,26.0,,0,1,0,0,0
2024-06-01T04:30:00,19.088686,72.867919,11,VABB,270,4.1,762,4000,32.0,26.0,,0,1,0,0,0
2024-06-01T05:00:00,19.088686,72.867919,11,VABB,270,4.6,762,4000,33.0,26.0,,0,1,0,0,0
2024-06-01T05:30:00,19.088686,72.867919,11,VABB,250,5.1,762,4000,33.0,25.0,,0,1,0,0,0
2024-06-01T06:00:00,19.088686,72.867919,11,VABB,,0.0,22000,2000,34.4,25.1,1007.0,0,0,0,0,0
2024-06-01T06:00:00,19.088686,72.867919,11,VABB,270,5.1,762,5000,33.0,26.0,,0,1,0,0,0
2024-06-01T06:30:00,19.088686,72.867919,11,VABB,260,4.6,762,5000,34.0,26.0,,0,1,0,0,0
2024-06-01T07:00:00,19.088686,72.867919,11,VABB,250,6.7,762,5000,34.0,26.0,,0,1,0,0,0
2024-06-01T07:30:00,19.088686,72.867919,11,VABB,260,5.7,762,5000,34.0,26.0,,0,1,0,0,0
2024-06-01T08:00:00,19.088686,72.867919,11,VABB,270,4.1,762,5000,34.0,26.0,,0,1,0,0,0
2024-06-01T08:30:00,19.088686,72.867919,11,VABB,250,3.6,762,5000,34.0,27.0,,0,1,0,0,1
2024-06-01T09:00:00,19.088686,72.867919,11,VABB,230,2.6,,2000,35.4,26.6,1005.4,0,0,0,0,0
2024-06-01T09:00:00,19.088686,72.867919,11,VABB,260,6.2,762,5000,34.0,26.0,,0,1,0,0,0
2024-06-01T09:30:00,19.088686,72.867919,11,VABB,270,5.7,762,5000,34.0,26.0,,0,1,0,0,0
2024-06-01T10:00:00,19.088686,72.867919,11,VABB,270,4.1,762,5000,34.0,26.0,,0,1,0,0,0
2024-06-01T10:30:00,19.088686,72.867919,11,VABB,250,6.2,2500,5000,34.0,26.0,,0,1,0,0,0
2024-06-01T11:00:00,19.088686,72.867919,11,VABB,270,5.7,2000,5000,34.0,25.0,,0,1,0,0,0
2024-06-01T11:30:00,19.088686,72.867919,11,VABB,270,5.7,762,5000,33.0,26.0,,0,1,0,0,0
2024-06-01T12:00:00,19.088686,72.867919,11,VABB,270,2.6,22000,2000,35.0,26.7,1004.9,0,0,0,0,0
2024-06-01T12:00:00,19.088686,72.867919,11,VABB,260,4.6,762,4000,33.0,26.0,,0,1,0,0,0
2024-06-01T12:30:00,19.088686,72.867919,11,VABB,220,4.6,762,4000,33.0,27.0,,0,1,0,0,0
2024-06-01T13:00:00,19.088686,72.867919,11,VABB,260,5.7,762,4000,32.0,27.0,,0,1,0,0,0
2024-06-01T13:30:00,19.088686,72.867919,11,VABB,250,4.1,762,3500,32.0,26.0,,0,1,0,0,0
2024-06-01T14:00:00,19.088686,72.867919,11,VABB,240,4.1,2000,3500,32.0,26.0,,0,1,0,0,0
2024-06-01T14:30:00,19.088686,72.867919,11,VABB,230,4.1,2000,3500,32.0,27.0,,0,1,0,0,0
2024-06-01T15:00:00,19.088686,72.867919,11,VABB,,0.0,22000,2000,31.8,26.5,1005.7,0,0,0,0,0
2024-06-01T15:00:00,19.088686,72.867919,11,VABB,240,4.6,762,3500,31.0,27.0,,1,0,0,0,0
2024-06-01T15:30:00,19.088686,72.867919,11,VABB,230,4.6,762,3500,31.0,27.0,,1,0,0,0,0
2024-06-01T16:00:00,19.088686,72.867919,11,VABB,220,3.6,762,3500,31.0,27.0,,1,0,0,0,0
2024-06-01T16:30:00,19.088686,72.867919,11,VABB,220,4.1,762,3000,31.0,26.0,,0,1,0,0,0
2024-06-01T17:00:00,19.088686,72.867919,11,VABB,230,4.1,762,3000,31.0,27.0,,1,0,0,0,0
2024-06-01T17:30:00,19.088686,72.867919,11,VABB,240,4.6,762,3000,31.0,26.0,,1,0,0,0,0
2024-06-01T18:00:00,19.088686,72.867919,11,VABB,270,1.5,22000,2000,31.2,25.3,1006.6,0,0,0,0,0
2024-06-01T18:00:00,19.088686,72.867919,11,VABB,240,4.1,762,3000,31.0,26.0,,1,0,0,0,0
2024-06-01T18:30:00,19.088686,72.867919,11,VABB,250,5.7,762,3000,31.0,26.0,,1,0,0,0,0
2024-06-01T19:00:00,19.088686,72.867919,11,VABB,230,3.1,762,3000,31.0,27.0,,1,0,0,0,0
2024-06-01T19:30:00,19.088686,72.867919,11,VABB,240,3.6,762,3000,31.0,27.0,,1,0,0,0,0
2024-06-01T20:00:00,19.088686,72.867919,11,VABB,250,5.1,762,3000,32.0,27.0,,1,0,0,0,0
2024-06-01T20:30:00,19.088686,72.867919,11,VABB,220,3.1,762,3000,31.0,26.0,,1,0,0,0,0
2024-06-01T21:00:00,19.088686,72.867919,11,VABB,,0.0,22000,2000,31.0,25.4,1005.5,0,0,0,0,0
2024-06-01T21:00:00,19.088686,72.867919,11,VABB,230,3.1,762,3000,31.0,26.0,,1,0,0,0,0
2024-06-01T21:30:00,19.088686,72.867919,11,VABB,240,4.1,762,3000,31.0,26.0,,1,0,0,0,0
2024-06-01T22:00:00,19.088686,72.867919,11,VABB,240,2.6,762,3000,31.0,26.0,,1,0,0,0,0
2024-06-01T22:30:00,19.088686,72.867919,11,VABB,220,2.6,762,3000,31.0,26.0,,1,0,0,0,0
2024-06-01T23:00:00,19.088686,72.867919,11,VABB,240,3.1,762,3000,31.0,26.0,,1,0,0,0,0
2024-06-01T23:30:00,19.088686,72.867919,11,VABB,230,3.1,762,3000,31.0,26.0,,1,0,0,0,0
2024-06-02T00:00:00,19.088686,72.867919,11,VABB,,0.0,22000,2000,30.6,24.9,1006.1,0,0,0,0,0
2024-06-02T00:00:00,19.088686,72.867919,11,VABB,230,2.6,762,3000,31.0,26.0,,1,0,0,0,0
2024-06-02T00:30:00,19.088686,72.867919,11,VABB,220,2.6,762,3000,31.0,26.0,,1,0,0,0,0
2024-06-02T01:00:00,19.088686,72.867919,11,VABB,230,2.6,2000,3000,31.0,26.0,,1,0,0,0,0
2024-06-02T01:30:00,19.088686,72.867919,11,VABB,250,3.6,2000,3000,31.0,26.0,,1,0,0,0,0
2024-06-02T02:00:00,19.088686,72.867919,11,VABB,230,3.1,762,3000,31.0,26.0,,0,1,0,0,0
2024-06-02T02:30:00,19.088686,72.867919,11,VABB,250,3.1,762,3000,32.0,26.0,,0,1,0,0,0
2024-06-02T03:00:00,19.088686,72.867919,11,VABB,,0.0,750,2000,32.6,26.2,1007.4,0,0,0,0,0
2024-06-02T03:00:00,19.088686,72.867919,11,VABB,240,4.6,762,3000,32.0,27.0,,0,1,0,0,0
2024-06-02T03:30:00,19.088686,72.867919,11,VABB,210,2.1,762,3000,32.0,26.0,,0,1,0,0,0
2024-06-02T04:00:00,19.088686,72.867919,11,VABB,250,4.6,762,3000,33.0,26.0,,0,1,0,0,0
2024-06-02T04:30:00,19.088686,72.867919,11,VABB,280,3.1,762,3000,33.0,25.0,,0,1,0,0,0
2024-06-02T05:00:00,19.088686,72.867919,11,VABB,240,4.1,762,3500,33.0,25.0,,0,1,0,0,0
2024-06-02T05:30:00,19.088686,72.867919,11,VABB,240,4.1,762,3500,33.0,24.0,,0,1,0,0,0
2024-06-02T05:33:00,19.088686,72.867919,11,VABB,240,4.1,762,4000,33.0,24.0,,0,1,0,0,0
2024-06-02T06:00:00,19.088686,72.867919,11,VABB,270,2.6,,2000,34.6,24.7,1007.2,0,0,0,0,0
2024-06-02T06:00:00,19.088686,72.867919,11,VABB,260,4.6,762,4000,34.0,25.0,,0,1,0,0,0
2024-06-02T06:30:00,19.088686,72.867919,11,VABB,250,5.7,762,4000,34.0,26.0,,0,1,0,0,0
2024-06-02T07:00:00,19.088686,72.867919,11,VABB,260,4.6,762,4000,34.0,25.0,,0,1,0,0,0
2024-06-02T07:30:00,19.088686,72.867919,11,VABB,260,3.6,2000,4000,34.0,25.0,,0,1,0,0,1
2024-06-02T08:00:00,19.088686,72.867919,11,VABB,260,5.7,2000,4000,34.0,26.0,,0,1,0,0,0
2024-06-02T08:30:00,19.088686,72.867919,11,VABB,270,5.1,2000,4000,34.0,25.0,,0,1,0,0,0
2024-06-02T09:00:00,19.088686,72.867919,11,VABB,230,2.1,22000,2000,35.2,24.1,1005.7,0,0,0,0,0
2024-06-02T09:00:00,19.088686,72.867919,11,VABB,260,3.6,2000,5000,34.0,25.0,,0,1,0,0,1
2024-06-02T09:30:00,19.088686,72.867919,11,VABB,280,7.2,2000,5000,34.0,25.0,,0,1,0,0,0
2024-06-02T10:00:00,19.088686,72.867919,11,VABB,260,4.1,2000,5000,34.0,25.0,,0,1,0,0,1
2024-06-02T10:30:00,19.088686,72.867919,11,VABB,270,3.6,2000,5000,33.0,25.0,,0,1,0,0,1
2024-06-02T11:00:00,19.088686,72.867919,11,VABB,270,5.1,2000,5000,33.0,26.0,,0,1,0,0,0
2024-06-02T11:30:00,19.088686,72.867919,11,VABB,300,4.1,2000,5000,33.0,26.0,,0,1,0,0,0
2024-06-02T12:00:00,19.088686,72.867919,11,VABB,270,1.5,22000,2000,33.8,24.4,1004.6,0,0,0,0,0
2024-06-02T12:00:00,19.088686,72.867919,11,VABB,290,5.7,2000,5000,33.0,25.0,,0,1,0,0,0
2024-06-02T12:30:00,19.088686,72.867919,11,VABB,270,5.7,2000,5000,33.0,26.0,,0,1,0,0,0
2024-06-02T13:00:00,19.088686,72.867919,11,VABB,270,5.1,2000,5000,32.0,26.0,,0,1,0,0,0
2024-06-02T13:30:00,19.088686,72.867919,11,VABB,280,5.7,2000,5000,32.0,26.0,,0,1,0,0,0
2024-06-02T14:00:00,19.088686,72.867919,11,VABB,270,5.1,2000,4000,32.0,26.0,,0,1,0,0,0
2024-06-02T14:30:00,19.088686,72.867919,11,VABB,270,4.1,2000,4000,31.0,26.0,,0,1,0,0,0
2024-06-02T15:00:00,19.088686,72.867919,11,VABB,,0.0,,2000,31.6,25.1,1005.9,0,0,0,0,0
2024-06-02T15:00:00,19.088686,72.867919,11,VABB,260,4.1,2000,3500,31.0,26.0,,0,1,0,0,0
2024-06-02T15:30:00,19.088686,72.867919,11,VABB,230,3.6,2000,3500,31.0,26.0,,0,1,0,0,0
2024-06-02T16:00:00,19.088686,72.867919,11,VABB,240,3.6,2000,3500,31.0,26.0,,0,1,0,0,0
2024-06-02T16:30:00,19.088686,72.867919,11,VABB,230,3.1,2000,3000,31.0,26.0,,0,1,0,0,0
2024-06-02T17:00:00,19.088686,72.867919,11,VABB,240,3.6,2000,3000,31.0,26.0,,0,1,0,0,0
2024-06-02T17:30:00,19.088686,72.867919,11,VABB,220,3.1,2000,3000,31.0,26.0,,0,1,0,0,0
2024-06-02T18:00:00,19.088686,72.867919,11,VABB,,0.0,22000,2000,31.4,25.5,1006.7,0,0,0,0,0
2024-06-02T18:00:00,19.088686,72.867919,11,VABB,230,3.1,2000,3000,31.0,27.0,,0,1,0,0,0
2024-06-02T18:30:00,19.088686,72.867919,11,VABB,220,3.1,2000,3000,31.0,27.0,,0,1,0,0,0
2024-06-02T19:00:00,19.088686,72.867919,11,VABB,240,3.1,2000,3000,31.0,27.0,,0,1,0,0,0
2024-06-02T19:30:00,19.088686,72.867919,11,VABB,240,3.6,2000,3000,31.0,27.0,,0,1,0,0,0
2024-06-02T20:00:00,19.088686,72.867919,11,VABB,230,3.1,2000,3000,31.0,26.0,,0,1,0,0,0
2024-06-02T20:30:00,19.088686,72.867919,11,VABB,220,2.6,2000,3000,31.0,26.0,,0,1,0,0,0
2024-06-02T21:00:00,19.088686,72.867919,11,VABB,,0.0,22000,2000,31.0,25.7,1004.9,0,0,0,0,0
2024-06-02T21:00:00,19.088686,72.867919,11,VABB,230,3.6,2000,3000,31.0,27.0,,0,1,0,0,0
2024-06-02T21:30:00,19.088686,72.867919,11,VABB,250,3.1,2000,3000,31.0,26.0,,0,1,0,0,0
2024-06-02T22:00:00,19.088686,72.867919,11,VABB,220,2.6,2000,3000,31.0,27.0,,0,1,0,0,0
2024-06-02T22:30:00,19.088686,72.867919,11,VABB,220,2.1,2000,3000,31.0,27.0,,0,1,0,0,0
2024-06-02T23:00:00,19.088686,72.867919,11,VABB,240,3.6,2000,3000,31.0,26.0,,0,1,0,0,0
2024-06-02T23:30:00,19.088686,72.867919,11,VABB,240,4.1,2000,3000,31.0,26.0,,0,1,0,0,0
2024-06-03T00:00:00,19.088686,72.867919,11,VABB,,0.0,22000,2000,31.0,25.4,1005.6,0,0,0,0,0
2024-06-03T00:00:00,19.088686,72.867919,11,VABB,270,3.1,2000,3000,31.0,26.0,,0,1,0,0,0
2024-06-03T00:30:00,19.088686,72.867919,11,VABB,310,3.1,762,3000,31.0,26.0,,0,1,0,0,0
2024-06-03T01:00:00,19.088686,72.867919,11,VABB,290,3.1,762,3000,31.0,26.0,,0,1,0,0,0
2024-06-03T01:30:00,19.088686,72.867919,11,VABB,270,3.1,3048,3000,31.0,26.0,,0,1,0,0,0
2024-06-03T02:00:00,19.088686,72.867919,11,VABB,340,2.6,3048,3000,32.0,27.0,,0,1,0,0,0
2024-06-03T02:30:00,19.088686,72.867919,11,VABB,20,1.5,762,3000,32.0,27.0,,0,1,0,0,0
2024-06-03T03:00:00,19.088686,72.867919,11,VABB,,0.0,750,2000,32.2,25.5,1007.0,0,0,0,0,0
2024-06-03T03:00:00,19.088686,72.867919,11,VABB,300,2.1,762,3000,32.0,26.0,,0,1,0,0,0
2024-06-03T03:30:00,19.088686,72.867919,11,VABB,260,4.1,762,3000,32.0,26.0,,0,1,0,0,0
2024-06-03T04:00:00,19.088686,72.867919,11,VABB,240,3.6,762,3000,32.0,26.0,,0,1,0,0,0
2024-06-03T04:30:00,19.088686,72.867919,11,VABB,250,4.6,762,3500,33.0,27.0,,0,1,0,0,0
2024-06-03T05:00:00,19.088686,72.867919,11,VABB,240,4.1,762,3500,32.0,27.0,,0,1,0,0,0
2024-06-03T05:30:00,19.088686,72.867919,11,VABB,290,4.1,762,3500,33.0,26.0,,0,1,0,0,0
2024-06-03T06:00:00,19.088686,72.867919,11,VABB,270,1.5,750,2000,34.2,24.9,1007.8,0,0,0,0,0
2024-06-03T06:00:00,19.088686,72.867919,11,VABB,240,3.1,762,3500,32.0,26.0,,0,1,0,0,0
2024-06-03T06:30:00,19.088686,72.867919,11,VABB,270,4.6,762,3000,33.0,26.0,,0,1,0,0,0
2024-06-03T07:00:00,19.088686,72.867919,11,VABB,260,4.6,762,3000,33.0,26.0,,0,1,0,0,0
2024-06-03T07:30:00,19.088686,72.867919,11,VABB,270,5.1,762,3500,33.0,26.0,,0,1,0,0,0
2024-06-03T08:00:00,19.088686,72.867919,11,VABB,280,5.7,762,3500,34.0,26.0,,0,1,0,0,0
2024-06-03T08:30:00,19.088686,72.867919,11,VABB,220,4.1,3048,3500,33.0,24.0,,0,1,0,0,0
2024-06-03T09:00:00,19.088686,72.867919,11,VABB,270,2.6,,2000,35.0,25.2,1006.2,0,0,0,0,0
2024-06-03T09:00:00,19.088686,72.867919,11,VABB,230,5.1,3048,4000,33.0,24.0,,0,0,0,0,0
2024-06-03T09:30:00,19.088686,72.867919,11,VABB,230,4.6,2000,4000,33.0,24.0,,0,0,0,0,0
2024-06-03T10:00:00,19.088686,72.867919,11,VABB,240,4.6,2000,4000,33.0,24.0,,0,0,0,0,0
2024-06-03T10:30:00,19.088686,72.867919,11,VABB,250,5.7,762,4000,34.0,23.0,,0,0,0,0,0
2024-06-03T11:00:00,19.088686,72.867919,11,VABB,260,4.6,762,4000,33.0,25.0,,0,0,0,0,0
2024-06-03T11:30:00,19.088686,72.867919,11,VABB,250,5.7,762,4000,33.0,25.0,,0,1,0,0,0
2024-06-03T12:00:00,19.088686,72.867919,11,VABB,270,2.6,750,2000,34.0,25.0,1004.9,0,0,0,0,0
2024-06-03T12:00:00,19.088686,72.867919,11,VABB,270,5.1,762,4000,33.0,26.0,,0,1,0,0,0
2024-06-03T12:30:00,19.088686,72.867919,11,VABB,250,5.7,762,4000,33.0,26.0,,0,1,0,0,0
2024-06-03T13:00:00,19.088686,72.867919,11,VABB,270,4.6,3048,4000,32.0,25.0,,0,1,0,0,0
2024-06-03T13:30:00,19.088686,72.867919,11,VABB,260,4.6,3048,4000,32.0,27.0,,0,1,0,0,0
2024-06-03T14:00:00,19.088686,72.867919,11,VABB,250,4.6,3048,4000,32.0,26.0,,0,1,0,0,0
2024-06-03T14:30:00,19.088686,72.867919,11,VABB,270,3.6,3048,4000,32.0,26.0,,0,1,0,0,0
2024-06-03T15:00:00,19.088686,72.867919,11,VABB,,0.0,22000,2000,31.8,25.6,1006.0,0,0,0,0,0
2024-06-03T15:00:00,19.088686,72.867919,11,VABB,280,3.6,3048,4000,32.0,26.0,,0,1,0,0,0
2024-06-03T15:30:00,19.088686,72.867919,11,VABB,260,3.6,3048,3500,31.0,27.0,,0,1,0,0,0
2024-06-03T16:00:00,19.088686,72.867919,11,VABB,290,3.6,3048,3500,32.0,26.0,,0,1,0,0,0
2024-06-03T16:30:00,19.088686,72.867919,11,VABB,300,2.1,762,3500,32.0,26.0,,0,1,0,0,0
2024-06-03T17:00:00,19.088686,72.867919,11,VABB,270,3.6,762,3500,31.0,26.0,,0,1,0,0,0
2024-06-03T17:30:00,19.088686,72.867919,11,VABB,280,2.6,762,3500,31.0,26.0,,0,1,0,0,0
2024-06-03T18:00:00,19.088686,72.867919,11,VABB,320,1.5,,2000,31.4,27.4,1007.8,0,0,0,0,0
2024-06-03T18:00:00,19.088686,72.867919,11,VABB,240,3.6,762,3500,31.0,26.0,,0,1,0,0,0
2024-06-03T18:30:00,19.088686,72.867919,11,VABB,260,4.1,762,3500,31.0,27.0,,0,1,0,0,0
2024-06-03T19:00:00,19.088686,72.867919,11,VABB,260,3.6,762,3000,31.0,26.0,,1,0,0,0,0
2024-06-03T19:30:00,19.088686,72.867919,11,VABB,270,3.6,762,3000,31.0,27.0,,1,0,0,0,0
2024-06-03T20:00:00,19.088686,72.867919,11,VABB,280,3.1,762,3000,31.0,27.0,,1,0,0,0,0
2024-06-03T20:30:00,19.088686,72.867919,11,VABB,290,2.6,762,3000,31.0,27.0,,1,0,0,0,0
2024-06-03T22:00:00,19.088686,72.867919,11,VABB,280,2.6,762,3000,31.0,26.0,,1,0,0,0,0
2024-06-03T22:30:00,19.088686,72.867919,11,VABB,260,2.6,762,3000,31.0,26.0,,1,0,0,0,0
2024-06-03T23:00:00,19.088686,72.867919,11,VABB,200,2.6,762,3000,31.0,25.0,,0,1,0,0,0
2024-06-03T23:30:00,19.088686,72.867919,11,VABB,350,2.1,762,3000,31.0,26.0,,0,1,0,0,0
2024-06-04T00:00:00,19.088686,72.867919,11,VABB,,0.0,22000,2000,30.0,24.9,1006.5,0,0,0,0,0
2024-06-04T00:00:00,19.088686,72.867919,11,VABB,60,2.1,762,3000,31.0,26.0,,0,1,0,0,0
2024-06-04T00:30:00,19.088686,72.867919,11,VABB,70,2.6,2000,3500,32.0,26.0,,0,1,0,0,0
2024-06-04T01:00:00,19.088686,72.867919,11,VABB,80,2.6,2000,3500,31.0,26.0,,0,1,0,0,0
2024-06-04T01:30:00,19.088686,72.867919,11,VABB,60,2.6,2000,3500,31.0,26.0,,0,1,0,0,0
2024-06-04T02:00:00,19.088686,72.867919,11,VABB,30,2.6,762,3500,32.0,26.0,,0,1,0,0,0
2024-06-04T02:30:00,19.088686,72.867919,11,VABB,60,1.5,762,3000,32.0,26.0,,0,1,0,0,0
2024-06-04T03:00:00,19.088686,72.867919,11,VABB,,0.0,,2000,32.2,25.5,1007.4,0,0,0,0,0
2024-06-04T03:00:00,19.088686,72.867919,11,VABB,350,1.5,762,3000,32.0,25.0,,0,1,0,0,0
2024-06-04T03:30:00,19.088686,72.867919,11,VABB,140,1.5,762,3000,32.0,24.0,,0,1,0,0,0
2024-06-04T04:00:00,19.088686,72.867919,11,VABB,210,2.1,762,3000,33.0,25.0,,0,1,0,0,0
2024-06-04T04:30:00,19.088686,72.867919,11,VABB,20,2.1,762,3000,34.0,24.0,,0,0,0,0,0
2024-06-04T05:00:00,19.088686,72.867919,11,VABB,280,3.1,762,3000,34.0,24.0,,0,0,0,0,0
2024-06-04T05:30:00,19.088686,72.867919,11,VABB,260,3.6,762,3500,34.0,24.0,,0,0,0,0,0
2024-06-04T06:00:00,19.088686,72.867919,11,VABB,,0.0,,2000,35.2,23.5,1008.1,0,0,0,0,0
2024-06-04T06:00:00,19.088686,72.867919,11,VABB,260,5.1,762,3500,35.0,23.0,,0,0,0,0,0
2024-06-04T06:30:00,19.088686,72.867919,11,VABB,240,5.7,762,4000,34.0,23.0,,0,0,0,0,0
2024-06-04T07:00:00,19.088686,72.867919,11,VABB,260,3.6,2000,4000,34.0,24.0,,0,0,0,0,1
2024-06-04T07:30:00,19.088686,72.867919,11,VABB,260,6.2,2000,4000,34.0,25.0,,0,0,0,0,0
2024-06-04T08:00:00,19.088686,72.867919,11,VABB,260,6.7,2000,4000,35.0,24.0,,0,0,0,0,0
2024-06-04T08:30:00,19.088686,72.867919,11,VABB,240,7.2,2000,4000,35.0,26.0,,0,0,0,0,0
2024-06-04T09:00:00,19.088686,72.867919,11,VABB,320,2.6,,2000,35.0,25.2,1006.7,0,0,0,0,0
2024-06-04T09:00:00,19.088686,72.867919,11,VABB,260,3.6,3048,4000,34.0,26.0,,0,0,0,0,1
2024-06-04T09:30:00,19.088686,72.867919,11,VABB,250,4.6,3048,4000,34.0,26.0,,0,0,0,0,1
2024-06-04T10:00:00,19.088686,72.867919,11,VABB,270,4.1,3048,4000,33.0,26.0,,0,0,0,0,1
2024-06-04T10:30:00,19.088686,72.867919,11,VABB,270,5.1,762,4000,33.0,27.0,,0,1,0,0,1
2024-06-04T11:00:00,19.088686,72.867919,11,VABB,260,4.1,762,4000,33.0,26.0,,0,1,0,0,1
2024-06-04T11:30:00,19.088686,72.867919,11,VABB,260,5.7,762,4000,33.0,26.0,,0,1,0,0,0
2024-06-04T12:00:00,19.088686,72.867919,11,VABB,320,2.6,750,2000,34.4,25.4,1005.2,0,0,0,0,0
2024-06-04T12:00:00,19.088686,72.867919,11,VABB,280,3.6,762,4000,33.0,27.0,,0,1,0,0,1
2024-06-04T12:30:00,19.088686,72.867919,11,VABB,270,6.7,762,4000,33.0,27.0,,0,1,0,0,0
2024-06-04T13:00:00,19.088686,72.867919,11,VABB,270,6.2,762,4000,32.0,27.0,,0,1,0,0,0
2024-06-04T13:30:00,19.088686,72.867919,11,VABB,270,4.1,762,3500,32.0,26.0,,0,1,0,0,0
2024-06-04T14:00:00,19.088686,72.867919,11,VABB,260,4.6,3048,3500,32.0,26.0,,0,1,0,0,0
2024-06-04T14:30:00,19.088686,72.867919,11,VABB,250,4.1,3048,3000,32.0,25.0,,0,1,0,0,0
2024-06-04T15:00:00,19.088686,72.867919,11,VABB,,0.0,22000,2000,32.0,25.2,1007.0,0,0,0,0,0
2024-06-04T15:00:00,19.088686,72.867919,11,VABB,260,4.1,762,3000,32.0,26.0,,0,1,0,0,0
2024-06-04T15:30:00,19.088686,72.867919,11,VABB,250,3.6,762,3000,32.0,26.0,,0,1,0,0,0
2024-06-04T16:00:00,19.088686,72.867919,11,VABB,240,3.1,762,3000,32.0,26.0,,0,1,0,0,0
2024-06-04T16:30:00,19.088686,72.867919,11,VABB,230,3.1,762,3000,32.0,26.0,,0,1,0,0,0
2024-06-04T17:00:00,19.088686,72.867919,11,VABB,240,3.1,762,3000,32.0,26.0,,0,1,0,0,0
2024-06-04T17:30:00,19.088686,72.867919,11,VABB,230,3.1,762,3000,32.0,26.0,,0,1,0,0,0
2024-06-04T18:00:00,19.088686,72.867919,11,VABB,,0.0,22000,2000,31.6,25.4,1008.0,0,0,0,0,0
2024-06-04T18:00:00,19.088686,72.867919,11,VABB,240,3.6,762,3000,32.0,26.0,,0,1,0,0,0
2024-06-04T18:30:00,19.088686,72.867919,11,VABB,240,4.1,762,3000,32.0,26.0,,0,1,0,0,0
2024-06-04T19:00:00,19.088686,72.867919,11,VABB,230,3.6,762,3000,31.0,26.0,,0,1,0,0,0
2024-06-04T19:30:00,19.088686,72.867919,11,VABB,230,1.5,762,3000,31.0,27.0,,0,1,0,0,0
2024-06-04T20:00:00,19.088686,72.867919,11,VABB,250,3.6,762,3000,31.0,27.0,,0,1,0,0,0
2024-06-04T20:30:00,19.088686,72.867919,11,VABB,240,3.1,762,3000,31.0,27.0,,0,1,0,0,0
2024-06-04T21:00:00,19.088686,72.867919,11,VABB,,0.0,750,2000,31.2,25.6,1006.7,0,0,0,0,0
2024-06-04T21:00:00,19.088686,72.867919,11,VABB,250,3.6,762,3000,31.0,27.0,,0,1,0,0,0
2024-06-04T21:30:00,19.088686,72.867919,11,VABB,260,2.6,762,3000,31.0,27.0,,0,1,0,0,0
2024-06-04T22:00:00,19.088686,72.867919,11,VABB,230,2.6,762,3000,31.0,27.0,,0,1,0,0,0
2024-06-04T22:30:00,19.088686,72.867919,11,VABB,200,1.5,762,3000,31.0,27.0,,1,0,0,0,0
2024-06-04T23:00:00,19.088686,72.867919,11,VABB,210,2.6,762,3000,31.0,27.0,,1,0,0,0,0
2024-06-04T23:30:00,19.088686,72.867919,11,VABB,230,2.6,762,3000,31.0,27.0,,1,0,0,0,0
2024-06-05T00:00:00,19.088686,72.867919,11,VABB,,0.0,,2000,30.4,26.2,1006.5,0,0,0,0,0
2024-06-05T00:00:00,19.088686,72.867919,11,VABB,310,2.1,762,3000,31.0,27.0,,1,0,0,0,0
2024-06-05T00:30:00,19.088686,72.867919,11,VABB,30,1.5,3048,3000,31.0,27.0,,1,0,0,0,0
2024-06-05T01:00:00,19.088686,72.867919,11,VABB,240,2.1,3048,2000,31.0,27.0,,0,0,1,0,0
2024-06-05T01:30:00,19.088686,72.867919,11,VABB,20,3.1,2743,2000,31.0,27.0,,0,0,1,0,0
2024-06-05T02:00:00,19.088686,72.867919,11,VABB,120,3.6,2743,2000,29.0,28.0,,0,0,1,0,0
2024-06-05T02:30:00,19.088686,72.867919,11,VABB,0,0.0,2743,2200,30.0,27.0,,1,0,1,0,0
2024-06-05T03:00:00,19.088686,72.867919,11,VABB,,0.0,750,2000,30.6,27.3,1008.4,0,0,0,0,0
2024-06-05T03:00:00,19.088686,72.867919,11,VABB,170,3.1,2743,2200,30.0,28.0,,1,0,1,0,0
2024-06-05T03:30:00,19.088686,72.867919,11,VABB,,1.0,2743,2500,30.0,28.0,,1,0,0,1,0
2024-06-05T04:00:00,19.088686,72.867919,11,VABB,270,3.6,2743,2500,32.0,27.0,,1,0,0,0,0
2024-06-05T04:30:00,19.088686,72.867919,11,VABB,280,3.1,762,3000,32.0,27.0,,0,1,0,0,0
2024-06-05T05:00:00,19.088686,72.867919,11,VABB,280,4.1,762,3000,33.0,26.0,,0,1,0,0,0
2024-06-05T05:30:00,19.088686,72.867919,11,VABB,280,4.1,762,3000,33.0,26.0,,0,1,0,0,0
2024-06-05T06:00:00,19.088686,72.867919,11,VABB,270,2.6,,2000,34.6,24.4,1008.6,0,0,0,0,0
2024-06-05T06:00:00,19.088686,72.867919,11,VABB,290,4.6,762,3500,34.0,25.0,,0,1,0,0,0
2024-06-05T06:30:00,19.088686,72.867919,11,VABB,270,5.1,762,3500,34.0,24.0,,0,1,0,0,0
2024-06-05T07:00:00,19.088686,72.867919,11,VABB,260,5.1,762,3500,34.0,26.0,,0,1,0,0,0
2024-06-05T07:30:00,19.088686,72.867919,11,VABB,280,5.7,762,4000,34.0,25.0,,0,1,0,0,0
2024-06-05T08:00:00,19.088686,72.867919,11,VABB,270,6.7,762,4000,34.0,26.0,,0,1,0,0,0
2024-06-05T08:30:00,19.088686,72.867919,11,VABB,290,4.6,762,4000,34.0,24.0,,0,0,0,0,0
2024-06-05T09:00:00,19.088686,72.867919,11,VABB,270,2.1,22000,2000,35.0,25.2,1006.5,0,0,0,0,0
2024-06-05T09:00:00,19.088686,72.867919,11,VABB,280,4.1,762,4000,34.0,26.0,,0,0,0,0,1
2024-06-05T09:30:00,19.088686,72.867919,11,VABB,280,6.2,762,4000,33.0,26.0,,0,1,0,0,0
2024-06-05T10:00:00,19.088686,72.867919,11,VABB,280,4.1,762,4000,33.0,26.0,,0,1,0,0,1
2024-06-05T10:30:00,19.088686,72.867919,11,VABB,290,4.1,762,4000,33.0,27.0,,0,1,0,0,1
2024-06-05T11:00:00,19.088686,72.867919,11,VABB,260,6.7,762,4000,33.0,27.0,,0,1,0,0,0
2024-06-05T11:30:00,19.088686,72.867919,11,VABB,260,6.7,762,4000,33.0,27.0,,0,1,0,0,0
2024-06-05T12:00:00,19.088686,72.867919,11,VABB,320,2.6,750,2000,34.8,26.2,1005.0,0,0,0,0,0
2024-06-05T12:00:00,19.088686,72.867919,11,VABB,260,6.2,762,4000,33.0,27.0,,0,1,0,0,0
2024-06-05T12:30:00,19.088686,72.867919,11,VABB,290,3.6,762,4000,32.0,27.0,,0,1,0,0,0
2024-06-05T13:00:00,19.088686,72.867919,11,VABB,260,5.1,762,4000,32.0,27.0,,0,1,0,0,0
2024-06-05T13:30:00,19.088686,72.867919,11,VABB,260,4.6,762,3500,32.0,27.0,,0,1,0,0,0
2024-06-05T14:00:00,19.088686,72.867919,11,VABB,280,4.6,762,3000,32.0,27.0,,0,1,0,0,0
2024-06-05T14:30:00,19.088686,72.867919,11,VABB,250,4.1,762,3000,32.0,27.0,,0,1,0,0,0
2024-06-05T15:00:00,19.088686,72.867919,11,VABB,,0.0,,2000,32.0,25.8,1006.7,0,0,0,0,0
2024-06-05T15:00:00,19.088686,72.867919,11,VABB,250,5.1,762,3000,32.0,27.0,,0,1,0,0,0
2024-06-05T15:30:00,19.088686,72.867919,11,VABB,260,5.1,762,3000,32.0,27.0,,0,1,0,0,0
2024-06-05T16:00:00,19.088686,72.867919,11,VABB,250,4.6,762,3000,32.0,27.0,,0,1,0,0,0
2024-06-05T16:30:00,19.088686,72.867919,11,VABB,250,4.1,762,3000,32.0,26.0,,1,0,0,0,0
2024-06-05T17:00:00,19.088686,72.867919,11,VABB,240,3.6,762,3000,32.0,27.0,,1,0,0,0,0
2024-06-05T17:30:00,19.088686,72.867919,11,VABB,230,2.6,762,3000,32.0,27.0,,1,0,0,0,0
2024-06-05T18:00:00,19.088686,72.867919,11,VABB,,0.0,22000,2000,31.6,26.0,1007.9,0,0,0,0,0
2024-06-05T18:00:00,19.088686,72.867919,11,VABB,240,4.1,762,3000,31.0,27.0,,1,0,0,0,0
2024-06-05T18:30:00,19.088686,72.867919,11,VABB,240,3.1,762,3000,31.0,27.0,,1,0,0,0,0
2024-06-05T19:00:00,19.088686,72.867919,11,VABB,250,3.1,762,3000,31.0,27.0,,1,0,0,0,0
2024-06-05T19:30:00,19.088686,72.867919,11,VABB,230,2.6,762,3000,31.0,27.0,,1,0,0,0,0
2024-06-05T20:00:00,19.088686,72.867919,11,VABB,270,1.5,762,3000,31.0,27.0,,1,0,0,0,0
2024-06-05T20:30:00,19.088686,72.867919,11,VABB,270,3.6,762,3000,30.0,28.0,,1,0,0,0,0
2024-06-05T21:00:00,19.088686,72.867919,11,VABB,,0.0,22000,2000,31.2,25.9,1007.2,0,0,0,0,0
2024-06-05T21:00:00,19.088686,72.867919,11,VABB,250,4.1,762,2200,31.0,28.0,,1,0,0,0,0
2024-06-05T21:02:00,19.088686,72.867919,11,VABB,250,4.1,762,2200,31.0,28.0,,1,0,0,0,0
2024-06-05T21:30:00,19.088686,72.867919,11,VABB,250,4.1,762,2200,31.0,27.0,,1,0,0,0,0
2024-06-05T21:31:00,19.088686,72.867919,11,VABB,260,3.6,762,2200,31.0,27.0,,1,0,0,0,0
2024-06-05T22:00:00,19.088686,72.867919,11,VABB,270,3.1,762,2200,31.0,27.0,,1,0,0,0,0
2024-06-05T22:30:00,19.088686,72.867919,11,VABB,280,3.6,762,2200,31.0,28.0,,1,0,0,0,0
2024-06-05T23:00:00,19.088686,72.867919,11,VABB,280,2.6,762,2200,31.0,28.0,,1,0,0,0,0
2024-06-05T23:30:00,19.088686,72.867919,11,VABB,280,2.1,762,2500,31.0,28.0,,1,0,0,0,0
2024-06-06T00:00:00,19.088686,72.867919,11,VABB,,0.0,750,2000,31.0,26.0,1007.1,0,0,0,0,0
2024-06-06T00:00:00,19.088686,72.867919,11,VABB,290,1.5,762,2500,31.0,27.0,,1,0,0,0,0
2024-06-06T00:30:00,19.088686,72.867919,11,VABB,110,2.6,762,2500,30.0,28.0,,1,0,0,0,0
2024-06-06T01:00:00,19.088686,72.867919,11,VABB,120,2.1,762,3000,30.0,28.0,,1,0,0,0,0
2024-06-06T01:30:00,19.088686,72.867919,11,VABB,160,2.1,762,3000,30.0,28.0,,1,0,0,0,0
2024-06-06T02:00:00,19.088686,72.867919,11,VABB,210,2.1,762,3000,31.0,28.0,,1,0,0,0,0
2024-06-06T02:30:00,19.088686,72.867919,11,VABB,10,2.1,762,3000,32.0,27.0,,0,1,0,0,0
2024-06-06T03:00:00,19.088686,72.867919,11,VABB,,0.0,750,2000,32.6,25.9,1009.0,0,0,0,0,0
2024-06-06T03:00:00,19.088686,72.867919,11,VABB,260,1.5,762,3000,32.0,27.0,,0,1,0,0,0
2024-06-06T03:30:00,19.088686,72.867919,11,VABB,270,3.6,2000,3000,32.0,27.0,,0,1,0,0,0
2024-06-06T04:00:00,19.088686,72.867919,11,VABB,280,2.6,2000,3000,32.0,27.0,,0,1,1,0,0
2024-06-06T04:30:00,19.088686,72.867919,11,VABB,250,4.1,2000,3000,32.0,27.0,,0,1,0,0,0
2024-06-06T05:00:00,19.088686,72.867919,11,VABB,270,4.6,2000,3000,33.0,27.0,,0,1,0,0,0
2024-06-06T05:30:00,19.088686,72.867919,11,VABB,260,6.2,762,3000,33.0,26.0,,0,1,0,0,0
2024-06-06T06:00:00,19.088686,72.867919,11,VABB,320,3.1,,2000,34.6,25.4,1008.8,0,0,0,0,0
2024-06-06T06:00:00,19.088686,72.867919,11,VABB,260,5.7,762,3000,34.0,26.0,,0,1,0,0,0
2024-06-06T06:30:00,19.088686,72.867919,11,VABB,280,5.7,762,3500,34.0,26.0,,0,1,0,0,0
2024-06-06T07:00:00,19.088686,72.867919,11,VABB,270,6.2,762,3500,34.0,26.0,,0,1,0,0,0
2024-06-06T07:30:00,19.088686,72.867919,11,VABB,270,3.6,762,4000,33.0,27.0,,0,1,0,0,1
2024-06-06T08:00:00,19.088686,72.867919,11,VABB,240,5.7,762,4000,33.0,25.0,,0,1,0,0,0
2024-06-06T08:30:00,19.088686,72.867919,11,VABB,260,5.7,762,4000,33.0,25.0,,0,1,0,0,0
2024-06-06T09:00:00,19.088686,72.867919,11,VABB,320,2.1,750,2000,35.2,25.7,1007.0,0,0,0,0,0
2024-06-06T09:00:00,19.088686,72.867919,11,VABB,240,6.7,762,4000,32.0,25.0,,0,1,0,0,0
2024-06-06T09:30:00,19.088686,72.867919,11,VABB,260,4.1,762,4000,33.0,25.0,,0,1,0,0,1
2024-06-06T10:00:00,19.088686,72.867919,11,VABB,300,5.7,2000,4000,33.0,26.0,,0,1,0,0,0
2024-06-06T10:30:00,19.088686,72.867919,11,VABB,290,4.1,2000,4000,33.0,27.0,,0,1,0,0,1
2024-06-06T11:00:00,19.088686,72.867919,11,VABB,290,3.6,2000,4000,33.0,27.0,,0,1,0,0,1
2024-06-06T11:12:00,19.088686,72.867919,11,VABB,280,6.7,762,4000,34.0,27.0,,0,1,0,0,0
2024-06-06T11:30:00,19.088686,72.867919,11,VABB,290,6.7,2000,4000,33.0,27.0,,0,1,0,0,0
2024-06-06T12:00:00,19.088686,72.867919,11,VABB,320,2.6,750,2000,33.8,25.7,1005.3,0,0,0,0,0
2024-06-06T12:00:00,19.088686,72.867919,11,VABB,280,6.7,762,4000,34.0,27.0,,0,1,0,0,0
2024-06-06T12:30:00,19.088686,72.867919,11,VABB,280,6.7,762,4000,33.0,27.0,,0,1,0,0,0
2024-06-06T13:00:00,19.088686,72.867919,11,VABB,290,5.1,762,4000,32.0,27.0,,0,1,0,0,0
2024-06-06T13:30:00,19.088686,72.867919,11,VABB,280,6.2,762,3500,32.0,27.0,,0,1,0,0,0
2024-06-06T14:00:00,19.088686,72.867919,11,VABB,310,3.6,762,3500,32.0,27.0,,0,1,0,0,0
2024-06-06T14:30:00,19.088686,72.867919,11,VABB,290,4.1,762,3500,32.0,27.0,,0,1,0,0,0
2024-06-06T15:00:00,19.088686,72.867919,11,VABB,,0.0,,2000,31.6,25.7,1007.5,0,0,0,0,0
2024-06-06T15:00:00,19.088686,72.867919,11,VABB,290,2.6,762,3000,32.0,26.0,,0,1,0,0,0
2024-06-06T15:30:00,19.088686,72.867919,11,VABB,300,2.6,762,3000,32.0,26.0,,0,1,0,0,0
2024-06-06T16:00:00,19.088686,72.867919,11,VABB,280,4.1,762,3000,32.0,27.0,,0,1,0,0,0
2024-06-06T16:30:00,19.088686,72.867919,11,VABB,280,3.1,762,3000,31.0,27.0,,0,1,0,0,0
2024-06-06T17:00:00,19.088686,72.867919,11,VABB,270,3.1,762,3000,31.0,27.0,,0,1,0,0,0
2024-06-06T17:30:00,19.088686,72.867919,11,VABB,270,2.6,762,3000,31.0,27.0,,0,1,0,0,0
2024-06-06T18:00:00,19.088686,72.867919,11,VABB,,0.0,22000,2000,31.4,25.8,1007.9,0,0,0,0,0
2024-06-06T18:00:00,19.088686,72.867919,11,VABB,270,3.6,762,3000,31.0,26.0,,0,1,0,0,0
2024-06-06T18:29:00,19.088686,72.867919,11,VABB,270,3.6,762,3000,31.0,26.0,,0,1,0,0,0
2024-06-06T18:30:00,19.088686,72.867919,11,VABB,270,3.6,762,3000,31.0,26.0,,0,1,0,0,0
2024-06-06T19:00:00,19.088686,72.867919,11,VABB,270,4.1,762,3000,31.0,27.0,,0,1,0,0,0
2024-06-06T19:30:00,19.088686,72.867919,11,VABB,280,4.1,762,3000,31.0,26.0,,0,1,0,0,0
2024-06-06T20:00:00,19.088686,72.867919,11,VABB,280,3.6,762,3000,31.0,26.0,,0,1,0,0,0
2024-06-06T20:30:00,19.088686,72.867919,11,VABB,300,3.1,762,3000,31.0,26.0,,0,1,0,0,0
2024-06-06T21:00:00,19.088686,72.867919,11,VABB,320,1.5,2400,2000,31.0,25.7,1007.2,0,0,0,0,0
2024-06-06T21:00:00,19.088686,72.867919,11,VABB,290,3.1,762,3000,31.0,26.0,,0,1,0,0,0
2024-06-06T21:30:00,19.088686,72.867919,11,VABB,320,2.6,762,3000,31.0,26.0,,0,1,0,0,0
2024-06-06T22:00:00,19.088686,72.867919,11,VABB,280,4.1,762,3000,31.0,26.0,,0,1,0,0,0
2024-06-06T22:30:00,19.088686,72.867919,11,VABB,290,4.1,3048,3000,31.0,26.0,,0,1,0,0,0
2024-06-06T23:00:00,19.088686,72.867919,11,VABB,,,,,,,,0,0,0,0,0
