DATE,LATITUDE,LONGITUDE,ELEVATION,airport,wind_dir,wind_speed,cloud_base,visibility,temperature,dew_point,pressure,fog,haze,tempo,vrb,gusty
2024-01-01T00:00:00,28.584511,77.205783,215,VIDP,,0.0,,500,10.8,10.0,1018.9,0,0,0,0,0
2024-01-01T06:00:00,28.584511,77.205783,215,VIDP,200,2.1,,500,13.4,10.3,1020.6,0,0,0,0,0
2024-01-01T09:00:00,28.584511,77.205783,215,VIDP,200,2.6,,500,16.6,8.9,1017.1,0,0,0,0,0
2024-01-01T12:00:00,28.584511,77.205783,215,VIDP,200,1.0,,500,12.6,8.6,1017.4,0,0,0,0,0
2024-01-01T15:00:00,28.584511,77.205783,215,VIDP,,0.0,,500,11.2,8.8,1018.6,0,0,0,0,0
2024-01-01T18:00:00,28.584511,77.205783,215,VIDP,,0.0,,500,10.4,8.8,1019.4,0,0,0,0,0
2024-01-01T21:00:00,28.584511,77.205783,215,VIDP,,0.0,,500,9.6,8.8,1019.0,0,0,0,0,0
2024-01-02T00:00:00,28.584511,77.205783,215,VIDP,180,1.0,,500,9.6,8.4,1017.9,0,0,0,0,0
2024-01-02T03:00:00,28.584511,77.205783,215,VIDP,290,1.0,,500,10.0,7.5,1019.5,0,0,0,0,0
2024-01-02T06:00:00,28.584511,77.205783,215,VIDP,200,1.0,,500,12.6,6.8,1020.2,0,0,0,0,0
2024-01-02T09:00:00,28.584511,77.205783,215,VIDP,200,1.0,,1000,16.8,7.7,1016.5,0,0,0,0,0
2024-01-02T12:00:00,28.584511,77.205783,215,VIDP,,0.0,,1000,14.9,7.1,1016.0,0,0,0,0,0
2024-01-02T15:00:00,28.584511,77.205783,215,VIDP,200,1.0,,1000,9.0,7.7,1018.0,0,0,0,0,0
2024-01-02T18:00:00,28.584511,77.205783,215,VIDP,,0.0,,500,9.0,8.2,1018.4,0,0,0,0,0
2024-01-02T21:00:00,28.584511,77.205783,215,VIDP,200,1.0,,500,8.6,7.8,1018.1,0,0,0,0,0
2024-01-03T00:00:00,28.584511,77.205783,215,VIDP,,0.0,,500,9.2,7.1,1018.1,0,0,0,0,0
2024-01-03T03:00:00,28.584511,77.205783,215,VIDP,320,1.5,60,200,9.6,7.9,1019.6,0,0,0,0,0
2024-01-03T06:00:00,28.584511,77.205783,215,VIDP,340,1.5,,500,11.2,9.2,1020.2,0,0,0,0,0
2024-01-03T09:00:00,28.584511,77.205783,215,VIDP,,0.0,,500,15.2,8.1,1017.0,0,0,0,0,0
2024-01-03T12:00:00,28.584511,77.205783,215,VIDP,290,1.0,,500,13.8,9.5,1016.7,0,0,0,0,0
2024-01-03T15:00:00,28.584511,77.205783,215,VIDP,,0.0,,500,9.6,8.4,1017.6,0,0,0,0,0
2024-01-03T18:00:00,28.584511,77.205783,215,VIDP,340,1.0,,500,9.4,8.6,1018.0,0,0,0,0,0
2024-01-03T21:00:00,28.584511,77.205783,215,VIDP,340,2.1,,500,9.6,8.8,1017.8,0,0,0,0,0
2024-01-04T00:00:00,28.584511,77.205783,215,VIDP,340,1.0,,500,9.4,8.6,1018.3,0,0,0,0,0
2024-01-04T03:00:00,28.584511,77.205783,215,VIDP,340,2.6,,500,10.0,8.4,1020.5,0,0,0,0,0
2024-01-04T06:00:00,28.584511,77.205783,215,VIDP,340,2.1,,500,12.0,9.2,1020.5,0,0,0,0,0
2024-01-04T15:00:00,28.584511,77.205783,215,VIDP,320,2.1,120,500,10.8,9.2,1018.2,0,0,0,0,0
2024-01-04T18:00:00,28.584511,77.205783,215,VIDP,340,1.5,120,500,10.2,9.0,1017.8,0,0,0,0,0
2024-01-04T21:00:00,28.584511,77.205783,215,VIDP,340,1.5,120,500,9.8,8.6,1017.5,0,0,0,0,0
2024-01-05T00:00:00,28.584511,77.205783,215,VIDP,,0.0,120,500,9.8,8.6,1017.7,0,0,0,0,0
2024-01-05T03:00:00,28.584511,77.205783,215,VIDP,,0.0,60,200,11.6,10.4,1019.4,0,0,0,0,0
2024-01-05T06:00:00,28.584511,77.205783,215,VIDP,340,1.0,120,500,13.4,11.1,1019.8,0,0,0,0,0
2024-01-05T09:00:00,28.584511,77.205783,215,VIDP,,0.0,120,500,14.0,11.8,1017.3,0,0,0,0,0
2024-01-05T12:00:00,28.584511,77.205783,215,VIDP,,0.0,120,500,13.0,11.9,1017.4,0,0,0,0,0
2024-01-05T15:00:00,28.584511,77.205783,215,VIDP,,0.0,,500,12.6,11.5,1019.3,0,0,0,0,0
2024-01-05T18:00:00,28.584511,77.205783,215,VIDP,,0.0,,500,11.6,11.2,1019.6,0,0,0,0,0
2024-01-05T21:00:00,28.584511,77.205783,215,VIDP,,0.0,,500,10.4,10.4,1019.2,0,0,0,0,0
2024-01-06T00:00:00,28.584511,77.205783,215,VIDP,,0.0,,500,9.6,9.6,1018.8,0,0,0,0,0
2024-01-06T03:00:00,28.584511,77.205783,215,VIDP,,0.0,,500,10.4,10.4,1020.7,0,0,0,0,0
2024-01-06T06:00:00,28.584511,77.205783,215,VIDP,,0.0,,500,12.8,9.3,1021.6,0,0,0,0,0
2024-01-06T09:00:00,28.584511,77.205783,215,VIDP,340,1.5,22000,1000,14.7,9.4,1019.0,0,0,0,0,0
2024-01-06T12:00:00,28.584511,77.205783,215,VIDP,,0.0,22000,500,13.5,9.5,1019.2,0,0,0,0,0
2024-01-06T15:00:00,28.584511,77.205783,215,VIDP,,0.0,22000,500,11.7,9.0,1020.7,0,0,0,0,0
2024-01-06T18:00:00,28.584511,77.205783,215,VIDP,,0.0,,500,8.4,7.6,1020.9,0,0,0,0,0
2024-01-06T21:00:00,28.584511,77.205783,215,VIDP,,0.0,,500,8.0,7.1,1020.5,0,0,0,0,0
2024-01-07T00:00:00,28.584511,77.205783,215,VIDP,,0.0,,500,9.8,7.7,1020.5,0,0,0,0,0
2024-01-07T03:00:00,28.584511,77.205783,215,VIDP,360,1.5,,500,10.4,7.0,1020.5,0,0,0,0,0
2024-01-07T03:00:00,28.584511,77.205783,215,VIDP,360,1.5,,600,10.0,7.0,,0,0,0,0,0
2024-01-07T03:30:00,28.584511,77.205783,215,VIDP,350,1.5,10000,700,11.0,7.0,,0,0,0,0,0
2024-01-07T06:00:00,28.584511,77.205783,215,VIDP,,0.0,22000,1000,13.8,8.2,1023.2,0,0,0,0,0
2024-01-07T09:00:00,28.584511,77.205783,215,VIDP,,0.0,,1000,17.8,8.0,1019.5,0,0,0,0,0
2024-01-07T12:00:00,28.584511,77.205783,215,VIDP,,0.0,,1000,16.2,11.0,1018.3,0,0,0,0,0
2024-01-07T15:00:00,28.584511,77.205783,215,VIDP,,0.0,,500,12.4,10.9,1020.1,0,0,0,0,0
2024-01-07T18:00:00,28.584511,77.205783,215,VIDP,,0.0,,500,11.0,9.8,1020.2,0,0,0,0,0
2024-01-07T21:00:00,28.584511,77.205783,215,VIDP,,0.0,,500,7.6,7.2,1020.0,0,0,0,0,0
2024-01-08T00:00:00,28.584511,77.205783,215,VIDP,,0.0,,500,7.2,7.2,1020.5,0,0,0,0,0
2024-01-08T03:00:00,28.584511,77.205783,215,VIDP,,0.0,,500,10.0,9.2,1022.5,0,0,0,0,0
2024-01-08T06:00:00,28.584511,77.205783,215,VIDP,,0.0,,500,11.8,9.4,1022.6,0,0,0,0,0
2024-01-08T09:00:00,28.584511,77.205783,215,VIDP,360,1.5,22000,500,15.0,9.6,1020.1,0,0,0,0,0
2024-01-08T12:00:00,28.584511,77.205783,215,VIDP,,0.0,,500,14.4,11.8,1018.7,0,0,0,0,0
2024-01-08T15:00:00,28.584511,77.205783,215,VIDP,,0.0,,500,11.0,10.2,1019.8,0,0,0,0,0
2024-01-08T18:00:00,28.584511,77.205783,215,VIDP,180,1.5,60,200,10.4,10.0,1020.1,0,0,0,0,0
2024-01-08T21:00:00,28.584511,77.205783,215,VIDP,,0.0,60,200,9.6,9.2,1020.2,0,0,0,0,0
2024-01-09T00:00:00,28.584511,77.205783,215,VIDP,,0.0,60,200,9.4,9.0,1019.9,0,0,0,0,0
2024-01-09T03:00:00,28.584511,77.205783,215,VIDP,,0.0,120,500,11.2,9.6,1021.1,0,0,0,0,0
2024-01-09T06:00:00,28.584511,77.205783,215,VIDP,160,2.6,120,500,11.8,9.8,1022.1,0,0,0,0,0
2024-01-09T09:00:00,28.584511,77.205783,215,VIDP,180,2.6,120,500,12.8,9.7,1020.4,0,0,0,0,0
2024-01-09T12:00:00,28.584511,77.205783,215,VIDP,180,2.6,3000,500,12.6,9.9,1019.5,0,0,0,0,0
2024-01-09T15:00:00,28.584511,77.205783,215,VIDP,180,3.1,,1000,11.2,8.8,1020.7,0,0,0,0,0
2024-01-09T18:00:00,28.584511,77.205783,215,VIDP,110,1.5,,500,10.4,8.8,1021.1,0,0,0,0,0
2024-01-09T21:00:00,28.584511,77.205783,215,VIDP,200,2.1,,500,10.0,7.9,1020.8,0,0,0,0,0
2024-01-10T00:00:00,28.584511,77.205783,215,VIDP,200,1.5,,500,8.6,7.3,1019.5,0,0,0,0,0
2024-01-10T03:00:00,28.584511,77.205783,215,VIDP,230,1.5,,500,8.6,7.8,1020.6,0,0,0,0,0
2024-01-10T06:00:00,28.584511,77.205783,215,VIDP,180,3.1,,500,10.4,6.6,1021.2,0,0,0,0,0
2024-01-10T09:00:00,28.584511,77.205783,215,VIDP,180,2.6,,1000,13.6,7.5,1017.3,0,0,0,0,0
2024-01-10T12:00:00,28.584511,77.205783,215,VIDP,160,3.1,,1000,12.8,7.9,1016.6,0,0,0,0,0
2024-01-10T15:00:00,28.584511,77.205783,215,VIDP,160,1.0,,500,9.8,8.9,1018.0,0,0,0,0,0
2024-01-10T18:00:00,28.584511,77.205783,215,VIDP,,0.5,,500,8.2,7.8,1018.0,0,0,0,0,0
2024-01-10T21:00:00,28.584511,77.205783,215,VIDP,160,2.1,,500,9.0,8.6,1019.2,0,0,0,0,0
2024-01-11T00:00:00,28.584511,77.205783,215,VIDP,160,2.1,,500,8.8,8.0,1019.6,0,0,0,0,0
2024-01-11T03:00:00,28.584511,77.205783,215,VIDP,160,2.1,,500,8.2,7.6,1021.6,0,0,0,0,0
2024-01-11T06:00:00,28.584511,77.205783,215,VIDP,,0.0,,1000,13.0,6.8,1021.7,0,0,0,0,0
2024-01-11T09:00:00,28.584511,77.205783,215,VIDP,160,2.6,,1000,17.4,7.0,1018.7,0,0,0,0,0
2024-01-11T12:00:00,28.584511,77.205783,215,VIDP,290,3.1,,1000,15.2,8.1,1017.8,0,0,0,0,0
2024-01-11T15:00:00,28.584511,77.205783,215,VIDP,,0.0,,500,9.6,7.9,1018.7,0,0,0,0,0
2024-01-11T18:00:00,28.584511,77.205783,215,VIDP,,0.0,,500,7.4,6.5,1018.9,0,0,0,0,0
2024-01-11T21:00:00,28.584511,77.205783,215,VIDP,,0.0,,500,6.4,6.4,1018.6,0,0,0,0,0
2024-01-12T00:00:00,28.584511,77.205783,215,VIDP,,0.0,,500,5.4,5.4,1017.8,0,0,0,0,0
2024-01-12T03:00:00,28.584511,77.205783,215,VIDP,160,1.5,60,200,7.0,7.0,1020.1,0,0,0,0,0
2024-01-12T06:00:00,28.584511,77.205783,215,VIDP,180,1.0,,500,11.4,8.1,1020.6,0,0,0,0,0
2024-01-12T09:00:00,28.584511,77.205783,215,VIDP,160,2.1,,1000,18.4,6.3,1017.2,0,0,0,0,0
2024-01-12T12:00:00,28.584511,77.205783,215,VIDP,140,1.0,,1000,15.6,7.1,1015.5,0,0,0,0,0
2024-01-12T15:00:00,28.584511,77.205783,215,VIDP,,0.0,,1000,10.2,7.7,1018.5,0,0,0,0,0
2024-01-12T18:00:00,28.584511,77.205783,215,VIDP,,0.0,,500,7.2,6.3,1018.9,0,0,0,0,0
2024-01-12T21:00:00,28.584511,77.205783,215,VIDP,,0.0,,500,6.0,5.1,1018.0,0,0,0,0,0
2024-01-13T00:00:00,28.584511,77.205783,215,VIDP,,0.0,60,200,5.0,4.5,1017.4,0,0,0,0,0
2024-01-13T03:00:00,28.584511,77.205783,215,VIDP,,0.0,120,500,6.0,4.6,1019.5,0,0,0,0,0
2024-01-13T06:00:00,28.584511,77.205783,215,VIDP,140,1.0,22000,500,13.2,9.3,1019.8,0,0,0,0,0
2024-01-13T09:00:00,28.584511,77.205783,215,VIDP,160,1.5,22000,500,16.0,10.3,1016.9,0,0,0,0,0
2024-01-13T12:00:00,28.584511,77.205783,215,VIDP,160,1.5,22000,500,15.2,11.5,1015.7,0,0,0,0,0
2024-01-13T15:00:00,28.584511,77.205783,215,VIDP,,0.0,60,200,9.4,9.0,1017.4,0,0,0,0,0
2024-01-13T18:00:00,28.584511,77.205783,215,VIDP,,0.0,30,50,8.0,8.0,1018.4,0,0,0,0,0
2024-01-13T21:00:00,28.584511,77.205783,215,VIDP,,0.0,30,50,6.4,6.4,1017.8,0,0,0,0,0
2024-01-14T00:00:00,28.584511,77.205783,215,VIDP,,0.0,30,50,6.2,6.2,1017.1,0,0,0,0,0
2024-01-14T03:00:00,28.584511,77.205783,215,VIDP,,0.0,30,49,7.6,7.6,1018.2,0,0,0,0,0
2024-01-14T06:00:00,28.584511,77.205783,215,VIDP,,0.0,,500,11.0,8.6,1019.6,0,0,0,0,0
2024-01-14T09:00:00,28.584511,77.205783,215,VIDP,140,1.0,,500,18.0,7.3,1016.4,0,0,0,0,0
2024-01-14T12:00:00,28.584511,77.205783,215,VIDP,,0.0,,1000,17.0,8.0,1016.0,0,0,0,0,0
2024-01-14T15:00:00,28.584511,77.205783,215,VIDP,,0.0,,500,18.0,6.3,1018.5,0,0,0,0,0
2024-01-14T18:00:00,28.584511,77.205783,215,VIDP,,0.0,,200,7.6,4.4,1018.5,0,0,0,0,0
2024-01-14T21:00:00,28.584511,77.205783,215,VIDP,,0.0,,200,4.8,4.3,1017.0,0,0,0,0,0
2024-01-15T00:00:00,28.584511,77.205783,215,VIDP,160,1.5,30,49,7.2,7.2,1017.7,0,0,0,0,0
2024-01-15T03:00:00,28.584511,77.205783,215,VIDP,320,2.6,,500,6.6,6.2,1018.9,0,0,0,0,0
2024-01-15T06:00:00,28.584511,77.205783,215,VIDP,290,2.1,,500,14.0,6.6,1018.8,0,0,0,0,0
2024-01-15T09:00:00,28.584511,77.205783,215,VIDP,250,2.1,,1000,18.4,5.8,1015.1,0,0,0,0,0
2024-01-15T12:00:00,28.584511,77.205783,215,VIDP,200,2.1,,2000,16.2,6.9,1015.1,0,0,0,0,0
2024-01-15T15:00:00,28.584511,77.205783,215,VIDP,,0.0,,2000,9.6,7.1,1016.9,0,0,0,0,0
2024-01-15T18:00:00,28.584511,77.205783,215,VIDP,,0.0,,1000,6.8,5.9,1017.2,0,0,0,0,0
2024-01-15T21:00:00,28.584511,77.205783,215,VIDP,,0.0,,1000,5.8,5.3,1016.2,0,0,0,0,0
2024-01-16T00:00:00,28.584511,77.205783,215,VIDP,230,1.0,,500,4.8,4.3,1015.6,0,0,0,0,0
2024-01-16T03:00:00,28.584511,77.205783,215,VIDP,270,1.5,30,49,8.2,8.2,1016.6,0,0,0,0,0
2024-01-16T06:00:00,28.584511,77.205783,215,VIDP,340,2.1,,500,11.6,8.4,1017.1,0,0,0,0,0
2024-01-16T09:00:00,28.584511,77.205783,215,VIDP,340,2.6,,500,16.0,10.3,1014.1,0,0,0,0,0
2024-01-16T12:00:00,28.584511,77.205783,215,VIDP,50,1.5,,500,11.8,9.0,1014.2,0,0,0,0,0
2024-01-16T15:00:00,28.584511,77.205783,215,VIDP,320,2.6,,500,9.6,8.8,1015.4,0,0,0,0,0
2024-01-16T18:00:00,28.584511,77.205783,215,VIDP,320,1.5,120,500,8.8,8.0,1016.1,0,0,0,0,0
2024-01-16T21:00:00,28.584511,77.205783,215,VIDP,,0.0,60,200,7.2,6.8,1014.9,0,0,0,0,0
2024-01-17T00:00:00,28.584511,77.205783,215,VIDP,,0.0,120,500,7.0,6.6,1015.0,0,0,0,0,0
2024-01-17T03:00:00,28.584511,77.205783,215,VIDP,,0.0,,500,8.0,6.7,1016.3,0,0,0,0,0
2024-01-17T06:00:00,28.584511,77.205783,215,VIDP,340,2.1,,500,13.2,6.6,1016.4,0,0,0,0,0
2024-01-17T09:00:00,28.584511,77.205783,215,VIDP,340,3.1,,1000,16.8,8.2,1013.9,0,0,0,0,0
2024-01-17T12:00:00,28.584511,77.205783,215,VIDP,,0.0,,1000,15.4,9.6,1013.9,0,0,0,0,0
2024-01-17T15:00:00,28.584511,77.205783,215,VIDP,230,1.0,,1000,10.2,9.8,1016.7,0,0,0,0,0
2024-01-17T18:00:00,28.584511,77.205783,215,VIDP,250,1.0,,1000,9.0,9.0,1017.1,0,0,0,0,0
2024-01-17T21:00:00,28.584511,77.205783,215,VIDP,200,1.0,,200,8.0,8.0,1016.8,0,0,0,0,0
2024-01-18T00:00:00,28.584511,77.205783,215,VIDP,,0.0,,50,8.0,8.0,1016.9,0,0,0,0,0
2024-01-18T03:00:00,28.584511,77.205783,215,VIDP,140,1.0,,200,8.4,7.6,1018.6,0,0,0,0,0
2024-01-18T06:00:00,28.584511,77.205783,215,VIDP,,0.0,,500,11.0,7.7,1019.3,0,0,0,0,0
2024-01-18T06:30:00,28.584511,77.205783,215,VIDP,0,0.0,22000,900,12.0,8.0,,0,0,0,0,0
2024-01-18T07:00:00,28.584511,77.205783,215,VIDP,0,0.0,22000,1000,14.0,8.0,,0,0,0,0,0
2024-01-18T07:30:00,28.584511,77.205783,215,VIDP,230,1.5,22000,1000,15.0,8.0,,0,0,0,0,0
2024-01-18T08:30:00,28.584511,77.205783,215,VIDP,0,0.0,22000,1000,17.0,8.0,,0,0,0,0,0
2024-01-18T09:00:00,28.584511,77.205783,215,VIDP,,0.0,,1000,17.6,8.7,1015.9,0,0,0,0,0
2024-01-18T09:00:00,28.584511,77.205783,215,VIDP,0,0.0,22000,1000,18.0,9.0,,0,0,0,0,0
2024-01-18T12:00:00,28.584511,77.205783,215,VIDP,,0.0,,1000,15.4,10.1,1015.9,0,0,0,0,0
2024-01-18T15:00:00,28.584511,77.205783,215,VIDP,,0.0,,1000,10.4,9.2,1018.1,0,0,0,0,0
2024-01-18T18:00:00,28.584511,77.205783,215,VIDP,,0.0,,200,9.8,9.4,1019.0,0,0,0,0,0
2024-01-18T21:00:00,28.584511,77.205783,215,VIDP,200,1.5,,50,9.2,8.8,1018.8,0,0,0,0,0
2024-01-19T00:00:00,28.584511,77.205783,215,VIDP,,0.0,,50,9.0,8.6,1018.3,0,0,0,0,0
2024-01-19T03:00:00,28.584511,77.205783,215,VIDP,,0.0,,500,8.6,7.8,1020.2,0,0,0,0,0
2024-01-19T06:00:00,28.584511,77.205783,215,VIDP,200,1.5,,500,11.2,8.8,1020.8,0,0,0,0,0
2024-01-19T09:00:00,28.584511,77.205783,215,VIDP,140,2.1,,1000,13.2,8.9,1018.6,0,0,0,0,0
2024-01-19T12:00:00,28.584511,77.205783,215,VIDP,70,1.0,,1000,12.2,7.7,1018.1,0,0,0,0,0
2024-01-19T15:00:00,28.584511,77.205783,215,VIDP,90,1.0,,500,11.0,9.4,1019.5,0,0,0,0,0
2024-01-19T18:00:00,28.584511,77.205783,215,VIDP,140,1.0,,500,9.6,8.8,1020.1,0,0,0,0,0
2024-01-19T21:00:00,28.584511,77.205783,215,VIDP,340,1.0,,500,9.4,8.6,1019.6,0,0,0,0,0
2024-01-20T00:00:00,28.584511,77.205783,215,VIDP,,0.0,,500,10.0,8.8,1018.7,0,0,0,0,0
2024-01-20T03:00:00,28.584511,77.205783,215,VIDP,,0.0,,500,9.8,7.7,1020.7,0,0,0,0,0
2024-01-20T06:00:00,28.584511,77.205783,215,VIDP,,0.0,,1000,11.6,7.9,1021.6,0,0,0,0,0
2024-01-20T09:00:00,28.584511,77.205783,215,VIDP,200,2.6,,1000,16.4,8.1,1018.2,0,0,0,0,0
2024-01-20T12:00:00,28.584511,77.205783,215,VIDP,200,1.5,,1000,16.6,9.3,1017.4,0,0,0,0,0
2024-01-20T15:00:00,28.584511,77.205783,215,VIDP,320,2.6,,500,9.6,8.8,1015.4,0,0,0,0,0
2024-01-20T18:00:00,28.584511,77.205783,215,VIDP,,0.0,,500,6.8,6.4,1020.5,0,0,0,0,0
2024-01-20T21:00:00,28.584511,77.205783,215,VIDP,,0.0,,500,6.0,5.6,1020.0,0,0,0,0,0
2024-01-21T00:00:00,28.584511,77.205783,215,VIDP,180,1.5,60,200,6.0,5.6,1018.5,0,0,0,0,0
2024-01-21T03:00:00,28.584511,77.205783,215,VIDP,200,2.6,30,50,8.4,8.4,1019.7,0,0,0,0,0
2024-01-21T06:00:00,28.584511,77.205783,215,VIDP,200,2.6,120,500,9.4,8.2,1020.1,0,0,0,0,0
2024-01-21T09:00:00,28.584511,77.205783,215,VIDP,200,4.1,,500,14.8,8.5,1017.5,0,0,0,0,0
2024-01-21T12:00:00,28.584511,77.205783,215,VIDP,200,2.1,,1000,13.6,8.4,1016.9,0,0,0,0,0
2024-01-21T15:00:00,28.584511,77.205783,215,VIDP,200,1.0,,1000,9.6,8.8,1018.6,0,0,0,0,0
2024-01-21T18:00:00,28.584511,77.205783,215,VIDP,230,1.0,,1000,8.6,7.3,1019.0,0,0,0,0,0
2024-01-21T21:00:00,28.584511,77.205783,215,VIDP,250,1.0,,500,8.4,7.6,1019.8,0,0,0,0,0
2024-01-22T00:00:00,28.584511,77.205783,215,VIDP,,0.0,,500,7.4,6.5,1019.0,0,0,0,0,0
2024-01-22T03:00:00,28.584511,77.205783,215,VIDP,,0.0,,500,8.4,6.7,1020.7,0,0,0,0,0
2024-01-22T06:00:00,28.584511,77.205783,215,VIDP,200,1.5,,1000,13.0,6.3,1021.9,0,0,0,0,0
2024-01-22T08:30:00,28.584511,77.205783,215,VIDP,200,1.5,10000,1000,16.0,7.0,,0,0,0,0,0
2024-01-22T09:00:00,28.584511,77.205783,215,VIDP,200,1.5,22000,1000,16.6,7.4,1018.5,0,0,0,0,0
2024-01-22T12:00:00,28.584511,77.205783,215,VIDP,,0.0,,1000,14.4,9.4,1018.5,0,0,0,0,0
2024-01-22T15:00:00,28.584511,77.205783,215,VIDP,,0.0,,500,9.8,9.2,1020.5,0,0,0,0,0
2024-01-22T18:00:00,28.584511,77.205783,215,VIDP,230,1.5,60,200,9.0,8.6,1021.1,0,0,0,0,0
2024-01-22T21:00:00,28.584511,77.205783,215,VIDP,230,1.5,60,200,9.6,8.8,1020.3,0,0,0,0,0
2024-01-23T00:00:00,28.584511,77.205783,215,VIDP,230,1.5,60,200,9.0,8.6,1019.3,0,0,0,0,0
2024-01-23T03:00:00,28.584511,77.205783,215,VIDP,,0.0,60,200,9.0,8.6,1020.2,0,0,0,0,0
2024-01-23T06:00:00,28.584511,77.205783,215,VIDP,230,1.0,,500,12.0,8.4,1020.3,0,0,0,0,0
2024-01-23T09:00:00,28.584511,77.205783,215,VIDP,230,1.5,22000,1000,18.0,9.7,1016.4,0,0,0,0,0
2024-01-23T12:00:00,28.584511,77.205783,215,VIDP,340,1.0,22000,1000,16.6,11.0,1016.1,0,0,0,0,0
2024-01-23T15:00:00,28.584511,77.205783,215,VIDP,,0.0,,500,12.8,10.5,1017.7,0,0,0,0,0
2024-01-23T18:00:00,28.584511,77.205783,215,VIDP,340,1.0,,500,10.8,9.2,1017.7,0,0,0,0,0
2024-01-23T21:00:00,28.584511,77.205783,215,VIDP,,0.0,3000,500,10.6,9.8,1017.8,0,0,0,0,0
2024-01-24T00:00:00,28.584511,77.205783,215,VIDP,,0.0,120,500,10.0,9.2,1017.8,0,0,0,0,0
2024-01-24T03:00:00,28.584511,77.205783,215,VIDP,,0.0,30,50,9.6,9.2,1020.0,0,0,0,0,0
2024-01-24T06:00:00,28.584511,77.205783,215,VIDP,290,2.1,,200,10.4,8.4,1020.6,0,0,0,0,0
2024-01-24T09:00:00,28.584511,77.205783,215,VIDP,,0.0,,500,16.2,8.4,1017.4,0,0,0,0,0
2024-01-24T12:00:00,28.584511,77.205783,215,VIDP,,0.0,,500,15.4,8.8,1017.2,0,0,0,0,0
2024-01-24T15:00:00,28.584511,77.205783,215,VIDP,,0.0,,500,10.4,8.4,1019.6,0,0,0,0,0
2024-01-24T18:00:00,28.584511,77.205783,215,VIDP,,0.0,,500,8.0,7.1,1020.6,0,0,0,0,0
2024-01-24T21:00:00,28.584511,77.205783,215,VIDP,,0.0,,500,7.2,6.3,1020.2,0,0,0,0,0
2024-01-25T00:00:00,28.584511,77.205783,215,VIDP,250,1.5,30,50,7.2,6.8,1020.6,0,0,0,0,0
2024-01-25T03:00:00,28.584511,77.205783,215,VIDP,250,1.5,60,200,7.2,6.8,1022.8,0,0,0,0,0
2024-01-25T06:00:00,28.584511,77.205783,215,VIDP,270,1.5,,1000,14.2,7.3,1023.1,0,0,0,0,0
2024-01-25T09:00:00,28.584511,77.205783,215,VIDP,,0.0,22000,1000,19.0,9.6,1019.0,0,0,0,0,0
2024-01-25T12:00:00,28.584511,77.205783,215,VIDP,,0.0,22000,500,16.4,10.8,1019.6,0,0,0,0,0
2024-01-25T15:00:00,28.584511,77.205783,215,VIDP,,0.0,,500,11.4,9.4,1021.6,0,0,0,0,0
2024-01-25T18:00:00,28.584511,77.205783,215,VIDP,,0.0,,500,8.4,7.1,1021.9,0,0,0,0,0
2024-01-25T21:00:00,28.584511,77.205783,215,VIDP,,0.0,,500,6.8,6.4,1020.6,0,0,0,0,0
2024-01-26T00:00:00,28.584511,77.205783,215,VIDP,,0.0,60,200,6.0,6.0,1020.5,0,0,0,0,0
2024-01-26T03:00:00,28.584511,77.205783,215,VIDP,,0.0,22000,200,6.4,6.4,1023.0,0,0,0,0,0
2024-01-26T06:00:00,28.584511,77.205783,215,VIDP,,0.0,,500,16.2,10.2,1023.5,0,0,0,0,0
2024-01-26T09:00:00,28.584511,77.205783,215,VIDP,340,1.0,,500,20.0,12.6,1020.2,0,0,0,0,0
2024-01-26T12:00:00,28.584511,77.205783,215,VIDP,,0.0,,500,18.2,12.9,1019.5,0,0,0,0,0
2024-01-26T15:00:00,28.584511,77.205783,215,VIDP,,0.0,,500,10.6,9.4,1021.8,0,0,0,0,0
2024-01-26T18:00:00,28.584511,77.205783,215,VIDP,,0.0,,500,8.2,7.8,1022.9,0,0,0,0,0
2024-01-26T21:00:00,28.584511,77.205783,215,VIDP,,0.0,,500,6.4,6.0,1021.7,0,0,0,0,0
2024-01-27T00:00:00,28.584511,77.205783,215,VIDP,,0.0,,500,5.8,5.8,1020.3,0,0,0,0,0
2024-01-27T03:00:00,28.584511,77.205783,215,VIDP,160,2.6,,500,8.2,7.8,1021.0,0,0,0,0,0
2024-01-27T06:00:00,28.584511,77.205783,215,VIDP,140,4.1,,1000,18.2,5.0,1020.1,0,0,0,0,0
2024-01-27T09:00:00,28.584511,77.205783,215,VIDP,140,4.1,,2000,23.6,4.2,1016.9,0,0,0,0,0
2024-01-27T12:00:00,28.584511,77.205783,215,VIDP,110,1.0,,2000,21.2,8.3,1016.3,0,0,0,0,0
2024-01-27T15:00:00,28.584511,77.205783,215,VIDP,,0.0,,2000,13.0,9.1,1018.8,0,0,0,0,0
2024-01-27T18:00:00,28.584511,77.205783,215,VIDP,,0.0,,1000,9.4,7.7,1019.5,0,0,0,0,0
2024-01-27T21:00:00,28.584511,77.205783,215,VIDP,,0.0,,1000,8.2,7.4,1018.9,0,0,0,0,0
2024-01-28T00:00:00,28.584511,77.205783,215,VIDP,,0.0,,500,7.4,7.0,1018.3,0,0,0,0,0
2024-01-28T03:00:00,28.584511,77.205783,215,VIDP,,0.0,3000,500,8.6,8.2,1019.7,0,0,0,0,0
2024-01-28T06:00:00,28.584511,77.205783,215,VIDP,180,2.1,3000,500,17.0,11.1,1018.9,0,0,0,0,0
2024-01-28T09:00:00,28.584511,77.205783,215,VIDP,90,2.1,3000,500,17.4,11.1,1016.7,0,0,0,0,0
2024-01-28T12:00:00,28.584511,77.205783,215,VIDP,20,2.6,3000,500,15.2,12.3,1016.8,0,0,0,0,0
2024-01-28T15:00:00,28.584511,77.205783,215,VIDP,340,2.1,3000,500,13.0,11.5,1018.3,0,0,0,0,0
2024-01-28T18:00:00,28.584511,77.205783,215,VIDP,340,2.6,,500,11.4,10.6,1019.3,0,0,0,0,0
2024-01-28T21:00:00,28.584511,77.205783,215,VIDP,340,1.5,,500,10.2,9.4,1019.2,0,0,0,0,0
2024-01-29T00:00:00,28.584511,77.205783,215,VIDP,,0.0,,500,9.8,9.8,1017.9,0,0,0,0,0
2024-01-29T03:00:00,28.584511,77.205783,215,VIDP,,0.0,,500,9.8,9.6,1020.3,0,0,0,0,0
2024-01-29T06:00:00,28.584511,77.205783,215,VIDP,340,1.0,,1000,17.6,10.5,1019.1,0,0,0,0,0
2024-01-29T09:00:00,28.584511,77.205783,215,VIDP,270,1.5,,1000,20.4,12.6,1016.3,0,0,0,0,0
2024-01-29T12:00:00,28.584511,77.205783,215,VIDP,,0.0,,1000,20.2,14.4,1015.5,0,0,0,0,0
2024-01-29T15:00:00,28.584511,77.205783,215,VIDP,,0.0,,1000,13.4,10.7,1017.1,0,0,0,0,0
2024-01-29T18:00:00,28.584511,77.205783,215,VIDP,,0.0,,500,12.2,11.4,1018.4,0,0,0,0,0
2024-01-29T21:00:00,28.584511,77.205783,215,VIDP,,0.0,,500,10.4,10.4,1017.9,0,0,0,0,0
2024-01-30T00:00:00,28.584511,77.205783,215,VIDP,340,1.0,30,50,11.4,11.4,1016.7,0,0,0,0,0
2024-01-30T03:00:00,28.584511,77.205783,215,VIDP,290,1.0,30,50,11.2,11.2,1018.7,0,0,0,0,0
2024-01-30T06:00:00,28.584511,77.205783,215,VIDP,,0.0,60,200,12.4,12.0,1019.2,0,0,0,0,0
2024-01-30T09:00:00,28.584511,77.205783,215,VIDP,340,2.1,,500,20.0,13.0,1015.3,0,0,0,0,0
2024-01-30T12:00:00,28.584511,77.205783,215,VIDP,,0.0,,500,17.2,13.7,1015.0,0,0,0,0,0
2024-01-30T15:00:00,28.584511,77.205783,215,VIDP,,0.0,,500,12.2,11.4,1017.6,0,0,0,0,0
2024-01-30T18:00:00,28.584511,77.205783,215,VIDP,,0.0,,500,10.0,10.0,1018.0,0,0,0,0,0
2024-01-30T21:00:00,28.584511,77.205783,215,VIDP,,0.0,120,500,8.8,8.8,1016.1,0,0,0,0,0
2024-01-31T00:00:00,28.584511,77.205783,215,VIDP,,0.0,30,50,8.8,8.4,1016.2,0,0,0,0,0
2024-01-31T03:00:00,28.584511,77.205783,215,VIDP,,0.0,30,50,11.8,11.8,1017.6,0,0,0,0,0
2024-01-31T06:00:00,28.584511,77.205783,215,VIDP,340,1.5,60,200,15.6,13.5,1017.7,0,0,0,0,0
2024-01-31T09:00:00,28.584511,77.205783,215,VIDP,230,1.5,3000,200,15.2,13.8,1015.8,0,0,0,0,0
2024-01-31T12:00:00,28.584511,77.205783,215,VIDP,230,1.0,750,500,14.0,14.0,1013.9,0,0,0,0,0
2024-01-31T15:00:00,28.584511,77.205783,215,VIDP,,0.0,750,200,14.6,14.6,1015.7,0,0,0,0,0
2024-01-31T18:00:00,28.584511,77.205783,215,VIDP,,0.0,1050,500,14.4,14.4,1015.4,0,0,0,0,0
2024-01-31T21:00:00,28.584511,77.205783,215,VIDP,230,1.5,750,500,14.0,14.0,1013.8,0,0,0,0,0
2024-02-01T00:00:00,28.584511,77.205783,215,VIDP,200,1.0,750,500,13.8,13.8,1013.6,0,0,0,0,0
2024-02-01T03:00:00,28.584511,77.205783,215,VIDP,,0.0,750,500,13.8,13.8,1016.3,0,0,0,0,0
2024-02-01T06:00:00,28.584511,77.205783,215,VIDP,180,3.6,1050,2000,15.8,14.8,1017.3,0,0,0,0,0
2024-02-01T09:00:00,28.584511,77.205783,215,VIDP,180,3.1,3000,2000,18.0,14.6,1015.7,0,0,0,0,0
2024-02-01T12:00:00,28.584511,77.205783,215,VIDP,200,2.1,,2000,17.4,15.0,1015.8,0,0,0,0,0
2024-02-01T15:00:00,28.584511,77.205783,215,VIDP,180,1.5,,2000,15.0,14.3,1018.2,0,0,0,0,0
2024-02-01T18:00:00,28.584511,77.205783,215,VIDP,,0.0,3000,500,13.0,12.6,1019.7,0,0,0,0,0
2024-02-01T21:00:00,28.584511,77.205783,215,VIDP,,0.0,3000,500,12.2,11.8,1019.4,0,0,0,0,0
2024-02-02T00:00:00,28.584511,77.205783,215,VIDP,,0.0,30,50,9.0,9.0,1019.4,0,0,0,0,0
2024-02-02T03:00:00,28.584511,77.205783,215,VIDP,,0.0,30,50,10.4,10.4,1020.9,0,0,0,0,0
2024-02-02T06:00:00,28.584511,77.205783,215,VIDP,200,2.6,,1000,16.0,13.1,1021.1,0,0,0,0,0
2024-02-02T09:00:00,28.584511,77.205783,215,VIDP,200,2.1,,1000,17.4,13.1,1017.6,0,0,0,0,0
2024-02-02T12:00:00,28.584511,77.205783,215,VIDP,180,2.1,,500,16.6,11.9,1017.8,0,0,0,0,0
2024-02-02T15:00:00,28.584511,77.205783,215,VIDP,200,1.5,,1000,13.0,12.6,1018.9,0,0,0,0,0
2024-02-02T18:00:00,28.584511,77.205783,215,VIDP,180,2.1,,1000,12.0,12.0,1019.6,0,0,0,0,0
2024-02-02T21:00:00,28.584511,77.205783,215,VIDP,230,1.5,,500,11.2,11.2,1019.2,0,0,0,0,0
2024-02-03T00:00:00,28.584511,77.205783,215,VIDP,,0.0,,1000,8.2,8.2,1017.7,0,0,0,0,0
2024-02-03T03:00:00,28.584511,77.205783,215,VIDP,,0.0,22000,1000,8.6,7.8,1018.6,0,0,0,0,0
2024-02-03T06:00:00,28.584511,77.205783,215,VIDP,230,2.6,3000,2000,16.0,7.2,1019.4,0,0,0,0,0
2024-02-03T09:00:00,28.584511,77.205783,215,VIDP,340,2.1,22000,2000,22.0,6.3,1016.0,0,0,0,0,0
2024-02-03T12:00:00,28.584511,77.205783,215,VIDP,340,1.5,3000,2000,19.2,8.9,1016.0,0,0,0,0,0
2024-02-03T15:00:00,28.584511,77.205783,215,VIDP,,0.0,3000,2000,16.0,13.5,1017.9,0,0,0,0,0
2024-02-03T18:00:00,28.584511,77.205783,215,VIDP,,0.0,3000,2000,14.6,13.2,1018.9,0,0,0,0,0
2024-02-03T21:00:00,28.584511,77.205783,215,VIDP,,0.0,3000,2000,14.6,13.7,1016.1,0,0,0,0,0
2024-02-04T00:00:00,28.584511,77.205783,215,VIDP,,0.0,2400,2000,14.0,13.6,1016.9,0,0,0,0,0
2024-02-04T03:00:00,28.584511,77.205783,215,VIDP,,0.0,2400,500,14.0,13.6,1017.6,0,0,0,0,0
2024-02-04T06:00:00,28.584511,77.205783,215,VIDP,340,2.1,3000,500,16.0,14.3,1018.0,0,0,0,0,0
2024-02-04T09:00:00,28.584511,77.205783,215,VIDP,180,1.5,3000,1000,19.8,14.7,1015.9,0,0,0,0,0
2024-02-04T12:00:00,28.584511,77.205783,215,VIDP,140,1.5,3000,1000,18.6,15.6,1014.8,0,0,0,0,0
2024-02-04T15:00:00,28.584511,77.205783,215,VIDP,140,1.5,3000,1000,16.0,15.7,1017.7,0,0,0,0,0
2024-02-04T18:00:00,28.584511,77.205783,215,VIDP,140,2.1,3000,500,16.2,15.2,1016.9,0,0,0,0,0
2024-02-04T21:00:00,28.584511,77.205783,215,VIDP,,0.0,3000,500,16.2,15.5,1015.9,0,0,0,0,0
2024-02-05T00:00:00,28.584511,77.205783,215,VIDP,230,2.6,3000,500,16.0,15.3,1016.0,0,0,0,0,0
2024-02-05T03:00:00,28.584511,77.205783,215,VIDP,270,1.5,,500,15.0,14.3,1018.4,0,0,0,0,0
2024-02-05T06:00:00,28.584511,77.205783,215,VIDP,320,2.6,3000,2000,18.2,12.9,1019.6,0,0,0,0,0
2024-02-05T09:00:00,28.584511,77.205783,215,VIDP,340,2.1,3000,2000,20.0,12.2,1017.2,0,0,0,0,0
2024-02-05T12:00:00,28.584511,77.205783,215,VIDP,340,2.1,22000,2000,18.8,12.0,1016.5,0,0,0,0,0
2024-02-05T15:00:00,28.584511,77.205783,215,VIDP,,0.0,,2000,14.2,12.7,1018.6,0,0,0,0,0
2024-02-05T18:00:00,28.584511,77.205783,215,VIDP,,0.0,,2000,12.0,11.6,1020.3,0,0,0,0,0
2024-02-05T21:00:00,28.584511,77.205783,215,VIDP,,0.0,,2000,11.4,11.0,1019.3,0,0,0,0,0
2024-02-06T00:00:00,28.584511,77.205783,215,VIDP,340,1.0,120,500,9.0,8.6,1018.9,0,0,0,0,0
2024-02-06T03:00:00,28.584511,77.205783,215,VIDP,340,1.5,,500,10.2,9.4,1021.1,0,0,0,0,0
2024-02-06T06:00:00,28.584511,77.205783,215,VIDP,340,2.1,,2000,17.0,8.4,1021.1,0,0,0,0,0
2024-02-06T09:00:00,28.584511,77.205783,215,VIDP,320,2.6,,4000,19.8,5.7,1018.9,0,0,0,0,0
2024-02-06T12:00:00,28.584511,77.205783,215,VIDP,320,2.1,,4000,18.8,7.4,1018.5,0,0,0,0,0
2024-02-06T15:00:00,28.584511,77.205783,215,VIDP,250,1.0,,2000,13.2,8.0,1020.9,0,0,0,0,0
2024-02-06T18:00:00,28.584511,77.205783,215,VIDP,,0.0,22000,2000,9.8,8.6,1021.6,0,0,0,0,0
2024-02-06T21:00:00,28.584511,77.205783,215,VIDP,250,1.0,22000,2000,9.2,7.5,1020.8,0,0,0,0,0
2024-02-07T00:00:00,28.584511,77.205783,215,VIDP,,0.0,22000,2000,9.4,7.7,1019.5,0,0,0,0,0
2024-02-07T03:00:00,28.584511,77.205783,215,VIDP,230,1.5,22000,2000,10.0,6.6,1021.2,0,0,0,0,0
2024-02-07T06:00:00,28.584511,77.205783,215,VIDP,290,3.1,22000,2000,18.4,5.3,1021.6,0,0,0,0,0
2024-02-07T09:00:00,28.584511,77.205783,215,VIDP,230,4.6,22000,2000,20.6,3.4,1019.9,0,0,0,0,0
2024-02-07T12:00:00,28.584511,77.205783,215,VIDP,200,4.6,22000,2000,16.8,6.7,1019.8,0,0,0,0,0
2024-02-07T15:00:00,28.584511,77.205783,215,VIDP,200,2.1,,2000,13.4,9.1,1021.3,0,0,0,0,0
2024-02-07T18:00:00,28.584511,77.205783,215,VIDP,,0.0,,2000,11.6,9.6,1021.9,0,0,0,0,0
2024-02-07T21:00:00,28.584511,77.205783,215,VIDP,200,2.1,,2000,10.6,8.6,1020.1,0,0,0,0,0
2024-02-08T00:00:00,28.584511,77.205783,215,VIDP,200,2.6,,2000,9.6,7.9,1019.4,0,0,0,0,0
2024-02-08T03:00:00,28.584511,77.205783,215,VIDP,200,5.7,,4000,11.0,6.8,1020.9,0,0,0,0,0
2024-02-08T06:00:00,28.584511,77.205783,215,VIDP,200,4.1,22000,2000,17.8,6.0,1020.1,0,0,0,0,0
2024-02-08T09:00:00,28.584511,77.205783,215,VIDP,230,5.1,22000,2000,20.8,3.8,1017.2,0,0,0,0,0
2024-02-08T12:00:00,28.584511,77.205783,215,VIDP,200,4.6,,4000,21.0,4.7,1016.0,0,0,0,0,0
2024-02-08T15:00:00,28.584511,77.205783,215,VIDP,250,3.1,,4000,15.4,7.8,1016.8,0,0,0,0,0
2024-02-08T18:00:00,28.584511,77.205783,215,VIDP,250,2.6,,2000,13.4,9.5,1017.5,0,0,0,0,0
2024-02-08T21:00:00,28.584511,77.205783,215,VIDP,250,3.1,,2000,11.4,7.3,1016.9,0,0,0,0,0
2024-02-09T00:00:00,28.584511,77.205783,215,VIDP,250,2.1,,2000,9.2,6.6,1017.5,0,0,0,0,0
2024-02-09T03:00:00,28.584511,77.205783,215,VIDP,270,1.5,,4000,9.2,6.2,1019.4,0,0,0,0,0
2024-02-09T06:00:00,28.584511,77.205783,215,VIDP,270,2.1,,4000,20.0,5.4,1020.6,0,0,0,0,0
2024-02-09T09:00:00,28.584511,77.205783,215,VIDP,200,1.5,,4000,23.0,3.8,1018.6,0,0,0,0,0
2024-02-09T12:00:00,28.584511,77.205783,215,VIDP,200,1.0,,4000,21.8,6.5,1018.2,0,0,0,0,0
2024-02-09T15:00:00,28.584511,77.205783,215,VIDP,,0.0,,4000,13.4,8.6,1020.4,0,0,0,0,0
2024-02-09T18:00:00,28.584511,77.205783,215,VIDP,,0.0,,2000,10.2,9.0,1021.6,0,0,0,0,0
2024-02-09T21:00:00,28.584511,77.205783,215,VIDP,,0.0,,2000,9.2,8.4,1021.7,0,0,0,0,0
2024-02-10T00:00:00,28.584511,77.205783,215,VIDP,,0.0,,2000,7.2,6.3,1021.3,0,0,0,0,0
2024-02-10T03:00:00,28.584511,77.205783,215,VIDP,,0.0,,1000,7.4,7.0,1023.2,0,0,0,0,0
2024-02-10T06:00:00,28.584511,77.205783,215,VIDP,,0.0,,1000,19.8,9.7,1022.8,0,0,0,0,0
2024-02-10T09:00:00,28.584511,77.205783,215,VIDP,320,2.1,,1000,22.8,10.0,1019.7,0,0,0,0,0
2024-02-10T12:00:00,28.584511,77.205783,215,VIDP,,0.0,,1000,21.0,10.4,1018.8,0,0,0,0,0
2024-02-10T15:00:00,28.584511,77.205783,215,VIDP,,0.0,,1000,13.8,11.2,1021.1,0,0,0,0,0
2024-02-10T18:00:00,28.584511,77.205783,215,VIDP,,0.0,,1000,11.4,10.2,1021.7,0,0,0,0,0
2024-02-10T21:00:00,28.584511,77.205783,215,VIDP,,0.0,,1000,10.2,9.8,1020.7,0,0,0,0,0
2024-02-11T00:00:00,28.584511,77.205783,215,VIDP,,0.0,,500,8.6,8.6,1020.2,0,0,0,0,0
2024-02-11T03:00:00,28.584511,77.205783,215,VIDP,,0.0,,500,9.2,9.2,1022.0,0,0,0,0,0
2024-02-11T06:00:00,28.584511,77.205783,215,VIDP,270,2.1,,1000,19.8,11.1,1022.5,0,0,0,0,0
2024-02-11T09:00:00,28.584511,77.205783,215,VIDP,200,1.5,,2000,23.6,7.7,1019.2,0,0,0,0,0
2024-02-11T12:00:00,28.584511,77.205783,215,VIDP,200,1.5,,2000,22.2,10.1,1018.5,0,0,0,0,0
2024-02-11T15:00:00,28.584511,77.205783,215,VIDP,200,1.0,,2000,15.2,11.9,1020.6,0,0,0,0,0
2024-02-11T18:00:00,28.584511,77.205783,215,VIDP,,0.0,,1000,12.0,10.5,1020.9,0,0,0,0,0
2024-02-11T21:00:00,28.584511,77.205783,215,VIDP,,0.0,,1000,10.4,9.6,1020.5,0,0,0,0,0
2024-02-12T00:00:00,28.584511,77.205783,215,VIDP,,0.0,,1000,9.0,9.0,1019.8,0,0,0,0,0
2024-02-12T03:00:00,28.584511,77.205783,215,VIDP,,0.0,,500,9.6,9.2,1021.5,0,0,0,0,0
2024-02-12T06:00:00,28.584511,77.205783,215,VIDP,,0.5,22000,1000,19.8,11.1,1020.8,0,0,0,0,0
2024-02-12T09:00:00,28.584511,77.205783,215,VIDP,,0.0,22000,1000,22.6,11.6,1018.0,0,0,0,0,0
2024-02-12T12:00:00,28.584511,77.205783,215,VIDP,,0.0,22000,1000,20.2,12.8,1017.1,0,0,0,0,0
2024-02-12T15:00:00,28.584511,77.205783,215,VIDP,270,1.0,3000,1000,16.2,13.4,1019.1,0,0,0,0,0
2024-02-12T18:00:00,28.584511,77.205783,215,VIDP,,0.0,22000,1000,13.2,12.1,1020.3,0,0,0,0,0
2024-02-12T21:00:00,28.584511,77.205783,215,VIDP,,0.0,22000,500,11.2,10.4,1020.6,0,0,0,0,0
2024-02-13T00:00:00,28.584511,77.205783,215,VIDP,,0.0,22000,500,10.0,10.0,1018.9,0,0,0,0,0
2024-02-13T03:00:00,28.584511,77.205783,215,VIDP,,0.0,22000,500,11.0,10.6,1020.4,0,0,0,0,0
2024-02-13T06:00:00,28.584511,77.205783,215,VIDP,,0.0,3000,500,19.2,11.2,1019.8,0,0,0,0,0
2024-02-13T09:00:00,28.584511,77.205783,215,VIDP,200,3.6,3000,1000,22.2,9.7,1016.9,0,0,0,0,0
2024-02-13T12:00:00,28.584511,77.205783,215,VIDP,,0.0,3000,1000,21.4,11.8,1016.7,0,0,0,0,0
2024-02-13T15:00:00,28.584511,77.205783,215,VIDP,,0.0,3000,1000,16.4,13.6,1018.6,0,0,0,0,0
2024-02-13T18:00:00,28.584511,77.205783,215,VIDP,,0.0,3000,1000,14.0,12.5,1019.3,0,0,0,0,0
2024-02-13T21:00:00,28.584511,77.205783,215,VIDP,,0.0,3000,1000,12.8,12.1,1019.4,0,0,0,0,0
2024-02-14T00:00:00,28.584511,77.205783,215,VIDP,,0.0,120,500,11.6,11.2,1018.4,0,0,0,0,0
2024-02-14T03:00:00,28.584511,77.205783,215,VIDP,,0.0,60,200,11.2,10.8,1020.1,0,0,0,0,0
2024-02-14T06:00:00,28.584511,77.205783,215,VIDP,200,2.1,,1000,21.2,12.0,1020.3,0,0,0,0,0
2024-02-14T09:00:00,28.584511,77.205783,215,VIDP,230,2.1,,2000,23.2,10.6,1016.6,0,0,0,0,0
2024-02-14T12:00:00,28.584511,77.205783,215,VIDP,230,2.1,,2000,22.4,11.8,1016.2,0,0,0,0,0
2024-02-14T15:00:00,28.584511,77.205783,215,VIDP,,0.0,,2000,16.0,13.1,1017.9,0,0,0,0,0
2024-02-14T18:00:00,28.584511,77.205783,215,VIDP,,0.0,,1000,15.0,13.2,1018.5,0,0,0,0,0
2024-02-14T21:00:00,28.584511,77.205783,215,VIDP,,0.0,,1000,13.0,12.3,1019.3,0,0,0,0,0
2024-02-15T00:00:00,28.584511,77.205783,215,VIDP,,0.0,,500,10.2,10.2,1019.2,0,0,0,0,0
2024-02-15T03:00:00,28.584511,77.205783,215,VIDP,,0.0,,500,10.4,10.4,1020.7,0,0,0,0,0
2024-02-15T03:30:00,28.584511,77.205783,215,VIDP,240,1.5,22000,1200,14.0,11.0,,1,0,0,0,0
2024-02-15T04:00:00,28.584511,77.205783,215,VIDP,240,1.5,22000,1200,14.0,11.0,,1,0,0,0,0
2024-02-15T04:30:00,28.584511,77.205783,215,VIDP,230,1.5,22000,1200,17.0,12.0,,0,0,0,0,0
2024-02-15T05:00:00,28.584511,77.205783,215,VIDP,240,1.5,22000,1200,18.0,13.0,,0,0,0,0,0
2024-02-15T06:00:00,28.584511,77.205783,215,VIDP,250,1.5,,1000,21.4,10.4,1020.7,0,0,0,0,0
2024-02-15T09:00:00,28.584511,77.205783,215,VIDP,200,2.6,,2000,25.0,8.2,1018.3,0,0,0,0,0
2024-02-15T12:00:00,28.584511,77.205783,215,VIDP,200,1.5,,2000,23.6,9.7,1017.6,0,0,0,0,0
2024-02-15T15:00:00,28.584511,77.205783,215,VIDP,,0.0,,2000,15.2,11.9,1019.9,0,0,0,0,0
2024-02-15T18:00:00,28.584511,77.205783,215,VIDP,,0.0,,2000,14.0,12.2,1019.8,0,0,0,0,0
2024-02-15T21:00:00,28.584511,77.205783,215,VIDP,,0.0,,2000,10.6,9.8,1020.0,0,0,0,0,0
2024-02-16T00:00:00,28.584511,77.205783,215,VIDP,,0.0,,1000,8.8,8.4,1020.8,0,0,0,0,0
2024-02-16T03:00:00,28.584511,77.205783,215,VIDP,200,1.0,,1000,11.6,10.8,1022.0,0,0,0,0,0
2024-02-16T06:00:00,28.584511,77.205783,215,VIDP,,0.0,,2000,22.0,11.1,1021.3,0,0,0,0,0
2024-02-16T09:00:00,28.584511,77.205783,215,VIDP,200,1.5,,2000,26.0,5.3,1018.6,0,0,0,0,0
2024-02-16T12:00:00,28.584511,77.205783,215,VIDP,230,1.5,,2000,24.8,7.4,1017.4,0,0,0,0,0
2024-02-16T15:00:00,28.584511,77.205783,215,VIDP,,0.0,,2000,14.6,9.6,1018.9,0,0,0,0,0
2024-02-16T18:00:00,28.584511,77.205783,215,VIDP,,0.0,,2000,11.2,9.6,1018.9,0,0,0,0,0
2024-02-16T21:00:00,28.584511,77.205783,215,VIDP,,0.0,,2000,9.8,9.0,1017.5,0,0,0,0,0
2024-02-17T00:00:00,28.584511,77.205783,215,VIDP,,0.0,,1000,9.0,9.0,1016.4,0,0,0,0,0
2024-02-17T03:00:00,28.584511,77.205783,215,VIDP,,0.0,,1000,11.6,10.0,1017.8,0,0,0,0,0
2024-02-17T06:00:00,28.584511,77.205783,215,VIDP,230,2.1,,2000,22.4,8.5,1016.9,0,0,0,0,0
2024-02-17T09:00:00,28.584511,77.205783,215,VIDP,230,2.6,,4000,25.8,7.3,1012.9,0,0,0,0,0
2024-02-17T12:00:00,28.584511,77.205783,215,VIDP,200,2.6,,2000,24.2,10.1,1012.2,0,0,0,0,0
2024-02-17T15:00:00,28.584511,77.205783,215,VIDP,,0.0,,2000,16.0,12.0,1013.8,0,0,0,0,0
2024-02-17T18:00:00,28.584511,77.205783,215,VIDP,,0.0,,2000,13.0,11.1,1013.8,0,0,0,0,0
2024-02-17T21:00:00,28.584511,77.205783,215,VIDP,,0.0,,2000,11.8,10.6,1013.1,0,0,0,0,0
2024-02-18T00:00:00,28.584511,77.205783,215,VIDP,,0.0,,2000,10.0,9.2,1012.6,0,0,0,0,0
2024-02-18T03:00:00,28.584511,77.205783,215,VIDP,,0.0,22000,1000,10.8,9.6,1014.3,0,0,0,0,0
2024-02-18T06:00:00,28.584511,77.205783,215,VIDP,230,2.6,22000,4000,25.0,9.3,1014.6,0,0,0,0,0
2024-02-18T09:00:00,28.584511,77.205783,215,VIDP,180,2.6,22000,4000,28.8,1.1,1010.4,0,0,0,0,0
2024-02-18T12:00:00,28.584511,77.205783,215,VIDP,160,2.1,22000,2000,25.0,15.0,1010.0,0,0,0,0,0
2024-02-18T15:00:00,28.584511,77.205783,215,VIDP,,0.0,22000,2000,18.6,14.5,1011.6,0,0,0,0,0
2024-02-18T18:00:00,28.584511,77.205783,215,VIDP,,0.0,22000,2000,16.2,13.0,1012.1,0,0,0,0,0
2024-02-18T21:00:00,28.584511,77.205783,215,VIDP,90,2.1,3000,2000,16.4,12.4,1011.6,0,0,0,0,0
2024-02-19T00:00:00,28.584511,77.205783,215,VIDP,90,1.5,22000,2000,15.4,12.5,1011.0,0,0,0,0,0
2024-02-19T03:00:00,28.584511,77.205783,215,VIDP,90,2.6,,2000,16.6,11.9,1012.0,0,0,0,0,0
2024-02-19T06:00:00,28.584511,77.205783,215,VIDP,110,4.1,3000,2000,23.6,12.9,1012.6,0,0,0,0,0
2024-02-19T09:00:00,28.584511,77.205783,215,VIDP,200,4.1,22000,2000,27.8,14.6,1008.0,0,0,0,0,0
2024-02-19T12:00:00,28.584511,77.205783,215,VIDP,200,4.1,,2000,25.0,15.0,1007.4,0,0,0,0,0
2024-02-19T15:00:00,28.584511,77.205783,215,VIDP,200,2.1,,2000,21.2,15.5,1009.5,0,0,0,0,0
2024-02-19T18:00:00,28.584511,77.205783,215,VIDP,200,1.0,3000,2000,19.6,15.2,1010.7,0,0,0,0,0
2024-02-19T21:00:00,28.584511,77.205783,215,VIDP,200,4.1,3000,1000,18.4,16.0,1009.1,0,0,0,0,0
2024-02-20T00:00:00,28.584511,77.205783,215,VIDP,,0.0,3000,1000,16.8,16.1,1009.6,0,0,0,0,0
2024-02-20T03:00:00,28.584511,77.205783,215,VIDP,200,2.1,3000,1000,17.4,16.4,1011.9,0,0,0,0,0
2024-02-20T06:00:00,28.584511,77.205783,215,VIDP,200,2.1,22000,1000,23.2,16.7,1012.3,0,0,0,0,0
2024-02-20T09:00:00,28.584511,77.205783,215,VIDP,,0.0,3000,2000,27.0,17.1,1009.2,0,0,0,0,0
2024-02-20T12:00:00,28.584511,77.205783,215,VIDP,230,1.0,3000,2000,25.4,16.7,1008.0,0,0,0,0,0
2024-02-20T15:00:00,28.584511,77.205783,215,VIDP,,0.0,,2000,21.8,16.9,1008.8,0,0,0,0,0
2024-02-20T18:00:00,28.584511,77.205783,215,VIDP,,0.0,,1000,18.4,16.7,1010.5,0,0,0,0,0
2024-02-20T21:00:00,28.584511,77.205783,215,VIDP,,0.0,22000,2000,17.4,14.3,1010.1,0,0,0,0,0
2024-02-21T00:00:00,28.584511,77.205783,215,VIDP,,0.0,,2000,14.4,13.3,1009.5,0,0,0,0,0
2024-02-21T03:00:00,28.584511,77.205783,215,VIDP,230,3.1,,1000,14.2,13.5,1011.4,0,0,0,0,0
2024-02-21T06:00:00,28.584511,77.205783,215,VIDP,230,2.6,,2000,21.0,14.1,1011.8,0,0,0,0,0
2024-02-21T09:00:00,28.584511,77.205783,215,VIDP,230,4.6,,4000,25.6,9.7,1008.8,0,0,0,0,0
2024-02-21T12:00:00,28.584511,77.205783,215,VIDP,200,1.5,,4000,24.4,8.9,1008.5,0,0,0,0,0
2024-02-21T15:00:00,28.584511,77.205783,215,VIDP,,0.0,22000,2000,19.0,14.2,1010.6,0,0,0,0,0
2024-02-21T18:00:00,28.584511,77.205783,215,VIDP,200,1.5,3000,2000,18.0,13.8,1011.9,0,0,0,0,0
2024-02-21T21:00:00,28.584511,77.205783,215,VIDP,,0.0,3000,2000,17.0,13.5,1011.0,0,0,0,0,0
2024-02-22T00:00:00,28.584511,77.205783,215,VIDP,,0.0,22000,2000,13.4,10.7,1011.7,0,0,0,0,0
2024-02-22T03:00:00,28.584511,77.205783,215,VIDP,,0.0,22000,2000,13.8,10.8,1013.4,0,0,0,0,0
2024-02-22T06:00:00,28.584511,77.205783,215,VIDP,200,2.1,,4000,23.0,9.3,1013.8,0,0,0,0,0
2024-02-22T09:00:00,28.584511,77.205783,215,VIDP,290,1.5,,4000,25.4,6.7,1012.1,0,0,0,0,0
2024-02-22T12:00:00,28.584511,77.205783,215,VIDP,290,2.1,,4000,22.8,7.5,1011.9,0,0,0,0,0
2024-02-22T15:00:00,28.584511,77.205783,215,VIDP,,0.0,,2000,17.0,10.2,1014.3,0,0,0,0,0
2024-02-22T18:00:00,28.584511,77.205783,215,VIDP,,0.0,,2000,15.0,10.9,1014.9,0,0,0,0,0
2024-02-22T21:00:00,28.584511,77.205783,215,VIDP,,0.0,,2000,12.4,8.4,1015.6,0,0,0,0,0
2024-02-23T00:00:00,28.584511,77.205783,215,VIDP,,0.0,,2000,9.6,7.1,1015.0,0,0,0,0,0
2024-02-23T03:00:00,28.584511,77.205783,215,VIDP,270,1.5,,2000,12.2,7.7,1017.2,0,0,0,0,0
2024-02-23T06:00:00,28.584511,77.205783,215,VIDP,290,2.1,,4000,21.2,5.6,1017.3,0,0,0,0,0
2024-02-23T09:00:00,28.584511,77.205783,215,VIDP,200,2.6,,4000,23.6,7.1,1014.6,0,0,0,0,0
2024-02-23T12:00:00,28.584511,77.205783,215,VIDP,230,1.5,,4000,21.8,7.1,1014.2,0,0,0,0,0
2024-02-23T15:00:00,28.584511,77.205783,215,VIDP,,0.0,,2000,15.6,8.5,1017.0,0,0,0,0,0
2024-02-23T18:00:00,28.584511,77.205783,215,VIDP,,0.0,,2000,11.6,8.4,1016.1,0,0,0,0,0
2024-02-23T21:00:00,28.584511,77.205783,215,VIDP,,0.0,,2000,10.0,7.9,1016.0,0,0,0,0,0
2024-02-24T00:00:00,28.584511,77.205783,215,VIDP,,0.0,22000,2000,10.4,8.8,1015.4,0,0,0,0,0
2024-02-24T03:00:00,28.584511,77.205783,215,VIDP,,0.0,22000,2000,11.0,9.8,1017.4,0,0,0,0,0
2024-02-24T06:00:00,28.584511,77.205783,215,VIDP,,0.0,,2000,22.2,6.0,1017.1,0,0,0,0,0
2024-02-24T09:00:00,28.584511,77.205783,215,VIDP,230,1.0,3000,2000,24.2,5.8,1014.9,0,0,0,0,0
2024-02-24T12:00:00,28.584511,77.205783,215,VIDP,250,1.5,3000,2000,22.2,7.1,1014.4,0,0,0,0,0
2024-02-24T15:00:00,28.584511,77.205783,215,VIDP,,0.0,22000,2000,15.2,12.3,1016.8,0,0,0,0,0
2024-02-24T18:00:00,28.584511,77.205783,215,VIDP,,0.0,22000,2000,13.2,10.1,1018.2,0,0,0,0,0
2024-02-24T21:00:00,28.584511,77.205783,215,VIDP,,0.0,22000,2000,11.0,10.1,1018.2,0,0,0,0,0
2024-02-25T00:00:00,28.584511,77.205783,215,VIDP,,0.0,,2000,10.0,8.8,1017.4,0,0,0,0,0
2024-02-25T03:00:00,28.584511,77.205783,215,VIDP,,0.0,22000,2000,12.0,8.8,1019.8,0,0,0,0,0
2024-02-25T06:00:00,28.584511,77.205783,215,VIDP,110,2.1,22000,4000,24.8,6.3,1019.6,0,0,0,0,0
2024-02-25T09:00:00,28.584511,77.205783,215,VIDP,230,2.1,3000,4000,25.4,6.1,1016.5,0,0,0,0,0
2024-02-25T12:00:00,28.584511,77.205783,215,VIDP,230,2.1,22000,4000,22.6,7.7,1016.3,0,0,0,0,0
2024-02-25T15:00:00,28.584511,77.205783,215,VIDP,,0.0,,4000,16.4,10.0,1018.7,0,0,0,0,0
2024-02-25T18:00:00,28.584511,77.205783,215,VIDP,,0.0,,2000,13.0,9.5,1019.7,0,0,0,0,0
2024-02-25T21:00:00,28.584511,77.205783,215,VIDP,,0.0,22000,2000,12.0,9.6,1019.1,0,0,0,0,0
2024-02-26T00:00:00,28.584511,77.205783,215,VIDP,,0.0,22000,2000,11.6,9.2,1017.7,0,0,0,0,0
2024-02-26T03:00:00,28.584511,77.205783,215,VIDP,,0.0,22000,2000,14.0,10.2,1019.1,0,0,0,0,0
2024-02-26T04:34:00,28.584511,77.205783,215,VIDP,70,3.1,3048,3500,19.0,-1.0,,0,1,0,0,0
2024-02-26T05:30:00,28.584511,77.205783,215,VIDP,80,3.1,3048,3500,20.0,-1.0,,0,1,0,0,0
2024-02-26T06:00:00,28.584511,77.205783,215,VIDP,320,1.0,22000,4000,23.6,5.4,1019.0,0,0,0,0,0
2024-02-26T09:00:00,28.584511,77.205783,215,VIDP,,0.0,,4000,24.8,6.3,1017.0,0,0,0,0,0
2024-02-26T12:00:00,28.584511,77.205783,215,VIDP,,0.0,22000,4000,23.6,5.4,1016.2,0,0,0,0,0
2024-02-26T15:00:00,28.584511,77.205783,215,VIDP,,0.0,,2000,16.2,10.6,1017.8,0,0,0,0,0
2024-02-26T18:00:00,28.584511,77.205783,215,VIDP,10,24.7,,0,,11.1,1018.9,0,0,0,0,0
2024-02-26T21:00:00,28.584511,77.205783,215,VIDP,,0.0,,2000,13.4,11.1,1017.4,0,0,0,0,0
2024-02-27T00:00:00,28.584511,77.205783,215,VIDP,230,2.1,3000,2000,15.0,11.3,1017.1,0,0,0,0,0
2024-02-27T03:00:00,28.584511,77.205783,215,VIDP,,0.0,1050,2000,15.0,10.9,1020.3,0,0,0,0,0
2024-02-27T06:00:00,28.584511,77.205783,215,VIDP,340,1.0,,4000,22.4,8.0,1019.7,0,0,0,0,0
2024-02-27T09:00:00,28.584511,77.205783,215,VIDP,230,2.6,,4000,24.0,10.3,1016.8,0,0,0,0,0
2024-02-27T12:00:00,28.584511,77.205783,215,VIDP,230,1.5,,4000,23.0,10.3,1015.6,0,0,0,0,0
2024-02-27T15:00:00,28.584511,77.205783,215,VIDP,,0.0,,2000,17.4,12.8,1017.0,0,0,0,0,0
2024-02-27T18:00:00,28.584511,77.205783,215,VIDP,,0.0,,2000,14.8,12.2,1017.7,0,0,0,0,0
2024-02-27T21:00:00,28.584511,77.205783,215,VIDP,230,1.0,,2000,14.0,11.4,1016.9,0,0,0,0,0
2024-02-28T00:00:00,28.584511,77.205783,215,VIDP,,0.0,,2000,12.2,11.1,1016.8,0,0,0,0,0
2024-02-28T03:00:00,28.584511,77.205783,215,VIDP,230,2.1,,2000,13.6,11.0,1017.8,0,0,0,0,0
2024-02-28T06:00:00,28.584511,77.205783,215,VIDP,230,3.1,,4000,22.0,9.9,1017.3,0,0,0,0,0
2024-02-28T09:00:00,28.584511,77.205783,215,VIDP,290,2.6,,4000,24.8,10.9,1014.3,0,0,0,0,0
2024-02-28T11:00:00,28.584511,77.205783,215,VIDP,290,3.6,22000,5000,24.0,12.0,,0,1,0,0,0
2024-02-28T12:00:00,28.584511,77.205783,215,VIDP,250,4.1,,4000,23.0,12.9,1014.1,0,0,0,0,0
2024-02-28T15:00:00,28.584511,77.205783,215,VIDP,290,1.5,,4000,18.2,12.5,1014.9,0,0,0,0,0
2024-02-28T18:00:00,28.584511,77.205783,215,VIDP,,0.0,,2000,14.6,11.6,1015.2,0,0,0,0,0
2024-02-29T00:00:00,28.584511,77.205783,215,VIDP,250,2.1,,2000,12.8,10.9,1014.4,0,0,0,0,0
2024-02-29T03:00:00,28.584511,77.205783,215,VIDP,320,3.1,,2000,15.0,10.5,1015.4,0,0,0,0,0
2024-02-29T05:30:00,28.584511,77.205783,215,VIDP,220,3.1,22000,4500,22.0,10.0,,0,1,0,0,0
2024-02-29T06:00:00,28.584511,77.205783,215,VIDP,200,4.6,,4000,23.4,10.4,1015.0,0,0,0,0,0
2024-02-29T06:30:00,28.584511,77.205783,215,VIDP,220,4.1,22000,4500,24.0,10.0,,0,1,0,0,0
2024-02-29T09:00:00,28.584511,77.205783,215,VIDP,250,2.6,,4000,25.6,12.5,1013.8,0,0,0,0,0
2024-02-29T12:00:00,28.584511,77.205783,215,VIDP,230,1.5,,4000,26.0,13.0,1013.4,0,0,0,0,0
2024-02-29T15:00:00,28.584511,77.205783,215,VIDP,,0.0,,4000,18.2,12.9,1015.3,0,0,0,0,0
2024-02-29T18:00:00,28.584511,77.205783,215,VIDP,,0.0,,2000,15.0,12.5,1015.6,0,0,0,0,0
2024-02-29T21:00:00,28.584511,77.205783,215,VIDP,,0.0,,2000,13.8,11.9,1014.2,0,0,0,0,0
2024-03-01T00:00:00,28.584511,77.205783,215,VIDP,,0.0,22000,2000,13.2,12.5,1013.9,0,0,0,0,0
2024-03-01T03:00:00,28.584511,77.205783,215,VIDP,,0.0,22000,2000,15.0,13.2,1016.8,0,0,0,0,0
2024-03-01T06:00:00,28.584511,77.205783,215,VIDP,230,1.5,,4000,25.6,12.9,1016.2,0,0,0,0,0
2024-03-01T09:00:00,28.584511,77.205783,215,VIDP,90,2.6,22000,4000,28.6,12.2,1012.1,0,0,0,0,0
2024-03-01T12:00:00,28.584511,77.205783,215,VIDP,110,2.6,3000,4000,28.0,14.8,1010.3,0,0,0,0,0
2024-03-01T15:00:00,28.584511,77.205783,215,VIDP,200,2.1,,2000,23.0,15.0,1010.5,0,0,0,0,0
2024-03-01T18:00:00,28.584511,77.205783,215,VIDP,200,2.1,3000,2000,21.2,15.5,1011.2,0,0,0,0,0
2024-03-02T00:00:00,28.584511,77.205783,215,VIDP,200,2.1,1200,2000,20.2,15.5,1011.8,0,0,0,0,0
2024-03-02T03:00:00,28.584511,77.205783,215,VIDP,160,2.6,1200,2000,20.0,15.6,1014.0,0,0,0,0,0
2024-03-02T06:00:00,28.584511,77.205783,215,VIDP,160,7.7,22000,2000,24.6,16.9,1012.9,0,0,0,0,0
2024-03-02T09:00:00,28.584511,77.205783,215,VIDP,160,6.2,3000,2000,23.2,17.1,1009.8,0,0,0,0,0
2024-03-02T12:00:00,28.584511,77.205783,215,VIDP,160,4.1,,2000,22.8,17.0,1007.5,0,0,0,0,0
2024-03-02T15:00:00,28.584511,77.205783,215,VIDP,160,5.1,3000,2000,19.4,16.8,1009.6,0,0,0,0,0
2024-03-02T18:00:00,28.584511,77.205783,215,VIDP,160,2.6,3000,2000,25.2,16.3,1010.3,0,0,0,0,0
2024-03-02T21:00:00,28.584511,77.205783,215,VIDP,160,2.1,3000,2000,17.2,16.5,1010.6,0,0,0,0,0
2024-03-03T00:00:00,28.584511,77.205783,215,VIDP,,0.0,22000,2000,16.8,16.8,1011.4,0,0,0,0,0
2024-03-03T03:00:00,28.584511,77.205783,215,VIDP,,0.0,22000,2000,15.4,10.5,1013.4,0,0,0,0,0
2024-03-03T06:00:00,28.584511,77.205783,215,VIDP,160,1.5,3000,2000,21.4,10.0,1013.3,0,0,0,0,0
2024-03-03T09:00:00,28.584511,77.205783,215,VIDP,160,1.5,3000,2000,25.0,16.2,1009.8,0,0,0,0,0
2024-03-03T09:00:00,28.584511,77.205783,215,VIDP,160,1.5,3048,4000,25.0,16.0,,0,1,0,0,0
2024-03-03T10:30:00,28.584511,77.205783,215,VIDP,250,2.1,3048,4000,25.0,16.0,,0,1,0,0,0
2024-03-03T12:00:00,28.584511,77.205783,215,VIDP,290,2.1,1050,4000,23.8,23.1,1009.6,0,0,0,0,0
2024-03-03T12:00:00,28.584511,77.205783,215,VIDP,290,2.1,3048,4000,24.0,13.0,,0,1,0,0,0
2024-03-03T15:00:00,28.584511,77.205783,215,VIDP,290,2.1,1050,4000,23.8,23.1,1009.6,0,0,0,0,0
2024-03-03T18:00:00,28.584511,77.205783,215,VIDP,,0.0,,2000,16.0,11.6,1013.1,0,0,0,0,0
2024-03-03T21:00:00,28.584511,77.205783,215,VIDP,,0.0,,2000,14.6,11.2,1012.4,0,0,0,0,0
2024-03-04T00:00:00,28.584511,77.205783,215,VIDP,,0.0,22000,2000,11.0,10.2,1014.0,0,0,0,0,0
2024-03-04T03:00:00,28.584511,77.205783,215,VIDP,,0.0,22000,2000,12.2,10.3,1016.4,0,0,0,0,0
2024-03-04T05:00:00,28.584511,77.205783,215,VIDP,150,1.5,10000,4000,21.0,6.0,,0,1,0,0,0
2024-03-04T06:00:00,28.584511,77.205783,215,VIDP,290,1.5,,4000,22.0,0.5,1017.8,0,0,0,0,0
2024-03-04T09:00:00,28.584511,77.205783,215,VIDP,160,2.1,,4000,24.0,3.6,1016.0,0,0,0,0,0
2024-03-04T12:00:00,28.584511,77.205783,215,VIDP,270,1.5,,4000,21.8,3.2,1015.5,0,0,0,0,0
2024-03-04T15:00:00,28.584511,77.205783,215,VIDP,,0.0,,2000,16.4,8.1,1017.2,0,0,0,0,0
2024-03-04T18:00:00,28.584511,77.205783,215,VIDP,,0.0,,2000,14.6,6.8,1018.4,0,0,0,0,0
2024-03-04T21:00:00,28.584511,77.205783,215,VIDP,,0.0,,2000,13.2,7.0,1017.5,0,0,0,0,0
2024-03-05T00:00:00,28.584511,77.205783,215,VIDP,,0.0,,2000,11.2,6.1,1017.2,0,0,0,0,0
2024-03-05T03:00:00,28.584511,77.205783,215,VIDP,140,2.1,,2000,12.8,6.6,1019.5,0,0,0,0,0
2024-03-05T06:00:00,28.584511,77.205783,215,VIDP,270,5.1,,4000,20.0,4.9,1019.8,0,0,0,0,0
2024-03-05T09:00:00,28.584511,77.205783,215,VIDP,320,2.6,22000,4000,22.8,4.1,1015.9,0,0,0,0,0
2024-03-05T12:00:00,28.584511,77.205783,215,VIDP,270,2.6,22000,4000,20.4,6.6,1015.2,0,0,0,0,0
2024-03-05T15:00:00,28.584511,77.205783,215,VIDP,250,2.6,3000,4000,17.4,9.9,1015.0,0,0,0,0,0
2024-03-05T18:00:00,28.584511,77.205783,215,VIDP,270,2.1,3000,2000,15.8,10.5,1017.1,0,0,0,0,0
2024-03-05T21:00:00,28.584511,77.205783,215,VIDP,230,1.5,3000,2000,15.0,9.2,1016.6,0,0,0,0,0
2024-03-06T00:00:00,28.584511,77.205783,215,VIDP,250,2.1,22000,2000,11.0,6.8,1015.3,0,0,0,0,0
2024-03-06T03:00:00,28.584511,77.205783,215,VIDP,290,3.1,3000,2000,12.2,7.3,1016.9,0,0,0,0,0
2024-03-06T06:00:00,28.584511,77.205783,215,VIDP,270,2.6,3000,2000,19.0,6.1,1017.4,0,0,0,0,0
2024-03-06T09:00:00,28.584511,77.205783,215,VIDP,270,3.1,,2000,22.6,6.7,1014.8,0,0,0,0,0
2024-03-06T12:00:00,28.584511,77.205783,215,VIDP,270,4.1,22000,4000,22.4,5.8,1013.2,0,0,0,0,0
2024-03-06T15:00:00,28.584511,77.205783,215,VIDP,,0.0,22000,2000,18.0,10.6,1014.6,0,0,0,0,0
2024-03-06T18:00:00,28.584511,77.205783,215,VIDP,,0.0,22000,2000,14.0,11.0,1015.3,0,0,0,0,0
2024-03-06T21:00:00,28.584511,77.205783,215,VIDP,,0.0,,2000,12.0,10.1,1014.1,0,0,0,0,0
2024-03-07T00:00:00,28.584511,77.205783,215,VIDP,,0.0,,2000,11.0,9.0,1014.1,0,0,0,0,0
2024-03-07T03:00:00,28.584511,77.205783,215,VIDP,,0.0,,2000,13.8,9.5,1015.8,0,0,0,0,0
2024-03-07T06:00:00,28.584511,77.205783,215,VIDP,270,2.6,,2000,22.2,6.0,1016.6,0,0,0,0,0
2024-03-07T09:00:00,28.584511,77.205783,215,VIDP,290,5.1,22000,4000,25.4,6.1,1014.0,0,0,0,0,0
2024-03-07T12:00:00,28.584511,77.205783,215,VIDP,200,1.5,22000,4000,24.6,7.6,1013.1,0,0,0,0,0
2024-03-07T15:00:00,28.584511,77.205783,215,VIDP,,0.0,22000,2000,18.2,11.2,1015.1,0,0,0,0,0
2024-03-07T18:00:00,28.584511,77.205783,215,VIDP,,0.0,22000,2000,15.0,11.3,1015.8,0,0,0,0,0
2024-03-08T00:00:00,28.584511,77.205783,215,VIDP,,0.0,22000,2000,11.4,9.8,1015.4,0,0,0,0,0
2024-03-08T03:00:00,28.584511,77.205783,215,VIDP,180,2.1,,2000,15.2,10.7,1016.9,0,0,0,0,0
2024-03-08T06:00:00,28.584511,77.205783,215,VIDP,180,3.1,,4000,24.8,8.2,1016.5,0,0,0,0,0
2024-03-08T09:00:00,28.584511,77.205783,215,VIDP,320,3.1,,4000,27.2,5.0,1014.3,0,0,0,0,0
2024-03-08T12:00:00,28.584511,77.205783,215,VIDP,320,2.1,,4000,24.4,12.2,1014.4,0,0,0,0,0
2024-03-08T15:00:00,28.584511,77.205783,215,VIDP,200,1.5,,2000,19.2,12.4,1015.4,0,0,0,0,0
2024-03-08T18:00:00,28.584511,77.205783,215,VIDP,,0.0,,2000,15.2,11.9,1016.6,0,0,0,0,0
2024-03-08T21:00:00,28.584511,77.205783,215,VIDP,,0.0,,2000,13.8,11.6,1016.2,0,0,0,0,0
2024-03-09T00:00:00,28.584511,77.205783,215,VIDP,,0.0,,2000,12.0,10.5,1014.8,0,0,0,0,0
2024-03-09T03:00:00,28.584511,77.205783,215,VIDP,160,2.1,,2000,15.4,10.1,1016.9,0,0,0,0,0
2024-03-09T06:00:00,28.584511,77.205783,215,VIDP,270,4.1,,4000,23.4,8.4,1016.7,0,0,0,0,0
2024-03-09T09:00:00,28.584511,77.205783,215,VIDP,320,4.6,,4000,26.0,4.7,1014.6,0,0,0,0,0
2024-03-09T12:00:00,28.584511,77.205783,215,VIDP,290,2.6,,4000,24.4,8.4,1013.8,0,0,0,0,0
2024-03-09T15:00:00,28.584511,77.205783,215,VIDP,160,1.0,,2000,18.6,10.9,1015.5,0,0,0,0,0
2024-03-09T18:00:00,28.584511,77.205783,215,VIDP,,0.0,,2000,14.4,11.0,1016.2,0,0,0,0,0
2024-03-09T21:00:00,28.584511,77.205783,215,VIDP,,0.0,,2000,12.6,9.9,1014.4,0,0,0,0,0
2024-03-10T00:00:00,28.584511,77.205783,215,VIDP,,0.0,,2000,12.4,9.7,1014.9,0,0,0,0,0
2024-03-10T03:00:00,28.584511,77.205783,215,VIDP,160,2.1,22000,2000,16.0,9.5,1015.7,0,0,0,0,0
2024-03-10T06:00:00,28.584511,77.205783,215,VIDP,290,1.5,22000,2000,24.8,7.9,1015.9,0,0,0,0,0
2024-03-10T09:00:00,28.584511,77.205783,215,VIDP,320,1.5,22000,4000,27.6,8.1,1013.8,0,0,0,0,0
2024-03-10T12:00:00,28.584511,77.205783,215,VIDP,270,2.6,,4000,25.4,8.3,1013.7,0,0,0,0,0
2024-03-10T15:00:00,28.584511,77.205783,215,VIDP,,0.0,3000,2000,20.2,13.6,1015.4,0,0,0,0,0
2024-03-10T18:00:00,28.584511,77.205783,215,VIDP,,0.0,,2000,18.2,15.1,1016.3,0,0,0,0,0
2024-03-10T21:00:00,28.584511,77.205783,215,VIDP,,0.0,3000,2000,18.2,15.1,1016.5,0,0,0,0,0
2024-03-11T00:00:00,28.584511,77.205783,215,VIDP,,0.0,,2000,15.4,14.0,1016.6,0,0,0,0,0
2024-03-11T03:00:00,28.584511,77.205783,215,VIDP,,0.0,,2000,16.0,13.9,1018.4,0,0,0,0,0
2024-03-11T06:00:00,28.584511,77.205783,215,VIDP,140,2.6,,4000,28.2,11.6,1017.2,0,0,0,0,0
2024-03-11T09:00:00,28.584511,77.205783,215,VIDP,140,2.1,,4000,30.4,9.5,1014.1,0,0,0,0,0
2024-03-11T12:00:00,28.584511,77.205783,215,VIDP,320,1.0,,4000,28.6,9.0,1012.7,0,0,0,0,0
2024-03-11T15:00:00,28.584511,77.205783,215,VIDP,,0.0,,4000,22.2,13.6,1014.6,0,0,0,0,0
2024-03-11T18:00:00,28.584511,77.205783,215,VIDP,,0.0,,4000,19.8,13.9,1015.6,0,0,0,0,0
2024-03-11T21:00:00,28.584511,77.205783,215,VIDP,,0.0,22000,2000,17.2,13.7,1014.5,0,0,0,0,0
2024-03-12T00:00:00,28.584511,77.205783,215,VIDP,,0.0,22000,2000,15.6,13.8,1014.1,0,0,0,0,0
2024-03-12T03:00:00,28.584511,77.205783,215,VIDP,290,2.1,3000,2000,19.4,13.5,1015.6,0,0,0,0,0
2024-03-12T06:00:00,28.584511,77.205783,215,VIDP,270,3.1,22000,2000,27.0,11.7,1015.3,0,0,0,0,0
2024-03-12T09:00:00,28.584511,77.205783,215,VIDP,290,2.1,,4000,29.8,11.6,1012.6,0,0,0,0,0
2024-03-12T12:00:00,28.584511,77.205783,215,VIDP,270,1.0,,4000,28.0,10.8,1011.7,0,0,0,0,0
2024-03-12T15:00:00,28.584511,77.205783,215,VIDP,200,1.0,,2000,22.4,13.8,1012.8,0,0,0,0,0
2024-03-12T18:00:00,28.584511,77.205783,215,VIDP,,0.0,,2000,20.2,15.1,1013.3,0,0,0,0,0
2024-03-13T00:00:00,28.584511,77.205783,215,VIDP,200,1.0,,2000,14.4,12.9,1011.3,0,0,0,0,0
2024-03-13T03:00:00,28.584511,77.205783,215,VIDP,140,2.1,22000,1000,17.8,14.3,1012.5,0,0,0,0,0
2024-03-13T06:00:00,28.584511,77.205783,215,VIDP,160,2.1,,4000,28.4,11.9,1011.9,0,0,0,0,0
2024-03-13T09:00:00,28.584511,77.205783,215,VIDP,230,1.5,3000,4000,30.2,8.6,1009.3,0,0,0,0,0
2024-03-13T12:00:00,28.584511,77.205783,215,VIDP,180,1.5,1200,2000,25.8,15.6,1010.5,0,0,0,0,0
2024-03-13T15:00:00,28.584511,77.205783,215,VIDP,320,1.0,,2000,22.0,16.0,1011.7,0,0,0,0,0
2024-03-13T18:00:00,28.584511,77.205783,215,VIDP,230,2.1,,2000,20.0,16.0,1012.5,0,0,0,0,0
2024-03-14T00:00:00,28.584511,77.205783,215,VIDP,250,1.0,22000,2000,15.6,14.2,1013.3,0,0,0,0,0
2024-03-14T03:00:00,28.584511,77.205783,215,VIDP,,0.0,22000,2000,18.8,15.8,1015.7,0,0,0,0,0
2024-03-14T06:00:00,28.584511,77.205783,215,VIDP,320,1.5,22000,4000,27.8,9.5,1015.7,0,0,0,0,0
2024-03-14T09:00:00,28.584511,77.205783,215,VIDP,290,1.0,3000,4000,29.4,11.4,1013.3,0,0,0,0,0
2024-03-14T12:00:00,28.584511,77.205783,215,VIDP,290,2.6,22000,4000,27.8,9.5,1012.3,0,0,0,0,0
2024-03-14T15:00:00,28.584511,77.205783,215,VIDP,340,2.1,,2000,23.0,12.5,1014.3,0,0,0,0,0
2024-03-14T18:00:00,28.584511,77.205783,215,VIDP,200,3.6,,2000,21.4,17.5,1014.4,0,0,0,0,0
2024-03-14T21:00:00,28.584511,77.205783,215,VIDP,180,1.0,,2000,18.4,14.6,1013.3,0,0,0,0,0
2024-03-15T00:00:00,28.584511,77.205783,215,VIDP,160,2.1,,2000,16.2,10.2,1013.1,0,0,0,0,0
2024-03-15T03:00:00,28.584511,77.205783,215,VIDP,270,2.6,,2000,18.8,8.9,1014.6,0,0,0,0,0
2024-03-15T06:00:00,28.584511,77.205783,215,VIDP,270,3.1,,4000,25.8,2.3,1014.8,0,0,0,0,0
2024-03-15T09:00:00,28.584511,77.205783,215,VIDP,180,3.6,22000,4000,28.4,4.7,1012.8,0,0,0,0,0
2024-03-15T12:00:00,28.584511,77.205783,215,VIDP,270,4.1,22000,4000,26.8,7.9,1011.7,0,0,0,0,0
2024-03-15T15:00:00,28.584511,77.205783,215,VIDP,,0.0,,4000,19.6,11.2,1014.2,0,0,0,0,0
2024-03-15T18:00:00,28.584511,77.205783,215,VIDP,,0.0,,4000,15.2,10.7,1015.5,0,0,0,0,0
2024-03-15T21:00:00,28.584511,77.205783,215,VIDP,,0.0,,4000,13.4,10.3,1015.2,0,0,0,0,0
2024-03-16T00:00:00,28.584511,77.205783,215,VIDP,,0.0,,4000,11.8,10.3,1015.7,0,0,0,0,0
2024-03-16T03:00:00,28.584511,77.205783,215,VIDP,,0.0,22000,4000,17.2,11.7,1017.3,0,0,0,0,0
2024-03-16T06:00:00,28.584511,77.205783,215,VIDP,290,1.5,22000,4000,27.4,9.4,1016.3,0,0,0,0,0
2024-03-16T09:00:00,28.584511,77.205783,215,VIDP,230,2.6,22000,4000,28.6,8.1,1013.9,0,0,0,0,0
2024-03-16T12:00:00,28.584511,77.205783,215,VIDP,270,4.1,22000,4000,27.4,9.4,1013.4,0,0,0,0,0
2024-03-16T15:00:00,28.584511,77.205783,215,VIDP,,0.0,22000,4000,21.4,13.4,1015.1,0,0,0,0,0
2024-03-16T18:00:00,28.584511,77.205783,215,VIDP,,0.0,,4000,17.0,13.1,1016.2,0,0,0,0,0
2024-03-16T21:00:00,28.584511,77.205783,215,VIDP,,0.0,,2000,14.6,12.0,1014.7,0,0,0,0,0
2024-03-17T00:00:00,28.584511,77.205783,215,VIDP,,0.0,3000,2000,13.6,11.4,1014.6,0,0,0,0,0
2024-03-17T03:00:00,28.584511,77.205783,215,VIDP,,0.0,3000,2000,17.8,11.6,1016.5,0,0,0,0,0
2024-03-17T06:00:00,28.584511,77.205783,215,VIDP,270,1.5,,4000,26.2,8.0,1016.2,0,0,0,0,0
2024-03-17T09:00:00,28.584511,77.205783,215,VIDP,230,2.1,22000,4000,30.0,7.7,1013.4,0,0,0,0,0
2024-03-17T12:00:00,28.584511,77.205783,215,VIDP,230,1.5,22000,4000,28.8,8.4,1012.3,0,0,0,0,0
2024-03-17T15:00:00,28.584511,77.205783,215,VIDP,340,1.5,22000,4000,21.0,12.9,1014.3,0,0,0,0,0
2024-03-17T18:00:00,28.584511,77.205783,215,VIDP,,0.0,,4000,17.6,15.2,1014.7,0,0,0,0,0
2024-03-17T21:00:00,28.584511,77.205783,215,VIDP,,0.0,,2000,15.6,14.6,1014.6,0,0,0,0,0
2024-03-18T00:00:00,28.584511,77.205783,215,VIDP,320,1.5,,2000,14.0,12.2,1013.6,0,0,0,0,0
2024-03-18T03:00:00,28.584511,77.205783,215,VIDP,290,1.5,,1000,16.8,12.1,1014.9,0,0,0,0,0
2024-03-18T06:00:00,28.584511,77.205783,215,VIDP,250,3.1,,2000,26.4,8.3,1014.7,0,0,0,0,0
2024-03-18T09:00:00,28.584511,77.205783,215,VIDP,270,2.1,,4000,29.8,7.9,1011.9,0,0,0,0,0
2024-03-18T12:00:00,28.584511,77.205783,215,VIDP,270,2.6,,4000,28.6,7.0,1010.3,0,0,0,0,0
2024-03-18T15:00:00,28.584511,77.205783,215,VIDP,,0.0,22000,4000,21.4,13.4,1012.8,0,0,0,0,0
2024-03-18T18:00:00,28.584511,77.205783,215,VIDP,,0.0,,2000,17.0,12.7,1013.4,0,0,0,0,0
2024-03-18T21:00:00,28.584511,77.205783,215,VIDP,,0.0,,2000,15.0,12.5,1012.3,0,0,0,0,0
2024-03-19T00:00:00,28.584511,77.205783,215,VIDP,,0.0,,2000,13.8,12.3,1012.4,0,0,0,0,0
2024-03-19T03:00:00,28.584511,77.205783,215,VIDP,,0.0,,2000,18.0,12.3,1014.6,0,0,0,0,0
2024-03-19T06:00:00,28.584511,77.205783,215,VIDP,200,1.0,,2000,28.2,11.1,1014.1,0,0,0,0,0
2024-03-19T09:00:00,28.584511,77.205783,215,VIDP,160,5.1,,4000,30.4,9.5,1011.4,0,0,0,0,0
2024-03-19T12:00:00,28.584511,77.205783,215,VIDP,320,3.1,,4000,29.6,8.7,1009.6,0,0,0,0,0
2024-03-19T15:00:00,28.584511,77.205783,215,VIDP,,0.0,,4000,21.4,13.8,1013.0,0,0,0,0,0
2024-03-19T18:00:00,28.584511,77.205783,215,VIDP,,0.0,,4000,18.8,13.9,1013.2,0,0,0,0,0
2024-03-19T21:00:00,28.584511,77.205783,215,VIDP,,0.0,,2000,17.0,14.2,1013.2,0,0,0,0,0
2024-03-20T00:00:00,28.584511,77.205783,215,VIDP,,0.0,,2000,15.4,13.6,1013.3,0,0,0,0,0
2024-03-20T03:00:00,28.584511,77.205783,215,VIDP,340,1.5,,2000,19.6,14.3,1015.0,0,0,0,0,0
2024-03-20T06:00:00,28.584511,77.205783,215,VIDP,250,2.1,,4000,29.0,13.2,1013.4,0,0,0,0,0
2024-03-20T12:00:00,28.584511,77.205783,215,VIDP,270,1.0,,4000,31.0,12.4,1008.8,0,0,0,0,0
2024-03-20T15:00:00,28.584511,77.205783,215,VIDP,,0.0,,2000,24.2,15.2,1011.7,0,0,0,0,0
2024-03-20T18:00:00,28.584511,77.205783,215,VIDP,,0.0,,2000,20.0,15.3,1013.8,0,0,0,0,0
2024-03-20T21:00:00,28.584511,77.205783,215,VIDP,,0.0,,2000,18.2,15.1,1012.9,0,0,0,0,0
2024-03-21T00:00:00,28.584511,77.205783,215,VIDP,340,2.6,22000,2000,17.8,15.3,1013.8,0,0,0,0,0
2024-03-21T03:00:00,28.584511,77.205783,215,VIDP,340,3.1,22000,2000,19.2,15.1,1015.1,0,0,0,0,0
2024-03-21T06:00:00,28.584511,77.205783,215,VIDP,340,3.1,22000,4000,25.2,16.4,1014.0,0,0,0,0,0
2024-03-21T09:00:00,28.584511,77.205783,215,VIDP,70,2.6,22000,4000,28.8,15.5,1010.9,0,0,0,0,0
2024-03-21T12:00:00,28.584511,77.205783,215,VIDP,50,2.1,,4000,28.2,17.6,1009.9,0,0,0,0,0
2024-03-21T15:00:00,28.584511,77.205783,215,VIDP,320,1.5,,4000,23.6,18.2,1011.6,0,0,0,0,0
2024-03-21T18:00:00,28.584511,77.205783,215,VIDP,290,1.5,,2000,21.4,18.5,1013.1,0,0,0,0,0
2024-03-21T21:00:00,28.584511,77.205783,215,VIDP,250,2.1,,2000,19.8,17.9,1012.5,0,0,0,0,0
2024-03-22T00:00:00,28.584511,77.205783,215,VIDP,270,2.1,,2000,19.0,17.4,1010.8,0,0,0,0,0
2024-03-22T03:00:00,28.584511,77.205783,215,VIDP,340,1.0,22000,2000,21.6,16.7,1011.4,0,0,0,0,0
2024-03-22T06:00:00,28.584511,77.205783,215,VIDP,50,2.1,22000,4000,28.6,16.8,1010.3,0,0,0,0,0
2024-03-22T07:30:00,28.584511,77.205783,215,VIDP,50,2.6,10000,4000,30.0,17.0,,0,1,0,0,0
2024-03-22T09:00:00,28.584511,77.205783,215,VIDP,320,3.1,,4000,31.8,17.0,1006.6,0,0,0,0,0
2024-03-22T12:00:00,28.584511,77.205783,215,VIDP,250,1.5,,4000,31.2,19.7,1004.9,0,0,0,0,0
2024-03-22T15:00:00,28.584511,77.205783,215,VIDP,,0.0,,2000,24.6,19.3,1006.8,0,0,0,0,0
2024-03-22T18:00:00,28.584511,77.205783,215,VIDP,,0.0,,2000,22.0,18.8,1007.5,0,0,0,0,0
2024-03-22T21:00:00,28.584511,77.205783,215,VIDP,,0.0,,2000,20.0,18.4,1007.9,0,0,0,0,0
2024-03-23T00:00:00,28.584511,77.205783,215,VIDP,,0.0,,2000,18.0,16.7,1007.7,0,0,0,0,0
2024-03-23T03:00:00,28.584511,77.205783,215,VIDP,,0.0,,2000,22.2,18.0,1009.2,0,0,0,0,0
2024-03-23T06:00:00,28.584511,77.205783,215,VIDP,200,3.1,,4000,31.4,13.5,1008.2,0,0,0,0,0
2024-03-23T09:00:00,28.584511,77.205783,215,VIDP,290,4.6,22000,4000,32.8,13.3,1006.4,0,0,0,0,0
2024-03-23T12:00:00,28.584511,77.205783,215,VIDP,200,2.1,22000,4000,32.0,12.0,1005.6,0,0,0,0,0
2024-03-23T15:00:00,28.584511,77.205783,215,VIDP,250,1.5,22000,2000,25.0,17.0,1007.6,0,0,0,0,0
2024-03-23T18:00:00,28.584511,77.205783,215,VIDP,,0.0,,2000,20.2,16.9,1008.2,0,0,0,0,0
2024-03-23T21:00:00,28.584511,77.205783,215,VIDP,,0.0,22000,2000,18.8,16.8,1007.7,0,0,0,0,0
2024-03-24T00:00:00,28.584511,77.205783,215,VIDP,,0.0,22000,2000,18.2,16.9,1008.1,0,0,0,0,0
2024-03-24T03:00:00,28.584511,77.205783,215,VIDP,200,2.6,3000,2000,23.0,17.2,1010.9,0,0,0,0,0
2024-03-24T06:00:00,28.584511,77.205783,215,VIDP,340,4.6,3000,2000,27.4,15.3,1011.7,0,0,0,0,0
2024-03-24T09:00:00,28.584511,77.205783,215,VIDP,250,3.1,3000,4000,29.0,14.9,1010.6,0,0,0,0,0
2024-03-24T12:00:00,28.584511,77.205783,215,VIDP,270,2.1,3000,4000,27.4,17.6,1009.6,0,0,0,0,0
2024-03-24T15:00:00,28.584511,77.205783,215,VIDP,,0.0,3000,4000,23.0,18.2,1011.9,0,0,0,0,0
2024-03-24T18:00:00,28.584511,77.205783,215,VIDP,,0.0,,2000,19.6,17.0,1012.6,0,0,0,0,0
2024-03-24T21:00:00,28.584511,77.205783,215,VIDP,,0.0,22000,2000,17.8,16.1,1012.0,0,0,0,0,0
2024-03-25T00:00:00,28.584511,77.205783,215,VIDP,,0.0,22000,1000,17.0,16.0,1013.1,0,0,0,0,0
2024-03-25T03:00:00,28.584511,77.205783,215,VIDP,230,2.1,,2000,22.0,17.1,1014.1,0,0,0,0,0
2024-03-25T06:00:00,28.584511,77.205783,215,VIDP,230,3.1,,4000,29.4,16.3,1013.2,0,0,0,0,0
2024-03-25T09:00:00,28.584511,77.205783,215,VIDP,340,5.1,,4000,32.6,17.3,1010.2,0,0,0,0,0
2024-03-25T12:00:00,28.584511,77.205783,215,VIDP,270,2.6,,4000,32.0,18.1,1009.4,0,0,0,0,0
2024-03-25T15:00:00,28.584511,77.205783,215,VIDP,180,1.5,,4000,25.0,18.0,1010.5,0,0,0,0,0
2024-03-25T18:00:00,28.584511,77.205783,215,VIDP,230,2.1,,2000,21.8,18.6,1011.6,0,0,0,0,0
2024-03-25T21:00:00,28.584511,77.205783,215,VIDP,270,1.5,,2000,20.0,18.0,1011.2,0,0,0,0,0
2024-03-26T00:00:00,28.584511,77.205783,215,VIDP,160,1.0,,4000,19.0,17.4,1010.2,0,0,0,0,0
2024-03-26T03:00:00,28.584511,77.205783,215,VIDP,250,2.6,,2000,22.8,17.0,1011.9,0,0,0,0,0
2024-03-26T06:00:00,28.584511,77.205783,215,VIDP,270,2.6,,4000,30.4,17.6,1011.8,0,0,0,0,0
2024-03-26T09:00:00,28.584511,77.205783,215,VIDP,200,3.1,22000,4000,33.8,11.4,1010.0,0,0,0,0,0
2024-03-26T15:00:00,28.584511,77.205783,215,VIDP,,0.0,,4000,26.0,17.0,1010.9,0,0,0,0,0
2024-03-26T18:00:00,28.584511,77.205783,215,VIDP,,0.0,,4000,22.4,18.3,1011.9,0,0,0,0,0
2024-03-27T03:00:00,28.584511,77.205783,215,VIDP,,0.0,22000,2000,25.6,17.3,1014.4,0,0,0,0,0
2024-03-27T06:00:00,28.584511,77.205783,215,VIDP,290,2.1,,4000,32.2,17.9,1014.0,0,0,0,0,0
2024-03-27T09:00:00,28.584511,77.205783,215,VIDP,250,2.1,3000,4000,35.6,16.9,1011.1,0,0,0,0,0
2024-03-27T12:00:00,28.584511,77.205783,215,VIDP,200,1.0,,4000,33.6,18.2,1009.3,0,0,0,0,0
2024-03-27T15:00:00,28.584511,77.205783,215,VIDP,250,1.5,22000,4000,28.8,18.6,1011.0,0,0,0,0,0
2024-04-01T18:00:00,28.584511,77.205783,215,VIDP,200,1.0,22000,2000,21.8,13.5,1008.4,0,0,0,0,0
2024-04-01T21:00:00,28.584511,77.205783,215,VIDP,340,1.0,22000,2000,20.6,13.3,1007.0,0,0,0,0,0
2024-04-02T00:00:00,28.584511,77.205783,215,VIDP,180,1.0,22000,2000,17.6,13.7,1006.9,0,0,0,0,0
2024-04-02T03:00:00,28.584511,77.205783,215,VIDP,230,2.1,,2000,22.6,13.3,1008.0,0,0,0,0,0
2024-04-03T00:00:00,28.584511,77.205783,215,VIDP,,0.0,,2000,18.6,14.1,1008.0,0,0,0,0,0
2024-04-03T03:00:00,28.584511,77.205783,215,VIDP,,0.0,3000,2000,22.8,15.5,1009.4,0,0,0,0,0
2024-04-03T06:00:00,28.584511,77.205783,215,VIDP,200,1.0,,2000,33.0,14.0,1009.0,0,0,0,0,0
2024-04-03T09:00:00,28.584511,77.205783,215,VIDP,270,1.5,,4000,36.2,12.4,1005.9,0,0,0,0,0
2024-04-03T12:00:00,28.584511,77.205783,215,VIDP,270,1.5,22000,4000,33.4,13.3,1005.4,0,0,0,0,0
2024-04-03T15:00:00,28.584511,77.205783,215,VIDP,,0.0,22000,4000,26.8,15.7,1007.5,0,0,0,0,0
2024-04-03T18:00:00,28.584511,77.205783,215,VIDP,,0.0,,4000,25.0,16.6,1008.1,0,0,0,0,0
2024-04-03T21:00:00,28.584511,77.205783,215,VIDP,,0.0,,4000,22.6,14.9,1007.9,0,0,0,0,0
2024-04-04T00:00:00,28.584511,77.205783,215,VIDP,,0.0,22000,2000,21.4,14.2,1007.6,0,0,0,0,0
2024-04-04T03:00:00,28.584511,77.205783,215,VIDP,,0.0,22000,4000,25.6,15.4,1008.8,0,0,0,0,0
2024-04-04T06:00:00,28.584511,77.205783,215,VIDP,270,1.5,22000,4000,34.0,13.2,1008.4,0,0,0,0,0
2024-04-04T09:00:00,28.584511,77.205783,215,VIDP,290,2.6,22000,4000,36.2,13.4,1006.1,0,0,0,0,0
2024-04-04T12:00:00,28.584511,77.205783,215,VIDP,290,1.5,22000,4000,35.2,13.7,1005.1,0,0,0,0,0
2024-04-04T15:00:00,28.584511,77.205783,215,VIDP,,0.0,22000,4000,27.4,16.1,1007.5,0,0,0,0,0
2024-04-04T18:00:00,28.584511,77.205783,215,VIDP,,0.0,3000,4000,24.0,16.1,1008.2,0,0,0,0,0
2024-04-04T21:00:00,28.584511,77.205783,215,VIDP,250,1.5,3000,4000,26.6,14.7,1007.1,0,0,0,0,0
2024-04-05T00:00:00,28.584511,77.205783,215,VIDP,,0.0,,2000,21.6,15.6,1006.8,0,0,0,0,0
2024-04-05T03:00:00,28.584511,77.205783,215,VIDP,250,1.5,22000,2000,26.0,15.5,1008.7,0,0,0,0,0
2024-04-05T06:00:00,28.584511,77.205783,215,VIDP,70,4.1,22000,4000,34.6,12.7,1007.8,0,0,0,0,0
2024-04-05T09:00:00,28.584511,77.205783,215,VIDP,290,4.6,3000,4000,35.0,13.4,1005.5,0,0,0,0,0
2024-04-05T12:00:00,28.584511,77.205783,215,VIDP,270,2.6,1200,4000,32.4,13.1,1005.2,0,0,0,0,0
2024-04-05T15:00:00,28.584511,77.205783,215,VIDP,180,1.5,3000,4000,29.0,15.3,1006.9,0,0,0,0,0
2024-04-05T18:00:00,28.584511,77.205783,215,VIDP,140,1.5,3000,4000,26.8,13.2,1007.8,0,0,0,0,0
2024-04-05T21:00:00,28.584511,77.205783,215,VIDP,230,1.0,22000,2000,25.2,12.4,1006.8,0,0,0,0,0
2024-04-06T00:00:00,28.584511,77.205783,215,VIDP,140,1.0,22000,2000,21.8,13.5,1007.6,0,0,0,0,0
2024-04-06T03:00:00,28.584511,77.205783,215,VIDP,180,2.1,22000,2000,25.4,13.1,1009.4,0,0,0,0,0
2024-04-06T06:00:00,28.584511,77.205783,215,VIDP,270,4.1,,4000,33.0,11.1,1008.6,0,0,0,0,0
2024-04-06T09:00:00,28.584511,77.205783,215,VIDP,230,3.1,,4000,34.6,12.2,1005.7,0,0,0,0,0
2024-04-06T12:00:00,28.584511,77.205783,215,VIDP,230,2.1,,4000,33.0,12.2,1004.6,0,0,0,0,0
2024-04-06T15:00:00,28.584511,77.205783,215,VIDP,,0.0,,4000,27.6,15.1,1006.2,0,0,0,0,0
2024-04-06T18:00:00,28.584511,77.205783,215,VIDP,270,2.1,,2000,26.0,13.0,1007.9,0,0,0,0,0
2024-04-06T21:00:00,28.584511,77.205783,215,VIDP,250,1.5,,2000,24.6,12.0,1007.2,0,0,0,0,0
2024-04-07T00:00:00,28.584511,77.205783,215,VIDP,,0.0,,2000,19.0,11.8,1007.5,0,0,0,0,0
2024-04-07T03:00:00,28.584511,77.205783,215,VIDP,230,2.1,,2000,22.4,10.4,1009.1,0,0,0,0,0
2024-04-07T06:00:00,28.584511,77.205783,215,VIDP,230,2.6,,4000,32.4,8.5,1008.6,0,0,0,0,0
2024-04-07T09:00:00,28.584511,77.205783,215,VIDP,230,2.1,,4000,34.4,9.2,1005.4,0,0,0,0,0
2024-04-07T12:00:00,28.584511,77.205783,215,VIDP,180,3.6,,4000,34.2,10.0,1004.5,0,0,0,0,0
2024-04-07T15:00:00,28.584511,77.205783,215,VIDP,,0.0,,4000,26.4,14.4,1006.7,0,0,0,0,0
2024-04-07T18:00:00,28.584511,77.205783,215,VIDP,,0.0,,4000,21.8,13.5,1008.2,0,0,0,0,0
2024-04-07T21:00:00,28.584511,77.205783,215,VIDP,,0.0,,4000,19.6,13.3,1007.5,0,0,0,0,0
2024-04-08T00:00:00,28.584511,77.205783,215,VIDP,,1.0,,4000,19.0,13.0,1007.8,0,0,0,0,0
2024-04-08T03:00:00,28.584511,77.205783,215,VIDP,270,1.5,,2000,25.8,11.4,1009.6,0,0,0,0,0
2024-04-08T06:00:00,28.584511,77.205783,215,VIDP,180,3.6,,4000,34.4,10.9,1009.6,0,0,0,0,0
2024-04-08T09:00:00,28.584511,77.205783,215,VIDP,270,5.1,,4000,36.2,10.2,1007.3,0,0,0,0,0
2024-04-08T12:00:00,28.584511,77.205783,215,VIDP,230,3.6,,4000,34.8,11.0,1006.3,0,0,0,0,0
2024-04-08T15:00:00,28.584511,77.205783,215,VIDP,,0.0,,4000,26.8,14.5,1008.2,0,0,0,0,0
2024-04-08T18:00:00,28.584511,77.205783,215,VIDP,,0.0,,4000,22.4,13.4,1009.4,0,0,0,0,0
2024-04-08T21:00:00,28.584511,77.205783,215,VIDP,,0.0,,4000,20.6,12.5,1008.8,0,0,0,0,0
2024-04-09T00:00:00,28.584511,77.205783,215,VIDP,,0.0,22000,4000,19.2,13.6,1008.9,0,0,0,0,0
2024-04-09T03:00:00,28.584511,77.205783,215,VIDP,230,1.5,3000,4000,25.2,13.2,1010.6,0,0,0,0,0
2024-04-09T06:00:00,28.584511,77.205783,215,VIDP,,0.0,3000,4000,34.0,12.3,1010.0,0,0,0,0,0
2024-04-09T09:00:00,28.584511,77.205783,215,VIDP,230,3.1,,4000,37.0,10.0,1007.7,0,0,0,0,0
2024-04-09T12:00:00,28.584511,77.205783,215,VIDP,230,2.1,22000,4000,36.0,11.5,1005.8,0,0,0,0,0
2024-04-09T15:00:00,28.584511,77.205783,215,VIDP,200,1.0,22000,4000,26.8,13.7,1008.5,0,0,0,0,0
2024-04-09T18:00:00,28.584511,77.205783,215,VIDP,,0.0,22000,2000,22.2,13.2,1009.6,0,0,0,0,0
2024-04-09T21:00:00,28.584511,77.205783,215,VIDP,,0.0,22000,2000,20.0,13.0,1009.1,0,0,0,0,0
2024-04-10T00:00:00,28.584511,77.205783,215,VIDP,,0.0,22000,2000,18.4,14.2,1009.8,0,0,0,0,0
2024-04-10T03:00:00,28.584511,77.205783,215,VIDP,270,1.0,,2000,24.8,15.2,1010.9,0,0,0,0,0
2024-04-10T06:00:00,28.584511,77.205783,215,VIDP,270,1.5,,4000,34.8,14.9,1010.1,0,0,0,0,0
2024-04-10T12:00:00,28.584511,77.205783,215,VIDP,340,1.5,,4000,36.6,14.0,1005.5,0,0,0,0,0
2024-04-10T15:00:00,28.584511,77.205783,215,VIDP,90,1.5,,4000,29.0,14.5,1008.1,0,0,0,0,0
2024-04-10T18:00:00,28.584511,77.205783,215,VIDP,,0.0,,2000,26.0,15.5,1010.0,0,0,0,0,0
2024-04-10T21:00:00,28.584511,77.205783,215,VIDP,,0.0,,2000,23.4,18.6,1009.3,0,0,0,0,0
2024-04-11T00:00:00,28.584511,77.205783,215,VIDP,,0.0,22000,2000,21.0,16.0,1010.2,0,0,0,0,0
2024-04-11T03:00:00,28.584511,77.205783,215,VIDP,,0.0,3000,2000,25.6,16.6,1012.0,0,0,0,0,0
2024-04-11T06:00:00,28.584511,77.205783,215,VIDP,,0.0,,4000,33.8,16.7,1011.5,0,0,0,0,0
2024-04-11T09:00:00,28.584511,77.205783,215,VIDP,270,1.5,,4000,36.6,14.6,1008.6,0,0,0,0,0
2024-04-11T12:00:00,28.584511,77.205783,215,VIDP,270,2.1,,4000,35.8,17.2,1007.5,0,0,0,0,0
2024-04-11T15:00:00,28.584511,77.205783,215,VIDP,50,2.1,3000,4000,28.8,15.1,1010.0,0,0,0,0,0
2024-04-11T18:00:00,28.584511,77.205783,215,VIDP,,0.0,22000,4000,26.6,16.6,1010.3,0,0,0,0,0
2024-04-11T21:00:00,28.584511,77.205783,215,VIDP,,0.0,,4000,23.8,16.6,1009.3,0,0,0,0,0
2024-04-12T00:00:00,28.584511,77.205783,215,VIDP,,0.0,22000,4000,22.0,16.8,1009.2,0,0,0,0,0
2024-04-12T03:00:00,28.584511,77.205783,215,VIDP,50,1.5,,2000,26.4,18.2,1011.3,0,0,0,0,0
2024-04-12T06:00:00,28.584511,77.205783,215,VIDP,270,1.5,3000,2000,34.6,16.8,1010.5,0,0,0,0,0
2024-04-12T09:00:00,28.584511,77.205783,215,VIDP,,0.0,22000,4000,38.8,15.6,1008.1,0,0,0,0,0
2024-04-12T12:00:00,28.584511,77.205783,215,VIDP,,0.0,22000,4000,37.2,17.6,1005.9,0,0,0,0,0
2024-04-12T15:00:00,28.584511,77.205783,215,VIDP,,0.0,22000,4000,29.6,18.4,1008.1,0,0,0,0,0
2024-04-12T18:00:00,28.584511,77.205783,215,VIDP,,0.0,,2000,27.0,19.3,1009.5,0,0,0,0,0
2024-04-12T21:00:00,28.584511,77.205783,215,VIDP,,0.0,,2000,24.0,18.3,1008.6,0,0,0,0,0
2024-04-13T00:00:00,28.584511,77.205783,215,VIDP,90,2.1,,2000,24.2,16.7,1009.0,0,0,0,0,0
2024-04-13T03:00:00,28.584511,77.205783,215,VIDP,90,2.1,22000,2000,28.0,17.6,1010.1,0,0,0,0,0
2024-04-13T06:00:00,28.584511,77.205783,215,VIDP,340,1.5,22000,4000,36.2,16.5,1008.9,0,0,0,0,0
2024-04-13T09:00:00,28.584511,77.205783,215,VIDP,110,3.1,3000,4000,39.0,18.5,1006.2,0,0,0,0,0
2024-04-13T12:00:00,28.584511,77.205783,215,VIDP,290,7.2,2700,1000,25.8,19.3,1008.2,0,0,0,0,0
2024-04-13T15:00:00,28.584511,77.205783,215,VIDP,,1.0,3000,2000,24.2,19.9,1008.2,0,0,0,0,0
2024-04-13T18:00:00,28.584511,77.205783,215,VIDP,230,1.5,3000,2000,25.8,16.8,1010.7,0,0,0,0,0
2024-04-13T21:00:00,28.584511,77.205783,215,VIDP,270,2.1,3000,2000,24.4,17.0,1009.5,0,0,0,0,0
2024-04-14T00:00:00,28.584511,77.205783,215,VIDP,110,2.1,2700,2000,24.4,18.4,1010.2,0,0,0,0,0
2024-04-14T03:00:00,28.584511,77.205783,215,VIDP,180,2.1,900,2000,25.4,19.2,1013.0,0,0,0,0,0
2024-04-14T06:00:00,28.584511,77.205783,215,VIDP,50,1.5,900,1000,26.2,20.1,1013.7,0,0,0,0,0
2024-04-14T09:00:00,28.584511,77.205783,215,VIDP,50,1.5,3000,2000,31.8,20.0,1009.6,0,0,0,0,0
2024-04-14T12:00:00,28.584511,77.205783,215,VIDP,50,1.0,900,2000,29.2,19.8,1009.2,0,0,0,0,0
2024-04-14T15:00:00,28.584511,77.205783,215,VIDP,,0.0,3000,2000,26.0,20.5,1011.1,0,0,0,0,0
2024-04-14T18:00:00,28.584511,77.205783,215,VIDP,,0.0,3000,2000,24.0,20.8,1011.1,0,0,0,0,0
2024-04-14T21:00:00,28.584511,77.205783,215,VIDP,,0.0,3000,2000,22.6,19.8,1010.6,0,0,0,0,0
2024-04-15T00:00:00,28.584511,77.205783,215,VIDP,,0.0,3000,2000,23.0,20.2,1011.0,0,0,0,0,0
2024-04-15T03:00:00,28.584511,77.205783,215,VIDP,,0.0,3000,2000,25.8,21.0,1012.1,0,0,0,0,0
2024-04-15T06:00:00,28.584511,77.205783,215,VIDP,,0.0,3000,2000,32.8,18.7,1012.1,0,0,0,0,0
2024-04-15T09:00:00,28.584511,77.205783,215,VIDP,230,1.5,2400,2000,33.8,19.3,1009.5,0,0,0,0,0
2024-04-15T12:00:00,28.584511,77.205783,215,VIDP,,0.0,3000,2000,33.8,20.4,1007.8,0,0,0,0,0
2024-04-15T15:00:00,28.584511,77.205783,215,VIDP,,0.0,3000,2000,28.0,21.4,1009.9,0,0,0,0,0
2024-04-15T18:00:00,28.584511,77.205783,215,VIDP,,0.0,22000,2000,25.0,21.1,1010.1,0,0,0,0,0
2024-04-15T21:00:00,28.584511,77.205783,215,VIDP,250,2.6,,2000,24.8,20.2,1009.5,0,0,0,0,0
2024-04-19T00:00:00,28.584511,77.205783,215,VIDP,250,2.1,22000,2000,26.6,16.2,1004.3,0,0,0,0,0
2024-04-19T03:00:00,28.584511,77.205783,215,VIDP,270,2.6,,4000,29.8,16.8,1004.8,0,0,0,0,0
2024-04-19T06:00:00,28.584511,77.205783,215,VIDP,250,3.6,22000,4000,36.0,17.5,1004.7,0,0,0,0,0
2024-04-19T09:00:00,28.584511,77.205783,215,VIDP,250,1.5,22000,4000,38.0,19.1,1002.1,0,0,0,0,0
2024-04-19T12:00:00,28.584511,77.205783,215,VIDP,160,1.5,22000,4000,37.8,15.4,999.0,0,0,0,0,0
2024-04-19T15:00:00,28.584511,77.205783,215,VIDP,,0.0,,4000,31.2,20.0,1001.8,0,0,0,0,0
2024-04-19T18:00:00,28.584511,77.205783,215,VIDP,,0.0,,4000,30.6,17.4,1003.0,0,0,0,0,0
2024-04-19T21:00:00,28.584511,77.205783,215,VIDP,,0.0,,4000,26.2,20.1,1002.9,0,0,0,0,0
2024-04-20T00:00:00,28.584511,77.205783,215,VIDP,,0.0,,2000,24.4,18.8,1003.0,0,0,0,0,0
2024-04-20T03:00:00,28.584511,77.205783,215,VIDP,270,2.1,,2000,27.0,18.6,1004.8,0,0,0,0,0
2024-04-20T06:00:00,28.584511,77.205783,215,VIDP,230,2.6,,4000,33.0,18.2,1004.8,0,0,0,0,0
2024-04-20T09:00:00,28.584511,77.205783,215,VIDP,250,4.1,22000,4000,36.6,17.1,1001.8,0,0,0,0,0
2024-04-20T12:00:00,28.584511,77.205783,215,VIDP,270,2.1,3000,4000,34.6,16.4,1000.8,0,0,0,0,0
2024-04-20T18:00:00,28.584511,77.205783,215,VIDP,270,3.1,22000,4000,29.8,16.8,1004.4,0,0,0,0,0
2024-04-20T21:00:00,28.584511,77.205783,215,VIDP,320,2.6,22000,2000,27.7,17.0,1004.2,0,0,0,0,0
2024-04-21T00:00:00,28.584511,77.205783,215,VIDP,270,1.0,22000,2000,25.0,16.6,1004.7,0,0,0,0,0
2024-04-21T03:00:00,28.584511,77.205783,215,VIDP,270,3.1,22000,4000,28.2,17.5,1006.3,0,0,0,0,0
2024-04-21T06:00:00,28.584511,77.205783,215,VIDP,320,1.5,22000,4000,34.0,16.8,1006.0,0,0,0,0,0
2024-04-21T09:00:00,28.584511,77.205783,215,VIDP,270,4.6,3000,4000,35.8,16.4,1003.7,0,0,0,0,0
2024-04-21T12:00:00,28.584511,77.205783,215,VIDP,270,3.1,,4000,35.4,15.4,1002.6,0,0,0,0,0
2024-04-21T15:00:00,28.584511,77.205783,215,VIDP,,0.0,,4000,30.0,18.6,1003.8,0,0,0,0,0
2024-04-21T18:00:00,28.584511,77.205783,215,VIDP,,0.0,22000,2000,25.6,18.7,1005.2,0,0,0,0,0
2024-04-21T21:00:00,28.584511,77.205783,215,VIDP,230,4.1,3000,2000,24.4,18.4,1005.5,0,0,0,0,0
2024-04-22T00:00:00,28.584511,77.205783,215,VIDP,340,2.1,3000,2000,25.4,15.9,1006.6,0,0,0,0,0
2024-04-22T03:00:00,28.584511,77.205783,215,VIDP,250,3.1,22000,4000,27.8,17.7,1007.3,0,0,0,0,0
2024-04-22T06:00:00,28.584511,77.205783,215,VIDP,230,3.1,22000,4000,35.4,15.8,1006.4,0,0,0,0,0
2024-04-22T12:00:00,28.584511,77.205783,215,VIDP,250,3.1,22000,4000,36.6,14.5,1002.9,0,0,0,0,0
2024-04-22T15:00:00,28.584511,77.205783,215,VIDP,,0.0,22000,4000,31.4,16.5,1004.4,0,0,0,0,0
2024-04-22T18:00:00,28.584511,77.205783,215,VIDP,,0.0,,4000,27.0,16.7,1005.6,0,0,0,0,0
2024-04-22T21:00:00,28.584511,77.205783,215,VIDP,,0.0,3000,2000,25.0,17.0,1005.1,0,0,0,0,0
2024-04-23T00:00:00,28.584511,77.205783,215,VIDP,,0.0,22000,2000,23.8,17.0,1004.4,0,0,0,0,0
2024-04-23T03:00:00,28.584511,77.205783,215,VIDP,230,2.1,,4000,29.4,16.7,1005.8,0,0,0,0,0
2024-04-23T09:00:00,28.584511,77.205783,215,VIDP,270,2.1,,4000,36.6,14.9,1003.8,0,0,0,0,0
2024-04-23T12:00:00,28.584511,77.205783,215,VIDP,290,7.7,3000,2000,33.0,18.2,1004.9,0,0,0,0,0
2024-04-23T15:00:00,28.584511,77.205783,215,VIDP,90,1.5,22000,4000,23.4,20.0,1005.5,0,0,0,0,0
2024-04-23T18:00:00,28.584511,77.205783,215,VIDP,,0.0,,4000,22.6,20.4,1006.0,0,0,0,0,0
2024-04-23T21:00:00,28.584511,77.205783,215,VIDP,,0.0,,4000,21.6,20.1,1004.8,0,0,0,0,0
2024-04-24T00:00:00,28.584511,77.205783,215,VIDP,,0.0,,2000,20.0,18.7,1005.2,0,0,0,0,0
2024-04-24T03:00:00,28.584511,77.205783,215,VIDP,270,1.5,22000,2000,26.5,16.4,1006.5,0,0,0,0,0
2024-04-24T06:00:00,28.584511,77.205783,215,VIDP,250,1.5,,4000,34.2,16.6,1006.3,0,0,0,0,0
2024-04-24T09:00:00,28.584511,77.205783,215,VIDP,290,1.5,22000,4000,36.6,15.4,1004.2,0,0,0,0,0
2024-04-24T12:00:00,28.584511,77.205783,215,VIDP,270,2.6,22000,4000,36.4,15.1,1002.8,0,0,0,0,0
2024-04-24T18:00:00,28.584511,77.205783,215,VIDP,,0.0,22000,4000,24.8,17.1,1006.0,0,0,0,0,0
2024-04-24T21:00:00,28.584511,77.205783,215,VIDP,,0.0,22000,4000,23.2,17.1,1004.9,0,0,0,0,0
2024-04-25T00:00:00,28.584511,77.205783,215,VIDP,,0.0,22000,4000,21.2,16.6,1005.8,0,0,0,0,0
2024-04-25T03:00:00,28.584511,77.205783,215,VIDP,250,1.5,22000,4000,28.4,16.6,1007.0,0,0,0,0,0
2024-04-25T06:00:00,28.584511,77.205783,215,VIDP,250,6.2,22000,4000,35.6,15.7,1006.5,0,0,0,0,0
2024-04-25T09:00:00,28.584511,77.205783,215,VIDP,250,4.1,,4000,38.6,11.8,1003.7,0,0,0,0,0
2024-04-25T12:00:00,28.584511,77.205783,215,VIDP,270,3.1,,4000,38.2,8.2,1002.1,0,0,0,0,0
2024-04-25T15:00:00,28.584511,77.205783,215,VIDP,,0.0,,4000,30.2,16.1,1003.8,0,0,0,0,0
2024-04-25T18:00:00,28.584511,77.205783,215,VIDP,,0.0,,4000,25.6,16.2,1004.7,0,0,0,0,0
2024-04-25T21:00:00,28.584511,77.205783,215,VIDP,,0.0,,2000,23.8,15.9,1004.1,0,0,0,0,0
2024-04-26T00:00:00,28.584511,77.205783,215,VIDP,,0.0,,2000,22.4,15.8,1004.4,0,0,0,0,0
2024-04-26T03:00:00,28.584511,77.205783,215,VIDP,200,1.5,22000,4000,29.6,14.0,1005.7,0,0,0,0,0
2024-04-26T03:30:00,28.584511,77.205783,215,VIDP,200,1.5,10000,4500,31.0,14.0,,0,1,0,0,0
2024-04-26T04:00:00,28.584511,77.205783,215,VIDP,230,2.1,3048,4500,33.0,14.0,,0,1,0,0,0
2024-04-26T06:00:00,28.584511,77.205783,215,VIDP,230,1.5,22000,4000,37.2,14.5,1004.9,0,0,0,0,0
2024-04-26T09:00:00,28.584511,77.205783,215,VIDP,270,1.5,22000,4000,39.6,9.7,1002.3,0,0,0,0,0
2024-04-26T12:00:00,28.584511,77.205783,215,VIDP,90,1.5,1050,4000,39.0,15.0,1000.0,0,0,0,0,0
2024-04-26T15:00:00,28.584511,77.205783,215,VIDP,50,1.0,750,4000,25.0,20.4,1003.6,0,0,0,0,0
2024-04-26T18:00:00,28.584511,77.205783,215,VIDP,70,1.5,,2000,24.6,20.3,1004.9,0,0,0,0,0
2024-04-26T21:00:00,28.584511,77.205783,215,VIDP,340,1.0,3000,2000,24.0,18.7,1004.0,0,0,0,0,0
2024-04-27T00:00:00,28.584511,77.205783,215,VIDP,,0.0,22000,2000,24.0,20.3,1004.7,0,0,0,0,0
2024-04-27T03:00:00,28.584511,77.205783,215,VIDP,270,2.1,22000,2000,29.4,18.2,1006.6,0,0,0,0,0
2024-04-27T06:00:00,28.584511,77.205783,215,VIDP,250,1.5,22000,4000,34.2,15.8,1006.5,0,0,0,0,0
2024-04-27T09:00:00,28.584511,77.205783,215,VIDP,250,3.1,22000,4000,37.4,13.4,1003.8,0,0,0,0,0
2024-04-27T12:00:00,28.584511,77.205783,215,VIDP,270,3.6,,4000,35.8,12.7,1002.6,0,0,0,0,0
2024-04-27T15:00:00,28.584511,77.205783,215,VIDP,,0.0,22000,4000,31.7,16.2,1004.9,0,0,0,0,0
2024-04-27T18:00:00,28.584511,77.205783,215,VIDP,,0.0,22000,4000,28.2,15.5,1006.1,0,0,0,0,0
2024-04-27T21:00:00,28.584511,77.205783,215,VIDP,,0.0,22000,4000,25.0,15.4,1005.5,0,0,0,0,0
2024-04-28T00:00:00,28.584511,77.205783,215,VIDP,,0.0,1200,2000,24.4,15.9,1006.3,0,0,0,0,0
2024-04-28T03:00:00,28.584511,77.205783,215,VIDP,,0.0,2700,2000,27.6,15.5,1007.7,0,0,0,0,0
2024-04-28T06:00:00,28.584511,77.205783,215,VIDP,50,1.0,3000,4000,35.4,15.8,1006.9,0,0,0,0,0
2024-04-28T09:00:00,28.584511,77.205783,215,VIDP,,0.0,,4000,37.2,9.8,1004.9,0,0,0,0,0
2024-04-28T12:00:00,28.584511,77.205783,215,VIDP,250,2.1,22000,4000,36.4,10.6,1003.1,0,0,0,0,0
2024-04-28T12:00:00,28.584511,77.205783,215,VIDP,250,2.1,10000,4500,36.0,11.0,,0,1,0,0,0
2024-04-28T15:00:00,28.584511,77.205783,215,VIDP,,0.0,,4000,30.2,17.3,1005.0,0,0,0,0,0
2024-04-28T18:00:00,28.584511,77.205783,215,VIDP,,0.0,3000,4000,26.4,17.9,1006.0,0,0,0,0,0
2024-04-28T21:00:00,28.584511,77.205783,215,VIDP,,0.0,,4000,25.0,17.7,1005.1,0,0,0,0,0
2024-04-29T00:00:00,28.584511,77.205783,215,VIDP,,0.0,,4000,23.4,18.0,1005.2,0,0,0,0,0
2024-04-29T03:00:00,28.584511,77.205783,215,VIDP,290,2.1,22000,4000,29.4,16.3,1006.6,0,0,0,0,0
2024-04-29T06:00:00,28.584511,77.205783,215,VIDP,320,2.1,3000,4000,34.8,13.5,1006.2,0,0,0,0,0
2024-04-29T09:00:00,28.584511,77.205783,215,VIDP,270,1.5,22000,4000,38.0,13.4,1003.4,0,0,0,0,0
2024-04-29T09:00:00,28.584511,77.205783,215,VIDP,270,1.5,10000,5000,38.0,13.0,,0,1,0,0,0
2024-04-29T12:00:00,28.584511,77.205783,215,VIDP,340,2.6,,2000,32.4,15.4,1003.2,0,0,0,0,0
2024-04-29T15:00:00,28.584511,77.205783,215,VIDP,320,1.5,22000,2000,30.0,15.0,1005.7,0,0,0,0,0
2024-04-29T18:00:00,28.584511,77.205783,215,VIDP,340,1.0,22000,2000,27.8,15.0,1006.9,0,0,0,0,0
2024-04-29T21:00:00,28.584511,77.205783,215,VIDP,270,1.0,22000,2000,26.4,14.4,1006.4,0,0,0,0,0
2024-04-30T00:00:00,28.584511,77.205783,215,VIDP,250,1.0,22000,4000,23.6,14.5,1006.4,0,0,0,0,0
2024-04-30T03:00:00,28.584511,77.205783,215,VIDP,250,4.1,,4000,26.2,14.1,1007.6,0,0,0,0,0
2024-04-30T06:00:00,28.584511,77.205783,215,VIDP,250,5.1,,4000,32.6,10.5,1005.9,0,0,0,0,0
2024-04-30T09:00:00,28.584511,77.205783,215,VIDP,250,4.6,,4000,35.4,8.2,1002.3,0,0,0,0,0
2024-04-30T12:00:00,28.584511,77.205783,215,VIDP,250,5.1,,4000,35.2,7.2,1000.5,0,0,0,0,0
2024-04-30T15:00:00,28.584511,77.205783,215,VIDP,,0.0,,4000,29.0,11.3,1002.2,0,0,0,0,0
2024-04-30T18:00:00,28.584511,77.205783,215,VIDP,,0.0,,4000,26.0,12.1,1001.9,0,0,0,0,0
2024-04-30T21:00:00,28.584511,77.205783,215,VIDP,270,2.6,,4000,24.6,12.5,1001.3,0,0,0,0,0
2024-05-02T00:00:00,28.584511,77.205783,215,VIDP,250,1.5,,2000,20.2,9.8,1003.9,0,0,0,0,0
2024-05-02T03:00:00,28.584511,77.205783,215,VIDP,290,2.6,22000,2000,25.6,9.2,1005.0,0,0,0,0,0
2024-05-02T06:00:00,28.584511,77.205783,215,VIDP,270,4.1,22000,4000,31.6,8.2,1004.8,0,0,0,0,0
2024-05-02T09:00:00,28.584511,77.205783,215,VIDP,270,3.1,22000,4000,35.2,6.5,1002.6,0,0,0,0,0
2024-05-02T12:00:00,28.584511,77.205783,215,VIDP,320,2.6,,4000,33.4,10.2,1001.3,0,0,0,0,0
2024-05-02T15:00:00,28.584511,77.205783,215,VIDP,270,1.5,,4000,29.4,12.9,1003.5,0,0,0,0,0
2024-05-02T18:00:00,28.584511,77.205783,215,VIDP,,0.0,,4000,24.2,11.9,1005.1,0,0,0,0,0
2024-05-02T21:00:00,28.584511,77.205783,215,VIDP,,0.0,,4000,21.2,12.8,1004.2,0,0,0,0,0
2024-05-03T00:00:00,28.584511,77.205783,215,VIDP,,0.0,,4000,19.2,11.6,1004.5,0,0,0,0,0
2024-05-03T03:00:00,28.584511,77.205783,215,VIDP,230,2.6,,4000,27.0,9.8,1005.7,0,0,0,0,0
2024-05-03T06:00:00,28.584511,77.205783,215,VIDP,270,3.1,22000,4000,35.0,8.6,1005.4,0,0,0,0,0
2024-05-03T09:00:00,28.584511,77.205783,215,VIDP,270,3.1,3000,4000,38.0,6.4,1002.9,0,0,0,0,0
2024-05-03T12:00:00,28.584511,77.205783,215,VIDP,270,2.1,1200,4000,35.8,7.1,1002.2,0,0,0,0,0
2024-05-03T15:00:00,28.584511,77.205783,215,VIDP,250,1.5,3000,2000,30.4,15.1,1004.8,0,0,0,0,0
2024-05-03T18:00:00,28.584511,77.205783,215,VIDP,,0.0,3000,2000,26.6,13.8,1005.5,0,0,0,0,0
2024-05-03T21:00:00,28.584511,77.205783,215,VIDP,,0.0,3000,2000,23.2,14.4,1004.9,0,0,0,0,0
2024-05-04T00:00:00,28.584511,77.205783,215,VIDP,250,1.5,3000,2000,23.8,15.1,1006.1,0,0,0,0,0
2024-05-04T03:00:00,28.584511,77.205783,215,VIDP,250,1.0,3000,1000,27.8,14.6,1007.0,0,0,0,0,0
2024-05-04T06:00:00,28.584511,77.205783,215,VIDP,230,4.1,22000,2000,35.8,11.7,1006.0,0,0,0,0,0
2024-05-04T09:00:00,28.584511,77.205783,215,VIDP,250,2.6,22000,4000,39.8,10.7,1003.0,0,0,0,0,0
2024-05-04T12:00:00,28.584511,77.205783,215,VIDP,230,2.1,22000,2000,39.2,12.9,1000.9,0,0,0,0,0
2024-05-04T15:00:00,28.584511,77.205783,215,VIDP,,0.0,,4000,30.6,17.0,1002.0,0,0,0,0,0
2024-05-04T18:00:00,28.584511,77.205783,215,VIDP,,0.0,,4000,28.0,16.8,1002.2,0,0,0,0,0
2024-05-04T21:00:00,28.584511,77.205783,215,VIDP,,0.0,,2000,26.2,17.6,1000.1,0,0,0,0,0
2024-05-05T00:00:00,28.584511,77.205783,215,VIDP,,0.0,22000,2000,23.8,16.3,1000.7,0,0,0,0,0
2024-05-05T03:00:00,28.584511,77.205783,215,VIDP,230,2.6,,2000,30.6,11.4,1001.5,0,0,0,0,0
2024-05-05T06:00:00,28.584511,77.205783,215,VIDP,290,2.1,22000,4000,38.4,10.9,1001.0,0,0,0,0,0
2024-05-05T09:00:00,28.584511,77.205783,215,VIDP,290,1.5,22000,4000,40.8,13.1,998.4,0,0,0,0,0
2024-05-05T12:00:00,28.584511,77.205783,215,VIDP,290,2.1,,4000,39.4,13.7,997.6,0,0,0,0,0
2024-05-05T15:00:00,28.584511,77.205783,215,VIDP,,0.0,,4000,31.8,15.8,1000.0,0,0,0,0,0
2024-05-05T18:00:00,28.584511,77.205783,215,VIDP,,0.0,,4000,28.2,15.9,1001.1,0,0,0,0,0
2024-05-05T21:00:00,28.584511,77.205783,215,VIDP,,0.0,,4000,26.2,15.7,1001.0,0,0,0,0,0
2024-05-06T00:00:00,28.584511,77.205783,215,VIDP,,0.0,,2000,25.0,16.6,1002.1,0,0,0,0,0
2024-05-06T03:00:00,28.584511,77.205783,215,VIDP,230,2.6,,2000,30.8,15.3,1003.9,0,0,0,0,0
2024-05-06T06:00:00,28.584511,77.205783,215,VIDP,270,1.5,,4000,38.0,17.9,1003.7,0,0,0,0,0
2024-05-06T09:00:00,28.584511,77.205783,215,VIDP,250,4.1,22000,4000,40.2,22.8,1001.0,0,0,0,0,0
2024-05-06T12:00:00,28.584511,77.205783,215,VIDP,250,2.1,,4000,38.6,13.9,1000.0,0,0,0,0,0
2024-05-06T15:00:00,28.584511,77.205783,215,VIDP,,0.0,22000,4000,32.4,16.6,1002.0,0,0,0,0,0
2024-05-06T18:00:00,28.584511,77.205783,215,VIDP,,0.0,22000,4000,28.8,18.9,1003.4,0,0,0,0,0
2024-05-06T21:00:00,28.584511,77.205783,215,VIDP,,0.0,22000,2000,26.6,18.5,1002.7,0,0,0,0,0
2024-05-07T00:00:00,28.584511,77.205783,215,VIDP,,0.0,22000,2000,24.6,19.0,1003.4,0,0,0,0,0
2024-05-07T03:00:00,28.584511,77.205783,215,VIDP,,0.0,,4000,30.8,19.2,1005.3,0,0,0,0,0
2024-05-07T06:00:00,28.584511,77.205783,215,VIDP,70,2.1,22000,2000,39.8,17.6,1004.6,0,0,0,0,0
2024-05-07T09:00:00,28.584511,77.205783,215,VIDP,70,2.6,22000,4000,41.6,16.8,1002.5,0,0,0,0,0
2024-05-07T12:00:00,28.584511,77.205783,215,VIDP,50,2.1,22000,2000,38.8,21.3,1001.6,0,0,0,0,0
2024-05-07T15:00:00,28.584511,77.205783,215,VIDP,50,1.0,,2000,33.6,22.3,1003.5,0,0,0,0,0
2024-05-07T18:00:00,28.584511,77.205783,215,VIDP,,0.0,,2000,30.8,23.6,1004.9,0,0,0,0,0
2024-05-07T21:00:00,28.584511,77.205783,215,VIDP,90,3.1,22000,2000,28.6,23.4,1004.5,0,0,0,0,0
2024-05-08T00:00:00,28.584511,77.205783,215,VIDP,110,2.1,22000,2000,28.4,22.5,1004.8,0,0,0,0,0
2024-05-08T03:00:00,28.584511,77.205783,215,VIDP,70,2.6,,2000,29.2,21.1,1006.5,0,0,0,0,0
2024-05-08T06:00:00,28.584511,77.205783,215,VIDP,70,4.1,,4000,34.4,21.8,1005.9,0,0,0,0,0
2024-05-08T12:00:00,28.584511,77.205783,215,VIDP,70,1.5,,4000,36.6,23.1,1002.2,0,0,0,0,0
2024-05-08T15:00:00,28.584511,77.205783,215,VIDP,90,1.5,,4000,32.4,21.8,1003.7,0,0,0,0,0
2024-05-08T18:00:00,28.584511,77.205783,215,VIDP,90,2.1,22000,4000,30.5,21.8,1005.1,0,0,0,0,0
2024-05-08T21:00:00,28.584511,77.205783,215,VIDP,90,4.1,,4000,29.0,21.6,1004.9,0,0,0,0,0
2024-05-09T00:00:00,28.584511,77.205783,215,VIDP,70,3.1,,4000,26.2,20.1,1004.9,0,0,0,0,0
2024-05-09T03:00:00,28.584511,77.205783,215,VIDP,70,3.1,,4000,28.2,19.3,1006.8,0,0,0,0,0
2024-05-09T06:00:00,28.584511,77.205783,215,VIDP,70,2.6,,4000,34.6,20.6,1004.5,0,0,0,0,0
2024-05-09T09:00:00,28.584511,77.205783,215,VIDP,90,2.1,,4000,37.4,21.7,1003.3,0,0,0,0,0
2024-05-09T12:00:00,28.584511,77.205783,215,VIDP,50,2.1,,4000,37.2,22.8,1001.3,0,0,0,0,0
2024-05-09T15:00:00,28.584511,77.205783,215,VIDP,70,2.1,,2000,32.4,22.5,1003.1,0,0,0,0,0
2024-05-09T18:00:00,28.584511,77.205783,215,VIDP,70,2.1,,2000,30.4,21.8,1004.3,0,0,0,0,0
2024-05-09T21:00:00,28.584511,77.205783,215,VIDP,90,2.6,,2000,29.4,21.0,1003.9,0,0,0,0,0
2024-05-10T00:00:00,28.584511,77.205783,215,VIDP,90,1.5,,2000,28.4,22.2,1005.5,0,0,0,0,0
2024-05-10T03:00:00,28.584511,77.205783,215,VIDP,110,3.1,,2000,30.0,22.4,1008.0,0,0,0,0,0
2024-05-10T06:00:00,28.584511,77.205783,215,VIDP,90,3.1,,4000,35.4,22.4,1006.3,0,0,0,0,0
2024-05-10T09:00:00,28.584511,77.205783,215,VIDP,70,1.5,,4000,38.4,23.7,1004.2,0,0,0,0,0
2024-05-10T12:00:00,28.584511,77.205783,215,VIDP,70,2.6,3000,4000,37.4,24.1,1001.8,0,0,0,0,0
2024-05-10T15:00:00,28.584511,77.205783,215,VIDP,,0.0,3000,4000,33.8,23.5,1003.7,0,0,0,0,0
2024-05-10T18:00:00,28.584511,77.205783,215,VIDP,250,4.1,900,2000,28.8,15.5,1008.6,0,0,0,0,0
2024-05-10T21:00:00,28.584511,77.205783,215,VIDP,250,4.1,1050,4000,27.6,18.2,1004.4,0,0,0,0,0
2024-05-11T00:00:00,28.584511,77.205783,215,VIDP,250,1.5,1050,2000,26.0,21.5,1010.3,0,0,0,0,0
2024-05-11T06:00:00,28.584511,77.205783,215,VIDP,50,2.1,22000,4000,35.0,18.1,1008.2,0,0,0,0,0
2024-05-11T09:00:00,28.584511,77.205783,215,VIDP,,1.0,,4000,38.4,19.6,1006.7,0,0,0,0,0
2024-05-11T12:00:00,28.584511,77.205783,215,VIDP,340,1.5,,4000,36.8,19.8,1004.7,0,0,0,0,0
2024-05-11T15:00:00,28.584511,77.205783,215,VIDP,340,1.0,,2000,31.2,21.1,1006.3,0,0,0,0,0
2024-05-11T18:00:00,28.584511,77.205783,215,VIDP,,0.0,,2000,28.0,21.4,1006.9,0,0,0,0,0
2024-05-11T21:00:00,28.584511,77.205783,215,VIDP,,0.0,,2000,26.2,21.4,1006.5,0,0,0,0,0
2024-05-12T00:00:00,28.584511,77.205783,215,VIDP,250,2.1,22000,2000,27.4,19.4,1007.9,0,0,0,0,0
2024-05-12T03:00:00,28.584511,77.205783,215,VIDP,230,1.5,22000,2000,30.4,19.8,1008.6,0,0,0,0,0
2024-05-12T06:00:00,28.584511,77.205783,215,VIDP,20,1.5,22000,4000,36.6,19.9,1008.4,0,0,0,0,0
2024-05-12T09:00:00,28.584511,77.205783,215,VIDP,50,2.1,,4000,38.6,18.7,1006.3,0,0,0,0,0
2024-05-12T12:00:00,28.584511,77.205783,215,VIDP,270,1.0,,4000,37.2,20.3,1004.1,0,0,0,0,0
2024-05-12T15:00:00,28.584511,77.205783,215,VIDP,,0.0,22000,4000,32.2,21.6,1005.6,0,0,0,0,0
2024-05-12T18:00:00,28.584511,77.205783,215,VIDP,,0.0,22000,4000,30.2,20.9,1006.6,0,0,0,0,0
2024-05-12T21:00:00,28.584511,77.205783,215,VIDP,,0.0,22000,4000,28.2,21.3,1006.4,0,0,0,0,0
2024-05-13T00:00:00,28.584511,77.205783,215,VIDP,,0.0,,4000,28.2,20.7,1006.9,0,0,0,0,0
2024-05-13T03:00:00,28.584511,77.205783,215,VIDP,,0.0,,4000,31.0,20.8,1008.7,0,0,0,0,0
2024-05-13T06:00:00,28.584511,77.205783,215,VIDP,250,2.6,,4000,37.0,21.5,1008.2,0,0,0,0,0
2024-05-13T06:00:00,28.584511,77.205783,215,VIDP,250,2.6,22000,4500,37.0,22.0,,0,1,0,0,0
2024-05-13T08:30:00,28.584511,77.205783,215,VIDP,260,2.1,3048,5000,38.0,21.0,,0,1,0,0,0
2024-05-13T09:00:00,28.584511,77.205783,215,VIDP,250,2.6,,4000,40.0,17.4,1005.8,0,0,0,0,0
2024-05-13T12:00:00,28.584511,77.205783,215,VIDP,320,1.5,22000,4000,38.8,15.1,1004.9,0,0,0,0,0
2024-05-13T15:00:00,28.584511,77.205783,215,VIDP,,0.0,22000,4000,30.2,17.7,1006.1,0,0,0,0,0
2024-05-13T18:00:00,28.584511,77.205783,215,VIDP,,0.0,22000,4000,26.8,18.7,1007.5,0,0,0,0,0
2024-05-13T21:00:00,28.584511,77.205783,215,VIDP,,0.0,22000,2000,25.0,19.4,1007.3,0,0,0,0,0
2024-05-14T00:00:00,28.584511,77.205783,215,VIDP,,0.0,22000,2000,24.4,20.1,1008.1,0,0,0,0,0
2024-05-14T03:00:00,28.584511,77.205783,215,VIDP,,0.0,22000,2000,29.6,19.5,1009.3,0,0,0,0,0
2024-05-14T06:00:00,28.584511,77.205783,215,VIDP,200,2.6,,4000,39.0,14.0,1008.5,0,0,0,0,0
2024-05-14T09:00:00,28.584511,77.205783,215,VIDP,320,1.5,,4000,40.2,13.6,1006.0,0,0,0,0,0
2024-05-14T12:00:00,28.584511,77.205783,215,VIDP,250,3.1,,4000,39.0,14.5,1003.8,0,0,0,0,0
2024-05-14T15:00:00,28.584511,77.205783,215,VIDP,250,1.5,,4000,32.4,17.0,1005.6,0,0,0,0,0
2024-05-14T18:00:00,28.584511,77.205783,215,VIDP,,0.0,,4000,27.4,16.0,1006.9,0,0,0,0,0
2024-05-14T21:00:00,28.584511,77.205783,215,VIDP,140,1.5,,4000,25.2,16.8,1007.0,0,0,0,0,0
2024-05-15T00:00:00,28.584511,77.205783,215,VIDP,,0.0,,4000,23.8,17.7,1007.7,0,0,0,0,0
2024-05-15T03:00:00,28.584511,77.205783,215,VIDP,,0.0,,4000,29.8,17.9,1009.1,0,0,0,0,0
2024-05-15T06:00:00,28.584511,77.205783,215,VIDP,,0.0,,4000,39.6,14.5,1007.8,0,0,0,0,0
2024-05-15T09:00:00,28.584511,77.205783,215,VIDP,230,2.1,,4000,40.8,10.9,1005.7,0,0,0,0,0
2024-05-15T12:00:00,28.584511,77.205783,215,VIDP,360,1.5,,4000,39.0,17.2,1004.4,0,0,0,0,0
2024-05-15T15:00:00,28.584511,77.205783,215,VIDP,,0.0,,4000,31.4,19.6,1006.8,0,0,0,0,0
2024-05-15T18:00:00,28.584511,77.205783,215,VIDP,,0.0,,4000,27.8,19.9,1007.7,0,0,0,0,0
2024-05-15T21:00:00,28.584511,77.205783,215,VIDP,,0.0,,2000,26.6,19.5,1007.4,0,0,0,0,0
2024-05-16T00:00:00,28.584511,77.205783,215,VIDP,,0.0,,2000,26.2,17.3,1008.3,0,0,0,0,0
2024-05-16T03:00:00,28.584511,77.205783,215,VIDP,50,1.5,,4000,30.2,19.5,1009.2,0,0,0,0,0
2024-05-16T06:00:00,28.584511,77.205783,215,VIDP,50,1.5,,4000,38.6,19.1,1007.8,0,0,0,0,0
2024-05-16T09:00:00,28.584511,77.205783,215,VIDP,50,1.0,,4000,41.4,17.4,1004.2,0,0,0,0,0
2024-05-16T12:00:00,28.584511,77.205783,215,VIDP,20,2.1,,4000,40.2,20.2,1002.1,0,0,0,0,0
2024-05-16T15:00:00,28.584511,77.205783,215,VIDP,,0.0,,4000,33.2,22.1,1003.5,0,0,0,0,0
2024-05-16T18:00:00,28.584511,77.205783,215,VIDP,,0.0,,4000,29.6,20.6,1004.2,0,0,0,0,0
2024-05-16T21:00:00,28.584511,77.205783,215,VIDP,,0.0,,4000,28.0,21.1,1003.7,0,0,0,0,0
2024-05-17T00:00:00,28.584511,77.205783,215,VIDP,,0.0,,4000,25.6,17.3,1004.7,0,0,0,0,0
2024-05-17T03:00:00,28.584511,77.205783,215,VIDP,,0.0,,4000,32.0,20.6,1005.3,0,0,0,0,0
2024-05-17T06:00:00,28.584511,77.205783,215,VIDP,230,2.1,,4000,42.4,15.8,1003.6,0,0,0,0,0
2024-05-17T09:00:00,28.584511,77.205783,215,VIDP,320,1.0,,4000,43.4,19.1,1000.6,0,0,0,0,0
2024-05-17T12:00:00,28.584511,77.205783,215,VIDP,250,1.0,,4000,42.4,15.3,998.6,0,0,0,0,0
2024-05-17T15:00:00,28.584511,77.205783,215,VIDP,,0.0,,4000,33.4,21.6,1000.6,0,0,0,0,0
2024-05-17T18:00:00,28.584511,77.205783,215,VIDP,,0.0,,4000,31.2,19.7,1001.9,0,0,0,0,0
2024-05-17T21:00:00,28.584511,77.205783,215,VIDP,,0.0,22000,4000,29.0,20.6,1001.8,0,0,0,0,0
2024-05-18T00:00:00,28.584511,77.205783,215,VIDP,,0.0,,2000,27.2,21.2,1002.0,0,0,0,0,0
2024-05-18T03:00:00,28.584511,77.205783,215,VIDP,230,1.5,,2000,33.6,17.8,1002.4,0,0,0,0,0
2024-05-18T06:00:00,28.584511,77.205783,215,VIDP,250,2.6,,4000,41.2,18.4,1001.0,0,0,0,0,0
2024-05-18T09:00:00,28.584511,77.205783,215,VIDP,230,1.5,,4000,43.6,14.4,997.9,0,0,0,0,0
2024-05-18T12:00:00,28.584511,77.205783,215,VIDP,270,3.1,22000,4000,41.4,16.0,997.9,0,0,0,0,0
2024-05-18T15:00:00,28.584511,77.205783,215,VIDP,,0.0,,4000,35.6,20.5,997.7,0,0,0,0,0
2024-05-18T18:00:00,28.584511,77.205783,215,VIDP,,0.0,,4000,30.8,20.6,999.2,0,0,0,0,0
2024-05-18T21:00:00,28.584511,77.205783,215,VIDP,,0.0,,4000,31.0,19.8,998.7,0,0,0,0,0
2024-05-19T00:00:00,28.584511,77.205783,215,VIDP,,0.0,,2000,28.4,19.2,999.4,0,0,0,0,0
2024-05-19T03:00:00,28.584511,77.205783,215,VIDP,,0.0,,4000,33.8,20.4,1000.6,0,0,0,0,0
2024-05-19T06:00:00,28.584511,77.205783,215,VIDP,290,2.1,,4000,41.6,17.3,999.8,0,0,0,0,0
2024-05-19T09:00:00,28.584511,77.205783,215,VIDP,250,3.1,22000,4000,44.0,13.6,996.9,0,0,0,0,0
2024-05-19T12:00:00,28.584511,77.205783,215,VIDP,250,3.1,22000,4000,43.6,11.7,994.4,0,0,0,0,0
2024-05-19T15:00:00,28.584511,77.205783,215,VIDP,,0.0,,4000,37.0,20.1,996.5,0,0,0,0,0
2024-05-19T18:00:00,28.584511,77.205783,215,VIDP,250,2.6,22000,4000,35.0,16.9,998.4,0,0,0,0,0
2024-05-19T21:00:00,28.584511,77.205783,215,VIDP,,0.0,,2000,32.6,17.7,998.3,0,0,0,0,0
2024-05-20T00:00:00,28.584511,77.205783,215,VIDP,,0.0,22000,2000,29.4,17.8,999.9,0,0,0,0,0
2024-05-20T03:00:00,28.584511,77.205783,215,VIDP,,0.0,22000,2000,34.0,19.5,1001.6,0,0,0,0,0
2024-05-20T06:00:00,28.584511,77.205783,215,VIDP,250,3.1,22000,4000,41.6,17.3,1000.9,0,0,0,0,0
2024-05-20T09:00:00,28.584511,77.205783,215,VIDP,290,3.1,22000,4000,43.6,15.9,998.1,0,0,0,0,0
2024-05-20T12:00:00,28.584511,77.205783,215,VIDP,270,4.1,22000,4000,42.6,17.5,996.0,0,0,0,0,0
2024-05-20T15:00:00,28.584511,77.205783,215,VIDP,,0.0,,4000,35.8,21.1,998.5,0,0,0,0,0
2024-05-20T18:00:00,28.584511,77.205783,215,VIDP,,0.0,,4000,32.4,21.5,1000.2,0,0,0,0,0
2024-05-20T21:00:00,28.584511,77.205783,215,VIDP,,0.0,22000,4000,31.4,22.0,999.9,0,0,0,0,0
2024-05-21T00:00:00,28.584511,77.205783,215,VIDP,,0.0,22000,4000,31.2,22.8,1000.9,0,0,0,0,0
2024-05-21T03:00:00,28.584511,77.205783,215,VIDP,70,2.6,,4000,31.4,23.3,1002.9,0,0,0,0,0
2024-05-21T06:00:00,28.584511,77.205783,215,VIDP,50,2.6,,4000,37.4,23.1,1002.2,0,0,0,0,0
2024-05-21T09:00:00,28.584511,77.205783,215,VIDP,50,1.5,,4000,40.6,23.0,999.7,0,0,0,0,0
2024-05-21T12:00:00,28.584511,77.205783,215,VIDP,90,1.0,,4000,41.2,22.3,997.9,0,0,0,0,0
2024-05-21T15:00:00,28.584511,77.205783,215,VIDP,70,1.5,,4000,35.2,23.1,999.3,0,0,0,0,0
2024-05-21T18:00:00,28.584511,77.205783,215,VIDP,70,2.6,,4000,33.2,23.4,1000.9,0,0,0,0,0
2024-05-21T21:00:00,28.584511,77.205783,215,VIDP,90,1.5,,4000,32.2,23.2,1000.8,0,0,0,0,0
2024-05-22T00:00:00,28.584511,77.205783,215,VIDP,70,2.1,22000,2000,31.2,23.1,1002.1,0,0,0,0,0
2024-05-22T03:00:00,28.584511,77.205783,215,VIDP,90,2.6,,2000,33.0,23.8,1003.2,0,0,0,0,0
2024-05-22T06:00:00,28.584511,77.205783,215,VIDP,90,2.1,,4000,38.8,24.8,1002.1,0,0,0,0,0
2024-05-22T09:00:00,28.584511,77.205783,215,VIDP,70,2.6,,4000,42.0,24.4,999.3,0,0,0,0,0
2024-05-22T12:00:00,28.584511,77.205783,215,VIDP,70,3.1,,4000,42.0,24.4,997.4,0,0,0,0,0
2024-05-22T15:00:00,28.584511,77.205783,215,VIDP,70,2.1,,4000,35.8,24.5,998.8,0,0,0,0,0
2024-05-22T18:00:00,28.584511,77.205783,215,VIDP,50,3.1,,4000,33.8,23.8,1000.3,0,0,0,0,0
2024-05-22T21:00:00,28.584511,77.205783,215,VIDP,70,2.6,22000,4000,32.2,22.6,1000.5,0,0,0,0,0
2024-05-23T00:00:00,28.584511,77.205783,215,VIDP,90,2.1,22000,4000,30.8,22.6,1001.5,0,0,0,0,0
2024-05-23T03:00:00,28.584511,77.205783,215,VIDP,70,3.1,,4000,32.0,23.3,1002.8,0,0,0,0,0
2024-05-23T06:00:00,28.584511,77.205783,215,VIDP,50,3.1,,4000,38.4,24.7,1001.7,0,0,0,0,0
2024-05-23T09:00:00,28.584511,77.205783,215,VIDP,70,3.1,,4000,40.0,23.6,999.3,0,0,0,0,0
2024-05-23T12:00:00,28.584511,77.205783,215,VIDP,70,3.1,,4000,40.0,24.6,997.5,0,0,0,0,0
2024-05-23T15:00:00,28.584511,77.205783,215,VIDP,70,2.1,,4000,35.4,23.4,999.1,0,0,0,0,0
2024-05-23T18:00:00,28.584511,77.205783,215,VIDP,70,2.1,22000,2000,33.6,23.2,999.8,0,0,0,0,0
2024-05-23T21:00:00,28.584511,77.205783,215,VIDP,90,2.6,,2000,32.4,23.2,999.6,0,0,0,0,0
2024-05-24T00:00:00,28.584511,77.205783,215,VIDP,90,2.6,,2000,31.0,23.2,1001.2,0,0,0,0,0
2024-05-24T03:00:00,28.584511,77.205783,215,VIDP,90,2.1,,2000,32.8,24.3,1002.7,0,0,0,0,0
2024-05-24T06:00:00,28.584511,77.205783,215,VIDP,90,2.1,,4000,38.6,23.2,1002.1,0,0,0,0,0
2024-05-24T09:00:00,28.584511,77.205783,215,VIDP,90,1.5,,4000,40.8,23.2,999.0,0,0,0,0,0
2024-05-24T12:00:00,28.584511,77.205783,215,VIDP,20,1.5,,4000,39.4,23.9,997.2,0,0,0,0,0
2024-05-24T15:00:00,28.584511,77.205783,215,VIDP,70,2.1,,4000,35.2,23.5,998.1,0,0,0,0,0
2024-05-24T18:00:00,28.584511,77.205783,215,VIDP,70,1.5,,4000,32.0,21.7,999.6,0,0,0,0,0
2024-05-24T21:00:00,28.584511,77.205783,215,VIDP,70,1.5,,4000,30.8,21.3,999.3,0,0,0,0,0
2024-05-25T00:00:00,28.584511,77.205783,215,VIDP,,0.0,,4000,30.6,23.0,999.6,0,0,0,0,0
2024-05-25T03:00:00,28.584511,77.205783,215,VIDP,,0.0,,4000,34.2,23.6,1000.2,0,0,0,0,0
2024-05-25T06:00:00,28.584511,77.205783,215,VIDP,140,1.0,,4000,41.2,24.1,999.0,0,0,0,0,0
2024-05-25T09:00:00,28.584511,77.205783,215,VIDP,270,2.1,22000,4000,42.8,22.2,996.1,0,0,0,0,0
2024-05-25T12:00:00,28.584511,77.205783,215,VIDP,340,2.6,,4000,42.4,18.9,994.3,0,0,0,0,0
2024-05-25T15:00:00,28.584511,77.205783,215,VIDP,,0.0,,4000,35.6,20.8,996.4,0,0,0,0,0
2024-05-25T18:00:00,28.584511,77.205783,215,VIDP,,0.0,,4000,31.4,19.6,997.8,0,0,0,0,0
2024-05-25T21:00:00,28.584511,77.205783,215,VIDP,,0.0,,4000,29.0,19.5,997.6,0,0,0,0,0
2024-05-26T00:00:00,28.584511,77.205783,215,VIDP,,0.0,,2000,27.4,20.4,998.4,0,0,0,0,0
2024-05-26T03:00:00,28.584511,77.205783,215,VIDP,270,1.0,,2000,34.6,18.4,998.5,0,0,0,0,0
2024-05-26T06:00:00,28.584511,77.205783,215,VIDP,340,1.5,,4000,43.2,16.1,997.4,0,0,0,0,0
2024-05-26T09:00:00,28.584511,77.205783,215,VIDP,50,2.6,,4000,44.4,17.2,994.9,0,0,0,0,0
2024-05-26T12:00:00,28.584511,77.205783,215,VIDP,50,1.5,,4000,43.0,20.2,992.3,0,0,0,0,0
2024-05-26T15:00:00,28.584511,77.205783,215,VIDP,,0.0,,4000,36.2,24.3,993.8,0,0,0,0,0
2024-05-26T18:00:00,28.584511,77.205783,215,VIDP,,0.0,,4000,32.2,23.6,994.3,0,0,0,0,0
2024-05-27T00:00:00,28.584511,77.205783,215,VIDP,,0.0,,2000,29.4,21.7,994.9,0,0,0,0,0
2024-05-27T03:00:00,28.584511,77.205783,215,VIDP,,0.0,,4000,33.8,21.1,995.3,0,0,0,0,0
2024-05-27T06:00:00,28.584511,77.205783,215,VIDP,250,3.1,,4000,42.8,16.9,994.3,0,0,0,0,0
2024-05-27T09:00:00,28.584511,77.205783,215,VIDP,340,2.1,,4000,44.6,15.7,991.6,0,0,0,0,0
2024-05-27T12:00:00,28.584511,77.205783,215,VIDP,,1.0,,4000,43.4,18.7,990.4,0,0,0,0,0
2024-05-27T15:00:00,28.584511,77.205783,215,VIDP,,0.0,,4000,35.2,22.5,991.8,0,0,0,0,0
2024-05-27T18:00:00,28.584511,77.205783,215,VIDP,,0.0,,4000,32.0,23.0,992.8,0,0,0,0,0
2024-05-27T21:00:00,28.584511,77.205783,215,VIDP,,0.0,,2000,30.8,22.9,992.0,0,0,0,0,0
2024-05-28T00:00:00,28.584511,77.205783,215,VIDP,,0.0,,2000,27.6,21.6,992.6,0,0,0,0,0
2024-05-28T03:00:00,28.584511,77.205783,215,VIDP,230,1.5,,4000,35.4,20.9,992.9,0,0,0,0,0
2024-05-28T06:00:00,28.584511,77.205783,215,VIDP,290,1.5,,4000,43.8,12.1,992.3,0,0,0,0,0
2024-05-28T09:00:00,28.584511,77.205783,215,VIDP,20,2.1,,4000,45.4,15.1,990.5,0,0,0,0,0
2024-05-28T12:00:00,28.584511,77.205783,215,VIDP,340,1.0,,4000,44.8,14.0,988.8,0,0,0,0,0
2024-05-28T15:00:00,28.584511,77.205783,215,VIDP,,0.0,,4000,35.4,20.9,990.6,0,0,0,0,0
2024-05-28T18:00:00,28.584511,77.205783,215,VIDP,,0.0,,4000,33.0,20.4,992.2,0,0,0,0,0
2024-05-28T21:00:00,28.584511,77.205783,215,VIDP,,0.0,,4000,31.0,21.2,992.1,0,0,0,0,0
2024-05-29T00:00:00,28.584511,77.205783,215,VIDP,,0.0,,4000,29.6,22.2,992.5,0,0,0,0,0
2024-05-29T03:00:00,28.584511,77.205783,215,VIDP,230,4.1,,4000,36.0,21.3,993.5,0,0,0,0,0
2024-05-29T06:00:00,28.584511,77.205783,215,VIDP,230,2.6,,4000,42.2,19.8,1000.6,0,0,0,0,0
2024-05-29T09:00:00,28.584511,77.205783,215,VIDP,290,2.1,,4000,45.8,19.0,991.6,0,0,0,0,0
2024-05-29T12:00:00,28.584511,77.205783,215,VIDP,70,7.2,3000,2000,41.4,20.3,991.2,0,0,0,0,0
2024-05-29T15:00:00,28.584511,77.205783,215,VIDP,110,1.5,,2000,34.0,21.0,993.7,0,0,0,0,0
2024-05-29T18:00:00,28.584511,77.205783,215,VIDP,,1.0,,2000,33.4,20.6,994.4,0,0,0,0,0
2024-05-29T21:00:00,28.584511,77.205783,215,VIDP,,1.0,22000,2000,33.8,20.0,993.7,0,0,0,0,0
2024-05-30T00:00:00,28.584511,77.205783,215,VIDP,,0.0,,2000,30.8,22.0,995.6,0,0,0,0,0
2024-05-30T03:00:00,28.584511,77.205783,215,VIDP,250,5.7,,4000,36.0,18.7,997.9,0,0,0,0,0
2024-05-30T06:00:00,28.584511,77.205783,215,VIDP,270,3.1,22000,4000,41.8,15.8,997.9,0,0,0,0,0
2024-05-30T09:00:00,28.584511,77.205783,215,VIDP,70,2.1,,4000,44.8,16.0,995.2,0,0,0,0,0
2024-05-30T12:00:00,28.584511,77.205783,215,VIDP,270,3.1,,4000,44.6,10.2,994.0,0,0,0,0,0
2024-05-30T15:00:00,28.584511,77.205783,215,VIDP,140,2.6,,4000,36.8,19.0,997.0,0,0,0,0,0
2024-05-30T18:00:00,28.584511,77.205783,215,VIDP,200,2.6,22000,4000,34.8,17.9,997.5,0,0,0,0,0
2024-05-30T21:00:00,28.584511,77.205783,215,VIDP,140,1.5,22000,4000,33.2,19.2,996.5,0,0,0,0,0
2024-05-31T00:00:00,28.584511,77.205783,215,VIDP,,0.0,,2000,29.2,20.4,998.1,0,0,0,0,0
2024-05-31T03:00:00,28.584511,77.205783,215,VIDP,230,3.1,,4000,35.0,18.5,998.4,0,0,0,0,0
2024-05-31T06:00:00,28.584511,77.205783,215,VIDP,270,4.1,,4000,42.2,15.5,998.7,0,0,0,0,0
2024-05-31T09:00:00,28.584511,77.205783,215,VIDP,270,2.6,,4000,45.4,10.7,995.9,0,0,0,0,0
2024-05-31T12:00:00,28.584511,77.205783,215,VIDP,20,1.5,,4000,43.0,17.7,995.3,0,0,0,0,0
2024-05-31T15:00:00,28.584511,77.205783,215,VIDP,,0.0,,4000,35.4,22.7,997.0,0,0,0,0,0
2024-05-31T18:00:00,28.584511,77.205783,215,VIDP,,0.0,,4000,33.4,22.0,997.8,0,0,0,0,0
2024-05-31T21:00:00,28.584511,77.205783,215,VIDP,,0.0,,2000,32.0,21.7,997.4,0,0,0,0,0
2024-06-01T00:00:00,28.584511,77.205783,215,VIDP,,0.0,22000,2000,31.6,19.1,998.6,0,0,0,0,0
2024-06-01T03:00:00,28.584511,77.205783,215,VIDP,250,4.6,22000,2000,37.6,15.6,1000.3,0,0,0,0,0
2024-06-01T06:00:00,28.584511,77.205783,215,VIDP,250,4.6,3000,4000,41.4,16.0,1000.3,0,0,0,0,0
2024-06-01T09:00:00,28.584511,77.205783,215,VIDP,250,2.6,,4000,44.0,17.9,997.8,0,0,0,0,0
2024-06-01T12:00:00,28.584511,77.205783,215,VIDP,,0.0,1200,4000,38.8,16.9,998.1,0,0,0,0,0
2024-06-01T15:00:00,28.584511,77.205783,215,VIDP,250,3.1,1200,4000,34.0,18.8,1000.6,0,0,0,0,0
2024-06-01T18:00:00,28.584511,77.205783,215,VIDP,230,5.1,1200,4000,31.2,20.4,1001.6,0,0,0,0,0
2024-06-01T21:00:00,28.584511,77.205783,215,VIDP,230,3.1,1200,4000,30.4,20.8,1000.1,0,0,0,0,0
2024-06-02T00:00:00,28.584511,77.205783,215,VIDP,,0.0,3000,4000,30.4,20.8,1000.9,0,0,0,0,0
2024-06-02T03:00:00,28.584511,77.205783,215,VIDP,,0.0,,4000,34.4,20.4,1002.8,0,0,0,0,0
2024-06-02T06:00:00,28.584511,77.205783,215,VIDP,250,2.1,22000,4000,40.4,18.3,1002.4,0,0,0,0,0
2024-06-02T09:00:00,28.584511,77.205783,215,VIDP,290,2.1,,4000,42.0,17.4,1000.1,0,0,0,0,0
2024-06-02T12:00:00,28.584511,77.205783,215,VIDP,320,2.1,,4000,41.6,20.2,998.0,0,0,0,0,0
2024-06-02T15:00:00,28.584511,77.205783,215,VIDP,200,4.6,,4000,37.2,18.4,999.6,0,0,0,0,0
2024-06-02T18:00:00,28.584511,77.205783,215,VIDP,230,4.1,22000,4000,35.0,18.9,1000.7,0,0,0,0,0
2024-06-02T21:00:00,28.584511,77.205783,215,VIDP,230,5.1,,4000,33.0,19.4,999.6,0,0,0,0,0
2024-06-03T00:00:00,28.584511,77.205783,215,VIDP,,1.0,,2000,30.8,20.6,1000.9,0,0,0,0,0
2024-06-03T03:00:00,28.584511,77.205783,215,VIDP,250,4.1,,4000,34.4,18.5,1002.1,0,0,0,0,0
2024-06-03T06:00:00,28.584511,77.205783,215,VIDP,230,2.1,,4000,40.0,20.7,1001.6,0,0,0,0,0
2024-06-03T09:00:00,28.584511,77.205783,215,VIDP,230,4.1,22000,4000,43.8,15.3,998.6,0,0,0,0,0
2024-06-03T12:00:00,28.584511,77.205783,215,VIDP,230,4.1,22000,4000,43.2,15.2,996.0,0,0,0,0,0
2024-06-03T15:00:00,28.584511,77.205783,215,VIDP,,0.0,,4000,36.2,21.2,997.6,0,0,0,0,0
2024-06-03T18:00:00,28.584511,77.205783,215,VIDP,,0.0,,4000,32.8,20.9,998.8,0,0,0,0,0
2024-06-04T00:00:00,28.584511,77.205783,215,VIDP,90,1.0,,2000,30.8,20.6,999.7,0,0,0,0,0
2024-06-04T03:00:00,28.584511,77.205783,215,VIDP,200,3.1,22000,4000,34.6,20.3,1001.4,0,0,0,0,0
2024-06-04T06:00:00,28.584511,77.205783,215,VIDP,50,1.5,3000,4000,38.0,22.5,1001.7,0,0,0,0,0
2024-06-04T09:00:00,28.584511,77.205783,215,VIDP,230,3.1,22000,4000,43.0,19.4,998.9,0,0,0,0,0
2024-06-04T12:00:00,28.584511,77.205783,215,VIDP,,1.0,,4000,40.0,20.7,997.5,0,0,0,0,0
2024-06-04T15:00:00,28.584511,77.205783,215,VIDP,,0.0,22000,4000,36.2,24.0,998.0,0,0,0,0,0
2024-06-04T18:00:00,28.584511,77.205783,215,VIDP,,0.0,22000,2000,34.0,21.7,999.5,0,0,0,0,0
2024-06-04T21:00:00,28.584511,77.205783,215,VIDP,,0.0,22000,2000,32.4,21.1,999.0,0,0,0,0,0
2024-06-05T00:00:00,28.584511,77.205783,215,VIDP,230,2.6,22000,2000,31.4,19.2,1000.9,0,0,0,0,0
2024-06-05T03:00:00,28.584511,77.205783,215,VIDP,230,5.7,,4000,35.6,16.9,1001.6,0,0,0,0,0
2024-06-05T06:00:00,28.584511,77.205783,215,VIDP,250,5.1,,4000,40.6,17.5,1001.6,0,0,0,0,0
2024-06-05T09:00:00,28.584511,77.205783,215,VIDP,250,4.1,,4000,43.4,16.5,998.9,0,0,0,0,0
2024-06-05T12:00:00,28.584511,77.205783,215,VIDP,230,4.1,22000,4000,42.8,16.9,996.7,0,0,0,0,0
2024-06-05T15:00:00,28.584511,77.205783,215,VIDP,,0.0,3000,4000,38.0,23.8,998.9,0,0,0,0,0
2024-06-05T18:00:00,28.584511,77.205783,215,VIDP,50,4.1,3000,4000,30.0,22.7,1002.4,0,0,0,0,0
2024-06-05T21:00:00,28.584511,77.205783,215,VIDP,70,3.1,,4000,28.0,23.0,999.5,0,0,0,0,0
2024-06-06T00:00:00,28.584511,77.205783,215,VIDP,180,2.6,22000,4000,25.8,20.6,1004.0,0,0,0,0,0
2024-06-06T03:00:00,28.584511,77.205783,215,VIDP,230,4.1,,4000,30.2,20.6,1008.2,0,0,0,0,0
2024-06-06T06:00:00,28.584511,77.205783,215,VIDP,,0.0,,4000,37.2,18.8,1004.8,0,0,0,0,0
2024-06-06T09:00:00,28.584511,77.205783,215,VIDP,20,3.1,,4000,40.6,20.3,1002.3,0,0,0,0,0
2024-06-06T12:00:00,28.584511,77.205783,215,VIDP,20,1.5,,4000,38.4,21.9,1000.6,0,0,0,0,0
2024-06-06T15:00:00,28.584511,77.205783,215,VIDP,,0.0,,4000,33.8,24.1,1001.3,0,0,0,0,0
2024-06-06T18:00:00,28.584511,77.205783,215,VIDP,250,7.7,22000,1000,31.5,17.7,1004.4,0,0,0,0,0
2024-06-06T21:00:00,28.584511,77.205783,215,VIDP,200,1.5,22000,4000,29.6,18.4,1002.0,0,0,0,0,0
2024-06-07T00:00:00,28.584511,77.205783,215,VIDP,,0.0,22000,2000,28.6,18.7,1002.8,0,0,0,0,0
2024-06-07T03:00:00,28.584511,77.205783,215,VIDP,230,3.6,22000,2000,32.0,18.8,1003.2,0,0,0,0,0
2024-06-07T06:00:00,28.584511,77.205783,215,VIDP,230,2.6,,4000,39.4,18.2,1001.9,0,0,0,0,0
2024-06-07T09:00:00,28.584511,77.205783,215,VIDP,230,4.1,,4000,41.6,17.7,999.4,0,0,0,0,0
2024-06-07T12:00:00,28.584511,77.205783,215,VIDP,270,2.1,22000,4000,41.0,17.2,997.3,0,0,0,0,0
2024-06-07T15:00:00,28.584511,77.205783,215,VIDP,230,2.1,,4000,36.8,19.0,998.8,0,0,0,0,0
2024-06-07T18:00:00,28.584511,77.205783,215,VIDP,230,2.6,22000,4000,35.0,18.5,1000.0,0,0,0,0,0
2024-06-07T21:00:00,28.584511,77.205783,215,VIDP,230,1.5,22000,4000,32.0,18.8,999.0,0,0,0,0,0
2024-06-08T00:00:00,28.584511,77.205783,215,VIDP,250,2.6,22000,2000,30.4,19.1,1000.5,0,0,0,0,0
2024-06-08T03:00:00,28.584511,77.205783,215,VIDP,230,5.1,22000,4000,34.0,19.1,1002.1,0,0,0,0,0
2024-06-08T06:00:00,28.584511,77.205783,215,VIDP,270,3.1,3000,4000,38.4,18.9,1001.3,0,0,0,0,0
2024-06-08T07:30:00,28.584511,77.205783,215,VIDP,290,2.1,3048,4500,40.0,18.0,,0,1,0,0,0
2024-06-08T09:00:00,28.584511,77.205783,215,VIDP,270,2.1,,4000,41.0,17.2,998.8,0,0,0,0,0
2024-06-08T12:00:00,28.584511,77.205783,215,VIDP,250,2.6,,4000,40.0,16.1,997.3,0,0,0,0,0
2024-06-08T15:00:00,28.584511,77.205783,215,VIDP,,0.0,,4000,35.2,19.6,998.4,0,0,0,0,0
2024-06-08T18:00:00,28.584511,77.205783,215,VIDP,270,1.5,,4000,33.4,16.8,999.7,0,0,0,0,0
2024-06-08T21:00:00,28.584511,77.205783,215,VIDP,230,1.5,,4000,32.0,16.9,999.6,0,0,0,0,0
2024-06-09T00:00:00,28.584511,77.205783,215,VIDP,,0.0,22000,2000,27.8,19.5,1000.8,0,0,0,0,0
2024-06-09T03:00:00,28.584511,77.205783,215,VIDP,290,2.6,22000,4000,33.4,18.0,1001.7,0,0,0,0,0
2024-06-09T06:00:00,28.584511,77.205783,215,VIDP,270,3.1,,4000,38.8,15.6,1000.9,0,0,0,0,0
2024-06-09T09:00:00,28.584511,77.205783,215,VIDP,320,2.6,,4000,41.6,11.9,997.9,0,0,0,0,0
2024-06-09T12:00:00,28.584511,77.205783,215,VIDP,250,2.6,,4000,41.4,10.9,996.6,0,0,0,0,0
2024-06-09T15:00:00,28.584511,77.205783,215,VIDP,,0.0,,4000,34.2,18.3,998.2,0,0,0,0,0
2024-06-09T18:00:00,28.584511,77.205783,215,VIDP,250,1.5,,4000,30.2,17.7,999.8,0,0,0,0,0
2024-06-09T21:00:00,28.584511,77.205783,215,VIDP,230,1.5,,2000,29.8,17.9,1000.0,0,0,0,0,0
2024-06-10T00:00:00,28.584511,77.205783,215,VIDP,290,2.6,,2000,30.6,17.0,1000.2,0,0,0,0,0
2024-06-10T03:00:00,28.584511,77.205783,215,VIDP,,0.0,,4000,35.0,18.1,1000.9,0,0,0,0,0
2024-06-10T06:00:00,28.584511,77.205783,215,VIDP,270,1.5,,4000,41.4,14.6,1000.0,0,0,0,0,0
2024-06-10T09:00:00,28.584511,77.205783,215,VIDP,270,4.1,,4000,43.2,14.2,998.1,0,0,0,0,0
2024-06-10T12:00:00,28.584511,77.205783,215,VIDP,270,3.1,22000,4000,42.0,14.6,997.1,0,0,0,0,0
2024-06-10T15:00:00,28.584511,77.205783,215,VIDP,,0.0,22000,4000,36.6,19.5,998.5,0,0,0,0,0
2024-06-10T18:00:00,28.584511,77.205783,215,VIDP,,0.0,22000,4000,31.8,20.8,999.6,0,0,0,0,0
2024-06-10T21:00:00,28.584511,77.205783,215,VIDP,,0.0,22000,4000,29.4,20.3,999.1,0,0,0,0,0
2024-06-11T00:00:00,28.584511,77.205783,215,VIDP,,0.0,22000,2000,28.6,19.4,1000.2,0,0,0,0,0
2024-06-11T03:00:00,28.584511,77.205783,215,VIDP,200,1.5,22000,2000,34.4,17.7,1000.9,0,0,0,0,0
2024-06-11T06:00:00,28.584511,77.205783,215,VIDP,250,3.6,22000,4000,41.0,17.2,999.8,0,0,0,0,0
2024-06-11T09:00:00,28.584511,77.205783,215,VIDP,250,2.6,3000,4000,42.2,16.4,997.8,0,0,0,0,0
2024-06-11T12:00:00,28.584511,77.205783,215,VIDP,250,3.1,22000,4000,42.0,15.6,996.1,0,0,0,0,0
2024-06-11T15:00:00,28.584511,77.205783,215,VIDP,,0.0,,4000,35.2,19.2,997.2,0,0,0,0,0
2024-06-11T18:00:00,28.584511,77.205783,215,VIDP,,0.0,,4000,30.6,19.7,998.7,0,0,0,0,0
2024-06-11T21:00:00,28.584511,77.205783,215,VIDP,,0.0,,4000,29.4,20.3,998.6,0,0,0,0,0
2024-06-12T00:00:00,28.584511,77.205783,215,VIDP,230,1.5,22000,4000,29.6,18.8,999.8,0,0,0,0,0
2024-06-12T03:00:00,28.584511,77.205783,215,VIDP,230,4.1,22000,4000,34.6,14.2,1001.2,0,0,0,0,0
2024-06-12T06:00:00,28.584511,77.205783,215,VIDP,250,2.1,,4000,40.8,,1000.2,0,0,0,0,0
2024-06-12T09:00:00,28.584511,77.205783,215,VIDP,230,3.1,,4000,44.0,14.1,997.6,0,0,0,0,0
2024-06-12T12:00:00,28.584511,77.205783,215,VIDP,230,4.1,22000,4000,43.2,14.2,995.4,0,0,0,0,0
2024-06-12T15:00:00,28.584511,77.205783,215,VIDP,,0.0,,4000,36.2,20.5,996.5,0,0,0,0,0
2024-06-12T18:00:00,28.584511,77.205783,215,VIDP,,0.0,,4000,31.6,20.5,998.0,0,0,0,0,0
2024-06-12T21:00:00,28.584511,77.205783,215,VIDP,230,4.1,3000,2000,29.6,20.6,998.1,0,0,0,0,0
2024-06-13T00:00:00,28.584511,77.205783,215,VIDP,230,4.6,22000,2000,31.2,18.6,999.0,0,0,0,0,0
2024-06-13T03:00:00,28.584511,77.205783,215,VIDP,230,4.1,,4000,36.4,19.3,999.5,0,0,0,0,0
2024-06-13T06:00:00,28.584511,77.205783,215,VIDP,250,3.1,,4000,42.0,17.9,998.4,0,0,0,0,0
2024-06-13T09:00:00,28.584511,77.205783,215,VIDP,270,4.1,22000,4000,44.2,12.3,995.7,0,0,0,0,0
2024-06-13T12:00:00,28.584511,77.205783,215,VIDP,290,2.1,22000,4000,43.8,14.8,993.8,0,0,0,0,0
2024-06-13T15:00:00,28.584511,77.205783,215,VIDP,230,3.6,22000,4000,39.0,15.4,995.2,0,0,0,0,0
2024-06-13T18:00:00,28.584511,77.205783,215,VIDP,230,4.6,22000,4000,37.0,17.3,996.9,0,0,0,0,0
2024-06-13T21:00:00,28.584511,77.205783,215,VIDP,230,3.6,22000,2000,35.6,17.4,997.1,0,0,0,0,0
2024-06-14T00:00:00,28.584511,77.205783,215,VIDP,200,4.6,,2000,34.0,18.4,997.7,0,0,0,0,0
2024-06-14T03:00:00,28.584511,77.205783,215,VIDP,270,7.2,22000,4000,37.6,18.1,997.3,0,0,0,0,0
2024-06-14T06:00:00,28.584511,77.205783,215,VIDP,250,5.1,,4000,41.4,18.7,997.4,0,0,0,0,0
2024-06-14T09:00:00,28.584511,77.205783,215,VIDP,270,3.1,3000,4000,43.6,19.0,995.5,0,0,0,0,0
2024-06-14T12:00:00,28.584511,77.205783,215,VIDP,250,5.1,3000,4000,42.8,17.8,993.8,0,0,0,0,0
2024-06-14T15:00:00,28.584511,77.205783,215,VIDP,230,6.2,3000,2000,35.2,19.6,996.9,0,0,0,0,0
2024-06-14T18:00:00,28.584511,77.205783,215,VIDP,200,2.6,3000,2000,34.6,19.9,997.9,0,0,0,0,0
2024-06-15T00:00:00,28.584511,77.205783,215,VIDP,230,5.1,22000,4000,33.2,18.9,997.9,0,0,0,0,0
2024-06-15T03:00:00,28.584511,77.205783,215,VIDP,230,5.1,22000,4000,35.6,19.0,998.8,0,0,0,0,0
2024-06-15T06:00:00,28.584511,77.205783,215,VIDP,230,6.7,,4000,41.2,19.2,997.6,0,0,0,0,0
2024-06-15T09:00:00,28.584511,77.205783,215,VIDP,250,4.1,,4000,44.0,17.9,995.4,0,0,0,0,0
2024-06-15T12:00:00,28.584511,77.205783,215,VIDP,250,4.1,,4000,43.4,17.0,993.9,0,0,0,0,0
2024-06-15T15:00:00,28.584511,77.205783,215,VIDP,,0.0,,4000,39.0,20.5,994.9,0,0,0,0,0
2024-06-15T18:00:00,28.584511,77.205783,215,VIDP,230,1.5,,4000,35.4,21.3,996.7,0,0,0,0,0
2024-06-15T21:00:00,28.584511,77.205783,215,VIDP,230,2.6,,4000,35.2,20.3,996.9,0,0,0,0,0
2024-06-16T00:00:00,28.584511,77.205783,215,VIDP,230,2.6,,4000,33.4,20.6,998.0,0,0,0,0,0
2024-06-16T03:00:00,28.584511,77.205783,215,VIDP,230,4.1,,4000,36.4,21.5,999.4,0,0,0,0,0
2024-06-16T06:00:00,28.584511,77.205783,215,VIDP,250,5.1,,4000,41.6,20.6,998.5,0,0,0,0,0
2024-06-16T09:00:00,28.584511,77.205783,215,VIDP,230,7.2,22000,4000,44.4,16.7,996.0,0,0,0,0,0
2024-06-16T12:00:00,28.584511,77.205783,215,VIDP,250,4.1,22000,4000,44.2,15.4,994.5,0,0,0,0,0
2024-06-16T15:00:00,28.584511,77.205783,215,VIDP,,0.0,,4000,38.6,21.4,995.6,0,0,0,0,0
2024-06-16T18:00:00,28.584511,77.205783,215,VIDP,,0.0,,4000,35.8,21.1,997.0,0,0,0,0,0
2024-06-16T21:00:00,28.584511,77.205783,215,VIDP,230,2.1,,2000,33.6,21.2,997.0,0,0,0,0,0
2024-06-17T00:00:00,28.584511,77.205783,215,VIDP,230,3.1,,2000,34.0,19.5,997.7,0,0,0,0,0
2024-06-17T03:00:00,28.584511,77.205783,215,VIDP,250,4.1,,4000,38.2,20.1,999.1,0,0,0,0,0
2024-06-17T06:00:00,28.584511,77.205783,215,VIDP,270,4.1,,4000,42.4,20.5,998.3,0,0,0,0,0
2024-06-17T09:00:00,28.584511,77.205783,215,VIDP,250,4.1,22000,4000,44.4,19.8,996.4,0,0,0,0,0
2024-06-17T12:00:00,28.584511,77.205783,215,VIDP,230,7.2,22000,4000,44.4,19.4,994.0,0,0,0,0,0
2024-06-17T15:00:00,28.584511,77.205783,215,VIDP,,0.0,,4000,39.0,24.4,995.2,0,0,0,0,0
2024-06-17T18:00:00,28.584511,77.205783,215,VIDP,,0.0,,4000,36.0,23.4,996.7,0,0,0,0,0
2024-06-17T21:00:00,28.584511,77.205783,215,VIDP,,0.0,,4000,34.0,22.4,996.4,0,0,0,0,0
2024-06-18T00:00:00,28.584511,77.205783,215,VIDP,230,1.5,,4000,34.6,22.4,996.2,0,0,0,0,0
2024-06-18T03:00:00,28.584511,77.205783,215,VIDP,230,7.2,,4000,34.8,20.4,996.1,0,0,0,0,0
2024-06-18T06:00:00,28.584511,77.205783,215,VIDP,230,4.1,,4000,41.6,21.3,996.4,0,0,0,0,0
2024-06-18T09:00:00,28.584511,77.205783,215,VIDP,230,7.2,22000,4000,43.2,21.3,994.4,0,0,0,0,0
2024-06-18T12:00:00,28.584511,77.205783,215,VIDP,230,5.1,22000,4000,43.0,21.4,991.2,0,0,0,0,0
2024-06-18T15:00:00,28.584511,77.205783,215,VIDP,230,2.6,,4000,40.6,21.9,992.2,0,0,0,0,0
2024-06-18T18:00:00,28.584511,77.205783,215,VIDP,230,2.1,,4000,38.0,21.4,993.7,0,0,0,0,0
2024-06-18T21:00:00,28.584511,77.205783,215,VIDP,200,2.6,22000,4000,36.0,23.1,993.1,0,0,0,0,0
2024-06-19T00:00:00,28.584511,77.205783,215,VIDP,230,5.1,22000,4000,36.2,21.2,994.0,0,0,0,0,0
2024-06-19T03:00:00,28.584511,77.205783,215,VIDP,230,7.7,,4000,37.4,22.4,994.7,0,0,0,0,0
2024-06-19T06:00:00,28.584511,77.205783,215,VIDP,230,5.1,22000,4000,40.8,23.2,994.2,0,0,0,0,0
2024-06-19T09:00:00,28.584511,77.205783,215,VIDP,230,5.1,,4000,42.6,23.4,992.1,0,0,0,0,0
2024-06-19T09:30:00,28.584511,77.205783,215,VIDP,250,3.1,3048,4500,43.0,23.0,,0,1,0,0,0
2024-06-19T12:00:00,28.584511,77.205783,215,VIDP,230,4.1,22000,4000,42.6,22.0,989.6,0,0,0,0,0
2024-06-19T15:00:00,28.584511,77.205783,215,VIDP,,0.0,,4000,39.6,23.4,991.8,0,0,0,0,0
2024-06-19T18:00:00,28.584511,77.205783,215,VIDP,340,4.1,3000,2000,32.6,21.4,995.6,0,0,0,0,0
2024-06-19T21:00:00,28.584511,77.205783,215,VIDP,,1.0,22000,4000,30.2,22.3,993.7,0,0,0,0,0
2024-06-20T00:00:00,28.584511,77.205783,215,VIDP,90,2.1,,4000,30.2,20.9,994.4,0,0,0,0,0
2024-06-20T03:00:00,28.584511,77.205783,215,VIDP,340,2.6,1200,4000,29.6,22.9,1000.3,0,0,0,0,0
2024-06-20T06:00:00,28.584511,77.205783,215,VIDP,340,3.1,,4000,35.2,21.8,997.8,0,0,0,0,0
2024-06-20T09:00:00,28.584511,77.205783,215,VIDP,340,3.1,3000,4000,38.0,23.2,995.5,0,0,0,0,0
2024-06-20T12:00:00,28.584511,77.205783,215,VIDP,340,2.1,22000,4000,38.8,25.2,992.9,0,0,0,0,0
2024-06-20T15:00:00,28.584511,77.205783,215,VIDP,340,2.1,3000,4000,35.2,25.1,994.9,0,0,0,0,0
2024-06-20T18:00:00,28.584511,77.205783,215,VIDP,180,2.6,3000,4000,34.0,23.0,996.9,0,0,0,0,0
2024-06-20T21:00:00,28.584511,77.205783,215,VIDP,230,2.6,22000,2000,32.8,22.0,997.6,0,0,0,0,0
2024-06-21T00:00:00,28.584511,77.205783,215,VIDP,270,3.1,3000,2000,30.0,24.0,998.8,0,0,0,0,0
2024-06-21T03:00:00,28.584511,77.205783,215,VIDP,340,2.1,3000,2000,30.4,24.4,998.9,0,0,0,0,0
2024-06-21T06:00:00,28.584511,77.205783,215,VIDP,90,1.5,22000,4000,38.0,24.8,998.4,0,0,0,0,0
2024-06-21T09:00:00,28.584511,77.205783,215,VIDP,270,3.1,1050,4000,35.4,23.4,996.9,0,0,0,0,0
2024-06-21T09:30:00,28.584511,77.205783,215,VIDP,320,5.7,3048,3000,34.0,23.0,,0,0,1,0,1
2024-06-21T12:00:00,28.584511,77.205783,215,VIDP,,0.0,3000,2000,31.0,25.4,996.2,0,0,0,0,0
2024-06-21T15:00:00,28.584511,77.205783,215,VIDP,,0.0,22000,4000,30.2,25.1,997.7,0,0,0,0,0
2024-06-21T18:00:00,28.584511,77.205783,215,VIDP,,0.0,3000,4000,29.6,25.1,998.5,0,0,0,0,0
2024-06-21T21:00:00,28.584511,77.205783,215,VIDP,,0.0,3000,4000,29.0,24.7,997.8,0,0,0,0,0
2024-06-22T00:00:00,28.584511,77.205783,215,VIDP,,0.0,3000,4000,29.2,24.6,997.9,0,0,0,0,0
2024-06-22T03:00:00,28.584511,77.205783,215,VIDP,,0.0,3000,2000,33.2,25.0,998.9,0,0,0,0,0
2024-06-22T06:00:00,28.584511,77.205783,215,VIDP,50,1.5,22000,2000,38.4,24.3,998.6,0,0,0,0,0
2024-06-22T09:00:00,28.584511,77.205783,215,VIDP,230,1.0,3000,2000,38.6,24.9,996.5,0,0,0,0,0
2024-06-22T12:00:00,28.584511,77.205783,215,VIDP,140,2.1,3000,2000,35.4,23.5,995.9,0,0,0,0,0
2024-06-22T15:00:00,28.584511,77.205783,215,VIDP,,0.0,22000,2000,33.0,24.2,997.7,0,0,0,0,0
2024-06-22T18:00:00,28.584511,77.205783,215,VIDP,70,2.6,22000,2000,31.6,25.1,999.7,0,0,0,0,0
2024-06-22T21:00:00,28.584511,77.205783,215,VIDP,,0.0,3000,2000,31.0,24.7,999.5,0,0,0,0,0
2024-06-23T00:00:00,28.584511,77.205783,215,VIDP,,0.0,3000,2000,30.2,24.8,999.9,0,0,0,0,0
2024-06-23T03:00:00,28.584511,77.205783,215,VIDP,50,2.6,,2000,33.6,26.7,1000.6,0,0,0,0,0
2024-06-23T06:00:00,28.584511,77.205783,215,VIDP,50,1.5,22000,4000,38.0,26.5,999.3,0,0,0,0,0
2024-06-23T09:00:00,28.584511,77.205783,215,VIDP,50,2.1,3000,4000,39.4,26.9,996.7,0,0,0,0,0
2024-06-23T10:30:00,28.584511,77.205783,215,VIDP,230,2.6,2743,2500,36.0,28.0,,0,0,0,0,0
2024-06-23T12:00:00,28.584511,77.205783,215,VIDP,50,1.5,3000,2000,36.0,27.8,994.9,0,0,0,0,0
2024-06-23T15:00:00,28.584511,77.205783,215,VIDP,,0.0,3000,2000,34.0,27.7,996.5,0,0,0,0,0
2024-06-23T18:00:00,28.584511,77.205783,215,VIDP,,0.0,3000,2000,33.6,27.6,998.2,0,0,0,0,0
2024-06-23T21:00:00,28.584511,77.205783,215,VIDP,,0.0,3000,2000,33.0,26.9,998.0,0,0,0,0,0
2024-06-24T00:00:00,28.584511,77.205783,215,VIDP,,0.0,3000,2000,32.0,26.4,998.1,0,0,0,0,0
2024-06-24T03:00:00,28.584511,77.205783,215,VIDP,,0.0,3000,2000,34.2,27.9,998.7,0,0,0,0,0
2024-06-24T06:00:00,28.584511,77.205783,215,VIDP,70,2.1,3000,4000,39.0,26.7,998.0,0,0,0,0,0
2024-06-24T09:00:00,28.584511,77.205783,215,VIDP,20,2.1,1200,4000,38.0,24.2,996.3,0,0,0,0,0
2024-06-24T12:00:00,28.584511,77.205783,215,VIDP,50,2.1,1200,2000,34.6,26.3,995.5,0,0,0,0,0
2024-06-24T15:00:00,28.584511,77.205783,215,VIDP,,0.0,2700,2000,30.2,28.8,996.7,0,0,0,0,0
2024-06-24T18:00:00,28.584511,77.205783,215,VIDP,,0.0,3000,2000,30.2,26.3,997.0,0,0,0,0,0
2024-06-24T21:00:00,28.584511,77.205783,215,VIDP,,0.0,3000,2000,30.0,26.7,997.3,0,0,0,0,0
2024-06-25T00:00:00,28.584511,77.205783,215,VIDP,50,1.5,3000,2000,29.8,26.2,997.5,0,0,0,0,0
2024-06-25T03:00:00,28.584511,77.205783,215,VIDP,,1.0,3000,2000,32.0,27.3,998.1,0,0,0,0,0
2024-06-25T06:00:00,28.584511,77.205783,215,VIDP,70,1.5,3000,2000,36.2,27.5,997.5,0,0,0,0,0
2024-06-25T09:00:00,28.584511,77.205783,215,VIDP,20,2.1,3000,2000,39.4,26.2,994.4,0,0,0,0,0
2024-06-25T12:00:00,28.584511,77.205783,215,VIDP,,0.0,3000,2000,38.6,26.5,992.7,0,0,0,0,0
2024-06-25T15:00:00,28.584511,77.205783,215,VIDP,,0.0,3000,2000,36.0,27.8,994.6,0,0,0,0,0
2024-06-25T18:00:00,28.584511,77.205783,215,VIDP,,0.0,3000,2000,34.2,25.8,996.8,0,0,0,0,0
2024-06-25T21:00:00,28.584511,77.205783,215,VIDP,,0.0,3000,2000,32.2,24.8,995.8,0,0,0,0,0
2024-06-26T00:00:00,28.584511,77.205783,215,VIDP,,0.0,3000,2000,32.2,26.4,996.8,0,0,0,0,0
2024-06-26T03:00:00,28.584511,77.205783,215,VIDP,50,1.5,,2000,34.8,26.5,997.3,0,0,0,0,0
2024-06-26T06:00:00,28.584511,77.205783,215,VIDP,230,1.0,1050,4000,35.0,26.4,997.5,0,0,0,0,0
2024-06-26T09:00:00,28.584511,77.205783,215,VIDP,50,4.1,1050,4000,37.0,26.9,995.7,0,0,0,0,0
2024-06-26T12:00:00,28.584511,77.205783,215,VIDP,50,3.1,1050,2000,35.2,26.0,995.1,0,0,0,0,0
2024-06-26T15:00:00,28.584511,77.205783,215,VIDP,90,2.1,3000,2000,33.0,25.7,998.1,0,0,0,0,0
2024-06-26T18:00:00,28.584511,77.205783,215,VIDP,50,1.5,3000,2000,31.6,25.7,1000.2,0,0,0,0,0
2024-06-27T00:00:00,28.584511,77.205783,215,VIDP,50,2.6,3000,2000,30.2,26.9,999.6,0,0,0,0,0
2024-06-27T03:00:00,28.584511,77.205783,215,VIDP,20,3.6,2700,2000,29.0,25.6,1001.9,0,0,0,0,0
2024-06-27T06:00:00,28.584511,77.205783,215,VIDP,70,3.1,2700,2000,30.0,26.9,1000.9,0,0,0,0,0
2024-06-27T09:00:00,28.584511,77.205783,215,VIDP,50,4.1,,2000,33.8,26.9,999.8,0,0,0,0,0
2024-06-27T09:30:00,28.584511,77.205783,215,VIDP,40,3.1,3048,3500,34.0,27.0,,0,1,0,0,1
2024-06-27T10:00:00,28.584511,77.205783,215,VIDP,40,3.1,3048,4500,35.0,27.0,,0,1,0,0,1
2024-06-27T10:30:00,28.584511,77.205783,215,VIDP,40,3.1,3500,5000,35.0,27.0,,0,1,0,0,1
2024-06-27T12:00:00,28.584511,77.205783,215,VIDP,70,3.1,22000,4000,34.8,26.2,996.9,0,0,0,0,0
2024-06-27T15:00:00,28.584511,77.205783,215,VIDP,50,2.6,22000,4000,31.4,26.1,998.5,0,0,0,0,0
2024-06-27T18:00:00,28.584511,77.205783,215,VIDP,50,1.5,,4000,30.6,27.0,1001.6,0,0,0,0,0
2024-06-27T21:00:00,28.584511,77.205783,215,VIDP,50,1.5,1200,4000,30.0,26.9,999.6,0,0,0,0,0
2024-06-28T00:00:00,28.584511,77.205783,215,VIDP,360,1.5,900,500,25.6,25.6,1001.9,0,0,0,0,0
2024-06-28T03:00:00,28.584511,77.205783,215,VIDP,20,2.6,900,500,25.2,25.2,1000.1,0,0,0,0,0
2024-06-28T04:30:00,28.584511,77.205783,215,VIDP,0,0.0,914,1000,25.0,25.0,,1,0,1,0,0
2024-06-28T06:00:00,28.584511,77.205783,215,VIDP,,0.0,2700,1000,26.0,25.4,1000.7,0,0,0,0,0
2024-06-28T09:00:00,28.584511,77.205783,215,VIDP,,1.0,2700,2000,30.4,27.1,998.4,0,0,0,0,0
2024-06-28T12:00:00,28.584511,77.205783,215,VIDP,140,1.5,,2000,32.4,26.6,995.6,0,0,0,0,0
2024-06-28T15:00:00,28.584511,77.205783,215,VIDP,340,1.0,,2000,30.4,27.1,997.4,0,0,0,0,0
2024-06-28T18:00:00,28.584511,77.205783,215,VIDP,140,1.0,,2000,29.6,27.1,997.5,0,0,0,0,0
2024-06-28T21:00:00,28.584511,77.205783,215,VIDP,,1.0,22000,2000,29.4,26.9,997.1,0,0,0,0,0
2024-06-29T00:00:00,28.584511,77.205783,215,VIDP,90,1.5,22000,1000,29.0,27.6,997.0,0,0,0,0,0
2024-06-29T03:00:00,28.584511,77.205783,215,VIDP,230,4.1,1050,2000,30.6,26.7,998.7,0,0,0,0,0
2024-06-29T06:00:00,28.584511,77.205783,215,VIDP,250,3.1,3000,4000,34.0,27.1,997.8,0,0,0,0,0
2024-06-29T09:00:00,28.584511,77.205783,215,VIDP,,0.0,1200,4000,34.8,26.2,997.1,0,0,0,0,0
2024-06-29T11:00:00,28.584511,77.205783,215,VIDP,110,3.1,914,3000,28.0,28.0,,1,0,1,0,1
2024-06-29T11:30:00,28.584511,77.205783,215,VIDP,140,2.6,3048,3000,28.0,27.0,,1,0,0,0,0
2024-06-29T12:00:00,28.584511,77.205783,215,VIDP,,0.0,900,2000,28.4,27.9,995.4,0,0,0,0,0
2024-06-29T15:00:00,28.584511,77.205783,215,VIDP,,0.0,3000,2000,28.4,27.9,997.1,0,0,0,0,0
2024-06-29T18:00:00,28.584511,77.205783,215,VIDP,,0.0,3000,2000,28.2,27.4,997.8,0,0,0,0,0
2024-06-29T21:00:00,28.584511,77.205783,215,VIDP,,0.0,3000,2000,28.0,27.4,997.0,0,0,0,0,0
2024-06-30T00:00:00,28.584511,77.205783,215,VIDP,,0.0,3000,2000,29.0,28.2,997.0,0,0,0,0,0
2024-06-30T03:00:00,28.584511,77.205783,215,VIDP,,0.0,,2000,31.0,26.8,997.8,0,0,0,0,0
2024-06-30T06:00:00,28.584511,77.205783,215,VIDP,,0.0,3000,2000,34.2,27.6,998.1,0,0,0,0,0
2024-06-30T09:00:00,28.584511,77.205783,215,VIDP,,0.0,3000,4000,36.4,27.7,995.6,0,0,0,0,0
2024-06-30T10:30:00,28.584511,77.205783,215,VIDP,50,2.1,3048,4000,37.0,28.0,,0,1,0,0,0
2024-06-30T11:30:00,28.584511,77.205783,215,VIDP,40,2.1,3048,4000,37.0,28.0,,0,1,0,0,0
2024-06-30T12:00:00,28.584511,77.205783,215,VIDP,50,2.1,,4000,36.8,27.9,993.4,0,0,0,0,0
2024-06-30T15:00:00,28.584511,77.205783,215,VIDP,140,1.5,3000,2000,33.2,28.9,994.9,0,0,0,0,0
2024-06-30T18:00:00,28.584511,77.205783,215,VIDP,,0.0,,2000,31.4,26.7,996.1,0,0,0,0,0
2024-06-30T21:00:00,28.584511,77.205783,215,VIDP,,0.0,3000,2000,30.6,26.7,995.3,0,0,0,0,0
2024-07-01T00:00:00,28.584511,77.205783,215,VIDP,,0.0,22000,2000,29.2,25.8,994.7,0,0,0,0,0
2024-07-01T03:00:00,28.584511,77.205783,215,VIDP,270,1.0,22000,2000,31.2,25.3,996.1,0,0,0,0,0
2024-07-01T06:00:00,28.584511,77.205783,215,VIDP,270,1.5,3000,4000,33.0,26.0,995.9,0,0,0,0,0
2024-07-01T09:00:00,28.584511,77.205783,215,VIDP,270,1.5,3000,4000,35.6,26.5,993.5,0,0,0,0,0
2024-07-01T12:00:00,28.584511,77.205783,215,VIDP,270,1.5,,4000,35.0,26.7,991.3,0,0,0,0,0
2024-07-01T15:00:00,28.584511,77.205783,215,VIDP,250,2.1,22000,4000,33.4,27.4,993.2,0,0,0,0,0
2024-07-01T18:00:00,28.584511,77.205783,215,VIDP,,0.0,1200,4000,32.8,27.3,993.4,0,0,0,0,0
2024-07-01T21:00:00,28.584511,77.205783,215,VIDP,,0.0,3000,4000,32.0,26.7,991.8,0,0,0,0,0
2024-07-02T00:00:00,28.584511,77.205783,215,VIDP,,0.0,3000,4000,31.6,26.3,992.2,0,0,0,0,0
2024-07-02T03:00:00,28.584511,77.205783,215,VIDP,,0.0,3000,4000,32.0,27.3,993.9,0,0,0,0,0
2024-07-02T06:00:00,28.584511,77.205783,215,VIDP,270,1.5,3000,4000,34.2,26.4,994.3,0,0,0,0,0
2024-07-02T09:00:00,28.584511,77.205783,215,VIDP,250,2.6,3000,4000,36.0,27.2,992.3,0,0,0,0,0
2024-07-02T12:00:00,28.584511,77.205783,215,VIDP,180,3.1,3000,4000,35.8,27.3,991.3,0,0,0,0,0
2024-07-02T15:00:00,28.584511,77.205783,215,VIDP,140,1.5,3000,4000,32.6,27.1,993.3,0,0,0,0,0
2024-07-02T18:00:00,28.584511,77.205783,215,VIDP,140,2.6,3000,2000,30.8,26.9,994.2,0,0,0,0,0
2024-07-02T21:00:00,28.584511,77.205783,215,VIDP,140,3.1,3000,2000,30.2,26.3,993.0,0,0,0,0,0
2024-07-03T00:00:00,28.584511,77.205783,215,VIDP,140,1.5,3000,2000,30.0,26.9,993.6,0,0,0,0,0
2024-07-03T03:00:00,28.584511,77.205783,215,VIDP,,0.0,2700,4000,32.0,27.0,995.0,0,0,0,0,0
2024-07-03T06:00:00,28.584511,77.205783,215,VIDP,110,2.6,2700,2000,33.8,28.7,996.1,0,0,0,0,0
2024-07-03T09:00:00,28.584511,77.205783,215,VIDP,90,2.6,1050,2000,30.0,27.5,996.7,0,0,0,0,0
2024-07-03T12:00:00,28.584511,77.205783,215,VIDP,140,1.5,1050,2000,25.4,25.4,996.1,0,0,0,0,0
2024-07-03T15:00:00,28.584511,77.205783,215,VIDP,110,1.5,2700,2000,26.2,26.2,998.0,0,0,0,0,0
2024-07-03T18:00:00,28.584511,77.205783,215,VIDP,110,1.5,2700,2000,26.6,26.3,999.2,0,0,0,0,0
2024-07-03T21:00:00,28.584511,77.205783,215,VIDP,70,2.6,2700,2000,26.6,26.3,998.0,0,0,0,0,0
2024-07-04T00:00:00,28.584511,77.205783,215,VIDP,,0.0,2700,2000,26.8,26.5,998.6,0,0,0,0,0
2024-07-04T03:00:00,28.584511,77.205783,215,VIDP,70,2.6,1050,2000,27.4,26.3,1000.6,0,0,0,0,0
2024-07-04T04:02:00,28.584511,77.205783,215,VIDP,90,1.0,2743,2500,27.0,27.0,,1,0,1,0,0
2024-07-04T06:00:00,28.584511,77.205783,215,VIDP,,0.0,1050,2000,29.8,26.7,1000.0,0,0,0,0,0
2024-07-04T09:00:00,28.584511,77.205783,215,VIDP,50,2.1,1050,2000,30.0,27.2,998.6,0,0,0,0,0
2024-07-04T12:00:00,28.584511,77.205783,215,VIDP,70,1.5,3000,2000,31.6,27.2,995.5,0,0,0,0,0
2024-07-04T15:00:00,28.584511,77.205783,215,VIDP,90,1.5,900,4000,30.0,26.9,997.6,0,0,0,0,0
2024-07-04T18:00:00,28.584511,77.205783,215,VIDP,,1.0,3000,4000,29.0,26.8,998.1,0,0,0,0,0
2024-07-04T21:00:00,28.584511,77.205783,215,VIDP,,0.0,3000,4000,28.6,26.6,996.6,0,0,0,0,0
2024-07-05T00:00:00,28.584511,77.205783,215,VIDP,70,1.5,1050,2000,28.0,26.3,996.1,0,0,0,0,0
2024-07-05T03:00:00,28.584511,77.205783,215,VIDP,50,1.5,3000,2000,30.0,27.2,996.5,0,0,0,0,0
2024-07-05T06:00:00,28.584511,77.205783,215,VIDP,70,1.5,1050,2000,30.0,29.2,996.3,0,0,0,0,0
2024-07-05T09:00:00,28.584511,77.205783,215,VIDP,70,3.1,1050,2000,32.6,27.1,993.6,0,0,0,0,0
2024-07-05T12:00:00,28.584511,77.205783,215,VIDP,50,4.1,3000,4000,31.8,26.8,992.7,0,0,0,0,0
2024-07-05T12:00:00,28.584511,77.205783,215,VIDP,50,4.1,3048,4500,32.0,27.0,,1,0,0,0,0
2024-07-05T15:00:00,28.584511,77.205783,215,VIDP,90,3.1,3000,4000,29.6,26.8,994.2,0,0,0,0,0
2024-07-05T18:00:00,28.584511,77.205783,215,VIDP,250,1.5,3000,4000,28.0,26.6,993.4,0,0,0,0,0
2024-07-05T21:00:00,28.584511,77.205783,215,VIDP,110,2.6,3000,4000,28.4,26.4,994.9,0,0,0,0,0
2024-07-06T00:00:00,28.584511,77.205783,215,VIDP,250,1.5,3000,4000,28.0,26.6,993.4,0,0,0,0,0
2024-07-06T03:00:00,28.584511,77.205783,215,VIDP,70,2.1,2700,2000,29.2,26.7,994.7,0,0,0,0,0
2024-07-06T06:00:00,28.584511,77.205783,215,VIDP,,0.0,2700,2000,30.6,27.0,994.8,0,0,0,0,0
2024-07-06T09:00:00,28.584511,77.205783,215,VIDP,20,2.1,3000,4000,34.4,27.9,992.6,0,0,0,0,0
2024-07-06T12:00:00,28.584511,77.205783,215,VIDP,50,4.1,3000,4000,33.2,27.4,993.0,0,0,0,0,0
2024-07-06T15:00:00,28.584511,77.205783,215,VIDP,70,3.1,3000,2000,29.8,26.5,995.3,0,0,0,0,0
2024-07-06T18:00:00,28.584511,77.205783,215,VIDP,70,3.1,3000,2000,28.6,25.8,996.7,0,0,0,0,0
2024-07-06T21:00:00,28.584511,77.205783,215,VIDP,50,1.5,3000,2000,27.6,24.7,996.3,0,0,0,0,0
2024-07-07T00:00:00,28.584511,77.205783,215,VIDP,50,1.5,2700,2000,26.8,25.7,997.1,0,0,0,0,0
2024-07-07T03:00:00,28.584511,77.205783,215,VIDP,70,2.1,3000,4000,29.0,25.3,998.7,0,0,0,0,0
2024-07-07T06:00:00,28.584511,77.205783,215,VIDP,90,2.6,,4000,35.0,25.8,997.1,0,0,0,0,0
2024-07-07T09:00:00,28.584511,77.205783,215,VIDP,70,2.1,1050,4000,35.0,25.2,997.6,0,0,0,0,0
2024-07-07T12:00:00,28.584511,77.205783,215,VIDP,50,3.1,1050,4000,32.6,23.7,996.9,0,0,0,0,0
2024-07-07T15:00:00,28.584511,77.205783,215,VIDP,70,2.1,3000,4000,29.2,24.9,998.7,0,0,0,0,0
2024-07-07T18:00:00,28.584511,77.205783,215,VIDP,70,2.1,,4000,28.0,24.6,1000.4,0,0,0,0,0
2024-07-07T21:00:00,28.584511,77.205783,215,VIDP,70,2.1,,4000,27.0,24.1,1000.4,0,0,0,0,0
2024-07-08T00:00:00,28.584511,77.205783,215,VIDP,,0.0,,4000,26.4,24.7,1000.5,0,0,0,0,0
2024-07-08T03:00:00,28.584511,77.205783,215,VIDP,50,2.6,3000,4000,27.8,24.6,1002.0,0,0,0,0,0
2024-07-08T06:00:00,28.584511,77.205783,215,VIDP,50,4.1,3000,4000,31.2,24.3,1002.1,0,0,0,0,0
2024-07-08T09:00:00,28.584511,77.205783,215,VIDP,50,3.1,3000,4000,30.6,24.9,1000.5,0,0,0,0,0
2024-07-08T12:00:00,28.584511,77.205783,215,VIDP,70,3.1,3000,4000,30.4,25.6,999.2,0,0,0,0,0
2024-07-08T15:00:00,28.584511,77.205783,215,VIDP,70,2.1,3000,4000,29.0,26.2,1000.6,0,0,0,0,0
2024-07-08T18:00:00,28.584511,77.205783,215,VIDP,,1.0,22000,4000,28.6,26.1,1001.8,0,0,0,0,0
2024-07-08T21:00:00,28.584511,77.205783,215,VIDP,70,1.5,22000,2000,28.2,26.5,1001.3,0,0,0,0,0
2024-07-09T00:00:00,28.584511,77.205783,215,VIDP,,0.0,1050,2000,28.2,26.5,1001.4,0,0,0,0,0
2024-07-09T03:00:00,28.584511,77.205783,215,VIDP,,0.0,3000,2000,30.4,27.4,1002.4,0,0,0,0,0
2024-07-09T06:00:00,28.584511,77.205783,215,VIDP,270,4.6,2700,2000,31.8,26.5,1002.2,0,0,0,0,0
2024-07-09T09:00:00,28.584511,77.205783,215,VIDP,,0.0,2700,2000,27.4,27.1,1001.3,0,0,0,0,0
2024-07-09T12:00:00,28.584511,77.205783,215,VIDP,,0.0,3000,2000,30.0,28.6,999.5,0,0,0,0,0
2024-07-09T15:00:00,28.584511,77.205783,215,VIDP,,0.0,,2000,29.6,28.5,1000.4,0,0,0,0,0
2024-07-09T18:00:00,28.584511,77.205783,215,VIDP,,0.0,3000,2000,28.8,27.7,1001.9,0,0,0,0,0
2024-07-09T21:00:00,28.584511,77.205783,215,VIDP,,0.0,3000,2000,28.4,27.9,1001.8,0,0,0,0,0
2024-07-10T00:00:00,28.584511,77.205783,215,VIDP,,0.0,3000,2000,28.6,28.1,1002.3,0,0,0,0,0
2024-07-10T03:00:00,28.584511,77.205783,215,VIDP,,0.0,3000,2000,32.0,29.3,1002.9,0,0,0,0,0
2024-07-10T06:00:00,28.584511,77.205783,215,VIDP,,0.0,3000,2000,36.0,27.2,1001.5,0,0,0,0,0
2024-07-10T09:00:00,28.584511,77.205783,215,VIDP,110,3.1,900,2000,31.6,26.9,1001.1,0,0,0,0,0
2024-07-10T12:00:00,28.584511,77.205783,215,VIDP,,1.0,2700,2000,29.0,28.7,998.9,0,0,0,0,0
2024-07-10T15:00:00,28.584511,77.205783,215,VIDP,,1.0,,2000,28.6,28.3,1000.2,0,0,0,0,0
2024-07-10T18:00:00,28.584511,77.205783,215,VIDP,,0.0,,2000,28.2,27.6,1000.6,0,0,0,0,0
2024-07-10T21:00:00,28.584511,77.205783,215,VIDP,,0.0,,2000,28.4,27.3,999.4,0,0,0,0,0
2024-07-11T00:00:00,28.584511,77.205783,215,VIDP,,0.0,3000,1000,28.0,28.0,999.3,0,0,0,0,0
2024-07-11T03:00:00,28.584511,77.205783,215,VIDP,,0.0,,2000,30.2,28.6,999.2,0,0,0,0,0
2024-07-11T06:00:00,28.584511,77.205783,215,VIDP,,0.0,22000,4000,34.8,28.0,998.5,0,0,0,0,0
2024-07-11T09:00:00,28.584511,77.205783,215,VIDP,270,1.5,900,4000,37.6,26.9,997.4,0,0,0,0,0
2024-07-11T12:00:00,28.584511,77.205783,215,VIDP,,0.0,3000,4000,38.2,27.9,992.1,0,0,0,0,0
2024-07-11T15:00:00,28.584511,77.205783,215,VIDP,,0.0,,4000,35.0,29.1,993.6,0,0,0,0,0
2024-07-11T18:00:00,28.584511,77.205783,215,VIDP,250,2.1,3000,4000,33.0,27.5,994.3,0,0,0,0,0
2024-07-11T21:00:00,28.584511,77.205783,215,VIDP,,0.0,3000,4000,31.0,26.9,994.2,0,0,0,0,0
2024-07-12T00:00:00,28.584511,77.205783,215,VIDP,270,4.6,3000,4000,30.0,24.3,994.7,0,0,0,0,0
2024-07-12T03:00:00,28.584511,77.205783,215,VIDP,270,3.1,3000,4000,30.6,23.7,996.1,0,0,0,0,0
2024-07-12T06:00:00,28.584511,77.205783,215,VIDP,270,3.1,3000,4000,32.6,24.7,997.0,0,0,0,0,0
2024-07-12T09:00:00,28.584511,77.205783,215,VIDP,270,2.6,1050,4000,34.0,24.4,995.3,0,0,0,0,0
2024-07-12T12:00:00,28.584511,77.205783,215,VIDP,250,1.0,3000,4000,32.8,24.9,994.3,0,0,0,0,0
2024-07-12T15:00:00,28.584511,77.205783,215,VIDP,,0.0,,4000,31.0,25.4,995.6,0,0,0,0,0
2024-07-12T18:00:00,28.584511,77.205783,215,VIDP,,0.0,3000,2000,30.2,26.3,997.6,0,0,0,0,0
2024-07-13T00:00:00,28.584511,77.205783,215,VIDP,200,3.1,900,2000,29.0,26.2,997.2,0,0,0,0,0
2024-07-13T06:00:00,28.584511,77.205783,215,VIDP,70,1.0,,4000,32.6,26.5,997.7,0,0,0,0,0
2024-07-13T09:00:00,28.584511,77.205783,215,VIDP,250,1.5,3000,4000,35.4,25.3,995.4,0,0,0,0,0
2024-07-13T12:00:00,28.584511,77.205783,215,VIDP,,0.0,3000,2000,29.0,27.9,994.1,0,0,0,0,0
2024-07-13T18:00:00,28.584511,77.205783,215,VIDP,,0.0,3000,2000,28.8,27.1,997.5,0,0,0,0,0
2024-07-13T21:00:00,28.584511,77.205783,215,VIDP,,0.0,3000,2000,28.8,27.1,996.2,0,0,0,0,0
2024-07-14T00:00:00,28.584511,77.205783,215,VIDP,,0.0,2700,2000,28.8,27.1,996.2,0,0,0,0,0
2024-07-14T03:00:00,28.584511,77.205783,215,VIDP,,0.0,,2000,30.6,27.6,997.4,0,0,0,0,0
2024-07-14T06:00:00,28.584511,77.205783,215,VIDP,70,1.5,22000,4000,35.4,26.6,996.6,0,0,0,0,0
2024-07-14T12:00:00,28.584511,77.205783,215,VIDP,,0.0,22000,4000,35.7,26.4,993.0,0,0,0,0,0
2024-07-14T18:00:00,28.584511,77.205783,215,VIDP,,0.0,22000,2000,31.6,27.5,997.4,0,0,0,0,0
2024-07-14T21:00:00,28.584511,77.205783,215,VIDP,,0.0,22000,2000,30.6,27.6,997.2,0,0,0,0,0
2024-07-15T00:00:00,28.584511,77.205783,215,VIDP,,0.0,22000,2000,30.0,27.8,998.4,0,0,0,0,0
2024-07-15T03:00:00,28.584511,77.205783,215,VIDP,70,1.5,,2000,32.8,27.9,1000.1,0,0,0,0,0
2024-07-15T06:00:00,28.584511,77.205783,215,VIDP,50,1.5,,2000,29.2,25.8,1000.3,0,0,0,0,0
2024-07-15T09:00:00,28.584511,77.205783,215,VIDP,70,1.5,3000,4000,34.2,27.9,998.3,0,0,0,0,0
2024-07-15T12:00:00,28.584511,77.205783,215,VIDP,70,1.0,,2000,34.0,27.7,996.3,0,0,0,0,0
2024-07-15T15:00:00,28.584511,77.205783,215,VIDP,,1.0,22000,2000,32.2,27.5,997.9,0,0,0,0,0
2024-07-15T18:00:00,28.584511,77.205783,215,VIDP,,1.0,22000,2000,31.2,28.2,999.6,0,0,0,0,0
2024-07-15T21:00:00,28.584511,77.205783,215,VIDP,,1.0,22000,2000,30.6,27.9,998.6,0,0,0,0,0
2024-07-16T00:00:00,28.584511,77.205783,215,VIDP,70,2.1,2700,2000,30.0,27.8,999.8,0,0,0,0,0
2024-07-16T03:00:00,28.584511,77.205783,215,VIDP,70,1.5,22000,2000,32.4,28.6,1001.0,0,0,0,0,0
2024-07-16T06:00:00,28.584511,77.205783,215,VIDP,,0.0,3000,2000,33.8,28.4,999.7,0,0,0,0,0
2024-07-16T09:00:00,28.584511,77.205783,215,VIDP,110,2.1,,4000,37.6,27.5,998.7,0,0,0,0,0
2024-07-16T12:00:00,28.584511,77.205783,215,VIDP,70,1.5,22000,4000,37.6,27.2,996.6,0,0,0,0,0
2024-07-16T15:00:00,28.584511,77.205783,215,VIDP,,1.0,22000,4000,34.0,27.4,997.7,0,0,0,0,0
2024-07-16T18:00:00,28.584511,77.205783,215,VIDP,70,1.5,22000,4000,32.8,29.0,999.3,0,0,0,0,0
2024-07-16T21:00:00,28.584511,77.205783,215,VIDP,90,2.6,22000,4000,32.0,27.6,998.8,0,0,0,0,0
2024-07-17T00:00:00,28.584511,77.205783,215,VIDP,110,1.5,22000,2000,31.0,27.4,999.3,0,0,0,0,0
2024-07-17T03:00:00,28.584511,77.205783,215,VIDP,110,1.5,22000,4000,32.4,27.8,1001.4,0,0,0,0,0
2024-07-17T06:00:00,28.584511,77.205783,215,VIDP,160,1.5,1050,4000,34.6,27.2,1000.8,0,0,0,0,0
2024-07-17T09:00:00,28.584511,77.205783,215,VIDP,50,4.1,900,4000,34.4,27.0,999.0,0,0,0,0,0
2024-07-17T09:00:00,28.584511,77.205783,215,VIDP,50,4.1,3048,4000,34.0,27.0,,0,1,0,0,0
2024-07-17T12:00:00,28.584511,77.205783,215,VIDP,,0.0,,4000,34.6,27.8,996.4,0,0,0,0,0
2024-07-17T15:00:00,28.584511,77.205783,215,VIDP,70,1.0,22000,4000,32.4,28.0,997.3,0,0,0,0,0
2024-07-17T18:00:00,28.584511,77.205783,215,VIDP,70,1.0,22000,4000,31.6,28.3,999.9,0,0,0,0,0
2024-07-17T21:00:00,28.584511,77.205783,215,VIDP,70,1.0,3000,4000,31.0,28.3,998.4,0,0,0,0,0
2024-07-18T00:00:00,28.584511,77.205783,215,VIDP,140,1.0,,2000,30.4,28.5,998.2,0,0,0,0,0
2024-07-18T03:00:00,28.584511,77.205783,215,VIDP,,0.0,,2000,32.4,28.3,999.1,0,0,0,0,0
2024-07-18T05:00:00,28.584511,77.205783,215,VIDP,110,1.5,3048,4500,36.0,28.0,,0,1,0,0,0
2024-07-18T05:30:00,28.584511,77.205783,215,VIDP,120,1.5,3048,4500,37.0,28.0,,0,1,0,0,0
2024-07-18T06:00:00,28.584511,77.205783,215,VIDP,160,2.1,3000,4000,36.0,27.8,998.5,0,0,0,0,0
2024-07-18T07:30:00,28.584511,77.205783,215,VIDP,340,3.1,2743,3000,32.0,29.0,,0,0,1,0,1
2024-07-18T09:00:00,28.584511,77.205783,215,VIDP,200,2.1,3000,2000,28.2,27.1,997.9,0,0,0,0,0
2024-07-18T12:00:00,28.584511,77.205783,215,VIDP,160,2.1,2700,2000,30.8,27.5,995.5,0,0,0,0,0
2024-07-18T15:00:00,28.584511,77.205783,215,VIDP,,0.0,2700,2000,30.2,27.7,996.3,0,0,0,0,0
2024-07-18T18:00:00,28.584511,77.205783,215,VIDP,,0.0,2700,2000,29.2,27.0,997.9,0,0,0,0,0
2024-07-18T21:00:00,28.584511,77.205783,215,VIDP,,0.0,22000,2000,28.8,26.5,996.7,0,0,0,0,0
2024-07-19T00:00:00,28.584511,77.205783,215,VIDP,,0.0,22000,2000,28.2,27.4,997.5,0,0,0,0,0
2024-07-19T03:00:00,28.584511,77.205783,215,VIDP,70,2.1,22000,2000,31.0,28.3,997.7,0,0,0,0,0
2024-07-19T06:00:00,28.584511,77.205783,215,VIDP,,0.0,,2000,35.0,27.9,996.6,0,0,0,0,0
2024-07-19T09:00:00,28.584511,77.205783,215,VIDP,110,1.5,1050,2000,35.4,28.7,995.9,0,0,0,0,0
2024-07-19T12:00:00,28.584511,77.205783,215,VIDP,70,2.1,2700,2000,34.0,29.2,994.2,0,0,0,0,0
2024-07-19T15:00:00,28.584511,77.205783,215,VIDP,140,3.1,2700,2000,31.0,28.0,996.8,0,0,0,0,0
2024-07-19T18:00:00,28.584511,77.205783,215,VIDP,,0.0,,2000,30.2,28.0,997.9,0,0,0,0,0
2024-07-19T21:00:00,28.584511,77.205783,215,VIDP,,0.0,3000,2000,29.0,27.1,997.6,0,0,0,0,0
2024-07-20T06:00:00,28.584511,77.205783,215,VIDP,,0.0,3000,2000,34.6,27.2,998.4,0,0,0,0,0
2024-07-20T09:00:00,28.584511,77.205783,215,VIDP,90,1.5,3000,4000,36.8,26.9,996.8,0,0,0,0,0
2024-07-20T12:00:00,28.584511,77.205783,215,VIDP,,0.0,22000,4000,37.4,27.6,994.2,0,0,0,0,0
2024-07-20T15:00:00,28.584511,77.205783,215,VIDP,,1.0,,4000,34.2,28.2,996.7,0,0,0,0,0
2024-07-20T18:00:00,28.584511,77.205783,215,VIDP,,1.0,22000,2000,32.8,28.7,997.7,0,0,0,0,0
2024-07-20T21:00:00,28.584511,77.205783,215,VIDP,,1.0,,2000,32.0,27.9,996.9,0,0,0,0,0
2024-07-21T00:00:00,28.584511,77.205783,215,VIDP,140,2.1,,2000,30.2,26.6,997.4,0,0,0,0,0
2024-07-21T03:00:00,28.584511,77.205783,215,VIDP,140,1.0,3000,2000,29.2,28.9,998.7,0,0,0,0,0
2024-07-21T06:00:00,28.584511,77.205783,215,VIDP,140,1.5,3000,4000,34.8,28.8,998.5,0,0,0,0,0
2024-07-21T09:00:00,28.584511,77.205783,215,VIDP,50,2.1,3000,2000,35.0,29.7,996.5,0,0,0,0,0
2024-07-21T12:00:00,28.584511,77.205783,215,VIDP,50,2.1,3000,4000,34.6,28.4,995.4,0,0,0,0,0
2024-07-21T15:00:00,28.584511,77.205783,215,VIDP,70,1.5,3000,4000,32.4,28.3,996.4,0,0,0,0,0
2024-07-21T18:00:00,28.584511,77.205783,215,VIDP,90,1.5,3000,4000,31.8,27.8,998.3,0,0,0,0,0
2024-07-21T21:00:00,28.584511,77.205783,215,VIDP,90,2.1,3000,4000,31.0,28.0,997.4,0,0,0,0,0
2024-07-22T00:00:00,28.584511,77.205783,215,VIDP,90,1.5,3000,2000,30.2,28.3,997.9,0,0,0,0,0
2024-07-22T03:00:00,28.584511,77.205783,215,VIDP,140,1.5,22000,2000,31.8,28.8,998.5,0,0,0,0,0
2024-07-22T06:00:00,28.584511,77.205783,215,VIDP,160,2.6,3000,4000,35.8,28.2,998.3,0,0,0,0,0
2024-07-22T09:00:00,28.584511,77.205783,215,VIDP,270,2.1,1050,2000,27.6,27.6,999.3,0,0,0,0,0
2024-07-22T12:00:00,28.584511,77.205783,215,VIDP,,0.0,3000,2000,30.0,28.4,995.3,0,0,0,0,0
2024-07-22T15:00:00,28.584511,77.205783,215,VIDP,,0.0,,2000,29.2,28.1,996.4,0,0,0,0,0
2024-07-22T18:00:00,28.584511,77.205783,215,VIDP,,0.0,,2000,28.8,28.0,999.2,0,0,0,0,0
2024-07-22T21:00:00,28.584511,77.205783,215,VIDP,,0.0,,2000,28.6,27.5,997.3,0,0,0,0,0
2024-07-23T00:00:00,28.584511,77.205783,215,VIDP,,0.0,3000,2000,28.8,28.0,996.9,0,0,0,0,0
2024-07-23T03:00:00,28.584511,77.205783,215,VIDP,90,2.1,,2000,31.4,28.7,998.4,0,0,0,0,0
2024-07-23T06:00:00,28.584511,77.205783,215,VIDP,140,1.5,3000,2000,33.4,29.1,997.6,0,0,0,0,0
2024-07-23T09:00:00,28.584511,77.205783,215,VIDP,50,1.5,3000,2000,35.8,28.2,995.7,0,0,0,0,0
2024-07-23T12:00:00,28.584511,77.205783,215,VIDP,,0.0,,2000,35.2,28.4,993.7,0,0,0,0,0
2024-07-23T15:00:00,28.584511,77.205783,215,VIDP,,0.0,3000,2000,32.4,28.3,994.3,0,0,0,0,0
2024-07-23T18:00:00,28.584511,77.205783,215,VIDP,,0.0,3000,2000,31.0,27.7,995.6,0,0,0,0,0
2024-07-24T00:00:00,28.584511,77.205783,215,VIDP,,0.0,3000,2000,29.0,27.3,993.8,0,0,0,0,0
2024-07-24T01:30:00,28.584511,77.205783,215,VIDP,340,4.1,2743,2500,28.0,28.0,,0,0,1,0,0
2024-07-24T02:30:00,28.584511,77.205783,215,VIDP,290,2.1,2743,2000,27.0,27.0,,0,0,0,0,0
2024-07-24T03:00:00,28.584511,77.205783,215,VIDP,200,1.0,1050,2000,25.8,25.8,995.1,0,0,0,0,0
2024-07-24T03:00:00,28.584511,77.205783,215,VIDP,200,1.0,2743,2000,26.0,26.0,,0,0,0,0,0
2024-07-24T03:30:00,28.584511,77.205783,215,VIDP,250,1.5,2743,2800,26.0,26.0,,1,0,0,0,0
2024-07-24T04:30:00,28.584511,77.205783,215,VIDP,0,0.0,2743,2500,26.0,26.0,,0,0,1,0,1
2024-07-24T05:00:00,28.584511,77.205783,215,VIDP,0,0.0,2743,2000,26.0,26.0,,0,0,1,0,1
2024-07-24T05:30:00,28.584511,77.205783,215,VIDP,260,1.5,2743,2000,26.0,26.0,,1,0,1,0,1
2024-07-24T06:00:00,28.584511,77.205783,215,VIDP,,0.0,1050,2000,27.8,27.5,994.8,0,0,0,0,0
2024-07-24T06:00:00,28.584511,77.205783,215,VIDP,0,0.0,2743,2000,28.0,28.0,,1,0,1,0,1
2024-07-24T06:30:00,28.584511,77.205783,215,VIDP,0,0.0,2743,2500,28.0,28.0,,1,0,1,0,1
2024-07-24T09:00:00,28.584511,77.205783,215,VIDP,250,1.5,2700,2000,33.0,28.1,992.3,0,0,0,0,0
2024-07-24T12:00:00,28.584511,77.205783,215,VIDP,250,1.5,2700,2000,33.4,28.2,990.4,0,0,0,0,0
2024-07-24T15:00:00,28.584511,77.205783,215,VIDP,,1.0,3000,2000,31.6,28.9,991.8,0,0,0,0,0
2024-07-24T18:00:00,28.584511,77.205783,215,VIDP,,0.0,3000,2000,30.8,28.6,993.1,0,0,0,0,0
2024-07-24T21:00:00,28.584511,77.205783,215,VIDP,,0.0,3000,2000,30.2,28.8,992.2,0,0,0,0,0
2024-07-25T00:00:00,28.584511,77.205783,215,VIDP,70,1.5,900,2000,29.2,27.8,992.3,0,0,0,0,0
2024-07-25T03:00:00,28.584511,77.205783,215,VIDP,,0.0,900,1000,27.4,27.4,993.8,0,0,0,0,0
2024-07-25T06:00:00,28.584511,77.205783,215,VIDP,,0.0,3000,2000,29.4,28.3,993.9,0,0,0,0,0
2024-07-25T06:30:00,28.584511,77.205783,215,VIDP,0,0.0,3048,3000,30.0,28.0,,1,0,0,0,0
2024-07-25T09:00:00,28.584511,77.205783,215,VIDP,70,1.5,3000,2000,34.6,28.1,991.5,0,0,0,0,0
2024-07-25T11:00:00,28.584511,77.205783,215,VIDP,0,0.0,3500,4000,36.0,28.0,,0,1,0,0,0
2024-07-25T12:00:00,28.584511,77.205783,215,VIDP,,0.0,3000,4000,35.2,28.2,989.6,0,0,0,0,0
2024-07-25T15:00:00,28.584511,77.205783,215,VIDP,90,1.5,3000,4000,31.8,27.4,992.6,0,0,0,0,0
2024-07-25T18:00:00,28.584511,77.205783,215,VIDP,,0.0,3000,4000,30.8,28.3,993.8,0,0,0,0,0
2024-07-25T21:00:00,28.584511,77.205783,215,VIDP,,0.0,3000,4000,30.2,28.6,993.0,0,0,0,0,0
2024-07-26T00:00:00,28.584511,77.205783,215,VIDP,270,1.5,1050,2000,26.6,26.6,994.0,0,0,0,0,0
2024-07-26T02:00:00,28.584511,77.205783,215,VIDP,250,1.5,2438,3000,28.0,28.0,,1,0,0,0,0
2024-07-26T03:00:00,28.584511,77.205783,215,VIDP,230,1.0,1050,2000,27.8,27.8,995.4,0,0,0,0,0
2024-07-26T04:00:00,28.584511,77.205783,215,VIDP,260,1.5,2438,3000,28.0,28.0,,1,0,0,0,0
2024-07-26T06:00:00,28.584511,77.205783,215,VIDP,,0.0,2700,2000,30.8,29.2,994.8,0,0,0,0,0
2024-07-26T09:00:00,28.584511,77.205783,215,VIDP,,1.0,2700,2000,32.8,28.2,993.3,0,0,0,0,0
2024-07-26T12:00:00,28.584511,77.205783,215,VIDP,,0.0,2700,2000,33.0,28.7,992.4,0,0,0,0,0
2024-07-26T15:00:00,28.584511,77.205783,215,VIDP,,0.0,,2000,32.0,29.3,993.7,0,0,0,0,0
2024-07-26T18:00:00,28.584511,77.205783,215,VIDP,,0.0,2700,2000,30.6,28.7,995.4,0,0,0,0,0
2024-07-26T21:00:00,28.584511,77.205783,215,VIDP,,0.0,2700,2000,29.8,28.4,995.4,0,0,0,0,0
2024-07-27T00:00:00,28.584511,77.205783,215,VIDP,,0.0,2700,2000,29.2,28.4,995.8,0,0,0,0,0
2024-07-27T03:00:00,28.584511,77.205783,215,VIDP,90,2.1,3000,2000,29.2,28.7,997.2,0,0,0,0,0
2024-07-27T03:00:00,28.584511,77.205783,215,VIDP,90,2.1,3048,2800,31.0,29.0,,1,0,0,0,0
2024-07-27T06:00:00,28.584511,77.205783,215,VIDP,,0.0,1050,2000,34.0,28.6,997.1,0,0,0,0,0
2024-07-27T09:00:00,28.584511,77.205783,215,VIDP,,0.0,1050,2000,34.8,28.6,994.9,0,0,0,0,0
2024-07-27T12:00:00,28.584511,77.205783,215,VIDP,,0.0,3000,2000,34.2,28.5,993.9,0,0,0,0,0
2024-07-27T15:00:00,28.584511,77.205783,215,VIDP,,0.0,3000,2000,30.4,27.9,996.5,0,0,0,0,0
2024-07-27T18:00:00,28.584511,77.205783,215,VIDP,,0.0,3000,2000,29.2,27.5,997.6,0,0,0,0,0
2024-07-27T21:00:00,28.584511,77.205783,215,VIDP,,0.0,3000,2000,28.6,27.2,996.7,0,0,0,0,0
2024-07-28T00:00:00,28.584511,77.205783,215,VIDP,,0.0,,2000,28.6,27.5,997.2,0,0,0,0,0
2024-07-28T03:00:00,28.584511,77.205783,215,VIDP,50,1.0,22000,4000,32.0,27.6,997.7,0,0,0,0,0
2024-07-28T06:00:00,28.584511,77.205783,215,VIDP,90,2.1,3000,4000,36.6,27.6,996.9,0,0,0,0,0
2024-07-28T09:00:00,28.584511,77.205783,215,VIDP,90,3.1,,4000,37.2,27.7,994.8,0,0,0,0,0
2024-07-28T12:00:00,28.584511,77.205783,215,VIDP,140,2.1,3000,4000,37.2,28.3,993.7,0,0,0,0,0
2024-07-28T15:00:00,28.584511,77.205783,215,VIDP,70,2.1,,4000,33.8,28.4,995.5,0,0,0,0,0
2024-07-28T18:00:00,28.584511,77.205783,215,VIDP,90,2.1,3000,4000,32.4,27.2,996.1,0,0,0,0,0
2024-07-28T21:00:00,28.584511,77.205783,215,VIDP,,1.0,3000,4000,31.4,27.3,996.1,0,0,0,0,0
2024-07-29T00:00:00,28.584511,77.205783,215,VIDP,70,1.5,22000,4000,30.2,27.4,996.7,0,0,0,0,0
2024-07-29T03:00:00,28.584511,77.205783,215,VIDP,90,3.1,22000,4000,32.4,28.0,998.0,0,0,0,0,0
2024-07-29T06:00:00,28.584511,77.205783,215,VIDP,90,4.1,,4000,35.8,27.9,997.3,0,0,0,0,0
2024-07-29T09:00:00,28.584511,77.205783,215,VIDP,70,3.1,3000,4000,37.8,28.4,994.7,0,0,0,0,0
2024-07-29T12:00:00,28.584511,77.205783,215,VIDP,70,2.1,22000,4000,37.0,27.8,993.7,0,0,0,0,0
2024-07-29T15:00:00,28.584511,77.205783,215,VIDP,110,1.5,22000,4000,34.0,27.7,996.4,0,0,0,0,0
2024-07-29T18:00:00,28.584511,77.205783,215,VIDP,,0.0,22000,4000,32.8,28.7,998.1,0,0,0,0,0
2024-07-29T21:00:00,28.584511,77.205783,215,VIDP,70,2.1,3000,4000,32.2,27.8,997.3,0,0,0,0,0
2024-07-30T00:00:00,28.584511,77.205783,215,VIDP,70,1.5,22000,2000,31.4,28.7,997.8,0,0,0,0,0
2024-07-30T03:00:00,28.584511,77.205783,215,VIDP,90,1.5,22000,2000,33.0,28.7,999.0,0,0,0,0,0
2024-07-30T06:00:00,28.584511,77.205783,215,VIDP,140,2.1,22000,4000,37.2,27.7,998.4,0,0,0,0,0
2024-07-30T07:00:00,28.584511,77.205783,215,VIDP,130,1.5,3500,4000,38.0,28.0,,0,1,0,0,0
2024-07-30T09:00:00,28.584511,77.205783,215,VIDP,140,1.5,,4000,38.8,27.7,996.8,0,0,0,0,0
2024-07-30T12:00:00,28.584511,77.205783,215,VIDP,200,1.5,1200,4000,38.0,28.0,995.2,0,0,0,0,0
2024-07-30T15:00:00,28.584511,77.205783,215,VIDP,250,2.6,3000,4000,34.6,28.4,997.7,0,0,0,0,0
2024-07-30T18:00:00,28.584511,77.205783,215,VIDP,,0.0,3000,2000,32.6,28.2,998.4,0,0,0,0,0
2024-07-30T21:00:00,28.584511,77.205783,215,VIDP,,0.0,22000,2000,31.6,28.3,997.7,0,0,0,0,0
2024-07-31T00:00:00,28.584511,77.205783,215,VIDP,230,1.5,22000,2000,31.4,28.1,997.6,0,0,0,0,0
2024-07-31T03:00:00,28.584511,77.205783,215,VIDP,250,4.1,2700,2000,32.2,28.1,998.8,0,0,0,0,0
2024-07-31T06:00:00,28.584511,77.205783,215,VIDP,270,2.6,2700,4000,34.4,28.4,998.1,0,0,0,0,0
2024-07-31T09:00:00,28.584511,77.205783,215,VIDP,270,1.5,2700,4000,36.4,28.6,996.3,0,0,0,0,0
2024-07-31T12:00:00,28.584511,77.205783,215,VIDP,180,1.0,2700,4000,37.0,28.7,993.6,0,0,0,0,0
2024-07-31T15:00:00,28.584511,77.205783,215,VIDP,160,4.1,1050,2000,26.2,26.2,998.2,0,0,0,0,0
2024-07-31T18:00:00,28.584511,77.205783,215,VIDP,160,4.1,1050,1000,25.6,25.6,999.9,0,0,0,0,0
2024-08-01T00:00:00,28.584511,77.205783,215,VIDP,,0.0,1050,2000,26.0,26.0,998.1,0,0,0,0,0
2024-08-01T03:00:00,28.584511,77.205783,215,VIDP,,0.0,2700,2000,26.6,26.0,999.3,0,0,0,0,0
2024-08-01T06:00:00,28.584511,77.205783,215,VIDP,110,1.0,2700,4000,29.0,26.8,999.6,0,0,0,0,0
2024-08-01T09:00:00,28.584511,77.205783,215,VIDP,70,1.0,3000,4000,32.0,26.7,997.6,0,0,0,0,0
2024-08-01T12:00:00,28.584511,77.205783,215,VIDP,90,1.5,3000,4000,32.8,26.4,995.7,0,0,0,0,0
2024-08-01T15:00:00,28.584511,77.205783,215,VIDP,,0.0,3000,4000,30.2,27.2,997.5,0,0,0,0,0
2024-08-01T18:00:00,28.584511,77.205783,215,VIDP,,0.0,3000,4000,29.4,26.9,998.3,0,0,0,0,0
2024-08-01T21:00:00,28.584511,77.205783,215,VIDP,,0.0,900,2000,27.6,27.6,996.6,0,0,0,0,0
2024-08-02T00:00:00,28.584511,77.205783,215,VIDP,,0.0,22000,2000,27.6,27.6,996.7,0,0,0,0,0
2024-08-02T03:00:00,28.584511,77.205783,215,VIDP,90,1.5,3000,2000,30.2,28.0,997.5,0,0,0,0,0
2024-08-02T06:00:00,28.584511,77.205783,215,VIDP,70,2.6,3000,4000,33.0,27.8,996.5,0,0,0,0,0
2024-08-02T08:01:00,28.584511,77.205783,215,VIDP,80,2.6,3048,4000,33.0,28.0,,1,0,1,0,1
2024-08-02T08:30:00,28.584511,77.205783,215,VIDP,90,2.1,3048,4000,32.0,26.0,,0,1,1,0,1
2024-08-02T09:00:00,28.584511,77.205783,215,VIDP,70,2.1,3000,4000,31.2,26.5,995.5,0,0,0,0,0
2024-08-02T10:30:00,28.584511,77.205783,215,VIDP,70,3.1,3048,4000,31.0,27.0,,1,0,0,0,0
2024-08-02T12:00:00,28.584511,77.205783,215,VIDP,70,2.1,3000,4000,32.4,27.8,994.5,0,0,0,0,0
2024-08-02T15:00:00,28.584511,77.205783,215,VIDP,70,1.5,1050,2000,30.6,27.6,996.3,0,0,0,0,0
2024-08-02T18:00:00,28.584511,77.205783,215,VIDP,,0.0,,2000,29.8,27.6,997.4,0,0,0,0,0
2024-08-02T21:00:00,28.584511,77.205783,215,VIDP,,0.0,,2000,29.0,27.3,997.0,0,0,0,0,0
2024-08-03T00:00:00,28.584511,77.205783,215,VIDP,70,2.1,3000,2000,28.0,26.3,997.4,0,0,0,0,0
2024-08-03T03:00:00,28.584511,77.205783,215,VIDP,90,2.6,3000,2000,29.4,26.6,998.7,0,0,0,0,0
2024-08-03T06:00:00,28.584511,77.205783,215,VIDP,70,3.1,3000,4000,33.4,26.5,998.9,0,0,0,0,0
2024-08-03T09:00:00,28.584511,77.205783,215,VIDP,140,2.1,1050,4000,34.4,27.0,997.7,0,0,0,0,0
2024-08-03T12:00:00,28.584511,77.205783,215,VIDP,90,2.1,,4000,33.6,26.7,996.9,0,0,0,0,0
2024-08-03T15:00:00,28.584511,77.205783,215,VIDP,90,2.6,22000,4000,31.0,25.4,999.2,0,0,0,0,0
2024-08-03T18:00:00,28.584511,77.205783,215,VIDP,110,2.6,3000,4000,29.6,26.0,1001.2,0,0,0,0,0
2024-08-04T00:00:00,28.584511,77.205783,215,VIDP,70,1.5,3000,2000,28.6,25.8,999.9,0,0,0,0,0
2024-08-04T03:00:00,28.584511,77.205783,215,VIDP,90,3.1,3000,4000,30.4,25.3,1001.1,0,0,0,0,0
2024-08-04T06:00:00,28.584511,77.205783,215,VIDP,90,4.6,3000,4000,34.2,24.9,1000.9,0,0,0,0,0
2024-08-04T09:00:00,28.584511,77.205783,215,VIDP,70,2.6,3000,4000,34.6,26.0,998.6,0,0,0,0,0
2024-08-04T12:00:00,28.584511,77.205783,215,VIDP,50,3.1,3000,4000,34.8,26.8,997.2,0,0,0,0,0
2024-08-04T15:00:00,28.584511,77.205783,215,VIDP,,0.0,3000,4000,27.0,27.0,999.4,0,0,0,0,0
2024-08-04T18:00:00,28.584511,77.205783,215,VIDP,50,4.6,22000,2000,28.2,26.6,1000.5,0,0,0,0,0
2024-08-04T21:00:00,28.584511,77.205783,215,VIDP,90,3.1,3000,2000,27.8,26.7,999.1,0,0,0,0,0
2024-08-05T00:00:00,28.584511,77.205783,215,VIDP,90,4.1,3000,2000,28.2,25.7,999.6,0,0,0,0,0
2024-08-05T03:00:00,28.584511,77.205783,215,VIDP,70,4.6,3000,2000,29.4,26.0,1000.2,0,0,0,0,0
2024-08-05T06:00:00,28.584511,77.205783,215,VIDP,90,5.1,2700,4000,31.4,25.8,1000.9,0,0,0,0,0
2024-08-05T09:00:00,28.584511,77.205783,215,VIDP,90,3.6,1050,4000,32.4,26.3,999.3,0,0,0,0,0
2024-08-05T12:00:00,28.584511,77.205783,215,VIDP,70,3.1,3000,4000,32.4,27.2,997.5,0,0,0,0,0
2024-08-05T15:00:00,28.584511,77.205783,215,VIDP,70,2.6,22000,4000,30.6,26.7,999.0,0,0,0,0,0
2024-08-05T18:00:00,28.584511,77.205783,215,VIDP,110,1.5,22000,4000,29.8,27.0,1000.2,0,0,0,0,0
2024-08-05T21:00:00,28.584511,77.205783,215,VIDP,140,2.1,22000,4000,29.0,26.5,998.8,0,0,0,0,0
2024-08-06T00:00:00,28.584511,77.205783,215,VIDP,,1.0,,4000,28.0,26.3,998.4,0,0,0,0,0
2024-08-06T03:00:00,28.584511,77.205783,215,VIDP,,1.0,,4000,28.8,25.4,999.5,0,0,0,0,0
2024-08-06T04:30:00,28.584511,77.205783,215,VIDP,140,1.5,914,4000,29.0,26.0,,1,0,0,0,0
2024-08-06T06:00:00,28.584511,77.205783,215,VIDP,140,1.0,900,4000,31.2,25.9,999.0,0,0,0,0,0
2024-08-06T09:00:00,28.584511,77.205783,215,VIDP,180,1.5,22000,4000,34.0,25.9,997.3,0,0,0,0,0
2024-08-06T12:00:00,28.584511,77.205783,215,VIDP,180,3.1,3000,4000,33.2,26.0,995.8,0,0,0,0,0
2024-08-06T15:00:00,28.584511,77.205783,215,VIDP,230,2.6,3000,4000,30.8,26.0,997.3,0,0,0,0,0
2024-08-06T18:00:00,28.584511,77.205783,215,VIDP,230,2.6,3000,4000,29.2,25.2,999.2,0,0,0,0,0
2024-08-06T21:00:00,28.584511,77.205783,215,VIDP,230,2.1,3000,4000,28.4,26.4,998.3,0,0,0,0,0
2024-08-07T00:00:00,28.584511,77.205783,215,VIDP,,0.0,3000,4000,28.0,25.7,998.5,0,0,0,0,0
2024-08-07T03:00:00,28.584511,77.205783,215,VIDP,,0.0,2700,2000,27.8,26.4,1000.0,0,0,0,0,0
2024-08-07T06:00:00,28.584511,77.205783,215,VIDP,230,2.1,2700,2000,29.0,27.1,1000.4,0,0,0,0,0
2024-08-07T09:00:00,28.584511,77.205783,215,VIDP,90,1.5,1050,4000,31.2,27.1,998.6,0,0,0,0,0
2024-08-07T12:00:00,28.584511,77.205783,215,VIDP,90,2.6,750,2000,27.2,27.2,998.9,0,0,0,0,0
2024-08-07T15:00:00,28.584511,77.205783,215,VIDP,70,1.5,1050,2000,27.4,27.4,1000.5,0,0,0,0,0
2024-08-07T18:00:00,28.584511,77.205783,215,VIDP,90,1.5,1050,2000,27.0,27.0,1001.6,0,0,0,0,0
2024-08-07T21:00:00,28.584511,77.205783,215,VIDP,90,1.5,1050,2000,26.4,26.1,1000.0,0,0,0,0,0
2024-08-08T00:00:00,28.584511,77.205783,215,VIDP,90,1.5,900,2000,26.6,26.3,1000.5,0,0,0,0,0
2024-08-08T03:00:00,28.584511,77.205783,215,VIDP,70,1.5,900,2000,28.0,27.2,1002.0,0,0,0,0,0
2024-08-08T06:00:00,28.584511,77.205783,215,VIDP,90,3.1,900,2000,31.2,27.6,1002.1,0,0,0,0,0
2024-08-08T09:00:00,28.584511,77.205783,215,VIDP,90,4.1,1050,4000,32.8,27.0,1000.0,0,0,0,0,0
2024-08-08T12:00:00,28.584511,77.205783,215,VIDP,70,2.6,3000,4000,32.0,27.9,999.4,0,0,0,0,0
2024-08-08T15:00:00,28.584511,77.205783,215,VIDP,,0.0,2700,4000,28.8,26.6,1001.8,0,0,0,0,0
2024-08-08T18:00:00,28.584511,77.205783,215,VIDP,,0.0,2700,4000,28.0,26.6,1002.7,0,0,0,0,0
2024-08-08T21:00:00,28.584511,77.205783,215,VIDP,,0.0,2700,4000,27.8,26.7,1001.5,0,0,0,0,0
2024-08-09T00:00:00,28.584511,77.205783,215,VIDP,,0.0,2700,4000,27.8,26.7,1001.5,0,0,0,0,0
2024-08-09T03:00:00,28.584511,77.205783,215,VIDP,90,2.1,2700,2000,29.8,27.0,1003.2,0,0,0,0,0
2024-08-09T06:00:00,28.584511,77.205783,215,VIDP,70,2.6,2700,2000,32.8,27.9,1002.6,0,0,0,0,0
2024-08-09T09:00:00,28.584511,77.205783,215,VIDP,110,2.6,2700,2000,34.6,27.8,1000.4,0,0,0,0,0
2024-08-09T12:00:00,28.584511,77.205783,215,VIDP,50,2.6,2700,2000,28.0,28.0,1000.8,0,0,0,0,0
2024-08-09T15:00:00,28.584511,77.205783,215,VIDP,140,1.5,1050,2000,27.8,27.2,1002.6,0,0,0,0,0
2024-08-09T18:00:00,28.584511,77.205783,215,VIDP,,0.0,3000,2000,27.4,27.1,1002.8,0,0,0,0,0
2024-08-09T21:00:00,28.584511,77.205783,215,VIDP,,1.0,3000,2000,27.4,27.4,1001.3,0,0,0,0,0
2024-08-10T00:00:00,28.584511,77.205783,215,VIDP,,0.0,900,1000,27.4,27.1,1001.9,0,0,0,0,0
2024-08-10T03:00:00,28.584511,77.205783,215,VIDP,90,1.5,2700,2000,29.0,27.6,1002.3,0,0,0,0,0
2024-08-10T06:00:00,28.584511,77.205783,215,VIDP,110,1.0,2700,2000,31.6,28.1,1002.4,0,0,0,0,0
2024-08-10T09:00:00,28.584511,77.205783,215,VIDP,230,3.1,1050,2000,30.8,27.8,1000.0,0,0,0,0,0
2024-08-10T12:00:00,28.584511,77.205783,215,VIDP,,0.0,2700,2000,29.4,27.8,999.3,0,0,0,0,0
2024-08-10T15:00:00,28.584511,77.205783,215,VIDP,140,1.5,3000,4000,29.0,27.3,1000.7,0,0,0,0,0
2024-08-10T18:00:00,28.584511,77.205783,215,VIDP,110,1.5,3000,2000,28.4,27.3,1000.6,0,0,0,0,0
2024-08-10T21:00:00,28.584511,77.205783,215,VIDP,,0.0,1050,2000,28.4,27.9,999.7,0,0,0,0,0
2024-08-11T00:00:00,28.584511,77.205783,215,VIDP,,0.0,1050,2000,27.4,27.4,999.3,0,0,0,0,0
2024-08-11T03:00:00,28.584511,77.205783,215,VIDP,70,1.5,1050,2000,29.0,27.6,1000.5,0,0,0,0,0
2024-08-11T06:00:00,28.584511,77.205783,215,VIDP,,0.0,900,2000,28.2,27.1,1001.5,0,0,0,0,0
2024-08-11T09:00:00,28.584511,77.205783,215,VIDP,270,1.5,3000,4000,29.8,26.7,999.0,0,0,0,0,0
2024-08-11T12:00:00,28.584511,77.205783,215,VIDP,,1.0,750,2000,26.2,26.2,999.1,0,0,0,0,0
2024-08-11T15:00:00,28.584511,77.205783,215,VIDP,,0.0,900,2000,26.8,26.8,1000.4,0,0,0,0,0
2024-08-11T18:00:00,28.584511,77.205783,215,VIDP,,0.0,2700,2000,27.0,26.7,1001.5,0,0,0,0,0
2024-08-13T00:00:00,28.584511,77.205783,215,VIDP,,0.0,1050,2000,27.2,26.4,1001.8,0,0,0,0,0
2024-08-13T03:00:00,28.584511,77.205783,215,VIDP,70,2.6,2700,2000,27.6,27.0,1003.4,0,0,0,0,0
2024-08-13T06:00:00,28.584511,77.205783,215,VIDP,70,2.6,2700,2000,32.0,27.6,1003.7,0,0,0,0,0
2024-08-13T09:00:00,28.584511,77.205783,215,VIDP,180,1.5,2700,2000,27.8,27.8,1001.8,0,0,0,0,0
2024-08-13T12:00:00,28.584511,77.205783,215,VIDP,90,1.5,2700,2000,29.6,28.2,1000.4,0,0,0,0,0
2024-08-13T15:00:00,28.584511,77.205783,215,VIDP,,0.0,3000,2000,29.0,28.2,1002.3,0,0,0,0,0
2024-08-13T18:00:00,28.584511,77.205783,215,VIDP,,1.0,22000,2000,28.6,28.1,1003.3,0,0,0,0,0
2024-08-13T21:00:00,28.584511,77.205783,215,VIDP,,0.0,3000,2000,28.0,27.6,1002.4,0,0,0,0,0
2024-08-14T00:00:00,28.584511,77.205783,215,VIDP,,0.0,3000,2000,27.8,27.5,1002.5,0,0,0,0,0
2024-08-14T01:30:00,28.584511,77.205783,215,VIDP,,1.0,3048,2200,28.0,28.0,,1,0,0,1,0
2024-08-14T02:00:00,28.584511,77.205783,215,VIDP,,1.0,914,2200,29.0,28.0,,1,0,0,1,0
2024-08-14T02:30:00,28.584511,77.205783,215,VIDP,,1.0,3048,2200,29.0,28.0,,1,0,0,1,0
2024-08-14T03:00:00,28.584511,77.205783,215,VIDP,50,1.5,3000,2000,29.2,27.8,1003.9,0,0,0,0,0
2024-08-14T03:30:00,28.584511,77.205783,215,VIDP,70,2.1,3048,2500,30.0,28.0,,1,0,0,0,0
2024-08-14T04:00:00,28.584511,77.205783,215,VIDP,80,2.1,3048,2800,31.0,28.0,,1,0,0,0,0
2024-08-14T04:30:00,28.584511,77.205783,215,VIDP,100,1.0,3048,3000,31.0,28.0,,1,0,0,0,0
2024-08-14T05:30:00,28.584511,77.205783,215,VIDP,90,1.5,3048,3500,33.0,28.0,,0,1,0,0,0
2024-08-14T06:00:00,28.584511,77.205783,215,VIDP,90,1.5,,4000,33.6,27.3,1003.5,0,0,0,0,0
2024-08-14T06:00:00,28.584511,77.205783,215,VIDP,90,1.5,3500,4000,34.0,27.0,,0,1,0,0,0
2024-08-14T06:30:00,28.584511,77.205783,215,VIDP,80,2.6,3500,4500,34.0,27.0,,0,1,0,0,0
2024-08-14T07:00:00,28.584511,77.205783,215,VIDP,80,2.1,3500,4500,34.0,27.0,,0,1,0,0,0
2024-08-14T07:30:00,28.584511,77.205783,215,VIDP,70,2.1,3500,4500,34.0,27.0,,0,1,0,0,0
2024-08-14T08:00:00,28.584511,77.205783,215,VIDP,90,2.1,3500,4500,34.0,27.0,,0,1,0,0,0
2024-08-14T08:30:00,28.584511,77.205783,215,VIDP,90,2.1,3500,4500,35.0,27.0,,0,1,1,0,1
2024-08-14T09:00:00,28.584511,77.205783,215,VIDP,90,4.1,3000,4000,35.2,27.0,1001.8,0,0,0,0,0
2024-08-14T12:00:00,28.584511,77.205783,215,VIDP,160,1.5,3000,4000,34.0,27.7,999.7,0,0,0,0,0
2024-08-14T15:00:00,28.584511,77.205783,215,VIDP,,0.0,,4000,31.0,27.7,1001.8,0,0,0,0,0
2024-08-14T18:00:00,28.584511,77.205783,215,VIDP,,0.0,,4000,30.0,27.8,1002.9,0,0,0,0,0
2024-08-14T21:00:00,28.584511,77.205783,215,VIDP,70,1.5,,4000,29.4,27.8,1001.7,0,0,0,0,0
2024-08-15T00:00:00,28.584511,77.205783,215,VIDP,50,2.1,,2000,28.8,27.4,1002.2,0,0,0,0,0
2024-08-15T03:00:00,28.584511,77.205783,215,VIDP,90,1.5,1050,2000,29.4,28.0,1003.1,0,0,0,0,0
2024-08-15T06:00:00,28.584511,77.205783,215,VIDP,90,2.6,1050,4000,32.8,27.3,1002.4,0,0,0,0,0
2024-08-15T09:00:00,28.584511,77.205783,215,VIDP,140,1.5,1050,4000,33.6,27.6,1000.0,0,0,0,0,0
2024-08-15T12:00:00,28.584511,77.205783,215,VIDP,,1.0,1050,4000,29.8,29.5,998.4,0,0,0,0,0
2024-08-15T15:00:00,28.584511,77.205783,215,VIDP,200,2.6,1050,2000,29.4,28.0,1000.4,0,0,0,0,0
2024-08-15T18:00:00,28.584511,77.205783,215,VIDP,,0.0,1050,2000,27.0,27.0,1001.6,0,0,0,0,0
2024-08-15T21:00:00,28.584511,77.205783,215,VIDP,,0.0,2700,2000,27.0,27.0,1000.4,0,0,0,0,0
2024-08-16T00:00:00,28.584511,77.205783,215,VIDP,,0.0,2700,2000,27.2,26.9,1000.2,0,0,0,0,0
2024-08-16T03:00:00,28.584511,77.205783,215,VIDP,,1.0,2700,2000,29.0,28.5,1001.3,0,0,0,0,0
2024-08-16T06:00:00,28.584511,77.205783,215,VIDP,110,1.5,1050,4000,33.2,28.0,1001.1,0,0,0,0,0
2024-08-16T09:00:00,28.584511,77.205783,215,VIDP,140,4.1,3000,4000,34.6,27.2,999.0,0,0,0,0,0
2024-08-16T12:00:00,28.584511,77.205783,215,VIDP,140,2.1,1050,4000,32.8,26.7,998.3,0,0,0,0,0
2024-08-16T15:00:00,28.584511,77.205783,215,VIDP,,0.0,1050,4000,29.0,28.7,1001.6,0,0,0,0,0
2024-08-16T18:00:00,28.584511,77.205783,215,VIDP,,0.0,2700,4000,29.2,28.1,1002.7,0,0,0,0,0
2024-08-16T21:00:00,28.584511,77.205783,215,VIDP,,0.0,2700,4000,28.8,28.0,1002.8,0,0,0,0,0
2024-08-17T00:00:00,28.584511,77.205783,215,VIDP,,0.0,2700,4000,28.2,27.6,1002.5,0,0,0,0,0
2024-08-17T03:00:00,28.584511,77.205783,215,VIDP,,0.0,22000,4000,29.4,28.0,1003.9,0,0,0,0,0
2024-08-17T06:00:00,28.584511,77.205783,215,VIDP,,0.0,3000,4000,33.2,27.7,1003.5,0,0,0,0,0
2024-08-17T09:00:00,28.584511,77.205783,215,VIDP,290,2.6,1050,4000,34.0,28.0,1002.0,0,0,0,0,0
2024-08-17T12:00:00,28.584511,77.205783,215,VIDP,,0.0,3000,4000,31.8,26.5,1001.6,0,0,0,0,0
2024-08-17T15:00:00,28.584511,77.205783,215,VIDP,,0.0,2700,4000,30.2,27.4,1003.4,0,0,0,0,0
2024-08-17T18:00:00,28.584511,77.205783,215,VIDP,,0.0,22000,4000,29.6,27.7,1003.7,0,0,0,0,0
2024-08-17T21:00:00,28.584511,77.205783,215,VIDP,,0.0,22000,4000,29.0,27.6,1003.3,0,0,0,0,0
2024-08-18T00:00:00,28.584511,77.205783,215,VIDP,250,2.1,,4000,28.6,27.2,1003.3,0,0,0,0,0
2024-08-18T03:00:00,28.584511,77.205783,215,VIDP,270,2.6,22000,4000,30.0,27.2,1004.5,0,0,0,0,0
2024-08-18T06:00:00,28.584511,77.205783,215,VIDP,270,2.6,3000,4000,33.8,27.2,1005.0,0,0,0,0,0
2024-08-18T09:00:00,28.584511,77.205783,215,VIDP,,0.0,1050,2000,31.6,27.5,1003.2,0,0,0,0,0
2024-08-18T09:00:00,28.584511,77.205783,215,VIDP,0,0.0,2743,3000,32.0,27.0,,1,0,1,0,1
2024-08-18T12:00:00,28.584511,77.205783,215,VIDP,270,2.1,2700,4000,32.6,26.8,1001.8,0,0,0,0,0
2024-08-18T15:00:00,28.584511,77.205783,215,VIDP,,0.0,3000,4000,31.2,27.8,1003.2,0,0,0,0,0
2024-08-18T18:00:00,28.584511,77.205783,215,VIDP,,0.0,3000,4000,30.2,28.0,1003.9,0,0,0,0,0
2024-08-18T21:00:00,28.584511,77.205783,215,VIDP,,0.0,3000,4000,29.6,28.0,1003.5,0,0,0,0,0
2024-08-19T00:00:00,28.584511,77.205783,215,VIDP,,0.0,3000,2000,28.6,26.9,1003.1,0,0,0,0,0
2024-08-19T03:00:00,28.584511,77.205783,215,VIDP,250,2.1,22000,2000,30.2,27.7,1004.3,0,0,0,0,0
2024-08-19T06:00:00,28.584511,77.205783,215,VIDP,270,2.6,1050,4000,34.2,26.4,1003.5,0,0,0,0,0
2024-08-19T09:00:00,28.584511,77.205783,215,VIDP,270,2.6,2700,4000,35.0,26.4,1000.6,0,0,0,0,0
2024-08-19T12:00:00,28.584511,77.205783,215,VIDP,270,1.5,2700,4000,33.0,26.0,999.8,0,0,0,0,0
2024-08-19T15:00:00,28.584511,77.205783,215,VIDP,,0.0,3000,4000,31.0,25.4,1001.4,0,0,0,0,0
2024-08-19T18:00:00,28.584511,77.205783,215,VIDP,,0.0,3000,4000,29.6,26.8,1003.0,0,0,0,0,0
2024-08-19T21:00:00,28.584511,77.205783,215,VIDP,,0.0,3000,2000,29.0,25.6,1002.4,0,0,0,0,0
2024-08-20T00:00:00,28.584511,77.205783,215,VIDP,360,1.5,3000,2000,28.5,25.3,1002.4,0,0,0,0,0
2024-08-20T03:00:00,28.584511,77.205783,215,VIDP,,0.0,900,4000,25.2,25.2,1004.5,0,0,0,0,0
2024-08-20T06:00:00,28.584511,77.205783,215,VIDP,,0.0,2700,2000,26.8,26.5,1004.3,0,0,0,0,0
2024-08-20T09:00:00,28.584511,77.205783,215,VIDP,290,1.5,3000,4000,30.6,27.3,1002.1,0,0,0,0,0
2024-08-20T12:00:00,28.584511,77.205783,215,VIDP,340,1.0,3000,4000,32.4,26.6,1001.6,0,0,0,0,0
2024-08-20T15:00:00,28.584511,77.205783,215,VIDP,270,2.6,3000,4000,30.0,26.1,1003.0,0,0,0,0,0
2024-08-20T18:00:00,28.584511,77.205783,215,VIDP,,0.0,3000,2000,28.8,26.3,1004.7,0,0,0,0,0
2024-08-20T21:00:00,28.584511,77.205783,215,VIDP,,0.0,3000,2000,28.0,26.0,1004.1,0,0,0,0,0
2024-08-21T00:00:00,28.584511,77.205783,215,VIDP,,0.0,3000,4000,27.0,25.9,1004.3,0,0,0,0,0
2024-08-21T03:00:00,28.584511,77.205783,215,VIDP,,0.0,,4000,28.7,25.4,1005.1,0,0,0,0,0
2024-08-21T06:00:00,28.584511,77.205783,215,VIDP,250,1.5,,4000,34.0,25.0,1005.2,0,0,0,0,0
2024-08-21T09:00:00,28.584511,77.205783,215,VIDP,360,1.5,22000,4000,35.6,25.9,1002.5,0,0,0,0,0
2024-08-21T12:00:00,28.584511,77.205783,215,VIDP,140,1.5,3000,4000,33.0,26.6,1001.2,0,0,0,0,0
2024-08-21T15:00:00,28.584511,77.205783,215,VIDP,200,1.5,2700,4000,30.2,26.0,1003.5,0,0,0,0,0
2024-08-21T18:00:00,28.584511,77.205783,215,VIDP,,0.0,2700,4000,29.2,25.8,1004.0,0,0,0,0,0
2024-08-21T21:00:00,28.584511,77.205783,215,VIDP,,0.0,22000,4000,28.6,26.4,1003.5,0,0,0,0,0
2024-08-22T00:00:00,28.584511,77.205783,215,VIDP,,1.0,3000,2000,28.2,25.9,1003.0,0,0,0,0,0
2024-08-22T03:00:00,28.584511,77.205783,215,VIDP,290,2.6,3000,4000,30.0,26.4,1004.1,0,0,0,0,0
2024-08-22T06:00:00,28.584511,77.205783,215,VIDP,,1.0,22000,4000,34.6,26.3,1003.3,0,0,0,0,0
2024-08-22T09:00:00,28.584511,77.205783,215,VIDP,20,1.5,22000,4000,36.0,26.3,1000.2,0,0,0,0,0
2024-08-22T12:00:00,28.584511,77.205783,215,VIDP,,0.0,3000,4000,35.4,26.9,999.0,0,0,0,0,0
2024-08-22T15:00:00,28.584511,77.205783,215,VIDP,320,3.1,3000,4000,29.7,26.7,1002.9,0,0,0,0,0
2024-08-22T18:00:00,28.584511,77.205783,215,VIDP,320,2.1,3000,4000,28.6,25.3,1003.6,0,0,0,0,0
2024-08-22T21:00:00,28.584511,77.205783,215,VIDP,290,1.5,3000,2000,27.8,25.5,1003.1,0,0,0,0,0
2024-08-23T00:00:00,28.584511,77.205783,215,VIDP,,0.0,,2000,27.8,26.7,1003.5,0,0,0,0,0
2024-08-23T03:00:00,28.584511,77.205783,215,VIDP,340,1.0,3000,2000,29.0,26.2,1005.0,0,0,0,0,0
2024-08-23T06:00:00,28.584511,77.205783,215,VIDP,340,2.6,3000,2000,27.0,24.7,1006.3,0,0,0,0,0
2024-08-23T09:00:00,28.584511,77.205783,215,VIDP,,0.0,3000,2000,29.2,25.8,1003.0,0,0,0,0,0
2024-08-23T12:00:00,28.584511,77.205783,215,VIDP,,0.0,3000,2000,30.8,26.9,1001.4,0,0,0,0,0
2024-08-23T15:00:00,28.584511,77.205783,215,VIDP,,0.0,3000,4000,29.2,26.4,1003.4,0,0,0,0,0
2024-08-23T18:00:00,28.584511,77.205783,215,VIDP,,0.0,22000,4000,27.6,26.2,1004.7,0,0,0,0,0
2024-08-23T21:00:00,28.584511,77.205783,215,VIDP,,0.0,,2000,27.0,25.9,1003.8,0,0,0,0,0
2024-08-24T00:00:00,28.584511,77.205783,215,VIDP,,0.0,,2000,26.8,26.2,1003.7,0,0,0,0,0
2024-08-24T03:00:00,28.584511,77.205783,215,VIDP,,0.0,3000,2000,29.8,28.2,1005.0,0,0,0,0,0
2024-08-24T06:00:00,28.584511,77.205783,215,VIDP,50,1.5,3000,1000,32.4,28.0,1004.3,0,0,0,0,0
2024-08-24T09:00:00,28.584511,77.205783,215,VIDP,50,3.6,3000,2000,34.8,27.1,1001.2,0,0,0,0,0
2024-08-24T12:00:00,28.584511,77.205783,215,VIDP,340,1.5,,2000,34.0,29.2,999.0,0,0,0,0,0
2024-08-24T15:00:00,28.584511,77.205783,215,VIDP,,0.0,,2000,30.8,27.5,1001.2,0,0,0,0,0
2024-08-24T18:00:00,28.584511,77.205783,215,VIDP,,0.0,,2000,29.8,26.5,1002.4,0,0,0,0,0
2024-08-24T21:00:00,28.584511,77.205783,215,VIDP,,0.0,3000,2000,29.0,26.2,1002.0,0,0,0,0,0
2024-08-25T00:00:00,28.584511,77.205783,215,VIDP,70,2.1,,4000,27.0,26.2,1001.9,0,0,0,0,0
2024-08-25T03:00:00,28.584511,77.205783,215,VIDP,90,4.1,,4000,29.2,26.7,1002.3,0,0,0,0,0
2024-08-25T06:00:00,28.584511,77.205783,215,VIDP,90,4.1,3000,4000,33.4,26.8,1001.4,0,0,0,0,0
2024-08-25T09:00:00,28.584511,77.205783,215,VIDP,70,4.1,3000,4000,34.2,26.4,999.0,0,0,0,0,0
2024-08-25T12:00:00,28.584511,77.205783,215,VIDP,90,4.1,22000,4000,34.2,26.1,997.6,0,0,0,0,0
2024-08-25T15:00:00,28.584511,77.205783,215,VIDP,90,2.1,22000,2000,31.4,26.1,999.7,0,0,0,0,0
2024-08-25T18:00:00,28.584511,77.205783,215,VIDP,90,4.1,22000,2000,30.4,26.5,1000.3,0,0,0,0,0
2024-08-25T21:00:00,28.584511,77.205783,215,VIDP,90,3.1,22000,2000,29.4,26.0,999.2,0,0,0,0,0
2024-08-26T00:00:00,28.584511,77.205783,215,VIDP,70,2.1,22000,2000,28.2,26.2,1000.1,0,0,0,0,0
2024-08-26T03:00:00,28.584511,77.205783,215,VIDP,90,2.6,3000,2000,30.0,26.7,1001.5,0,0,0,0,0
2024-08-26T06:00:00,28.584511,77.205783,215,VIDP,90,3.1,3000,4000,33.6,27.0,1001.2,0,0,0,0,0
2024-08-26T09:00:00,28.584511,77.205783,215,VIDP,90,4.1,1050,2000,34.8,27.1,998.7,0,0,0,0,0
2024-08-26T12:00:00,28.584511,77.205783,215,VIDP,,0.0,1050,4000,31.0,26.3,998.8,0,0,0,0,0
2024-08-26T15:00:00,28.584511,77.205783,215,VIDP,70,2.6,3000,2000,30.0,26.4,1001.5,0,0,0,0,0
2024-08-26T18:00:00,28.584511,77.205783,215,VIDP,70,2.1,1050,2000,29.0,26.2,1002.8,0,0,0,0,0
2024-08-26T21:00:00,28.584511,77.205783,215,VIDP,,0.0,1050,2000,26.4,25.3,1002.1,0,0,0,0,0
2024-08-27T00:00:00,28.584511,77.205783,215,VIDP,70,3.1,1050,2000,26.4,26.1,1002.4,0,0,0,0,0
2024-08-27T03:00:00,28.584511,77.205783,215,VIDP,70,4.1,3000,2000,29.0,26.5,1003.5,0,0,0,0,0
2024-08-27T06:00:00,28.584511,77.205783,215,VIDP,70,4.1,3000,4000,32.6,25.9,1003.4,0,0,0,0,0
2024-08-27T09:00:00,28.584511,77.205783,215,VIDP,90,2.6,3000,4000,33.0,27.5,1001.5,0,0,0,0,0
2024-08-27T12:00:00,28.584511,77.205783,215,VIDP,110,2.6,2700,4000,29.4,25.4,1000.8,0,0,0,0,0
2024-08-27T15:00:00,28.584511,77.205783,215,VIDP,110,1.5,3000,4000,29.0,26.2,1004.6,0,0,0,0,0
2024-08-27T18:00:00,28.584511,77.205783,215,VIDP,140,1.0,3000,2000,28.4,26.7,1004.3,0,0,0,0,0
2024-08-27T21:00:00,28.584511,77.205783,215,VIDP,,0.0,3000,2000,27.6,25.9,1003.6,0,0,0,0,0
2024-08-28T00:00:00,28.584511,77.205783,215,VIDP,,0.0,2700,2000,25.0,25.0,1003.9,0,0,0,0,0
2024-08-28T03:00:00,28.584511,77.205783,215,VIDP,,0.0,3000,2000,27.4,26.8,1004.6,0,0,0,0,0
2024-08-28T06:00:00,28.584511,77.205783,215,VIDP,140,2.6,3000,2000,31.8,27.1,1004.1,0,0,0,0,0
2024-08-28T09:00:00,28.584511,77.205783,215,VIDP,70,1.5,3000,4000,33.6,26.7,1001.6,0,0,0,0,0
2024-08-28T12:00:00,28.584511,77.205783,215,VIDP,70,5.1,750,1000,30.0,27.2,1000.0,0,0,0,0,0
2024-08-28T15:00:00,28.584511,77.205783,215,VIDP,,0.0,2700,2000,27.4,26.8,1002.1,0,0,0,0,0
2024-08-28T18:00:00,28.584511,77.205783,215,VIDP,,0.0,2700,2000,27.6,26.8,1002.7,0,0,0,0,0
2024-08-28T21:00:00,28.584511,77.205783,215,VIDP,,0.0,1050,2000,27.2,26.4,1000.9,0,0,0,0,0
2024-08-29T00:00:00,28.584511,77.205783,215,VIDP,,0.0,1050,2000,25.2,25.2,1002.3,0,0,0,0,0
2024-08-29T03:00:00,28.584511,77.205783,215,VIDP,70,2.1,900,2000,25.8,25.8,1004.5,0,0,0,0,0
2024-08-29T06:00:00,28.584511,77.205783,215,VIDP,,1.0,750,1000,27.2,27.2,1004.8,0,0,0,0,0
2024-08-29T09:00:00,28.584511,77.205783,215,VIDP,140,3.1,1050,1000,28.0,28.0,1003.2,0,0,0,0,0
2024-08-29T12:00:00,28.584511,77.205783,215,VIDP,,0.0,3000,4000,27.6,27.0,1001.3,0,0,0,0,0
2024-08-29T15:00:00,28.584511,77.205783,215,VIDP,,0.0,,4000,27.2,26.6,1003.9,0,0,0,0,0
2024-08-29T18:00:00,28.584511,77.205783,215,VIDP,,0.0,22000,2000,26.6,26.3,1004.7,0,0,0,0,0
2024-08-29T21:00:00,28.584511,77.205783,215,VIDP,,0.0,22000,2000,26.0,25.7,1004.6,0,0,0,0,0
2024-08-30T00:00:00,28.584511,77.205783,215,VIDP,,0.0,22000,2000,25.6,25.3,1004.6,0,0,0,0,0
2024-08-30T03:00:00,28.584511,77.205783,215,VIDP,,0.0,22000,2000,28.2,27.6,1005.7,0,0,0,0,0
2024-08-30T06:00:00,28.584511,77.205783,215,VIDP,90,2.1,,2000,32.4,26.3,1006.6,0,0,0,0,0
2024-08-30T09:00:00,28.584511,77.205783,215,VIDP,270,1.5,,4000,33.8,26.9,1003.7,0,0,0,0,0
2024-08-30T12:00:00,28.584511,77.205783,215,VIDP,270,3.1,2700,4000,32.0,26.7,1003.2,0,0,0,0,0
2024-08-30T15:00:00,28.584511,77.205783,215,VIDP,250,1.0,,4000,28.8,25.8,1005.6,0,0,0,0,0
2024-08-30T18:00:00,28.584511,77.205783,215,VIDP,250,1.0,,4000,28.4,26.2,1006.0,0,0,0,0,0
2024-08-30T21:00:00,28.584511,77.205783,215,VIDP,250,1.0,,2000,28.0,26.0,1005.2,0,0,0,0,0
2024-08-31T00:00:00,28.584511,77.205783,215,VIDP,,0.0,3000,2000,27.0,25.6,1004.8,0,0,0,0,0
2024-08-31T03:00:00,28.584511,77.205783,215,VIDP,270,2.6,22000,2000,29.2,26.7,1005.2,0,0,0,0,0
2024-08-31T04:30:00,28.584511,77.205783,215,VIDP,270,3.1,3500,4000,32.0,26.0,,0,1,0,0,0
2024-08-31T06:00:00,28.584511,77.205783,215,VIDP,270,4.1,22000,4000,33.8,26.3,1004.6,0,0,0,0,0
2024-08-31T06:30:00,28.584511,77.205783,215,VIDP,320,2.1,3500,4000,34.0,26.0,,0,1,0,0,0
2024-08-31T08:00:00,28.584511,77.205783,215,VIDP,250,4.1,3500,4000,35.0,26.0,,0,1,0,0,0
2024-08-31T09:00:00,28.584511,77.205783,215,VIDP,290,2.6,22000,4000,35.0,25.8,1002.8,0,0,0,0,0
2024-08-31T12:00:00,28.584511,77.205783,215,VIDP,290,1.5,22000,4000,34.4,26.4,1001.4,0,0,0,0,0
2024-08-31T15:00:00,28.584511,77.205783,215,VIDP,,0.0,22000,2000,31.4,27.3,1003.5,0,0,0,0,0
2024-08-31T18:00:00,28.584511,77.205783,215,VIDP,,0.0,,2000,30.4,27.4,1003.8,0,0,0,0,0
2024-08-31T21:00:00,28.584511,77.205783,215,VIDP,,0.0,22000,2000,29.2,27.5,1003.2,0,0,0,0,0
2024-09-01T00:00:00,28.584511,77.205783,215,VIDP,,0.0,22000,2000,28.0,26.9,1003.7,0,0,0,0,0
2024-09-01T03:00:00,28.584511,77.205783,215,VIDP,290,2.6,22000,4000,30.2,27.2,1004.8,0,0,0,0,0
2024-09-01T06:00:00,28.584511,77.205783,215,VIDP,290,2.1,22000,4000,34.2,25.8,1004.4,0,0,0,0,0
2024-09-01T09:00:00,28.584511,77.205783,215,VIDP,290,2.1,3000,4000,35.2,26.3,1002.4,0,0,0,0,0
2024-09-01T12:00:00,28.584511,77.205783,215,VIDP,,0.0,,4000,35.2,26.3,1000.9,0,0,0,0,0
2024-09-01T15:00:00,28.584511,77.205783,215,VIDP,,0.0,3000,2000,31.8,27.4,1003.4,0,0,0,0,0
2024-09-01T18:00:00,28.584511,77.205783,215,VIDP,180,2.1,3000,2000,30.6,25.8,1004.5,0,0,0,0,0
2024-09-01T21:00:00,28.584511,77.205783,215,VIDP,,0.0,3000,2000,29.6,26.8,1004.5,0,0,0,0,0
2024-09-02T00:00:00,28.584511,77.205783,215,VIDP,,0.0,2700,2000,28.2,26.5,1004.5,0,0,0,0,0
2024-09-02T03:00:00,28.584511,77.205783,215,VIDP,110,1.5,2700,2000,28.8,26.6,1006.7,0,0,0,0,0
2024-09-02T06:00:00,28.584511,77.205783,215,VIDP,160,1.5,2700,2000,27.2,27.2,1006.9,0,0,0,0,0
2024-09-02T09:00:00,28.584511,77.205783,215,VIDP,90,2.6,2700,2000,30.4,27.9,1003.8,0,0,0,0,0
2024-09-02T12:00:00,28.584511,77.205783,215,VIDP,70,1.5,22000,2000,32.4,26.6,1001.7,0,0,0,0,0
2024-09-02T15:00:00,28.584511,77.205783,215,VIDP,,0.0,22000,2000,30.0,26.9,1003.8,0,0,0,0,0
2024-09-02T18:00:00,28.584511,77.205783,215,VIDP,70,2.1,22000,2000,29.0,26.8,1005.3,0,0,0,0,0
2024-09-02T21:00:00,28.584511,77.205783,215,VIDP,,0.0,3000,2000,28.8,26.9,1004.7,0,0,0,0,0
2024-09-03T00:00:00,28.584511,77.205783,215,VIDP,70,1.5,3000,2000,28.4,26.7,1004.6,0,0,0,0,0
2024-09-03T03:00:00,28.584511,77.205783,215,VIDP,140,2.1,3000,2000,30.6,27.3,1006.3,0,0,0,0,0
2024-09-03T06:00:00,28.584511,77.205783,215,VIDP,,0.0,3000,2000,32.6,26.5,1005.7,0,0,0,0,0
2024-09-03T09:00:00,28.584511,77.205783,215,VIDP,70,2.6,22000,4000,35.6,25.9,1002.5,0,0,0,0,0
2024-09-03T12:00:00,28.584511,77.205783,215,VIDP,,0.0,3000,4000,34.6,25.7,1001.7,0,0,0,0,0
2024-09-03T15:00:00,28.584511,77.205783,215,VIDP,,1.0,1050,2000,31.4,26.7,1004.7,0,0,0,0,0
2024-09-03T18:00:00,28.584511,77.205783,215,VIDP,,0.0,1050,2000,28.0,25.2,1005.8,0,0,0,0,0
2024-09-03T21:00:00,28.584511,77.205783,215,VIDP,,0.0,2700,2000,27.6,26.8,1003.8,0,0,0,0,0
2024-09-04T00:00:00,28.584511,77.205783,215,VIDP,,0.0,3000,2000,27.2,26.4,1004.1,0,0,0,0,0
2024-09-04T03:00:00,28.584511,77.205783,215,VIDP,,0.0,3000,2000,28.2,25.4,1003.5,0,0,0,0,0
2024-09-04T06:00:00,28.584511,77.205783,215,VIDP,270,1.5,3000,4000,32.2,26.1,1003.5,0,0,0,0,0
2024-09-04T09:00:00,28.584511,77.205783,215,VIDP,230,2.1,1050,2000,24.8,24.8,1003.5,0,0,0,0,0
2024-09-04T12:00:00,28.584511,77.205783,215,VIDP,,0.0,2700,4000,25.8,25.5,1000.2,0,0,0,0,0
2024-09-04T15:00:00,28.584511,77.205783,215,VIDP,,1.0,2700,4000,26.0,25.4,1001.6,0,0,0,0,0
2024-09-04T18:00:00,28.584511,77.205783,215,VIDP,,0.0,3000,4000,25.4,25.1,1001.7,0,0,0,0,0
2024-09-04T21:00:00,28.584511,77.205783,215,VIDP,,0.0,22000,2000,25.2,24.9,1001.1,0,0,0,0,0
2024-09-05T00:00:00,28.584511,77.205783,215,VIDP,,0.0,3000,2000,25.0,25.0,1001.2,0,0,0,0,0
2024-09-05T03:00:00,28.584511,77.205783,215,VIDP,,0.0,22000,4000,26.6,24.9,1002.5,0,0,0,0,0
2024-09-05T06:00:00,28.584511,77.205783,215,VIDP,,0.0,,4000,30.6,25.5,1002.9,0,0,0,0,0
2024-09-05T09:00:00,28.584511,77.205783,215,VIDP,,0.0,3000,4000,32.4,25.7,999.6,0,0,0,0,0
2024-09-05T12:00:00,28.584511,77.205783,215,VIDP,,0.0,1050,2000,32.4,26.0,998.2,0,0,0,0,0
2024-09-05T15:00:00,28.584511,77.205783,215,VIDP,,0.0,2700,2000,28.4,26.4,1000.4,0,0,0,0,0
2024-09-05T18:00:00,28.584511,77.205783,215,VIDP,,0.0,2700,2000,28.4,26.4,1001.5,0,0,0,0,0
2024-09-05T21:00:00,28.584511,77.205783,215,VIDP,,0.0,2700,2000,28.0,26.6,1000.9,0,0,0,0,0
2024-09-06T00:00:00,28.584511,77.205783,215,VIDP,,0.0,,2000,27.6,27.0,1001.1,0,0,0,0,0
2024-09-06T03:00:00,28.584511,77.205783,215,VIDP,,0.0,900,1000,25.6,25.6,1003.8,0,0,0,0,0
2024-09-06T06:00:00,28.584511,77.205783,215,VIDP,50,4.1,1050,2000,27.6,26.2,1004.6,0,0,0,0,0
2024-09-06T09:00:00,28.584511,77.205783,215,VIDP,90,2.6,3000,2000,30.6,26.4,1001.8,0,0,0,0,0
2024-09-06T12:00:00,28.584511,77.205783,215,VIDP,90,2.6,1050,2000,31.0,27.4,1001.5,0,0,0,0,0
2024-09-06T15:00:00,28.584511,77.205783,215,VIDP,90,2.1,2700,4000,28.2,25.7,1003.3,0,0,0,0,0
2024-09-06T18:00:00,28.584511,77.205783,215,VIDP,,0.0,2700,4000,26.8,24.8,1004.3,0,0,0,0,0
2024-09-06T21:00:00,28.584511,77.205783,215,VIDP,,0.0,2700,4000,26.6,24.9,1003.7,0,0,0,0,0
2024-09-07T00:00:00,28.584511,77.205783,215,VIDP,,1.0,3000,2000,26.2,25.1,1003.2,0,0,0,0,0
2024-09-07T03:00:00,28.584511,77.205783,215,VIDP,90,1.5,3000,2000,26.8,25.4,1005.2,0,0,0,0,0
2024-09-07T06:00:00,28.584511,77.205783,215,VIDP,50,1.0,3000,2000,29.6,25.7,1005.0,0,0,0,0,0
2024-09-07T09:00:00,28.584511,77.205783,215,VIDP,,0.0,3000,2000,33.4,26.8,1002.0,0,0,0,0,0
2024-09-07T12:00:00,28.584511,77.205783,215,VIDP,230,1.5,1050,2000,28.8,27.4,1002.2,0,0,0,0,0
2024-09-07T15:00:00,28.584511,77.205783,215,VIDP,250,1.5,900,1000,27.2,26.6,1003.9,0,0,0,0,0
2024-09-07T18:00:00,28.584511,77.205783,215,VIDP,,0.0,900,2000,27.0,26.4,1004.6,0,0,0,0,0
2024-09-07T21:00:00,28.584511,77.205783,215,VIDP,,0.0,3000,2000,27.0,26.4,1003.8,0,0,0,0,0
2024-09-08T00:00:00,28.584511,77.205783,215,VIDP,,0.0,3000,2000,27.0,26.4,1003.7,0,0,0,0,0
2024-09-08T03:00:00,28.584511,77.205783,215,VIDP,,0.0,2700,1000,28.2,26.5,1004.9,0,0,0,0,0
2024-09-08T04:30:00,28.584511,77.205783,215,VIDP,0,0.0,3048,1200,29.0,27.0,,1,0,1,0,0
2024-09-08T06:00:00,28.584511,77.205783,215,VIDP,230,3.1,2700,1000,29.4,26.9,1005.0,0,0,0,0,0
2024-09-08T09:00:00,28.584511,77.205783,215,VIDP,250,2.1,900,1000,28.0,26.9,1003.3,0,0,0,0,0
2024-09-08T12:00:00,28.584511,77.205783,215,VIDP,250,1.5,2700,1000,29.0,27.3,1001.7,0,0,0,0,0
2024-09-08T15:00:00,28.584511,77.205783,215,VIDP,,0.0,3000,1000,28.2,27.1,1002.6,0,0,0,0,0
2024-09-08T18:00:00,28.584511,77.205783,215,VIDP,,0.0,22000,1000,27.2,26.6,1002.4,0,0,0,0,0
2024-09-08T21:00:00,28.584511,77.205783,215,VIDP,270,1.5,22000,500,27.0,26.7,1001.5,0,0,0,0,0
2024-09-09T00:00:00,28.584511,77.205783,215,VIDP,,0.0,22000,500,26.8,26.5,1002.0,0,0,0,0,0
2024-09-09T03:00:00,28.584511,77.205783,215,VIDP,,0.0,22000,1000,28.4,27.0,1003.0,0,0,0,0,0
2024-09-09T06:00:00,28.584511,77.205783,215,VIDP,,0.0,,2000,32.2,27.0,1002.4,0,0,0,0,0
2024-09-09T09:00:00,28.584511,77.205783,215,VIDP,270,2.1,1050,2000,34.2,26.1,999.4,0,0,0,0,0
2024-09-09T12:00:00,28.584511,77.205783,215,VIDP,,0.0,1050,2000,31.0,26.0,999.4,0,0,0,0,0
2024-09-09T15:00:00,28.584511,77.205783,215,VIDP,,0.0,3000,2000,29.2,25.8,1000.0,0,0,0,0,0
2024-09-09T18:00:00,28.584511,77.205783,215,VIDP,,0.0,3000,2000,28.2,26.2,1001.0,0,0,0,0,0
2024-09-09T21:00:00,28.584511,77.205783,215,VIDP,,0.0,3000,2000,27.0,26.4,1000.4,0,0,0,0,0
2024-09-10T00:00:00,28.584511,77.205783,215,VIDP,,0.0,3000,1000,26.6,26.0,1000.7,0,0,0,0,0
2024-09-10T03:00:00,28.584511,77.205783,215,VIDP,,0.0,,2000,29.0,26.2,1002.2,0,0,0,0,0
2024-09-10T06:00:00,28.584511,77.205783,215,VIDP,,0.0,,2000,33.6,26.7,1001.8,0,0,0,0,0
2024-09-10T09:00:00,28.584511,77.205783,215,VIDP,,0.0,3000,2000,34.8,27.1,998.5,0,0,0,0,0
2024-09-10T12:00:00,28.584511,77.205783,215,VIDP,340,1.5,2700,2000,25.8,25.8,1000.1,0,0,0,0,0
2024-09-10T15:00:00,28.584511,77.205783,215,VIDP,,0.0,2700,2000,25.8,25.2,1000.6,0,0,0,0,0
2024-09-10T18:00:00,28.584511,77.205783,215,VIDP,,1.0,3000,2000,26.2,25.6,1000.8,0,0,0,0,0
2024-09-10T21:00:00,28.584511,77.205783,215,VIDP,,1.0,3000,2000,26.2,25.6,1000.1,0,0,0,0,0
2024-09-11T00:00:00,28.584511,77.205783,215,VIDP,,0.0,22000,2000,26.0,25.4,1000.8,0,0,0,0,0
2024-09-11T03:00:00,28.584511,77.205783,215,VIDP,140,1.0,1050,2000,27.0,25.6,1003.7,0,0,0,0,0
2024-09-11T06:00:00,28.584511,77.205783,215,VIDP,,0.0,3000,4000,29.4,26.0,1002.1,0,0,0,0,0
2024-09-11T09:00:00,28.584511,77.205783,215,VIDP,,0.0,900,2000,32.2,26.4,999.9,0,0,0,0,0
2024-09-11T12:00:00,28.584511,77.205783,215,VIDP,,0.0,900,2000,30.4,27.1,998.4,0,0,0,0,0
2024-09-11T15:00:00,28.584511,77.205783,215,VIDP,,0.0,900,2000,29.2,27.8,1000.1,0,0,0,0,0
2024-09-11T18:00:00,28.584511,77.205783,215,VIDP,,1.0,1050,2000,29.4,26.9,999.2,0,0,0,0,0
2024-09-11T21:00:00,28.584511,77.205783,215,VIDP,,0.0,1050,2000,27.6,27.3,998.1,0,0,0,0,0
2024-09-12T00:00:00,28.584511,77.205783,215,VIDP,90,2.1,1050,2000,25.4,25.4,998.6,0,0,0,0,0
2024-09-12T03:00:00,28.584511,77.205783,215,VIDP,70,1.5,900,2000,25.2,25.2,999.9,0,0,0,0,0
2024-09-12T06:00:00,28.584511,77.205783,215,VIDP,50,3.1,900,2000,27.0,26.4,1000.5,0,0,0,0,0
2024-09-12T09:00:00,28.584511,77.205783,215,VIDP,20,2.1,900,4000,27.4,25.7,999.0,0,0,0,0,0
2024-09-12T12:00:00,28.584511,77.205783,215,VIDP,20,2.6,900,4000,26.8,24.5,999.1,0,0,0,0,0
2024-09-12T15:00:00,28.584511,77.205783,215,VIDP,340,1.5,900,2000,24.8,24.8,1000.0,0,0,0,0,0
2024-09-12T18:00:00,28.584511,77.205783,215,VIDP,340,1.0,900,2000,24.6,24.3,999.8,0,0,0,0,0
2024-09-12T21:00:00,28.584511,77.205783,215,VIDP,320,1.5,900,2000,24.0,23.7,998.4,0,0,0,0,0
2024-09-13T00:00:00,28.584511,77.205783,215,VIDP,290,3.6,900,2000,23.8,23.8,998.5,0,0,0,0,0
2024-09-13T03:00:00,28.584511,77.205783,215,VIDP,270,4.1,900,4000,24.8,24.1,1000.1,0,0,0,0,0
2024-09-13T06:00:00,28.584511,77.205783,215,VIDP,250,3.1,900,4000,27.2,24.6,1000.7,0,0,0,0,0
2024-09-13T09:00:00,28.584511,77.205783,215,VIDP,250,2.1,900,4000,25.2,25.2,999.8,0,0,0,0,0
2024-09-13T21:00:00,28.584511,77.205783,215,VIDP,,0.0,900,1000,23.0,23.0,1001.1,0,0,0,0,0
2024-09-14T00:00:00,28.584511,77.205783,215,VIDP,,0.0,3000,1000,22.6,22.6,1001.0,0,0,0,0,0
2024-09-14T03:00:00,28.584511,77.205783,215,VIDP,250,4.1,900,1000,24.4,24.4,1002.8,0,0,0,0,0
2024-09-14T06:00:00,28.584511,77.205783,215,VIDP,270,3.1,3000,2000,28.4,25.9,1003.2,0,0,0,0,0
2024-09-14T09:00:00,28.584511,77.205783,215,VIDP,270,3.6,3000,2000,31.4,25.5,1001.1,0,0,0,0,0
2024-09-14T12:00:00,28.584511,77.205783,215,VIDP,270,3.6,3000,2000,31.2,28.8,1000.2,0,0,0,0,0
2024-09-14T15:00:00,28.584511,77.205783,215,VIDP,70,2.1,900,4000,27.4,26.6,1003.1,0,0,0,0,0
2024-09-14T18:00:00,28.584511,77.205783,215,VIDP,,0.0,3000,4000,26.0,24.6,1003.4,0,0,0,0,0
2024-09-14T21:00:00,28.584511,77.205783,215,VIDP,200,2.1,22000,4000,25.6,24.1,1001.7,0,0,0,0,0
2024-09-15T00:00:00,28.584511,77.205783,215,VIDP,250,2.6,22000,4000,25.4,23.7,1001.9,0,0,0,0,0
2024-09-15T03:00:00,28.584511,77.205783,215,VIDP,290,1.5,3000,4000,26.8,23.6,1003.5,0,0,0,0,0
2024-09-15T06:00:00,28.584511,77.205783,215,VIDP,270,5.1,3000,4000,30.6,23.7,1003.7,0,0,0,0,0
2024-09-15T09:00:00,28.584511,77.205783,215,VIDP,270,3.1,900,4000,33.0,23.8,1002.0,0,0,0,0,0
2024-09-15T12:00:00,28.584511,77.205783,215,VIDP,270,2.1,3000,4000,31.4,25.2,1000.8,0,0,0,0,0
2024-09-15T15:00:00,28.584511,77.205783,215,VIDP,,0.0,3000,4000,29.2,26.1,1002.9,0,0,0,0,0
2024-09-15T18:00:00,28.584511,77.205783,215,VIDP,,0.0,22000,4000,27.4,25.4,1003.7,0,0,0,0,0
2024-09-15T21:00:00,28.584511,77.205783,215,VIDP,,0.0,22000,4000,26.4,25.0,1002.2,0,0,0,0,0
2024-09-16T00:00:00,28.584511,77.205783,215,VIDP,250,2.1,22000,4000,26.0,25.1,1003.4,0,0,0,0,0
2024-09-16T03:00:00,28.584511,77.205783,215,VIDP,270,3.1,22000,4000,27.6,24.1,1005.1,0,0,0,0,0
2024-09-16T06:00:00,28.584511,77.205783,215,VIDP,270,3.1,22000,4000,31.6,23.5,1005.3,0,0,0,0,0
2024-09-16T09:00:00,28.584511,77.205783,215,VIDP,270,3.1,,4000,33.8,26.6,1003.8,0,0,0,0,0
2024-09-16T12:00:00,28.584511,77.205783,215,VIDP,270,2.6,22000,4000,32.0,23.3,1003.2,0,0,0,0,0
2024-09-16T15:00:00,28.584511,77.205783,215,VIDP,,0.0,,4000,29.0,25.6,1004.6,0,0,0,0,0
2024-09-16T18:00:00,28.584511,77.205783,215,VIDP,,0.0,,2000,27.4,25.7,1005.4,0,0,0,0,0
2024-09-16T21:00:00,28.584511,77.205783,215,VIDP,,0.0,,2000,26.4,25.0,1004.7,0,0,0,0,0
2024-09-17T00:00:00,28.584511,77.205783,215,VIDP,,0.0,22000,2000,26.0,25.1,1005.3,0,0,0,0,0
2024-09-17T02:00:00,28.584511,77.205783,215,VIDP,260,2.6,3048,3000,27.0,25.0,,1,0,0,0,0
2024-09-17T03:00:00,28.584511,77.205783,215,VIDP,270,2.6,,4000,28.0,23.9,1006.4,0,0,0,0,0
2024-09-17T06:00:00,28.584511,77.205783,215,VIDP,270,1.5,,4000,32.0,24.9,1006.8,0,0,0,0,0
2024-09-17T09:00:00,28.584511,77.205783,215,VIDP,270,1.5,,4000,34.0,24.0,1005.1,0,0,0,0,0
2024-09-17T12:00:00,28.584511,77.205783,215,VIDP,290,1.5,1050,4000,32.4,25.4,1004.0,0,0,0,0,0
2024-09-17T15:00:00,28.584511,77.205783,215,VIDP,,0.0,3000,4000,27.2,24.3,1005.8,0,0,0,0,0
2024-09-17T18:00:00,28.584511,77.205783,215,VIDP,,0.0,3000,4000,27.6,25.0,1005.3,0,0,0,0,0
2024-09-17T21:00:00,28.584511,77.205783,215,VIDP,,0.0,3000,4000,27.4,24.8,1003.9,0,0,0,0,0
2024-09-18T00:00:00,28.584511,77.205783,215,VIDP,,0.0,3000,2000,27.0,25.3,1004.3,0,0,0,0,0
2024-09-18T03:00:00,28.584511,77.205783,215,VIDP,,0.0,3000,2000,28.0,25.2,1005.4,0,0,0,0,0
2024-09-18T06:00:00,28.584511,77.205783,215,VIDP,50,4.1,3000,2000,28.4,22.2,1006.4,0,0,0,0,0
2024-09-18T09:00:00,28.584511,77.205783,215,VIDP,320,1.5,2700,2000,24.0,23.4,1004.4,0,0,0,0,0
2024-09-18T12:00:00,28.584511,77.205783,215,VIDP,,0.0,900,2000,24.0,24.0,1003.9,0,0,0,0,0
2024-09-18T15:00:00,28.584511,77.205783,215,VIDP,20,2.1,900,2000,23.4,22.8,1004.6,0,0,0,0,0
2024-09-18T18:00:00,28.584511,77.205783,215,VIDP,50,3.1,1050,2000,23.8,23.2,1004.5,0,0,0,0,0
2024-09-18T21:00:00,28.584511,77.205783,215,VIDP,50,2.1,1050,2000,23.6,23.6,1003.7,0,0,0,0,0
2024-09-19T00:00:00,28.584511,77.205783,215,VIDP,,0.0,1050,2000,23.6,23.3,1004.4,0,0,0,0,0
2024-09-19T03:00:00,28.584511,77.205783,215,VIDP,,0.0,2700,2000,24.2,23.9,1006.1,0,0,0,0,0
2024-09-19T06:00:00,28.584511,77.205783,215,VIDP,70,1.5,2700,2000,28.0,26.0,1006.1,0,0,0,0,0
2024-09-19T09:00:00,28.584511,77.205783,215,VIDP,90,2.6,3000,2000,31.2,26.2,1003.7,0,0,0,0,0
2024-09-19T12:00:00,28.584511,77.205783,215,VIDP,70,1.5,2700,2000,31.0,26.3,1003.0,0,0,0,0,0
2024-09-19T15:00:00,28.584511,77.205783,215,VIDP,,0.0,3000,4000,28.0,25.7,1004.5,0,0,0,0,0
2024-09-19T18:00:00,28.584511,77.205783,215,VIDP,,0.0,22000,4000,26.4,25.0,1004.0,0,0,0,0,0
2024-09-19T21:00:00,28.584511,77.205783,215,VIDP,,0.0,22000,2000,25.4,24.2,1003.2,0,0,0,0,0
2024-09-20T00:00:00,28.584511,77.205783,215,VIDP,,0.0,3000,2000,25.6,24.7,1004.3,0,0,0,0,0
2024-09-20T03:00:00,28.584511,77.205783,215,VIDP,,0.0,22000,4000,27.4,24.5,1006.2,0,0,0,0,0
2024-09-20T06:00:00,28.584511,77.205783,215,VIDP,90,2.6,22000,4000,32.2,23.6,1005.8,0,0,0,0,0
2024-09-20T09:00:00,28.584511,77.205783,215,VIDP,140,1.5,22000,4000,34.6,25.0,1003.8,0,0,0,0,0
2024-09-20T09:00:00,28.584511,77.205783,215,VIDP,140,1.5,3500,5000,35.0,25.0,,0,1,0,0,0
2024-09-20T12:00:00,28.584511,77.205783,215,VIDP,,1.0,22000,4000,33.0,25.1,1002.9,0,0,0,0,0
2024-09-20T15:00:00,28.584511,77.205783,215,VIDP,,0.0,22000,4000,29.0,25.9,1004.2,0,0,0,0,0
2024-09-20T18:00:00,28.584511,77.205783,215,VIDP,,0.0,3000,4000,27.8,25.8,1005.1,0,0,0,0,0
2024-09-20T21:00:00,28.584511,77.205783,215,VIDP,,0.0,3000,2000,26.8,25.4,1004.6,0,0,0,0,0
2024-09-21T00:00:00,28.584511,77.205783,215,VIDP,,0.0,22000,2000,26.4,25.0,1005.6,0,0,0,0,0
2024-09-21T02:00:00,28.584511,77.205783,215,VIDP,0,0.0,3048,3000,28.0,26.0,,1,0,0,0,0
2024-09-21T02:30:00,28.584511,77.205783,215,VIDP,0,0.0,3048,3500,28.0,26.0,,1,0,0,0,0
2024-09-21T03:00:00,28.584511,77.205783,215,VIDP,,0.0,,4000,28.4,25.6,1007.3,0,0,0,0,0
2024-09-21T06:00:00,28.584511,77.205783,215,VIDP,,1.0,22000,4000,33.0,25.4,1007.2,0,0,0,0,0
2024-09-21T09:00:00,28.584511,77.205783,215,VIDP,90,1.5,22000,4000,35.2,24.5,1004.8,0,0,0,0,0
2024-09-21T12:00:00,28.584511,77.205783,215,VIDP,,0.0,,4000,33.8,25.1,1003.5,0,0,0,0,0
2024-09-21T15:00:00,28.584511,77.205783,215,VIDP,,0.0,22000,4000,29.8,26.7,1005.0,0,0,0,0,0
2024-09-21T18:00:00,28.584511,77.205783,215,VIDP,,0.0,,4000,28.6,26.4,1005.7,0,0,0,0,0
2024-09-21T21:00:00,28.584511,77.205783,215,VIDP,,0.0,3000,4000,27.6,25.9,1005.3,0,0,0,0,0
2024-09-22T00:00:00,28.584511,77.205783,215,VIDP,,0.0,3000,4000,27.4,26.0,1005.5,0,0,0,0,0
2024-09-22T03:00:00,28.584511,77.205783,215,VIDP,270,2.6,22000,4000,29.2,25.7,1006.8,0,0,0,0,0
2024-09-22T06:00:00,28.584511,77.205783,215,VIDP,,0.0,,4000,33.6,25.2,1006.3,0,0,0,0,0
2024-09-22T09:00:00,28.584511,77.205783,215,VIDP,,0.0,3000,4000,35.0,25.2,1003.6,0,0,0,0,0
2024-09-22T10:00:00,28.584511,77.205783,215,VIDP,340,1.5,3048,4000,35.0,26.0,,0,1,0,0,0
2024-09-22T12:00:00,28.584511,77.205783,215,VIDP,,0.0,22000,2000,33.8,25.7,1003.0,0,0,0,0,0
2024-09-22T15:00:00,28.584511,77.205783,215,VIDP,,0.0,22000,2000,30.6,27.0,1004.2,0,0,0,0,0
2024-09-22T18:00:00,28.584511,77.205783,215,VIDP,,0.0,22000,2000,28.8,26.6,1004.5,0,0,0,0,0
2024-09-22T21:00:00,28.584511,77.205783,215,VIDP,,0.0,22000,2000,27.4,26.0,1004.2,0,0,0,0,0
2024-09-23T00:00:00,28.584511,77.205783,215,VIDP,,0.0,,1000,26.8,25.7,1004.8,0,0,0,0,0
2024-09-23T03:00:00,28.584511,77.205783,215,VIDP,340,1.0,,2000,29.4,27.2,1006.5,0,0,0,0,0
2024-09-23T06:00:00,28.584511,77.205783,215,VIDP,270,1.5,22000,2000,33.8,25.4,1006.1,0,0,0,0,0
2024-09-23T09:00:00,28.584511,77.205783,215,VIDP,270,2.6,22000,2000,36.4,25.2,1003.5,0,0,0,0,0
2024-09-23T12:00:00,28.584511,77.205783,215,VIDP,270,1.5,22000,4000,35.4,25.6,1002.4,0,0,0,0,0
2024-09-23T15:00:00,28.584511,77.205783,215,VIDP,,0.0,22000,4000,31.6,26.3,1003.3,0,0,0,0,0
2024-09-23T18:00:00,28.584511,77.205783,215,VIDP,,0.0,,2000,30.0,26.7,1003.5,0,0,0,0,0
2024-09-23T21:00:00,28.584511,77.205783,215,VIDP,,0.0,,2000,29.4,26.6,1003.0,0,0,0,0,0
2024-09-24T00:00:00,28.584511,77.205783,215,VIDP,,0.0,,2000,28.4,27.0,1003.8,0,0,0,0,0
2024-09-24T03:00:00,28.584511,77.205783,215,VIDP,,0.0,,4000,30.2,27.4,1005.2,0,0,0,0,0
2024-09-24T09:00:00,28.584511,77.205783,215,VIDP,180,1.5,3000,2000,37.2,25.8,1001.9,0,0,0,0,0
2024-09-24T12:00:00,28.584511,77.205783,215,VIDP,,1.0,3000,2000,35.0,26.1,1000.4,0,0,0,0,0
2024-09-24T15:00:00,28.584511,77.205783,215,VIDP,,0.0,,2000,32.2,27.5,1002.2,0,0,0,0,0
2024-09-24T18:00:00,28.584511,77.205783,215,VIDP,,0.0,22000,2000,30.8,27.8,1002.7,0,0,0,0,0
2024-09-24T21:00:00,28.584511,77.205783,215,VIDP,,0.0,22000,2000,29.4,27.5,1002.3,0,0,0,0,0
2024-09-25T00:00:00,28.584511,77.205783,215,VIDP,,0.0,,2000,28.8,27.1,1003.2,0,0,0,0,0
2024-09-25T03:00:00,28.584511,77.205783,215,VIDP,,0.0,,1000,30.8,27.8,1004.8,0,0,0,0,0
2024-09-25T06:00:00,28.584511,77.205783,215,VIDP,90,2.6,22000,2000,35.0,26.1,1004.6,0,0,0,0,0
2024-09-25T09:00:00,28.584511,77.205783,215,VIDP,90,2.6,,2000,37.0,25.9,1002.0,0,0,0,0,0
2024-09-25T12:00:00,28.584511,77.205783,215,VIDP,90,2.1,3000,2000,32.4,25.1,1001.6,0,0,0,0,0
2024-09-25T15:00:00,28.584511,77.205783,215,VIDP,90,2.1,3000,2000,29.8,25.6,1003.8,0,0,0,0,0
2024-09-25T18:00:00,28.584511,77.205783,215,VIDP,320,2.1,3000,2000,28.2,24.8,1004.3,0,0,0,0,0
2024-09-25T21:00:00,28.584511,77.205783,215,VIDP,320,3.1,3000,4000,27.0,24.8,1003.7,0,0,0,0,0
2024-09-26T00:00:00,28.584511,77.205783,215,VIDP,320,2.1,3000,2000,27.2,25.8,1004.3,0,0,0,0,0
2024-09-26T03:00:00,28.584511,77.205783,215,VIDP,320,1.0,3000,2000,29.0,26.2,1005.9,0,0,0,0,0
2024-09-26T06:00:00,28.584511,77.205783,215,VIDP,320,2.1,3000,2000,32.4,26.0,1004.6,0,0,0,0,0
2024-09-26T09:00:00,28.584511,77.205783,215,VIDP,90,1.5,22000,2000,34.6,26.0,1002.1,0,0,0,0,0
2024-09-26T12:00:00,28.584511,77.205783,215,VIDP,90,1.5,22000,2000,33.4,25.2,1000.6,0,0,0,0,0
2024-09-26T15:00:00,28.584511,77.205783,215,VIDP,90,1.5,22000,2000,30.4,25.6,1003.4,0,0,0,0,0
2024-09-26T18:00:00,28.584511,77.205783,215,VIDP,,1.0,22000,2000,29.4,25.7,1003.8,0,0,0,0,0
2024-09-26T21:00:00,28.584511,77.205783,215,VIDP,110,1.5,22000,2000,28.6,25.5,1002.9,0,0,0,0,0
2024-09-27T00:00:00,28.584511,77.205783,215,VIDP,70,2.1,900,2000,28.0,24.6,1003.5,0,0,0,0,0
2024-09-27T02:30:00,28.584511,77.205783,215,VIDP,70,4.1,914,4000,29.0,24.0,,1,0,0,0,0
2024-09-27T03:00:00,28.584511,77.205783,215,VIDP,90,2.6,22000,4000,28.8,24.2,1004.6,0,0,0,0,0
2024-09-27T03:00:00,28.584511,77.205783,215,VIDP,90,2.6,3000,4500,29.0,24.0,,1,0,0,0,0
2024-09-27T06:00:00,28.584511,77.205783,215,VIDP,90,4.1,22000,4000,33.0,23.5,1004.6,0,0,0,0,0
2024-09-27T06:00:00,28.584511,77.205783,215,VIDP,100,4.1,3000,5000,33.0,24.0,,0,1,0,0,0
2024-09-27T09:00:00,28.584511,77.205783,215,VIDP,160,2.1,3000,4000,33.6,24.2,1002.7,0,0,0,0,0
2024-09-27T11:00:00,28.584511,77.205783,215,VIDP,80,2.1,10000,6000,33.0,24.0,,0,0,0,0,0
2024-09-27T12:00:00,28.584511,77.205783,215,VIDP,90,1.5,22000,4000,32.4,24.1,1001.9,0,0,0,0,0
2024-09-27T15:00:00,28.584511,77.205783,215,VIDP,70,1.5,22000,4000,30.4,24.7,1004.0,0,0,0,0,0
2024-09-27T18:00:00,28.584511,77.205783,215,VIDP,70,4.6,22000,4000,27.0,22.9,1005.0,0,0,0,0,0
2024-09-27T21:00:00,28.584511,77.205783,215,VIDP,,0.0,3000,4000,26.0,23.1,1004.9,0,0,0,0,0
2024-09-28T00:00:00,28.584511,77.205783,215,VIDP,,0.0,3000,4000,25.6,22.9,1004.2,0,0,0,0,0
2024-09-28T03:00:00,28.584511,77.205783,215,VIDP,140,1.5,3000,4000,26.8,23.6,1006.0,0,0,0,0,0
2024-09-28T06:00:00,28.584511,77.205783,215,VIDP,20,2.6,3000,4000,31.0,23.8,1006.7,0,0,0,0,0
2024-09-28T09:00:00,28.584511,77.205783,215,VIDP,,1.0,1050,4000,32.2,23.9,1005.3,0,0,0,0,0
2024-09-28T10:00:00,28.584511,77.205783,215,VIDP,0,0.0,1067,5000,33.0,24.0,,0,1,0,0,0
2024-09-28T12:00:00,28.584511,77.205783,215,VIDP,90,1.5,22000,4000,32.2,24.8,1003.3,0,0,0,0,0
2024-09-28T15:00:00,28.584511,77.205783,215,VIDP,90,1.0,22000,4000,28.2,24.2,1007.1,0,0,0,0,0
2024-09-28T18:00:00,28.584511,77.205783,215,VIDP,,0.0,3000,2000,27.6,24.4,1008.5,0,0,0,0,0
2024-09-28T21:00:00,28.584511,77.205783,215,VIDP,110,1.0,,2000,27.0,24.1,1008.1,0,0,0,0,0
2024-09-29T03:00:00,28.584511,77.205783,215,VIDP,,0.0,22000,4000,26.8,24.2,1009.6,0,0,0,0,0
2024-09-29T06:00:00,28.584511,77.205783,215,VIDP,70,2.1,22000,4000,32.4,24.4,1008.9,0,0,0,0,0
2024-09-29T06:30:00,28.584511,77.205783,215,VIDP,70,2.6,3000,5000,33.0,25.0,,0,1,0,0,0
2024-09-29T09:00:00,28.584511,77.205783,215,VIDP,90,1.5,1050,4000,33.4,24.9,1006.7,0,0,0,0,0
2024-09-29T12:00:00,28.584511,77.205783,215,VIDP,,0.0,3000,4000,32.0,24.9,1006.2,0,0,0,0,0
2024-09-29T15:00:00,28.584511,77.205783,215,VIDP,,0.0,3000,4000,29.4,25.7,1008.2,0,0,0,0,0
2024-09-29T18:00:00,28.584511,77.205783,215,VIDP,,0.0,,4000,28.6,25.8,1008.4,0,0,0,0,0
2024-09-29T21:00:00,28.584511,77.205783,215,VIDP,,0.0,,4000,28.0,25.4,1007.4,0,0,0,0,0
2024-09-30T00:00:00,28.584511,77.205783,215,VIDP,,0.0,22000,4000,26.2,24.8,1007.7,0,0,0,0,0
2024-09-30T03:00:00,28.584511,77.205783,215,VIDP,250,3.1,22000,2000,28.2,25.4,1009.1,0,0,0,0,0
2024-09-30T06:00:00,28.584511,77.205783,215,VIDP,250,4.1,,2000,32.4,24.4,1008.5,0,0,0,0,0
2024-09-30T09:00:00,28.584511,77.205783,215,VIDP,270,2.1,3000,2000,34.0,23.7,1005.9,0,0,0,0,0
2024-09-30T11:00:00,28.584511,77.205783,215,VIDP,290,1.5,3048,4000,33.0,24.0,,0,1,0,0,0
2024-09-30T12:00:00,28.584511,77.205783,215,VIDP,320,1.5,22000,2000,32.2,24.5,1004.8,0,0,0,0,0
2024-09-30T15:00:00,28.584511,77.205783,215,VIDP,,0.0,22000,2000,29.8,25.6,1006.1,0,0,0,0,0
2024-09-30T18:00:00,28.584511,77.205783,215,VIDP,,0.0,22000,2000,28.2,25.7,1005.6,0,0,0,0,0
2024-09-30T21:00:00,28.584511,77.205783,215,VIDP,290,1.5,22000,2000,27.2,25.5,1004.6,0,0,0,0,0
2024-10-01T00:00:00,28.584511,77.205783,215,VIDP,250,1.0,,2000,26.4,25.3,1004.5,0,0,0,0,0
2024-10-01T03:00:00,28.584511,77.205783,215,VIDP,270,1.5,,2000,28.2,25.4,1006.0,0,0,0,0,0
2024-10-01T03:00:00,28.584511,77.205783,215,VIDP,270,1.5,22000,2500,28.0,25.0,,1,0,0,0,0
2024-10-01T06:00:00,28.584511,77.205783,215,VIDP,270,2.6,,2000,33.0,23.5,1005.8,0,0,0,0,0
2024-10-01T06:00:00,28.584511,77.205783,215,VIDP,270,2.6,22000,3000,33.0,24.0,,0,1,0,0,0
2024-10-01T09:00:00,28.584511,77.205783,215,VIDP,290,2.1,22000,2000,34.8,23.0,1003.0,0,0,0,0,0
2024-10-01T12:00:00,28.584511,77.205783,215,VIDP,,1.0,,2000,33.6,23.9,1002.3,0,0,0,0,0
2024-10-01T15:00:00,28.584511,77.205783,215,VIDP,,0.0,,2000,29.6,25.4,1003.6,0,0,0,0,0
2024-10-01T18:00:00,28.584511,77.205783,215,VIDP,,0.0,,2000,28.4,25.9,1004.1,0,0,0,0,0
2024-10-01T21:00:00,28.584511,77.205783,215,VIDP,,0.0,,2000,27.4,25.7,1004.1,0,0,0,0,0
2024-10-02T00:00:00,28.584511,77.205783,215,VIDP,,0.0,,2000,26.6,25.2,1004.3,0,0,0,0,0
2024-10-02T03:00:00,28.584511,77.205783,215,VIDP,250,2.1,,2000,28.8,23.6,1005.8,0,0,0,0,0
2024-10-02T06:00:00,28.584511,77.205783,215,VIDP,270,2.6,22000,4000,34.6,23.1,1004.4,0,0,0,0,0
2024-10-02T09:00:00,28.584511,77.205783,215,VIDP,270,4.1,,4000,36.4,21.1,1001.9,0,0,0,0,0
2024-10-02T12:00:00,28.584511,77.205783,215,VIDP,270,1.5,,2000,34.4,21.8,1001.3,0,0,0,0,0
2024-10-02T15:00:00,28.584511,77.205783,215,VIDP,,0.0,,2000,29.8,25.0,1003.2,0,0,0,0,0
2024-10-02T18:00:00,28.584511,77.205783,215,VIDP,,0.0,,2000,28.0,25.2,1003.5,0,0,0,0,0
2024-10-02T21:00:00,28.584511,77.205783,215,VIDP,,0.0,,2000,27.6,25.0,1002.4,0,0,0,0,0
2024-10-03T00:00:00,28.584511,77.205783,215,VIDP,270,2.1,,2000,27.0,21.0,1002.9,0,0,0,0,0
2024-10-03T03:00:00,28.584511,77.205783,215,VIDP,270,3.1,,4000,29.0,20.9,1005.0,0,0,0,0,0
2024-10-03T06:00:00,28.584511,77.205783,215,VIDP,270,4.1,,4000,33.2,21.1,1004.7,0,0,0,0,0
2024-10-03T09:00:00,28.584511,77.205783,215,VIDP,320,2.6,,4000,36.0,21.3,1001.8,0,0,0,0,0
2024-10-03T12:00:00,28.584511,77.205783,215,VIDP,320,1.5,,4000,34.8,21.6,1000.7,0,0,0,0,0
2024-10-03T15:00:00,28.584511,77.205783,215,VIDP,,0.0,,2000,28.4,24.1,1002.8,0,0,0,0,0
2024-10-03T18:00:00,28.584511,77.205783,215,VIDP,,0.0,,2000,26.8,23.6,1003.3,0,0,0,0,0
2024-10-03T21:00:00,28.584511,77.205783,215,VIDP,,0.0,,2000,26.0,24.0,1003.0,0,0,0,0,0
2024-10-04T00:00:00,28.584511,77.205783,215,VIDP,,1.0,,2000,25.4,23.7,1003.6,0,0,0,0,0
2024-10-04T03:00:00,28.584511,77.205783,215,VIDP,270,2.1,,2000,28.6,21.1,1005.6,0,0,0,0,0
2024-10-04T06:00:00,28.584511,77.205783,215,VIDP,,0.0,,4000,33.2,22.7,1005.5,0,0,0,0,0
2024-10-04T09:00:00,28.584511,77.205783,215,VIDP,,0.0,,4000,35.4,24.4,1003.2,0,0,0,0,0
2024-10-04T12:00:00,28.584511,77.205783,215,VIDP,250,1.5,,4000,34.0,24.0,1002.5,0,0,0,0,0
2024-10-04T15:00:00,28.584511,77.205783,215,VIDP,,0.0,,4000,29.2,25.2,1004.4,0,0,0,0,0
2024-10-04T18:00:00,28.584511,77.205783,215,VIDP,,0.0,,4000,27.2,24.6,1005.2,0,0,0,0,0
2024-10-04T21:00:00,28.584511,77.205783,215,VIDP,,0.0,,4000,26.4,24.4,1004.6,0,0,0,0,0
2024-10-05T00:00:00,28.584511,77.205783,215,VIDP,230,2.6,,4000,26.4,22.9,1005.7,0,0,0,0,0
2024-10-05T03:00:00,28.584511,77.205783,215,VIDP,270,2.6,,4000,28.4,22.2,1007.9,0,0,0,0,0
2024-10-05T06:00:00,28.584511,77.205783,215,VIDP,290,2.6,,4000,33.0,23.5,1007.5,0,0,0,0,0
2024-10-05T09:00:00,28.584511,77.205783,215,VIDP,270,2.6,22000,4000,35.6,22.9,1005.1,0,0,0,0,0
2024-10-05T12:00:00,28.584511,77.205783,215,VIDP,,1.0,,4000,33.8,21.8,1004.7,0,0,0,0,0
2024-10-05T15:00:00,28.584511,77.205783,215,VIDP,,0.0,,2000,28.6,25.8,1006.9,0,0,0,0,0
2024-10-05T18:00:00,28.584511,77.205783,215,VIDP,,0.0,,2000,27.2,24.6,1008.5,0,0,0,0,0
2024-10-05T21:00:00,28.584511,77.205783,215,VIDP,,0.0,,2000,26.2,24.2,1007.6,0,0,0,0,0
2024-10-06T00:00:00,28.584511,77.205783,215,VIDP,,0.0,,4000,25.6,23.9,1009.8,0,0,0,0,0
2024-10-06T03:00:00,28.584511,77.205783,215,VIDP,,0.0,,4000,26.8,21.4,1011.3,0,0,0,0,0
2024-10-06T06:00:00,28.584511,77.205783,215,VIDP,50,2.6,,4000,33.8,21.1,1011.1,0,0,0,0,0
2024-10-06T09:00:00,28.584511,77.205783,215,VIDP,290,1.5,,4000,35.4,18.7,1008.3,0,0,0,0,0
2024-10-06T12:00:00,28.584511,77.205783,215,VIDP,,1.0,,4000,32.8,21.6,1008.6,0,0,0,0,0
2024-10-06T12:00:00,28.584511,77.205783,215,VIDP,,1.0,22000,5000,33.0,22.0,,0,1,0,1,0
2024-10-06T12:30:00,28.584511,77.205783,215,VIDP,290,1.5,22000,4500,32.0,22.0,,0,1,0,0,0
2024-10-06T15:00:00,28.584511,77.205783,215,VIDP,,0.0,,4000,28.6,23.4,1010.5,0,0,0,0,0
2024-10-06T18:00:00,28.584511,77.205783,215,VIDP,,0.0,,2000,26.2,23.3,1011.3,0,0,0,0,0
2024-10-06T21:00:00,28.584511,77.205783,215,VIDP,,0.0,,2000,25.8,23.2,1012.0,0,0,0,0,0
2024-10-07T00:00:00,28.584511,77.205783,215,VIDP,,0.0,,2000,23.8,22.0,1012.7,0,0,0,0,0
2024-10-07T03:00:00,28.584511,77.205783,215,VIDP,,0.0,,2000,26.4,23.2,1014.2,0,0,0,0,0
2024-10-07T06:00:00,28.584511,77.205783,215,VIDP,290,2.6,,4000,33.0,20.1,1013.1,0,0,0,0,0
2024-10-07T06:00:00,28.584511,77.205783,215,VIDP,290,2.6,22000,4000,33.0,20.0,,0,1,0,0,0
2024-10-07T09:00:00,28.584511,77.205783,215,VIDP,270,2.1,,4000,35.0,18.1,1010.4,0,0,0,0,0
2024-10-07T09:00:00,28.584511,77.205783,215,VIDP,270,2.1,22000,4500,35.0,18.0,,0,1,0,0,0
2024-10-07T12:00:00,28.584511,77.205783,215,VIDP,,0.0,,4000,32.8,20.9,1010.0,0,0,0,0,0
2024-10-07T15:00:00,28.584511,77.205783,215,VIDP,,0.0,,2000,27.0,22.3,1011.9,0,0,0,0,0
2024-10-07T18:00:00,28.584511,77.205783,215,VIDP,,0.0,,2000,25.4,22.0,1012.5,0,0,0,0,0
2024-10-07T21:00:00,28.584511,77.205783,215,VIDP,,0.0,,2000,24.2,22.1,1012.0,0,0,0,0,0
2024-10-08T00:00:00,28.584511,77.205783,215,VIDP,,0.0,,1000,23.6,22.1,1012.0,0,0,0,0,0
2024-10-08T03:00:00,28.584511,77.205783,215,VIDP,,1.0,,2000,26.6,23.4,1014.0,0,0,0,0,0
2024-10-08T06:00:00,28.584511,77.205783,215,VIDP,270,3.1,,2000,33.2,20.3,1013.2,0,0,0,0,0
2024-10-08T09:00:00,28.584511,77.205783,215,VIDP,270,2.6,,4000,35.0,19.3,1010.1,0,0,0,0,0
2024-10-08T12:00:00,28.584511,77.205783,215,VIDP,320,1.0,,4000,32.0,20.3,1009.3,0,0,0,0,0
2024-10-08T15:00:00,28.584511,77.205783,215,VIDP,,0.0,,4000,26.8,22.0,1011.0,0,0,0,0,0
2024-10-08T18:00:00,28.584511,77.205783,215,VIDP,,0.0,,4000,25.8,21.3,1010.9,0,0,0,0,0
2024-10-08T21:00:00,28.584511,77.205783,215,VIDP,,1.0,,2000,24.2,21.8,1009.9,0,0,0,0,0
2024-10-09T00:00:00,28.584511,77.205783,215,VIDP,,0.0,,2000,23.2,21.1,1010.2,0,0,0,0,0
2024-10-09T03:00:00,28.584511,77.205783,215,VIDP,,0.0,,2000,26.2,22.0,1011.7,0,0,0,0,0
2024-10-09T06:00:00,28.584511,77.205783,215,VIDP,270,2.1,,4000,32.2,20.5,1011.0,0,0,0,0,0
2024-10-09T09:00:00,28.584511,77.205783,215,VIDP,270,2.6,,4000,34.4,18.9,1008.1,0,0,0,0,0
2024-10-09T12:00:00,28.584511,77.205783,215,VIDP,320,1.5,,4000,32.0,20.3,1007.2,0,0,0,0,0
2024-10-09T15:00:00,28.584511,77.205783,215,VIDP,,0.0,,4000,26.8,22.0,1009.2,0,0,0,0,0
2024-10-09T18:00:00,28.584511,77.205783,215,VIDP,320,1.5,3000,4000,26.4,21.0,1009.6,0,0,0,0,0
2024-10-09T21:00:00,28.584511,77.205783,215,VIDP,,0.0,,4000,25.0,21.1,1008.6,0,0,0,0,0
2024-10-10T00:00:00,28.584511,77.205783,215,VIDP,290,1.5,22000,2000,23.6,21.2,1009.3,0,0,0,0,0
2024-10-10T03:00:00,28.584511,77.205783,215,VIDP,270,2.1,,2000,25.6,21.1,1010.7,0,0,0,0,0
2024-10-10T06:00:00,28.584511,77.205783,215,VIDP,270,4.1,,4000,31.2,18.2,1010.3,0,0,0,0,0
2024-10-10T09:00:00,28.584511,77.205783,215,VIDP,290,2.1,22000,4000,34.2,15.8,1007.2,0,0,0,0,0
2024-10-10T12:00:00,28.584511,77.205783,215,VIDP,290,1.5,,4000,32.2,17.2,1007.0,0,0,0,0,0
2024-10-10T15:00:00,28.584511,77.205783,215,VIDP,,0.0,,4000,25.6,19.4,1009.2,0,0,0,0,0
2024-10-10T18:00:00,28.584511,77.205783,215,VIDP,,0.0,,2000,23.0,19.6,1010.0,0,0,0,0,0
2024-10-10T21:00:00,28.584511,77.205783,215,VIDP,,0.0,,2000,22.4,19.3,1008.8,0,0,0,0,0
2024-10-11T00:00:00,28.584511,77.205783,215,VIDP,,0.0,,2000,21.0,18.8,1009.5,0,0,0,0,0
2024-10-11T03:00:00,28.584511,77.205783,215,VIDP,250,3.1,22000,2000,24.4,19.1,1010.8,0,0,0,0,0
2024-10-11T06:00:00,28.584511,77.205783,215,VIDP,270,4.1,,4000,31.4,18.1,1010.6,0,0,0,0,0
2024-10-11T09:00:00,28.584511,77.205783,215,VIDP,290,2.6,,4000,32.6,15.7,1007.4,0,0,0,0,0
2024-10-11T12:00:00,28.584511,77.205783,215,VIDP,270,1.5,,4000,31.0,18.7,1007.2,0,0,0,0,0
2024-10-11T15:00:00,28.584511,77.205783,215,VIDP,,0.0,,4000,25.0,20.4,1009.0,0,0,0,0,0
2024-10-11T18:00:00,28.584511,77.205783,215,VIDP,,0.0,22000,4000,22.4,18.9,1009.5,0,0,0,0,0
2024-10-11T21:00:00,28.584511,77.205783,215,VIDP,,0.0,22000,4000,21.6,19.1,1009.1,0,0,0,0,0
2024-10-12T00:00:00,28.584511,77.205783,215,VIDP,,0.0,,2000,20.4,19.1,1009.4,0,0,0,0,0
2024-10-12T03:00:00,28.584511,77.205783,215,VIDP,250,1.0,,2000,24.2,21.0,1010.9,0,0,0,0,0
2024-10-12T06:00:00,28.584511,77.205783,215,VIDP,250,1.5,,4000,32.2,19.1,1010.8,0,0,0,0,0
2024-10-12T09:00:00,28.584511,77.205783,215,VIDP,290,2.6,22000,4000,33.8,16.5,1008.8,0,0,0,0,0
2024-10-12T12:00:00,28.584511,77.205783,215,VIDP,,0.0,22000,4000,30.8,18.4,1008.5,0,0,0,0,0
2024-10-12T15:00:00,28.584511,77.205783,215,VIDP,,0.0,,4000,24.6,18.6,1010.2,0,0,0,0,0
2024-10-12T18:00:00,28.584511,77.205783,215,VIDP,,0.0,,2000,23.0,19.2,1010.4,0,0,0,0,0
2024-10-12T21:00:00,28.584511,77.205783,215,VIDP,,0.0,,2000,22.0,19.2,1010.4,0,0,0,0,0
2024-10-13T00:00:00,28.584511,77.205783,215,VIDP,,0.0,,2000,20.8,19.2,1011.0,0,0,0,0,0
2024-10-13T03:00:00,28.584511,77.205783,215,VIDP,,0.0,,2000,23.4,19.0,1012.6,0,0,0,0,0
2024-10-13T06:00:00,28.584511,77.205783,215,VIDP,,0.0,,2000,32.4,17.0,1011.6,0,0,0,0,0
2024-10-13T09:00:00,28.584511,77.205783,215,VIDP,270,1.5,22000,4000,34.6,13.7,1008.9,0,0,0,0,0
2024-10-13T12:00:00,28.584511,77.205783,215,VIDP,,0.0,3000,4000,31.0,15.1,1008.6,0,0,0,0,0
2024-10-13T15:00:00,28.584511,77.205783,215,VIDP,,0.0,,4000,25.0,18.7,1010.3,0,0,0,0,0
2024-10-13T18:00:00,28.584511,77.205783,215,VIDP,,0.0,22000,4000,23.0,18.9,1011.4,0,0,0,0,0
2024-10-13T21:00:00,28.584511,77.205783,215,VIDP,,0.0,22000,2000,21.8,19.2,1011.1,0,0,0,0,0
2024-10-14T00:00:00,28.584511,77.205783,215,VIDP,,0.0,22000,2000,20.2,19.3,1011.2,0,0,0,0,0
2024-10-14T03:00:00,28.584511,77.205783,215,VIDP,,0.0,,2000,23.6,18.9,1013.9,0,0,0,0,0
2024-10-14T06:00:00,28.584511,77.205783,215,VIDP,160,1.5,,2000,31.4,18.4,1012.5,0,0,0,0,0
2024-10-14T09:00:00,28.584511,77.205783,215,VIDP,230,3.1,22000,4000,33.8,12.9,1009.4,0,0,0,0,0
2024-10-14T12:00:00,28.584511,77.205783,215,VIDP,,0.0,22000,4000,30.8,15.3,1008.6,0,0,0,0,0
2024-10-14T15:00:00,28.584511,77.205783,215,VIDP,,0.0,,4000,24.0,16.5,1010.7,0,0,0,0,0
2024-10-14T18:00:00,28.584511,77.205783,215,VIDP,,0.0,,2000,21.8,17.6,1011.8,0,0,0,0,0
2024-10-14T21:00:00,28.584511,77.205783,215,VIDP,,0.0,,2000,20.6,17.7,1011.1,0,0,0,0,0
2024-10-15T00:00:00,28.584511,77.205783,215,VIDP,,0.0,,2000,19.4,16.4,1010.9,0,0,0,0,0
2024-10-15T03:00:00,28.584511,77.205783,215,VIDP,250,1.5,,4000,23.4,16.2,1012.6,0,0,0,0,0
2024-10-15T06:00:00,28.584511,77.205783,215,VIDP,250,2.6,,4000,31.2,15.4,1011.2,0,0,0,0,0
2024-10-15T09:00:00,28.584511,77.205783,215,VIDP,230,2.6,,4000,33.4,15.9,1008.5,0,0,0,0,0
2024-10-15T12:00:00,28.584511,77.205783,215,VIDP,230,1.5,,4000,31.4,18.4,1008.1,0,0,0,0,0
2024-10-15T15:00:00,28.584511,77.205783,215,VIDP,,0.0,,2000,24.4,19.1,1009.8,0,0,0,0,0
2024-10-15T18:00:00,28.584511,77.205783,215,VIDP,,0.0,,2000,21.8,20.6,1009.9,0,0,0,0,0
2024-10-15T21:00:00,28.584511,77.205783,215,VIDP,,0.0,,2000,20.4,19.5,1009.2,0,0,0,0,0
2024-10-16T00:00:00,28.584511,77.205783,215,VIDP,,0.0,22000,2000,19.6,18.6,1009.2,0,0,0,0,0
2024-10-16T03:00:00,28.584511,77.205783,215,VIDP,,0.0,22000,2000,22.4,18.3,1010.6,0,0,0,0,0
2024-10-16T06:00:00,28.584511,77.205783,215,VIDP,180,1.5,,2000,31.8,17.0,1010.0,0,0,0,0,0
2024-10-16T09:00:00,28.584511,77.205783,215,VIDP,,0.0,3000,2000,35.0,17.7,1007.1,0,0,0,0,0
2024-10-16T12:00:00,28.584511,77.205783,215,VIDP,,0.0,3000,2000,31.0,21.5,1007.4,0,0,0,0,0
2024-10-16T15:00:00,28.584511,77.205783,215,VIDP,,0.0,3000,2000,25.6,21.1,1009.2,0,0,0,0,0
2024-10-16T18:00:00,28.584511,77.205783,215,VIDP,,0.0,3000,2000,24.0,21.3,1010.2,0,0,0,0,0
2024-10-16T21:00:00,28.584511,77.205783,215,VIDP,,0.0,22000,2000,22.2,20.3,1009.6,0,0,0,0,0
2024-10-17T00:00:00,28.584511,77.205783,215,VIDP,,0.0,22000,1000,21.2,20.0,1009.3,0,0,0,0,0
2024-10-17T03:00:00,28.584511,77.205783,215,VIDP,,0.0,,1000,22.8,21.3,1010.8,0,0,0,0,0
2024-10-17T06:00:00,28.584511,77.205783,215,VIDP,230,1.5,22000,2000,33.6,17.8,1010.2,0,0,0,0,0
2024-10-17T09:00:00,28.584511,77.205783,215,VIDP,230,1.5,3000,2000,35.0,18.1,1007.7,0,0,0,0,0
2024-10-17T12:00:00,28.584511,77.205783,215,VIDP,,0.0,3000,2000,31.6,21.6,1007.6,0,0,0,0,0
2024-10-17T15:00:00,28.584511,77.205783,215,VIDP,,0.0,22000,2000,25.0,21.1,1009.5,0,0,0,0,0
2024-10-17T18:00:00,28.584511,77.205783,215,VIDP,,0.0,,2000,22.6,20.1,1009.8,0,0,0,0,0
2024-10-17T21:00:00,28.584511,77.205783,215,VIDP,,0.0,,2000,21.2,19.6,1009.8,0,0,0,0,0
2024-10-18T00:00:00,28.584511,77.205783,215,VIDP,,0.0,,2000,20.6,19.7,1009.9,0,0,0,0,0
2024-10-18T03:00:00,28.584511,77.205783,215,VIDP,,0.0,,2000,22.0,20.5,1011.6,0,0,0,0,0
2024-10-18T06:00:00,28.584511,77.205783,215,VIDP,,0.0,,2000,33.6,18.2,1010.4,0,0,0,0,0
2024-10-18T09:00:00,28.584511,77.205783,215,VIDP,250,2.1,,4000,35.6,17.8,1007.2,0,0,0,0,0
2024-10-18T12:00:00,28.584511,77.205783,215,VIDP,,0.0,,4000,32.8,21.3,1007.2,0,0,0,0,0
2024-10-18T15:00:00,28.584511,77.205783,215,VIDP,,0.0,,2000,24.8,20.5,1009.1,0,0,0,0,0
2024-10-18T18:00:00,28.584511,77.205783,215,VIDP,,0.0,,2000,23.0,20.2,1009.8,0,0,0,0,0
2024-10-18T21:00:00,28.584511,77.205783,215,VIDP,,0.0,,2000,21.8,19.9,1009.8,0,0,0,0,0
2024-10-19T00:00:00,28.584511,77.205783,215,VIDP,,0.0,,2000,20.8,19.5,1010.4,0,0,0,0,0
2024-10-19T03:00:00,28.584511,77.205783,215,VIDP,,0.0,,2000,23.4,21.6,1012.4,0,0,0,0,0
2024-10-19T06:00:00,28.584511,77.205783,215,VIDP,200,1.5,,2000,34.2,19.0,1010.2,0,0,0,0,0
2024-10-19T09:00:00,28.584511,77.205783,215,VIDP,250,2.1,,4000,36.0,17.5,1007.5,0,0,0,0,0
2024-10-19T09:00:00,28.584511,77.205783,215,VIDP,250,2.1,22000,4000,36.0,18.0,,0,1,0,0,0
2024-10-19T12:00:00,28.584511,77.205783,215,VIDP,,0.0,,4000,32.2,21.6,1007.1,0,0,0,0,0
2024-10-19T15:00:00,28.584511,77.205783,215,VIDP,,0.0,,2000,25.6,21.4,1008.9,0,0,0,0,0
2024-10-19T18:00:00,28.584511,77.205783,215,VIDP,,0.0,,2000,23.2,20.4,1010.2,0,0,0,0,0
2024-10-19T21:00:00,28.584511,77.205783,215,VIDP,,0.0,,2000,22.2,20.3,1010.0,0,0,0,0,0
2024-10-20T00:00:00,28.584511,77.205783,215,VIDP,,0.0,,2000,21.2,19.6,1010.9,0,0,0,0,0
2024-10-20T03:00:00,28.584511,77.205783,215,VIDP,,0.0,,2000,23.0,21.5,1012.8,0,0,0,0,0
2024-10-20T06:00:00,28.584511,77.205783,215,VIDP,90,1.5,,2000,33.0,21.6,1012.1,0,0,0,0,0
2024-10-20T07:30:00,28.584511,77.205783,215,VIDP,0,0.0,22000,3000,34.0,21.0,,0,1,0,0,0
2024-10-20T08:00:00,28.584511,77.205783,215,VIDP,,1.0,22000,3000,34.0,22.0,,0,1,0,1,0
2024-10-20T08:30:00,28.584511,77.205783,215,VIDP,0,0.0,22000,3000,35.0,22.0,,0,1,0,0,0
2024-10-20T09:00:00,28.584511,77.205783,215,VIDP,,0.0,,2000,35.4,22.4,1009.6,0,0,0,0,0
2024-10-20T12:00:00,28.584511,77.205783,215,VIDP,,0.0,,2000,32.0,24.0,1009.2,0,0,0,0,0
2024-10-20T15:00:00,28.584511,77.205783,215,VIDP,,0.0,,1000,25.8,22.5,1010.9,0,0,0,0,0
2024-10-20T18:00:00,28.584511,77.205783,215,VIDP,,0.0,,1000,24.0,21.9,1012.1,0,0,0,0,0
2024-10-20T21:00:00,28.584511,77.205783,215,VIDP,,0.0,,1000,22.8,21.3,1011.8,0,0,0,0,0
2024-10-21T00:00:00,28.584511,77.205783,215,VIDP,,0.0,,1000,21.2,20.3,1011.8,0,0,0,0,0
2024-10-21T03:00:00,28.584511,77.205783,215,VIDP,110,1.5,,1000,24.2,21.8,1014.1,0,0,0,0,0
2024-10-21T06:00:00,28.584511,77.205783,215,VIDP,90,1.5,,2000,31.2,22.4,1012.0,0,0,0,0,0
2024-10-21T09:00:00,28.584511,77.205783,215,VIDP,,0.0,,1000,34.2,21.9,1009.2,0,0,0,0,0
2024-10-21T12:00:00,28.584511,77.205783,215,VIDP,,0.0,,2000,31.2,22.4,1009.0,0,0,0,0,0
2024-10-21T15:00:00,28.584511,77.205783,215,VIDP,,0.0,,2000,25.6,21.7,1011.4,0,0,0,0,0
2024-10-21T18:00:00,28.584511,77.205783,215,VIDP,,0.0,,2000,23.4,21.3,1012.5,0,0,0,0,0
2024-10-21T21:00:00,28.584511,77.205783,215,VIDP,,0.0,,1000,22.2,20.7,1012.2,0,0,0,0,0
2024-10-22T00:00:00,28.584511,77.205783,215,VIDP,,0.0,,1000,21.2,20.0,1013.0,0,0,0,0,0
2024-10-22T03:00:00,28.584511,77.205783,215,VIDP,,0.0,,1000,23.4,22.2,1015.2,0,0,0,0,0
2024-10-22T03:00:00,28.584511,77.205783,215,VIDP,0,0.0,22000,1800,23.0,22.0,,1,0,0,0,0
2024-10-22T03:30:00,28.584511,77.205783,215,VIDP,,1.0,22000,2000,26.0,22.0,,1,0,0,1,0
2024-10-22T06:00:00,28.584511,77.205783,215,VIDP,50,2.1,,2000,30.6,22.1,1014.0,0,0,0,0,0
2024-10-22T09:00:00,28.584511,77.205783,215,VIDP,270,1.5,,2000,33.2,21.1,1010.8,0,0,0,0,0
2024-10-22T12:00:00,28.584511,77.205783,215,VIDP,,0.0,,2000,30.8,22.0,1010.5,0,0,0,0,0
2024-10-22T15:00:00,28.584511,77.205783,215,VIDP,,0.0,,2000,24.2,20.5,1012.1,0,0,0,0,0
2024-10-22T18:00:00,28.584511,77.205783,215,VIDP,,0.0,,2000,23.0,20.5,1012.4,0,0,0,0,0
2024-10-22T21:00:00,28.584511,77.205783,215,VIDP,,0.0,,1000,21.8,20.4,1012.4,0,0,0,0,0
2024-10-23T00:00:00,28.584511,77.205783,215,VIDP,,0.0,,1000,21.2,20.0,1013.0,0,0,0,0,0
2024-10-23T03:00:00,28.584511,77.205783,215,VIDP,,0.0,,500,24.0,21.0,1014.6,0,0,0,0,0
2024-10-23T06:00:00,28.584511,77.205783,215,VIDP,290,1.5,,1000,30.8,20.9,1013.2,0,0,0,0,0
2024-10-23T09:00:00,28.584511,77.205783,215,VIDP,320,2.6,,1000,32.6,19.2,1010.1,0,0,0,0,0
2024-10-23T12:00:00,28.584511,77.205783,215,VIDP,250,1.5,,2000,30.0,20.0,1009.3,0,0,0,0,0
2024-10-23T15:00:00,28.584511,77.205783,215,VIDP,270,1.5,,2000,26.4,20.3,1011.2,0,0,0,0,0
2024-10-23T18:00:00,28.584511,77.205783,215,VIDP,,0.0,,2000,23.4,19.7,1011.6,0,0,0,0,0
2024-10-23T21:00:00,28.584511,77.205783,215,VIDP,270,1.5,,2000,22.4,18.6,1011.0,0,0,0,0,0
2024-10-24T00:00:00,28.584511,77.205783,215,VIDP,250,1.5,,1000,21.8,18.6,1011.4,0,0,0,0,0
2024-10-24T03:00:00,28.584511,77.205783,215,VIDP,270,4.1,,1000,23.8,18.1,1013.2,0,0,0,0,0
2024-10-24T06:00:00,28.584511,77.205783,215,VIDP,270,3.1,,6000,31.0,18.7,1011.9,0,0,0,0,0
2024-10-24T09:00:00,28.584511,77.205783,215,VIDP,320,2.1,,2000,33.8,19.6,1008.5,0,0,0,0,0
2024-10-24T12:00:00,28.584511,77.205783,215,VIDP,250,1.5,,2000,30.6,19.7,1008.3,0,0,0,0,0
2024-10-24T15:00:00,28.584511,77.205783,215,VIDP,,0.0,,2000,24.4,20.4,1010.1,0,0,0,0,0
2024-10-24T18:00:00,28.584511,77.205783,215,VIDP,,0.0,,2000,22.8,19.7,1010.6,0,0,0,0,0
2024-10-24T21:00:00,28.584511,77.205783,215,VIDP,,0.0,,1000,21.2,19.0,1009.8,0,0,0,0,0
2024-10-25T00:00:00,28.584511,77.205783,215,VIDP,,1.0,,1000,20.0,18.4,1010.6,0,0,0,0,0
2024-10-25T03:00:00,28.584511,77.205783,215,VIDP,270,3.1,,1000,23.0,18.6,1012.4,0,0,0,0,0
2024-10-25T06:00:00,28.584511,77.205783,215,VIDP,270,4.6,,2000,30.4,18.7,1010.7,0,0,0,0,0
2024-10-25T06:00:00,28.584511,77.205783,215,VIDP,270,4.6,22000,3000,30.0,19.0,,0,1,0,0,0
2024-10-25T09:00:00,28.584511,77.205783,215,VIDP,290,2.1,,2000,33.2,16.5,1007.7,0,0,0,0,0
2024-10-25T12:00:00,28.584511,77.205783,215,VIDP,270,1.5,,2000,30.2,19.5,1007.6,0,0,0,0,0
2024-10-25T15:00:00,28.584511,77.205783,215,VIDP,,0.0,,2000,23.4,18.7,1009.9,0,0,0,0,0
2024-10-25T18:00:00,28.584511,77.205783,215,VIDP,,0.0,,2000,21.0,18.1,1009.9,0,0,0,0,0
2024-10-25T21:00:00,28.584511,77.205783,215,VIDP,,0.0,,2000,20.2,18.6,1010.2,0,0,0,0,0
2024-10-26T00:00:00,28.584511,77.205783,215,VIDP,250,1.5,,1000,19.4,17.8,1010.7,0,0,0,0,0
2024-10-26T03:00:00,28.584511,77.205783,215,VIDP,250,2.6,,2000,22.6,16.4,1011.8,0,0,0,0,0
2024-10-26T05:00:00,28.584511,77.205783,215,VIDP,280,3.1,22000,3000,29.0,19.0,,0,1,0,0,0
2024-10-26T06:00:00,28.584511,77.205783,215,VIDP,290,2.6,,2000,30.0,18.9,1010.6,0,0,0,0,0
2024-10-26T09:00:00,28.584511,77.205783,215,VIDP,290,2.1,,2000,32.8,18.3,1007.7,0,0,0,0,0
2024-10-26T12:00:00,28.584511,77.205783,215,VIDP,,0.0,,2000,30.4,21.5,1007.4,0,0,0,0,0
2024-10-26T12:00:00,28.584511,77.205783,215,VIDP,0,0.0,22000,2000,30.0,22.0,,0,0,0,0,0
2024-10-26T15:00:00,28.584511,77.205783,215,VIDP,,0.0,,1000,24.0,20.5,1009.8,0,0,0,0,0
2024-10-26T18:00:00,28.584511,77.205783,215,VIDP,,0.0,,1000,22.2,19.7,1010.1,0,0,0,0,0
2024-10-27T00:00:00,28.584511,77.205783,215,VIDP,,0.0,,1000,20.6,19.3,1009.8,0,0,0,0,0
2024-10-27T03:00:00,28.584511,77.205783,215,VIDP,,0.0,,1000,23.4,22.2,1011.7,0,0,0,0,0
2024-10-27T06:00:00,28.584511,77.205783,215,VIDP,70,2.1,,2000,31.4,22.0,1010.7,0,0,0,0,0
2024-10-27T09:00:00,28.584511,77.205783,215,VIDP,320,1.5,,2000,33.2,22.7,1007.1,0,0,0,0,0
2024-10-27T10:00:00,28.584511,77.205783,215,VIDP,0,0.0,22000,2000,33.0,23.0,,0,0,0,0,0
2024-10-27T10:30:00,28.584511,77.205783,215,VIDP,0,0.0,22000,2000,33.0,23.0,,0,0,0,0,0
2024-10-27T12:00:00,28.584511,77.205783,215,VIDP,,0.0,,2000,30.8,23.6,1007.0,0,0,0,0,0
2024-10-27T15:00:00,28.584511,77.205783,215,VIDP,,0.0,,2000,25.4,22.4,1008.4,0,0,0,0,0
2024-10-27T18:00:00,28.584511,77.205783,215,VIDP,,0.0,,2000,23.4,21.6,1008.5,0,0,0,0,0
2024-10-27T21:00:00,28.584511,77.205783,215,VIDP,,0.0,,2000,22.6,21.1,1007.5,0,0,0,0,0
2024-10-28T00:00:00,28.584511,77.205783,215,VIDP,,0.0,,2000,21.0,20.1,1007.9,0,0,0,0,0
2024-10-28T03:00:00,28.584511,77.205783,215,VIDP,,0.0,,1000,23.8,21.7,1010.1,0,0,0,0,0
2024-10-28T06:00:00,28.584511,77.205783,215,VIDP,160,3.1,,2000,31.4,22.0,1009.1,0,0,0,0,0
2024-10-28T09:00:00,28.584511,77.205783,215,VIDP,320,2.6,,2000,33.6,22.6,1006.4,0,0,0,0,0
2024-10-28T12:00:00,28.584511,77.205783,215,VIDP,270,1.5,,2000,30.4,22.8,1006.2,0,0,0,0,0
2024-10-28T15:00:00,28.584511,77.205783,215,VIDP,,0.0,,2000,25.4,21.8,1008.2,0,0,0,0,0
2024-10-28T18:00:00,28.584511,77.205783,215,VIDP,,0.0,,2000,23.2,21.1,1008.5,0,0,0,0,0
2024-10-28T21:00:00,28.584511,77.205783,215,VIDP,,0.0,,1000,22.0,20.8,1007.9,0,0,0,0,0
2024-10-29T00:00:00,28.584511,77.205783,215,VIDP,,0.0,,1000,21.2,20.3,1008.6,0,0,0,0,0
2024-10-29T03:00:00,28.584511,77.205783,215,VIDP,,0.0,,1000,23.8,21.1,1010.4,0,0,0,0,0
2024-10-29T06:00:00,28.584511,77.205783,215,VIDP,320,2.6,,2000,33.0,22.9,1009.6,0,0,0,0,0
2024-10-29T09:00:00,28.584511,77.205783,215,VIDP,320,1.0,,2000,35.0,23.2,1006.8,0,0,0,0,0
2024-10-29T12:00:00,28.584511,77.205783,215,VIDP,,0.0,,2000,33.6,24.5,1006.3,0,0,0,0,0
2024-10-29T15:00:00,28.584511,77.205783,215,VIDP,,0.0,,2000,25.8,22.9,1008.2,0,0,0,0,0
2024-10-29T18:00:00,28.584511,77.205783,215,VIDP,,0.0,,1000,24.0,22.2,1008.4,0,0,0,0,0
2024-10-29T21:00:00,28.584511,77.205783,215,VIDP,,0.0,,1000,22.6,21.4,1007.5,0,0,0,0,0
2024-10-30T00:00:00,28.584511,77.205783,215,VIDP,,0.0,,1000,22.0,21.1,1008.0,0,0,0,0,0
2024-10-30T03:00:00,28.584511,77.205783,215,VIDP,,0.0,,1000,24.0,21.0,1010.1,0,0,0,0,0
2024-10-30T06:00:00,28.584511,77.205783,215,VIDP,50,1.5,,2000,32.8,21.3,1009.5,0,0,0,0,0
2024-10-30T09:00:00,28.584511,77.205783,215,VIDP,,0.0,,2000,35.4,22.7,1007.3,0,0,0,0,0
2024-10-30T12:00:00,28.584511,77.205783,215,VIDP,,0.0,,2000,33.0,24.5,1007.6,0,0,0,0,0
2024-10-30T15:00:00,28.584511,77.205783,215,VIDP,,0.0,,2000,25.4,22.4,1010.1,0,0,0,0,0
2024-10-30T18:00:00,28.584511,77.205783,215,VIDP,,0.0,,2000,23.8,21.4,1011.0,0,0,0,0,0
2024-10-30T21:00:00,28.584511,77.205783,215,VIDP,,0.0,,2000,23.2,21.1,1010.4,0,0,0,0,0
2024-10-31T00:00:00,28.584511,77.205783,215,VIDP,,0.0,,2000,21.6,20.7,1010.7,0,0,0,0,0
2024-10-31T03:00:00,28.584511,77.205783,215,VIDP,250,2.1,,2000,25.0,20.4,1012.8,0,0,0,0,0
2024-10-31T06:00:00,28.584511,77.205783,215,VIDP,270,4.1,,2000,31.2,21.8,1011.9,0,0,0,0,0
2024-10-31T09:00:00,28.584511,77.205783,215,VIDP,270,2.1,,2000,33.0,21.2,1009.3,0,0,0,0,0
2024-10-31T12:00:00,28.584511,77.205783,215,VIDP,,0.0,,2000,31.4,22.3,1008.9,0,0,0,0,0
2024-10-31T15:00:00,28.584511,77.205783,215,VIDP,,0.0,,2000,23.4,19.7,1010.6,0,0,0,0,0
2024-10-31T18:00:00,28.584511,77.205783,215,VIDP,270,2.6,,1000,22.0,17.5,1011.0,0,0,0,0,0
2024-10-31T21:00:00,28.584511,77.205783,215,VIDP,270,1.5,,1000,21.4,17.9,1010.3,0,0,0,0,0
2024-11-01T00:00:00,28.584511,77.205783,215,VIDP,270,1.0,,1000,19.2,15.9,1010.6,0,0,0,0,0
2024-11-01T03:00:00,28.584511,77.205783,215,VIDP,250,2.6,,2000,21.4,15.7,1012.9,0,0,0,0,0
2024-11-01T06:00:00,28.584511,77.205783,215,VIDP,250,4.1,,2000,30.0,19.6,1011.8,0,0,0,0,0
2024-11-01T09:00:00,28.584511,77.205783,215,VIDP,270,2.6,,2000,33.2,20.7,1010.2,0,0,0,0,0
2024-11-01T12:00:00,28.584511,77.205783,215,VIDP,,0.0,,2000,30.4,21.5,1010.4,0,0,0,0,0
2024-11-01T15:00:00,28.584511,77.205783,215,VIDP,,0.0,,2000,21.6,18.8,1013.0,0,0,0,0,0
2024-11-01T18:00:00,28.584511,77.205783,215,VIDP,,0.0,,2000,20.4,17.8,1013.2,0,0,0,0,0
2024-11-01T21:00:00,28.584511,77.205783,215,VIDP,,0.0,,2000,19.4,17.8,1012.1,0,0,0,0,0
2024-11-02T00:00:00,28.584511,77.205783,215,VIDP,,0.0,,2000,17.8,16.5,1012.4,0,0,0,0,0
2024-11-02T03:00:00,28.584511,77.205783,215,VIDP,,0.0,,2000,19.0,17.0,1014.3,0,0,0,0,0
2024-11-02T06:00:00,28.584511,77.205783,215,VIDP,,0.0,,2000,31.0,18.7,1013.5,0,0,0,0,0
2024-11-02T09:00:00,28.584511,77.205783,215,VIDP,,0.0,,2000,33.0,19.0,1011.1,0,0,0,0,0
2024-11-02T12:00:00,28.584511,77.205783,215,VIDP,,0.0,,2000,29.0,20.9,1011.3,0,0,0,0,0
2024-11-02T15:00:00,28.584511,77.205783,215,VIDP,,0.0,,2000,22.6,19.5,1013.2,0,0,0,0,0
2024-11-02T18:00:00,28.584511,77.205783,215,VIDP,,0.0,,2000,20.8,17.6,1014.2,0,0,0,0,0
2024-11-02T21:00:00,28.584511,77.205783,215,VIDP,,0.0,,2000,18.8,15.8,1013.7,0,0,0,0,0
2024-11-03T00:00:00,28.584511,77.205783,215,VIDP,,0.0,,2000,17.2,15.1,1013.9,0,0,0,0,0
2024-11-03T03:00:00,28.584511,77.205783,215,VIDP,,0.0,,1000,18.6,17.6,1015.6,0,0,0,0,0
2024-11-03T06:00:00,28.584511,77.205783,215,VIDP,,0.0,,1000,30.4,16.4,1014.7,0,0,0,0,0
2024-11-03T09:00:00,28.584511,77.205783,215,VIDP,,0.0,,1000,32.0,19.9,1012.5,0,0,0,0,0
2024-11-03T12:00:00,28.584511,77.205783,215,VIDP,,0.0,,1000,30.2,22.6,1011.9,0,0,0,0,0
2024-11-03T15:00:00,28.584511,77.205783,215,VIDP,,0.0,,1000,21.6,19.2,1014.0,0,0,0,0,0
2024-11-03T18:00:00,28.584511,77.205783,215,VIDP,,0.0,,1000,19.6,17.0,1014.0,0,0,0,0,0
2024-11-03T21:00:00,28.584511,77.205783,215,VIDP,,0.0,,1000,18.8,16.5,1012.8,0,0,0,0,0
2024-11-04T00:00:00,28.584511,77.205783,215,VIDP,,0.0,,1000,17.4,15.7,1012.4,0,0,0,0,0
2024-11-04T03:00:00,28.584511,77.205783,215,VIDP,,0.0,,1000,18.8,15.8,1014.1,0,0,0,0,0
2024-11-04T06:00:00,28.584511,77.205783,215,VIDP,250,1.5,,2000,28.0,15.7,1013.0,0,0,0,0,0
2024-11-04T09:00:00,28.584511,77.205783,215,VIDP,270,1.5,,1000,31.6,19.8,1010.3,0,0,0,0,0
2024-11-04T12:00:00,28.584511,77.205783,215,VIDP,,0.0,,1000,30.0,21.4,1009.7,0,0,0,0,0
2024-11-04T15:00:00,28.584511,77.205783,215,VIDP,,0.0,,2000,22.6,19.5,1009.7,0,0,0,0,0
2024-11-04T18:00:00,28.584511,77.205783,215,VIDP,,0.0,,1000,20.0,18.4,1013.7,0,0,0,0,0
2024-11-04T21:00:00,28.584511,77.205783,215,VIDP,,0.0,,1000,18.8,17.5,1013.5,0,0,0,0,0
2024-11-05T00:00:00,28.584511,77.205783,215,VIDP,,0.0,,1000,18.2,17.5,1013.9,0,0,0,0,0
2024-11-05T03:00:00,28.584511,77.205783,215,VIDP,,0.0,,1000,19.6,18.6,1016.0,0,0,0,0,0
2024-11-05T06:00:00,28.584511,77.205783,215,VIDP,,0.0,,1000,29.4,19.3,1015.8,0,0,0,0,0
2024-11-05T09:00:00,28.584511,77.205783,215,VIDP,340,2.1,,1000,31.6,20.5,1012.6,0,0,0,0,0
2024-11-05T12:00:00,28.584511,77.205783,215,VIDP,,0.0,,1000,28.6,21.8,1012.7,0,0,0,0,0
2024-11-05T15:00:00,28.584511,77.205783,215,VIDP,,0.0,,1000,21.6,19.1,1015.1,0,0,0,0,0
2024-11-05T18:00:00,28.584511,77.205783,215,VIDP,,0.0,,1000,20.2,18.3,1015.3,0,0,0,0,0
2024-11-05T21:00:00,28.584511,77.205783,215,VIDP,,0.0,,500,18.8,17.8,1014.7,0,0,0,0,0
2024-11-06T00:00:00,28.584511,77.205783,215,VIDP,,0.0,,500,18.0,17.3,1014.9,0,0,0,0,0
2024-11-06T03:00:00,28.584511,77.205783,215,VIDP,,0.0,,500,19.0,18.7,1016.9,0,0,0,0,0
2024-11-06T06:00:00,28.584511,77.205783,215,VIDP,340,1.5,,1000,30.0,20.3,1015.5,0,0,0,0,0
2024-11-06T09:00:00,28.584511,77.205783,215,VIDP,230,1.5,,2000,31.8,21.4,1012.6,0,0,0,0,0
2024-11-06T12:00:00,28.584511,77.205783,215,VIDP,,0.0,,1000,28.4,22.2,1012.5,0,0,0,0,0
2024-11-06T15:00:00,28.584511,77.205783,215,VIDP,,0.0,,1000,22.8,20.0,1014.3,0,0,0,0,0
2024-11-06T18:00:00,28.584511,77.205783,215,VIDP,,0.0,,1000,20.8,19.2,1014.3,0,0,0,0,0
2024-11-06T21:00:00,28.584511,77.205783,215,VIDP,,0.0,,1000,19.6,18.6,1013.5,0,0,0,0,0
2024-11-07T00:00:00,28.584511,77.205783,215,VIDP,,0.0,,1000,18.8,17.8,1013.9,0,0,0,0,0
2024-11-07T03:00:00,28.584511,77.205783,215,VIDP,,0.0,,1000,20.0,19.0,1015.8,0,0,0,0,0
2024-11-07T06:00:00,28.584511,77.205783,215,VIDP,,1.0,,1000,29.0,20.6,1014.5,0,0,0,0,0
2024-11-07T08:30:00,28.584511,77.205783,215,VIDP,,1.0,22000,1800,31.0,22.0,,0,0,0,1,0
2024-11-07T09:00:00,28.584511,77.205783,215,VIDP,,1.0,,1000,31.4,22.3,1011.7,0,0,0,0,0
2024-11-07T12:00:00,28.584511,77.205783,215,VIDP,,0.0,,1000,27.6,22.6,1012.0,0,0,0,0,0
2024-11-07T15:00:00,28.584511,77.205783,215,VIDP,,0.0,,1000,22.8,20.7,1013.9,0,0,0,0,0
2024-11-07T18:00:00,28.584511,77.205783,215,VIDP,,0.0,,1000,21.0,19.8,1014.3,0,0,0,0,0
2024-11-07T21:00:00,28.584511,77.205783,215,VIDP,,0.0,,1000,19.8,18.5,1013.3,0,0,0,0,0
2024-11-08T00:00:00,28.584511,77.205783,215,VIDP,,0.0,,500,19.0,18.4,1013.4,0,0,0,0,0
2024-11-08T03:00:00,28.584511,77.205783,215,VIDP,,0.0,,500,20.0,19.4,1015.7,0,0,0,0,0
2024-11-08T06:00:00,28.584511,77.205783,215,VIDP,340,1.5,,1000,28.6,21.4,1014.5,0,0,0,0,0
2024-11-08T09:00:00,28.584511,77.205783,215,VIDP,320,1.5,,1000,31.0,22.2,1011.6,0,0,0,0,0
2024-11-08T12:00:00,28.584511,77.205783,215,VIDP,,0.0,,1000,28.0,23.0,1011.4,0,0,0,0,0
2024-11-08T15:00:00,28.584511,77.205783,215,VIDP,,0.0,,1000,23.0,21.8,1013.3,0,0,0,0,0
2024-11-08T18:00:00,28.584511,77.205783,215,VIDP,,0.0,,1000,21.0,19.8,1013.7,0,0,0,0,0
2024-11-08T21:00:00,28.584511,77.205783,215,VIDP,,0.0,,1000,20.0,19.0,1013.4,0,0,0,0,0
2024-11-09T00:00:00,28.584511,77.205783,215,VIDP,,0.0,,500,19.0,18.7,1013.6,0,0,0,0,0
2024-11-09T03:00:00,28.584511,77.205783,215,VIDP,,1.0,,500,20.0,19.7,1015.7,0,0,0,0,0
2024-11-09T06:00:00,28.584511,77.205783,215,VIDP,,1.0,,1000,29.0,21.6,1014.5,0,0,0,0,0
2024-11-09T09:00:00,28.584511,77.205783,215,VIDP,140,1.5,,1000,31.6,22.2,1011.5,0,0,0,0,0
2024-11-09T12:00:00,28.584511,77.205783,215,VIDP,,0.0,,1000,27.8,22.8,1011.4,0,0,0,0,0
2024-11-09T15:00:00,28.584511,77.205783,215,VIDP,,0.0,,500,23.4,21.0,1013.3,0,0,0,0,0
2024-11-09T18:00:00,28.584511,77.205783,215,VIDP,,0.0,,500,21.8,20.3,1013.7,0,0,0,0,0
2024-11-09T21:00:00,28.584511,77.205783,215,VIDP,,0.0,,500,20.4,19.5,1013.3,0,0,0,0,0
2024-11-10T00:00:00,28.584511,77.205783,215,VIDP,,0.0,,500,19.4,18.8,1013.6,0,0,0,0,0
2024-11-10T03:00:00,28.584511,77.205783,215,VIDP,,0.0,,500,21.0,19.4,1015.3,0,0,0,0,0
2024-11-10T06:00:00,28.584511,77.205783,215,VIDP,,0.0,,1000,27.4,19.7,1014.6,0,0,0,0,0
2024-11-10T09:00:00,28.584511,77.205783,215,VIDP,,0.0,,1000,30.6,22.1,1011.8,0,0,0,0,0
2024-11-10T12:00:00,28.584511,77.205783,215,VIDP,,0.0,,1000,28.0,23.0,1011.6,0,0,0,0,0
2024-11-10T15:00:00,28.584511,77.205783,215,VIDP,,0.0,,1000,22.6,20.4,1014.0,0,0,0,0,0
2024-11-10T18:00:00,28.584511,77.205783,215,VIDP,,0.0,,1000,20.8,19.5,1014.5,0,0,0,0,0
2024-11-10T21:00:00,28.584511,77.205783,215,VIDP,,0.0,,1000,19.6,18.6,1013.6,0,0,0,0,0
2024-11-11T00:00:00,28.584511,77.205783,215,VIDP,,0.0,,500,18.2,17.5,1013.7,0,0,0,0,0
2024-11-11T03:00:00,28.584511,77.205783,215,VIDP,,0.0,,500,19.4,18.8,1015.6,0,0,0,0,0
2024-11-11T06:00:00,28.584511,77.205783,215,VIDP,50,1.5,,1000,28.2,21.3,1014.4,0,0,0,0,0
2024-11-11T09:00:00,28.584511,77.205783,215,VIDP,,1.0,,1000,31.4,21.7,1011.4,0,0,0,0,0
2024-11-11T12:00:00,28.584511,77.205783,215,VIDP,,0.0,,1000,28.2,22.6,1011.1,0,0,0,0,0
2024-11-11T15:00:00,28.584511,77.205783,215,VIDP,,0.0,,1000,22.6,20.8,1012.8,0,0,0,0,0
2024-11-11T18:00:00,28.584511,77.205783,215,VIDP,,0.0,,1000,20.8,19.5,1013.5,0,0,0,0,0
2024-11-11T21:00:00,28.584511,77.205783,215,VIDP,,0.0,,1000,19.6,18.6,1013.3,0,0,0,0,0
2024-11-12T00:00:00,28.584511,77.205783,215,VIDP,,0.0,,1000,18.8,18.1,1013.5,0,0,0,0,0
2024-11-12T03:00:00,28.584511,77.205783,215,VIDP,,1.0,,1000,20.0,19.4,1015.0,0,0,0,0,0
2024-11-12T06:00:00,28.584511,77.205783,215,VIDP,320,2.6,,1000,30.2,20.6,1013.7,0,0,0,0,0
2024-11-12T09:00:00,28.584511,77.205783,215,VIDP,270,4.1,,2000,32.4,19.3,1011.3,0,0,0,0,0
2024-11-12T12:00:00,28.584511,77.205783,215,VIDP,,0.0,,2000,28.4,20.9,1010.8,0,0,0,0,0
2024-11-12T15:00:00,28.584511,77.205783,215,VIDP,,0.0,,2000,20.6,16.7,1013.3,0,0,0,0,0
2024-11-12T18:00:00,28.584511,77.205783,215,VIDP,,0.0,,1000,19.4,15.7,1013.2,0,0,0,0,0
2024-11-12T21:00:00,28.584511,77.205783,215,VIDP,,0.0,,500,18.2,17.5,1012.2,0,0,0,0,0
2024-11-13T00:00:00,28.584511,77.205783,215,VIDP,270,1.5,60,200,19.2,19.2,1011.9,0,0,0,0,0
2024-11-13T03:00:00,28.584511,77.205783,215,VIDP,270,1.5,60,200,20.4,19.1,1014.6,0,0,0,0,0
2024-11-13T06:00:00,28.584511,77.205783,215,VIDP,270,3.1,120,500,23.0,19.9,1014.2,0,0,0,0,0
2024-11-13T09:00:00,28.584511,77.205783,215,VIDP,290,1.5,,500,27.0,20.6,1011.1,0,0,0,0,0
2024-11-13T12:00:00,28.584511,77.205783,215,VIDP,,0.0,,500,24.8,20.8,1011.0,0,0,0,0,0
2024-11-13T15:00:00,28.584511,77.205783,215,VIDP,,0.0,,200,19.6,18.3,1013.0,0,0,0,0,0
2024-11-13T18:00:00,28.584511,77.205783,215,VIDP,,0.0,,200,18.0,17.3,1014.1,0,0,0,0,0
2024-11-13T21:00:00,28.584511,77.205783,215,VIDP,,0.0,,200,17.2,16.9,1013.9,0,0,0,0,0
2024-11-14T00:00:00,28.584511,77.205783,215,VIDP,,1.0,,200,16.8,16.8,1014.4,0,0,0,0,0
2024-11-14T03:00:00,28.584511,77.205783,215,VIDP,,0.0,,200,18.6,18.3,1016.5,0,0,0,0,0
2024-11-14T06:00:00,28.584511,77.205783,215,VIDP,,0.0,,200,25.0,19.8,1016.4,0,0,0,0,0
2024-11-14T09:00:00,28.584511,77.205783,215,VIDP,,0.0,,500,28.4,20.5,1013.5,0,0,0,0,0
2024-11-14T12:00:00,28.584511,77.205783,215,VIDP,,0.0,,1000,25.0,20.7,1013.3,0,0,0,0,0
2024-11-14T12:00:00,28.584511,77.205783,215,VIDP,0,0.0,22000,1000,25.0,21.0,,1,0,0,0,0
2024-11-14T15:00:00,28.584511,77.205783,215,VIDP,,0.0,,500,19.8,18.2,1014.9,0,0,0,0,0
2024-11-14T18:00:00,28.584511,77.205783,215,VIDP,,0.0,,500,18.0,17.7,1015.1,0,0,0,0,0
2024-11-14T21:00:00,28.584511,77.205783,215,VIDP,,0.0,,200,16.6,16.3,1014.7,0,0,0,0,0
2024-11-15T00:00:00,28.584511,77.205783,215,VIDP,,0.0,,200,16.2,16.2,1014.5,0,0,0,0,0
2024-11-15T03:00:00,28.584511,77.205783,215,VIDP,,0.0,,500,18.0,17.7,1016.2,0,0,0,0,0
2024-11-15T06:00:00,28.584511,77.205783,215,VIDP,230,1.5,,500,27.4,20.1,1014.7,0,0,0,0,0
2024-11-15T09:00:00,28.584511,77.205783,215,VIDP,270,2.6,,2000,30.0,20.3,1012.1,0,0,0,0,0
2024-11-15T12:00:00,28.584511,77.205783,215,VIDP,,0.0,,2000,25.8,20.0,1011.6,0,0,0,0,0
2024-11-15T15:00:00,28.584511,77.205783,215,VIDP,,0.0,,2000,19.8,17.5,1013.1,0,0,0,0,0
2024-11-15T18:00:00,28.584511,77.205783,215,VIDP,,0.0,,2000,17.6,16.3,1013.4,0,0,0,0,0
2024-11-15T21:00:00,28.584511,77.205783,215,VIDP,,0.0,,1000,17.0,15.6,1013.0,0,0,0,0,0
2024-11-16T00:00:00,28.584511,77.205783,215,VIDP,,0.0,,200,16.2,15.5,1012.8,0,0,0,0,0
2024-11-16T03:00:00,28.584511,77.205783,215,VIDP,,0.0,,200,17.2,16.2,1014.2,0,0,0,0,0
2024-11-16T06:00:00,28.584511,77.205783,215,VIDP,270,2.6,,500,27.0,18.2,1013.7,0,0,0,0,0
2024-11-16T09:00:00,28.584511,77.205783,215,VIDP,270,3.1,,1000,29.0,19.9,1011.4,0,0,0,0,0
2024-11-16T12:00:00,28.584511,77.205783,215,VIDP,,0.0,,1000,26.2,22.3,1010.7,0,0,0,0,0
2024-11-16T15:00:00,28.584511,77.205783,215,VIDP,,0.0,,500,19.8,18.5,1013.0,0,0,0,0,0
2024-11-16T18:00:00,28.584511,77.205783,215,VIDP,,0.0,,500,17.8,16.5,1013.4,0,0,0,0,0
2024-11-16T21:00:00,28.584511,77.205783,215,VIDP,,0.0,,500,17.2,16.5,1013.1,0,0,0,0,0
2024-11-17T00:00:00,28.584511,77.205783,215,VIDP,,0.0,,200,17.0,16.0,1013.1,0,0,0,0,0
2024-11-17T03:00:00,28.584511,77.205783,215,VIDP,,0.0,,200,18.0,17.0,1014.6,0,0,0,0,0
2024-11-17T06:00:00,28.584511,77.205783,215,VIDP,,0.0,,500,25.8,20.0,1014.5,0,0,0,0,0
2024-11-17T09:00:00,28.584511,77.205783,215,VIDP,,0.0,,500,26.8,20.7,1012.2,0,0,0,0,0
2024-11-17T12:00:00,28.584511,77.205783,215,VIDP,270,1.5,,500,21.6,19.1,1012.6,0,0,0,0,0
2024-11-17T12:30:00,28.584511,77.205783,215,VIDP,270,1.5,22000,400,21.0,19.0,,0,0,0,0,0
2024-11-17T15:00:00,28.584511,77.205783,215,VIDP,,0.0,60,200,18.2,17.2,1014.7,0,0,0,0,0
2024-11-17T18:00:00,28.584511,77.205783,215,VIDP,,1.0,30,50,17.2,16.5,1015.1,0,0,0,0,0
2024-11-22T00:00:00,28.584511,77.205783,215,VIDP,,0.0,,500,11.8,11.6,1014.5,0,0,0,0,0
2024-11-22T03:00:00,28.584511,77.205783,215,VIDP,,0.0,,500,12.4,12.0,1016.6,0,0,0,0,0
2024-11-22T06:00:00,28.584511,77.205783,215,VIDP,270,1.5,,500,23.2,12.4,1016.2,0,0,0,0,0
2024-11-22T09:00:00,28.584511,77.205783,215,VIDP,320,2.1,,1000,26.6,12.7,1013.0,0,0,0,0,0
2024-11-22T12:00:00,28.584511,77.205783,215,VIDP,,0.0,,500,22.2,16.7,1013.0,0,0,0,0,0
2024-11-22T15:00:00,28.584511,77.205783,215,VIDP,,0.0,,200,16.4,14.3,1014.5,0,0,0,0,0
2024-11-22T18:00:00,28.584511,77.205783,215,VIDP,,0.0,,200,14.2,13.5,1014.6,0,0,0,0,0
2024-11-22T21:00:00,28.584511,77.205783,215,VIDP,,0.0,,200,13.0,12.3,1014.4,0,0,0,0,0
2024-11-23T00:00:00,28.584511,77.205783,215,VIDP,,0.0,,200,12.0,12.0,1014.9,0,0,0,0,0
2024-11-23T03:00:00,28.584511,77.205783,215,VIDP,,0.0,,200,13.0,12.6,1017.2,0,0,0,0,0
2024-11-23T06:00:00,28.584511,77.205783,215,VIDP,,0.0,,1000,25.2,14.1,1016.4,0,0,0,0,0
2024-11-23T09:00:00,28.584511,77.205783,215,VIDP,,0.0,,1000,28.2,11.6,1013.8,0,0,0,0,0
2024-11-23T12:00:00,28.584511,77.205783,215,VIDP,,0.0,,1000,23.4,16.6,1014.0,0,0,0,0,0
2024-11-23T15:00:00,28.584511,77.205783,215,VIDP,,0.0,,1000,17.2,14.8,1015.7,0,0,0,0,0
2024-11-23T18:00:00,28.584511,77.205783,215,VIDP,,0.0,,1000,15.0,13.9,1015.8,0,0,0,0,0
2024-11-23T21:00:00,28.584511,77.205783,215,VIDP,,0.0,,1000,14.0,13.3,1014.8,0,0,0,0,0
2024-11-24T00:00:00,28.584511,77.205783,215,VIDP,,0.0,,500,12.8,12.4,1014.9,0,0,0,0,0
2024-11-24T03:00:00,28.584511,77.205783,215,VIDP,,0.0,,2000,16.0,11.6,1016.9,0,0,0,0,0
2024-11-24T06:00:00,28.584511,77.205783,215,VIDP,,0.0,,2000,24.8,11.8,1015.9,0,0,0,0,0
2024-11-24T09:00:00,28.584511,77.205783,215,VIDP,320,3.1,,2000,28.2,10.6,1013.3,0,0,0,0,0
2024-11-24T12:00:00,28.584511,77.205783,215,VIDP,,0.0,,2000,24.2,15.6,1013.1,0,0,0,0,0
2024-11-24T15:00:00,28.584511,77.205783,215,VIDP,,0.0,,1000,17.4,14.3,1014.5,0,0,0,0,0
2024-11-24T18:00:00,28.584511,77.205783,215,VIDP,320,1.5,,1000,15.4,12.9,1014.8,0,0,0,0,0
2024-11-24T21:00:00,28.584511,77.205783,215,VIDP,,0.0,,1000,15.0,13.2,1014.8,0,0,0,0,0
2024-11-25T00:00:00,28.584511,77.205783,215,VIDP,,0.0,,1000,14.8,13.0,1015.2,0,0,0,0,0
2024-11-25T03:00:00,28.584511,77.205783,215,VIDP,320,1.5,,500,16.4,13.9,1017.2,0,0,0,0,0
2024-11-25T06:00:00,28.584511,77.205783,215,VIDP,320,2.1,,500,23.4,15.8,1016.2,0,0,0,0,0
2024-11-25T09:00:00,28.584511,77.205783,215,VIDP,320,4.1,,1000,25.6,14.6,1013.3,0,0,0,0,0
2024-11-25T12:00:00,28.584511,77.205783,215,VIDP,320,1.5,,1000,22.8,16.6,1012.4,0,0,0,0,0
2024-11-25T15:00:00,28.584511,77.205783,215,VIDP,,0.0,,500,17.4,15.0,1014.6,0,0,0,0,0
2024-11-25T18:00:00,28.584511,77.205783,215,VIDP,,0.0,,500,15.4,14.0,1015.3,0,0,0,0,0
2024-11-25T21:00:00,28.584511,77.205783,215,VIDP,,0.0,,500,14.8,13.4,1015.1,0,0,0,0,0
2024-11-26T00:00:00,28.584511,77.205783,215,VIDP,320,1.5,,500,12.8,12.1,1015.6,0,0,0,0,0
2024-11-26T03:00:00,28.584511,77.205783,215,VIDP,320,1.5,,1000,15.4,12.1,1017.5,0,0,0,0,0
2024-11-26T06:00:00,28.584511,77.205783,215,VIDP,320,2.1,,1000,24.0,13.0,1016.6,0,0,0,0,0
2024-11-26T09:00:00,28.584511,77.205783,215,VIDP,320,3.1,,2000,26.4,11.8,1013.2,0,0,0,0,0
2024-11-26T12:00:00,28.584511,77.205783,215,VIDP,,0.0,,2000,22.2,14.8,1012.7,0,0,0,0,0
2024-11-26T15:00:00,28.584511,77.205783,215,VIDP,,0.0,,1000,16.4,13.6,1014.5,0,0,0,0,0
2024-11-26T18:00:00,28.584511,77.205783,215,VIDP,,0.0,,1000,14.0,12.5,1015.0,0,0,0,0,0
2024-11-27T00:00:00,28.584511,77.205783,215,VIDP,,0.0,,500,11.6,10.8,1014.6,0,0,0,0,0
2024-11-27T03:00:00,28.584511,77.205783,215,VIDP,,0.0,,1000,12.6,11.5,1016.6,0,0,0,0,0
2024-11-27T06:00:00,28.584511,77.205783,215,VIDP,320,2.1,,2000,23.6,12.0,1015.7,0,0,0,0,0
2024-11-27T06:30:00,28.584511,77.205783,215,VIDP,330,2.1,22000,2200,24.0,12.0,,0,1,0,0,0
2024-11-27T07:00:00,28.584511,77.205783,215,VIDP,330,3.1,22000,2200,26.0,10.0,,0,1,0,0,0
2024-11-27T09:00:00,28.584511,77.205783,215,VIDP,320,3.1,,2000,26.6,10.2,1012.7,0,0,0,0,0
2024-11-27T12:00:00,28.584511,77.205783,215,VIDP,,0.0,,2000,22.0,13.8,1012.9,0,0,0,0,0
2024-11-27T15:00:00,28.584511,77.205783,215,VIDP,,0.0,,1000,15.6,13.8,1015.3,0,0,0,0,0
2024-11-27T18:00:00,28.584511,77.205783,215,VIDP,,0.0,,2000,13.0,11.5,1016.0,0,0,0,0,0
2024-11-27T21:00:00,28.584511,77.205783,215,VIDP,,0.0,,2000,12.0,10.9,1015.7,0,0,0,0,0
2024-11-28T00:00:00,28.584511,77.205783,215,VIDP,,0.0,,1000,10.8,10.4,1016.3,0,0,0,0,0
2024-11-28T03:00:00,28.584511,77.205783,215,VIDP,,0.0,,500,11.6,11.2,1017.9,0,0,0,0,0
2024-11-28T06:00:00,28.584511,77.205783,215,VIDP,320,1.5,,1000,23.8,10.5,1017.7,0,0,0,0,0
2024-11-28T09:00:00,28.584511,77.205783,215,VIDP,,1.5,,1000,26.2,9.6,1014.6,0,0,0,0,0
2024-11-28T12:00:00,28.584511,77.205783,215,VIDP,,0.0,,1000,21.8,11.9,1014.8,0,0,0,0,0
2024-11-28T15:00:00,28.584511,77.205783,215,VIDP,,0.0,,2000,14.4,11.4,1016.8,0,0,0,0,0
2024-11-28T18:00:00,28.584511,77.205783,215,VIDP,,0.0,,2000,12.4,10.9,1017.5,0,0,0,0,0
2024-11-28T21:00:00,28.584511,77.205783,215,VIDP,,0.0,,2000,11.0,10.2,1017.3,0,0,0,0,0
2024-11-29T00:00:00,28.584511,77.205783,215,VIDP,,0.0,,1000,10.0,10.0,1017.7,0,0,0,0,0
2024-11-29T01:30:00,28.584511,77.205783,215,VIDP,0,0.0,22000,1100,10.0,10.0,,1,0,0,0,0
2024-11-29T02:00:00,28.584511,77.205783,215,VIDP,0,0.0,22000,1000,10.0,10.0,,1,0,0,0,0
2024-11-29T03:00:00,28.584511,77.205783,215,VIDP,,0.0,,1000,11.0,10.8,1019.8,0,0,0,0,0
2024-11-29T04:30:00,28.584511,77.205783,215,VIDP,0,0.0,22000,1100,19.0,13.0,,1,0,0,0,0
2024-11-29T05:00:00,28.584511,77.205783,215,VIDP,0,0.0,22000,1200,21.0,13.0,,0,0,0,0,0
2024-11-29T06:00:00,28.584511,77.205783,215,VIDP,,0.0,,1000,23.4,12.2,1018.2,0,0,0,0,0
2024-11-29T09:00:00,28.584511,77.205783,215,VIDP,270,1.5,,1000,25.4,12.2,1015.1,0,0,0,0,0
2024-11-29T12:00:00,28.584511,77.205783,215,VIDP,250,1.5,,1000,22.0,14.9,1014.9,0,0,0,0,0
2024-11-29T15:00:00,28.584511,77.205783,215,VIDP,,0.0,,1000,15.0,13.2,1016.9,0,0,0,0,0
2024-11-29T18:00:00,28.584511,77.205783,215,VIDP,,0.0,,1000,13.0,11.9,1016.9,0,0,0,0,0
2024-11-29T21:00:00,28.584511,77.205783,215,VIDP,,0.0,,1000,11.6,10.8,1016.1,0,0,0,0,0
2024-11-30T00:00:00,28.584511,77.205783,215,VIDP,,0.0,,1000,10.4,10.4,1016.4,0,0,0,0,0
2024-11-30T03:00:00,28.584511,77.205783,215,VIDP,,0.0,,500,11.6,11.2,1017.9,0,0,0,0,0
2024-11-30T06:00:00,28.584511,77.205783,215,VIDP,270,1.5,,1000,23.2,12.4,1016.5,0,0,0,0,0
2024-11-30T09:00:00,28.584511,77.205783,215,VIDP,270,3.1,,2000,26.0,8.2,1012.7,0,0,0,0,0
2024-11-30T09:30:00,28.584511,77.205783,215,VIDP,270,3.1,22000,2000,26.0,8.0,,0,1,0,0,0
2024-11-30T12:00:00,28.584511,77.205783,215,VIDP,,0.0,,2000,21.6,14.1,1012.1,0,0,0,0,0
2024-11-30T15:00:00,28.584511,77.205783,215,VIDP,,0.0,,1000,16.0,13.5,1014.1,0,0,0,0,0
2024-11-30T18:00:00,28.584511,77.205783,215,VIDP,,0.0,,1000,14.4,12.9,1014.3,0,0,0,0,0
2024-11-30T21:00:00,28.584511,77.205783,215,VIDP,,0.0,,1000,13.6,12.5,1013.7,0,0,0,0,0
2024-12-02T00:00:00,28.584511,77.205783,215,VIDP,,0.0,,1000,11.4,11.4,1012.8,0,0,0,0,0
2024-12-02T03:00:00,28.584511,77.205783,215,VIDP,270,2.1,,1000,15.0,13.2,1015.3,0,0,0,0,0
2024-12-02T06:00:00,28.584511,77.205783,215,VIDP,270,2.1,,1000,23.8,12.3,1014.9,0,0,0,0,0
2024-12-02T09:00:00,28.584511,77.205783,215,VIDP,270,1.5,,2000,26.2,12.4,1012.3,0,0,0,0,0
2024-12-02T12:00:00,28.584511,77.205783,215,VIDP,,0.0,,2000,23.6,15.7,1011.9,0,0,0,0,0
2024-12-02T15:00:00,28.584511,77.205783,215,VIDP,,0.0,,2000,16.0,13.5,1014.5,0,0,0,0,0
2024-12-02T18:00:00,28.584511,77.205783,215,VIDP,,0.0,,2000,13.6,12.5,1015.5,0,0,0,0,0
2024-12-02T21:00:00,28.584511,77.205783,215,VIDP,,0.0,,2000,12.0,11.6,1015.2,0,0,0,0,0
2024-12-03T00:00:00,28.584511,77.205783,215,VIDP,,0.0,,1000,11.2,11.2,1015.1,0,0,0,0,0
2024-12-03T03:00:00,28.584511,77.205783,215,VIDP,,0.0,,1000,12.8,12.1,1017.5,0,0,0,0,0
2024-12-03T06:00:00,28.584511,77.205783,215,VIDP,320,2.1,,1000,24.8,12.3,1016.7,0,0,0,0,0
2024-12-03T09:00:00,28.584511,77.205783,215,VIDP,,0.0,,2000,27.6,10.3,1014.1,0,0,0,0,0
2024-12-03T12:00:00,28.584511,77.205783,215,VIDP,,0.0,,2000,23.0,15.3,1013.7,0,0,0,0,0
2024-12-03T15:00:00,28.584511,77.205783,215,VIDP,,0.0,,1000,16.6,13.8,1015.8,0,0,0,0,0
2024-12-03T21:00:00,28.584511,77.205783,215,VIDP,,1.0,,1000,13.4,11.9,1015.0,0,0,0,0,0
2024-12-04T00:00:00,28.584511,77.205783,215,VIDP,320,2.1,,1000,14.2,11.2,1014.2,0,0,0,0,0
2024-12-04T03:00:00,28.584511,77.205783,215,VIDP,320,3.1,,2000,16.8,10.9,1016.2,0,0,0,0,0
2024-12-04T06:00:00,28.584511,77.205783,215,VIDP,320,3.1,,2000,23.4,11.3,1015.9,0,0,0,0,0
2024-12-04T12:00:00,28.584511,77.205783,215,VIDP,320,1.5,,2000,23.4,10.4,1012.9,0,0,0,0,0
2024-12-04T15:00:00,28.584511,77.205783,215,VIDP,,0.0,,2000,15.0,11.3,1015.2,0,0,0,0,0
2024-12-04T18:00:00,28.584511,77.205783,215,VIDP,,0.0,,2000,13.0,9.9,1015.2,0,0,0,0,0
2024-12-04T21:00:00,28.584511,77.205783,215,VIDP,,0.0,,2000,10.4,9.2,1014.9,0,0,0,0,0
2024-12-05T00:00:00,28.584511,77.205783,215,VIDP,,0.0,,2000,9.0,7.7,1014.5,0,0,0,0,0
2024-12-05T02:30:00,28.584511,77.205783,215,VIDP,330,2.6,22000,2000,11.0,7.0,,1,0,0,0,0
2024-12-05T03:00:00,28.584511,77.205783,215,VIDP,320,3.1,,2000,13.6,7.0,1015.9,0,0,0,0,0
2024-12-05T06:00:00,28.584511,77.205783,215,VIDP,320,5.1,,2000,22.0,6.3,1015.8,0,0,0,0,0
2024-12-05T06:30:00,28.584511,77.205783,215,VIDP,330,5.1,22000,3000,22.0,6.0,,0,1,0,0,0
2024-12-05T08:00:00,28.584511,77.205783,215,VIDP,330,6.2,22000,3000,24.0,6.0,,0,1,0,0,0
2024-12-05T09:00:00,28.584511,77.205783,215,VIDP,290,3.1,,2000,24.6,7.1,1012.8,0,0,0,0,0
2024-12-05T12:00:00,28.584511,77.205783,215,VIDP,,0.0,,4000,21.2,9.2,1012.4,0,0,0,0,0
2024-12-05T15:00:00,28.584511,77.205783,215,VIDP,,0.0,,2000,13.6,10.1,1014.6,0,0,0,0,0
2024-12-05T18:00:00,28.584511,77.205783,215,VIDP,,0.0,,2000,11.0,9.0,1014.9,0,0,0,0,0
2024-12-05T21:00:00,28.584511,77.205783,215,VIDP,,0.0,,2000,10.0,8.4,1014.1,0,0,0,0,0
2024-12-06T00:00:00,28.584511,77.205783,215,VIDP,,0.0,,2000,9.8,8.2,1013.6,0,0,0,0,0
2024-12-06T03:00:00,28.584511,77.205783,215,VIDP,290,2.1,,2000,13.6,7.5,1015.3,0,0,0,0,0
2024-12-06T06:00:00,28.584511,77.205783,215,VIDP,270,1.5,,4000,22.8,6.4,1014.6,0,0,0,0,0
2024-12-06T09:00:00,28.584511,77.205783,215,VIDP,320,4.1,,4000,24.2,6.4,1011.4,0,0,0,0,0
2024-12-06T12:00:00,28.584511,77.205783,215,VIDP,,1.0,,4000,20.6,9.9,1011.2,0,0,0,0,0
2024-12-06T15:00:00,28.584511,77.205783,215,VIDP,,0.0,,2000,12.8,8.8,1013.2,0,0,0,0,0
2024-12-06T18:00:00,28.584511,77.205783,215,VIDP,,0.0,,2000,10.4,9.2,1013.5,0,0,0,0,0
2024-12-06T21:00:00,28.584511,77.205783,215,VIDP,,0.0,,2000,9.2,8.0,1012.6,0,0,0,0,0
2024-12-07T00:00:00,28.584511,77.205783,215,VIDP,,0.0,,2000,8.0,6.7,1013.1,0,0,0,0,0
2024-12-07T03:00:00,28.584511,77.205783,215,VIDP,320,1.5,,1000,9.0,7.3,1015.0,0,0,0,0,0
2024-12-07T06:00:00,28.584511,77.205783,215,VIDP,320,2.1,,2000,22.4,7.4,1014.3,0,0,0,0,0
2024-12-07T09:00:00,28.584511,77.205783,215,VIDP,320,1.5,,2000,23.8,5.2,1011.7,0,0,0,0,0
2024-12-07T12:00:00,28.584511,77.205783,215,VIDP,,0.0,,2000,19.6,10.8,1011.7,0,0,0,0,0
2024-12-07T15:00:00,28.584511,77.205783,215,VIDP,,0.0,,2000,12.2,9.9,1014.1,0,0,0,0,0
2024-12-07T18:00:00,28.584511,77.205783,215,VIDP,,0.0,,2000,10.2,9.0,1014.5,0,0,0,0,0
2024-12-07T21:00:00,28.584511,77.205783,215,VIDP,,0.0,,1000,9.0,8.2,1013.8,0,0,0,0,0
2024-12-08T00:00:00,28.584511,77.205783,215,VIDP,,1.0,,1000,8.4,8.0,1014.1,0,0,0,0,0
2024-12-08T03:00:00,28.584511,77.205783,215,VIDP,,0.0,,1000,9.0,8.6,1015.9,0,0,0,0,0
2024-12-08T06:00:00,28.584511,77.205783,215,VIDP,320,2.1,2700,2000,21.0,7.5,1014.3,0,0,0,0,0
2024-12-08T09:00:00,28.584511,77.205783,215,VIDP,,0.0,22000,2000,23.0,9.8,1011.1,0,0,0,0,0
2024-12-08T12:00:00,28.584511,77.205783,215,VIDP,140,1.5,2700,2000,19.2,13.2,1010.3,0,0,0,0,0
2024-12-08T15:00:00,28.584511,77.205783,215,VIDP,,0.0,,2000,16.4,11.2,1010.8,0,0,0,0,0
2024-12-08T18:00:00,28.584511,77.205783,215,VIDP,,1.0,,2000,15.0,11.3,1011.9,0,0,0,0,0
2024-12-08T21:00:00,28.584511,77.205783,215,VIDP,,0.0,,2000,12.0,10.5,1012.4,0,0,0,0,0
2024-12-09T00:00:00,28.584511,77.205783,215,VIDP,,0.0,,1000,9.4,9.4,1013.7,0,0,0,0,0
2024-12-09T03:00:00,28.584511,77.205783,215,VIDP,,0.0,,1000,9.6,9.6,1016.4,0,0,0,0,0
2024-12-09T06:00:00,28.584511,77.205783,215,VIDP,,1.5,,2000,18.0,9.5,1017.2,0,0,0,0,0
2024-12-09T09:00:00,28.584511,77.205783,215,VIDP,,1.0,,2000,21.0,8.5,1014.9,0,0,0,0,0
2024-12-09T12:00:00,28.584511,77.205783,215,VIDP,,0.0,,2000,18.0,11.4,1015.8,0,0,0,0,0
2024-12-09T15:00:00,28.584511,77.205783,215,VIDP,,0.0,,2000,12.4,10.5,1018.2,0,0,0,0,0
2024-12-09T18:00:00,28.584511,77.205783,215,VIDP,,0.0,,2000,10.0,9.2,1018.4,0,0,0,0,0
2024-12-09T21:00:00,28.584511,77.205783,215,VIDP,,0.0,,2000,9.2,8.0,1017.2,0,0,0,0,0
2024-12-10T00:00:00,28.584511,77.205783,215,VIDP,,0.0,,1000,9.0,8.6,1017.3,0,0,0,0,0
2024-12-10T03:00:00,28.584511,77.205783,215,VIDP,,1.0,,2000,10.0,8.8,1019.2,0,0,0,0,0
2024-12-10T06:00:00,28.584511,77.205783,215,VIDP,250,1.5,,2000,19.4,7.7,1018.5,0,0,0,0,0
2024-12-10T09:00:00,28.584511,77.205783,215,VIDP,270,1.5,,2000,22.2,3.6,1015.9,0,0,0,0,0
2024-12-10T12:00:00,28.584511,77.205783,215,VIDP,,0.0,,2000,18.0,3.5,1015.8,0,0,0,0,0
2024-12-10T15:00:00,28.584511,77.205783,215,VIDP,,0.0,,2000,10.2,7.7,1017.6,0,0,0,0,0
2024-12-10T18:00:00,28.584511,77.205783,215,VIDP,,0.0,,2000,7.4,5.1,1018.5,0,0,0,0,0
2024-12-10T21:00:00,28.584511,77.205783,215,VIDP,,0.0,,2000,7.0,4.7,1017.6,0,0,0,0,0
2024-12-11T00:00:00,28.584511,77.205783,215,VIDP,,0.0,,2000,5.6,3.7,1017.6,0,0,0,0,0
2024-12-11T03:00:00,28.584511,77.205783,215,VIDP,320,1.5,,2000,9.4,2.9,1019.4,0,0,0,0,0
2024-12-11T06:00:00,28.584511,77.205783,215,VIDP,320,2.1,,4000,19.0,1.3,1019.1,0,0,0,0,0
2024-12-11T09:00:00,28.584511,77.205783,215,VIDP,320,1.5,,4000,22.0,2.6,1015.5,0,0,0,0,0
2024-12-11T12:00:00,28.584511,77.205783,215,VIDP,,0.0,,2000,19.2,4.8,1015.2,0,0,0,0,0
2024-12-11T15:00:00,28.584511,77.205783,215,VIDP,,0.0,,1000,10.2,6.8,1016.8,0,0,0,0,0
2024-12-11T18:00:00,28.584511,77.205783,215,VIDP,,0.0,,1000,7.8,6.1,1017.3,0,0,0,0,0
2024-12-11T21:00:00,28.584511,77.205783,215,VIDP,,0.0,,1000,6.0,5.1,1016.6,0,0,0,0,0
2024-12-12T00:00:00,28.584511,77.205783,215,VIDP,,0.0,,1000,4.8,4.3,1016.0,0,0,0,0,0
2024-12-12T03:00:00,28.584511,77.205783,215,VIDP,,0.0,,1000,6.8,5.0,1017.6,0,0,0,0,0
2024-12-12T06:00:00,28.584511,77.205783,215,VIDP,320,3.1,,1000,20.0,6.0,1017.1,0,0,0,0,0
2024-12-12T09:00:00,28.584511,77.205783,215,VIDP,320,2.1,,2000,22.0,4.6,1015.5,0,0,0,0,0
2024-12-12T12:00:00,28.584511,77.205783,215,VIDP,,1.0,,2000,18.4,8.3,1015.8,0,0,0,0,0
2024-12-12T15:00:00,28.584511,77.205783,215,VIDP,,1.0,,2000,11.0,7.3,1018.3,0,0,0,0,0
2024-12-12T18:00:00,28.584511,77.205783,215,VIDP,,0.0,,1000,10.0,7.5,1019.0,0,0,0,0,0
2024-12-12T21:00:00,28.584511,77.205783,215,VIDP,,0.0,,1000,9.8,7.7,1018.7,0,0,0,0,0
2024-12-13T00:00:00,28.584511,77.205783,215,VIDP,,1.0,,1000,9.8,6.8,1017.8,0,0,0,0,0
2024-12-13T03:00:00,28.584511,77.205783,215,VIDP,320,2.1,,1000,11.0,4.3,1019.2,0,0,0,0,0
2024-12-13T06:00:00,28.584511,77.205783,215,VIDP,290,5.1,,1000,18.6,4.4,1019.0,0,0,0,0,0
2024-12-13T09:00:00,28.584511,77.205783,215,VIDP,290,4.1,,2000,22.2,0.9,1015.2,0,0,0,0,0
2024-12-13T12:00:00,28.584511,77.205783,215,VIDP,270,1.5,,2000,19.0,6.1,1015.6,0,0,0,0,0
2024-12-13T15:00:00,28.584511,77.205783,215,VIDP,,0.0,,2000,15.0,5.3,1017.6,0,0,0,0,0
2024-12-13T18:00:00,28.584511,77.205783,215,VIDP,270,2.1,,2000,12.0,4.6,1018.1,0,0,0,0,0
2024-12-13T21:00:00,28.584511,77.205783,215,VIDP,270,1.5,,2000,11.0,6.8,1017.9,0,0,0,0,0
2024-12-14T00:00:00,28.584511,77.205783,215,VIDP,270,3.1,,2000,9.4,5.5,1017.2,0,0,0,0,0
2024-12-14T03:00:00,28.584511,77.205783,215,VIDP,270,2.6,,2000,9.6,4.2,1019.5,0,0,0,0,0
2024-12-14T06:00:00,28.584511,77.205783,215,VIDP,270,3.1,,2000,19.6,2.4,1019.2,0,0,0,0,0
2024-12-14T09:00:00,28.584511,77.205783,215,VIDP,270,3.1,,4000,22.4,1.3,1016.5,0,0,0,0,0
2024-12-14T12:00:00,28.584511,77.205783,215,VIDP,,0.0,,4000,19.0,6.7,1016.6,0,0,0,0,0
2024-12-14T15:00:00,28.584511,77.205783,215,VIDP,,0.0,,4000,10.8,7.0,1018.8,0,0,0,0,0
2024-12-14T18:00:00,28.584511,77.205783,215,VIDP,,0.0,,2000,8.0,6.7,1019.1,0,0,0,0,0
2024-12-14T21:00:00,28.584511,77.205783,215,VIDP,,0.0,,2000,7.2,6.3,1018.5,0,0,0,0,0
2024-12-15T00:00:00,28.584511,77.205783,215,VIDP,,0.0,,2000,6.0,5.1,1019.1,0,0,0,0,0
2024-12-15T03:00:00,28.584511,77.205783,215,VIDP,,0.0,,1000,6.6,5.2,1022.0,0,0,0,0,0
2024-12-15T06:00:00,28.584511,77.205783,215,VIDP,,0.0,,2000,19.0,5.6,1021.7,0,0,0,0,0
2024-12-15T09:00:00,28.584511,77.205783,215,VIDP,270,1.5,,2000,22.2,3.0,1018.7,0,0,0,0,0
2024-12-15T12:00:00,28.584511,77.205783,215,VIDP,,0.0,,2000,19.0,7.7,1017.9,0,0,0,0,0
2024-12-15T15:00:00,28.584511,77.205783,215,VIDP,,0.0,,1000,10.2,7.3,1019.3,0,0,0,0,0
2024-12-15T18:00:00,28.584511,77.205783,215,VIDP,,0.0,,1000,7.6,6.7,1019.6,0,0,0,0,0
2024-12-15T21:00:00,28.584511,77.205783,215,VIDP,,0.0,,1000,6.2,5.8,1018.7,0,0,0,0,0
2024-12-16T00:00:00,28.584511,77.205783,215,VIDP,,0.0,,500,5.0,4.5,1018.5,0,0,0,0,0
2024-12-16T03:00:00,28.584511,77.205783,215,VIDP,,0.0,,1000,6.2,6.2,1020.7,0,0,0,0,0
2024-12-16T06:00:00,28.584511,77.205783,215,VIDP,,0.0,,2000,19.0,7.2,1019.9,0,0,0,0,0
2024-12-16T09:00:00,28.584511,77.205783,215,VIDP,,0.0,,1000,23.6,9.7,1015.7,0,0,0,0,0
2024-12-16T12:00:00,28.584511,77.205783,215,VIDP,,0.0,,1000,18.6,12.1,1014.8,0,0,0,0,0
2024-12-16T15:00:00,28.584511,77.205783,215,VIDP,,0.0,,500,11.2,8.4,1016.0,0,0,0,0,0
2024-12-16T18:00:00,28.584511,77.205783,215,VIDP,,0.0,,500,9.2,8.4,1016.6,0,0,0,0,0
2024-12-16T21:00:00,28.584511,77.205783,215,VIDP,,0.0,,200,7.4,6.5,1016.2,0,0,0,0,0
2024-12-17T00:00:00,28.584511,77.205783,215,VIDP,,0.0,,200,7.0,6.1,1016.3,0,0,0,0,0
2024-12-17T03:00:00,28.584511,77.205783,215,VIDP,,0.0,,200,7.0,6.6,1018.2,0,0,0,0,0
2024-12-17T06:00:00,28.584511,77.205783,215,VIDP,140,1.5,,500,20.0,9.5,1017.5,0,0,0,0,0
2024-12-17T08:30:00,28.584511,77.205783,215,VIDP,,1.0,22000,900,23.0,11.0,,0,0,0,1,0
2024-12-17T09:00:00,28.584511,77.205783,215,VIDP,,1.0,,1000,23.2,9.1,1014.5,0,0,0,0,0
2024-12-17T09:00:00,28.584511,77.205783,215,VIDP,,1.0,22000,1100,23.0,9.0,,0,0,0,1,0
2024-12-17T12:00:00,28.584511,77.205783,215,VIDP,,0.0,,1000,17.8,11.6,1014.7,0,0,0,0,0
2024-12-17T15:00:00,28.584511,77.205783,215,VIDP,,0.0,,1000,11.6,10.0,1016.7,0,0,0,0,0
2024-12-17T18:00:00,28.584511,77.205783,215,VIDP,,0.0,,1000,9.2,8.8,1017.3,0,0,0,0,0
2024-12-17T21:00:00,28.584511,77.205783,215,VIDP,,0.0,,500,8.0,7.6,1017.0,0,0,0,0,0
2024-12-18T00:00:00,28.584511,77.205783,215,VIDP,,0.0,,50,8.4,8.4,1016.6,0,0,0,0,0
2024-12-18T03:00:00,28.584511,77.205783,215,VIDP,,0.0,,200,7.8,6.7,1018.7,0,0,0,0,0
2024-12-18T06:00:00,28.584511,77.205783,215,VIDP,,1.0,,500,17.2,10.9,1016.7,0,0,0,0,0
2024-12-18T15:00:00,28.584511,77.205783,215,VIDP,,0.0,,200,11.2,10.4,1015.2,0,0,0,0,0
2024-12-18T18:00:00,28.584511,77.205783,215,VIDP,,0.0,,200,9.0,8.6,1015.4,0,0,0,0,0
2024-12-18T21:00:00,28.584511,77.205783,215,VIDP,,0.0,,200,7.8,7.8,1015.2,0,0,0,0,0
2024-12-19T00:00:00,28.584511,77.205783,215,VIDP,,0.0,,200,6.2,6.2,1015.8,0,0,0,0,0
2024-12-19T01:30:00,28.584511,77.205783,215,VIDP,0,0.0,22000,250,6.0,6.0,,0,0,0,0,0
2024-12-19T02:00:00,28.584511,77.205783,215,VIDP,0,0.0,22000,250,6.0,6.0,,0,0,0,0,0
2024-12-19T03:00:00,28.584511,77.205783,215,VIDP,,0.0,,200,6.4,6.4,1018.4,0,0,0,0,0
2024-12-19T03:30:00,28.584511,77.205783,215,VIDP,0,0.0,22000,350,7.0,7.0,,0,0,0,0,0
2024-12-19T06:00:00,28.584511,77.205783,215,VIDP,,1.0,,500,18.0,11.4,1018.1,0,0,0,0,0
2024-12-19T09:00:00,28.584511,77.205783,215,VIDP,,1.0,,1000,22.4,9.0,1014.7,0,0,0,0,0
2024-12-19T12:00:00,28.584511,77.205783,215,VIDP,,0.0,,1000,19.0,13.8,1013.9,0,0,0,0,0
2024-12-19T15:00:00,28.584511,77.205783,215,VIDP,,0.0,,500,12.0,10.1,1015.4,0,0,0,0,0
2024-12-19T18:00:00,28.584511,77.205783,215,VIDP,,0.0,,500,10.0,9.2,1016.1,0,0,0,0,0
2024-12-19T21:00:00,28.584511,77.205783,215,VIDP,,0.0,,500,8.8,8.4,1015.9,0,0,0,0,0
2024-12-20T00:00:00,28.584511,77.205783,215,VIDP,,0.0,,200,8.2,8.2,1016.0,0,0,0,0,0
2024-12-20T03:00:00,28.584511,77.205783,215,VIDP,,0.0,,200,9.8,9.0,1017.8,0,0,0,0,0
2024-12-20T06:00:00,28.584511,77.205783,215,VIDP,,0.0,,1000,20.4,12.2,1016.7,0,0,0,0,0
2024-12-20T09:00:00,28.584511,77.205783,215,VIDP,,0.0,,1000,22.4,12.2,1013.6,0,0,0,0,0
2024-12-20T12:00:00,28.584511,77.205783,215,VIDP,,0.0,,1000,18.6,13.3,1013.2,0,0,0,0,0
2024-12-20T15:00:00,28.584511,77.205783,215,VIDP,,0.0,,1000,13.0,11.9,1014.9,0,0,0,0,0
2024-12-20T18:00:00,28.584511,77.205783,215,VIDP,,0.0,,1000,10.8,10.4,1015.2,0,0,0,0,0
2024-12-20T21:00:00,28.584511,77.205783,215,VIDP,,0.0,,500,9.8,9.8,1014.8,0,0,0,0,0
2024-12-21T00:00:00,28.584511,77.205783,215,VIDP,,0.0,,200,8.0,8.0,1015.5,0,0,0,0,0
2024-12-21T03:00:00,28.584511,77.205783,215,VIDP,,0.0,,200,9.0,9.0,1017.2,0,0,0,0,0
2024-12-21T06:00:00,28.584511,77.205783,215,VIDP,,0.0,,500,19.8,9.7,1016.8,0,0,0,0,0
2024-12-21T09:00:00,28.584511,77.205783,215,VIDP,,0.0,,1000,22.8,9.5,1014.2,0,0,0,0,0
2024-12-21T12:00:00,28.584511,77.205783,215,VIDP,,0.0,,1000,19.4,12.3,1014.7,0,0,0,0,0
2024-12-21T15:00:00,28.584511,77.205783,215,VIDP,,0.0,,1000,11.6,9.6,1016.9,0,0,0,0,0
2024-12-21T18:00:00,28.584511,77.205783,215,VIDP,,0.0,,1000,9.6,9.2,1017.2,0,0,0,0,0
2024-12-21T21:00:00,28.584511,77.205783,215,VIDP,,0.0,,500,8.0,8.0,1016.1,0,0,0,0,0
2024-12-22T00:00:00,28.584511,77.205783,215,VIDP,,0.0,,500,8.0,8.0,1015.5,0,0,0,0,0
2024-12-22T03:00:00,28.584511,77.205783,215,VIDP,,0.0,,500,8.6,8.2,1017.3,0,0,0,0,0
2024-12-22T06:00:00,28.584511,77.205783,215,VIDP,,0.0,,1000,20.4,10.5,1016.8,0,0,0,0,0
2024-12-22T09:00:00,28.584511,77.205783,215,VIDP,,1.0,,1000,23.2,11.9,1015.0,0,0,0,0,0
2024-12-22T12:00:00,28.584511,77.205783,215,VIDP,,0.0,,1000,19.0,13.0,1013.7,0,0,0,0,0
2024-12-22T15:00:00,28.584511,77.205783,215,VIDP,,0.0,,500,12.0,10.5,1015.7,0,0,0,0,0
2024-12-22T18:00:00,28.584511,77.205783,215,VIDP,,0.0,,500,10.0,8.8,1015.8,0,0,0,0,0
2024-12-22T21:00:00,28.584511,77.205783,215,VIDP,,0.0,,500,9.2,8.4,1014.8,0,0,0,0,0
2024-12-23T00:00:00,28.584511,77.205783,215,VIDP,,0.0,,500,9.2,8.8,1014.2,0,0,0,0,0
2024-12-23T03:00:00,28.584511,77.205783,215,VIDP,,0.0,3000,500,12.2,11.4,1016.8,0,0,0,0,0
2024-12-23T06:00:00,28.584511,77.205783,215,VIDP,,1.0,3000,500,15.4,13.6,1018.1,0,0,0,0,0
2024-12-23T09:00:00,28.584511,77.205783,215,VIDP,340,1.0,3000,500,18.0,12.6,1015.4,0,0,0,0,0
2024-12-23T12:00:00,28.584511,77.205783,215,VIDP,,0.0,3000,500,16.0,12.4,1015.1,0,0,0,0,0
2024-12-23T15:00:00,28.584511,77.205783,215,VIDP,,0.0,2700,500,14.2,13.5,1015.9,0,0,0,0,0
2024-12-23T18:00:00,28.584511,77.205783,215,VIDP,,0.0,22000,500,12.2,11.8,1015.8,0,0,0,0,0
2024-12-23T21:00:00,28.584511,77.205783,215,VIDP,,0.0,22000,200,11.6,11.2,1016.2,0,0,0,0,0
2024-12-24T00:00:00,28.584511,77.205783,215,VIDP,,0.0,30,50,10.8,10.8,1016.3,0,0,0,0,0
2024-12-24T03:00:00,28.584511,77.205783,215,VIDP,,0.0,3000,200,11.6,11.6,1017.9,0,0,0,0,0
2024-12-24T06:00:00,28.584511,77.205783,215,VIDP,,0.0,22000,1000,18.2,11.2,1018.4,0,0,0,0,0
2024-12-24T09:00:00,28.584511,77.205783,215,VIDP,70,1.0,3000,1000,20.4,10.9,1015.4,0,0,0,0,0
2024-12-24T12:00:00,28.584511,77.205783,215,VIDP,,0.0,3000,1000,17.8,12.8,1015.4,0,0,0,0,0
2024-12-24T15:00:00,28.584511,77.205783,215,VIDP,,0.0,3000,1000,14.6,14.3,1017.8,0,0,0,0,0
2024-12-24T18:00:00,28.584511,77.205783,215,VIDP,,0.0,3000,200,12.6,12.6,1018.8,0,0,0,0,0
2024-12-24T21:00:00,28.584511,77.205783,215,VIDP,,0.0,,200,10.8,10.8,1018.8,0,0,0,0,0
2024-12-25T00:00:00,28.584511,77.205783,215,VIDP,,0.0,,50,9.6,9.6,1018.3,0,0,0,0,0
2024-12-25T03:00:00,28.584511,77.205783,215,VIDP,,0.0,,50,9.8,9.8,1019.8,0,0,0,0,0
2024-12-25T06:00:00,28.584511,77.205783,215,VIDP,250,1.5,,500,18.0,14.2,1019.8,0,0,0,0,0
2024-12-25T09:00:00,28.584511,77.205783,215,VIDP,270,1.0,,1000,22.0,13.0,1017.2,0,0,0,0,0
2024-12-25T12:00:00,28.584511,77.205783,215,VIDP,,0.0,,1000,19.4,13.1,1017.4,0,0,0,0,0
2024-12-25T15:00:00,28.584511,77.205783,215,VIDP,,0.0,,1000,13.2,12.1,1019.8,0,0,0,0,0
2024-12-25T18:00:00,28.584511,77.205783,215,VIDP,,0.0,,500,11.6,11.2,1021.0,0,0,0,0,0
2024-12-25T21:00:00,28.584511,77.205783,215,VIDP,,0.0,,500,10.6,9.8,1020.3,0,0,0,0,0
2024-12-26T00:00:00,28.584511,77.205783,215,VIDP,,0.0,,200,9.6,9.6,1020.2,0,0,0,0,0
2024-12-26T03:00:00,28.584511,77.205783,215,VIDP,,0.0,,200,9.2,9.2,1023.1,0,0,0,0,0
2024-12-26T06:00:00,28.584511,77.205783,215,VIDP,,0.0,,1000,20.2,11.6,1022.2,0,0,0,0,0
2024-12-26T09:00:00,28.584511,77.205783,215,VIDP,,0.0,,1000,23.0,11.2,1019.7,0,0,0,0,0
2024-12-26T12:00:00,28.584511,77.205783,215,VIDP,,0.0,,1000,19.6,14.5,1019.1,0,0,0,0,0
2024-12-26T15:00:00,28.584511,77.205783,215,VIDP,,0.0,,1000,14.0,12.9,1020.6,0,0,0,0,0
2024-12-26T18:00:00,28.584511,77.205783,215,VIDP,,0.0,22000,1000,13.6,12.9,1020.2,0,0,0,0,0
2024-12-26T21:00:00,28.584511,77.205783,215,VIDP,,0.0,3000,1000,14.2,13.5,1019.2,0,0,0,0,0
2024-12-27T00:00:00,28.584511,77.205783,215,VIDP,,0.0,3000,200,13.8,13.8,1017.5,0,0,0,0,0
2024-12-27T03:00:00,28.584511,77.205783,215,VIDP,,1.0,1050,200,14.0,14.0,1021.3,0,0,0,0,0
2024-12-27T06:00:00,28.584511,77.205783,215,VIDP,,1.0,1200,200,14.2,14.2,1022.5,0,0,0,0,0
2024-12-27T09:00:00,28.584511,77.205783,215,VIDP,,0.0,1200,500,14.0,14.0,1019.7,0,0,0,0,0
2024-12-27T12:00:00,28.584511,77.205783,215,VIDP,,0.0,900,500,14.0,14.0,1018.8,0,0,0,0,0
2024-12-27T15:00:00,28.584511,77.205783,215,VIDP,,1.0,1050,1000,15.0,15.0,1019.0,0,0,0,0,0
2024-12-27T18:00:00,28.584511,77.205783,215,VIDP,,0.0,1050,1000,14.6,14.6,1019.3,0,0,0,0,0
2024-12-27T21:00:00,28.584511,77.205783,215,VIDP,200,1.5,1050,500,14.8,14.8,1017.6,0,0,0,0,0
2024-12-28T00:00:00,28.584511,77.205783,215,VIDP,,0.0,3000,500,13.8,13.8,1017.2,0,0,0,0,0
2024-12-28T03:00:00,28.584511,77.205783,215,VIDP,,0.0,1050,500,14.0,14.0,1019.9,0,0,0,0,0
2024-12-28T06:00:00,28.584511,77.205783,215,VIDP,,0.0,2700,500,15.4,15.1,1020.1,0,0,0,0,0
2024-12-28T09:00:00,28.584511,77.205783,215,VIDP,,1.0,2700,500,15.4,15.1,1017.9,0,0,0,0,0
2024-12-28T11:00:00,28.584511,77.205783,215,VIDP,330,1.5,2743,800,16.0,15.0,,0,0,0,0,0
2024-12-28T12:00:00,28.584511,77.205783,215,VIDP,320,1.5,2700,500,15.2,14.9,1018.5,0,0,0,0,0
2024-12-28T15:00:00,28.584511,77.205783,215,VIDP,290,1.0,2700,500,14.8,14.8,1020.1,0,0,0,0,0
2024-12-28T18:00:00,28.584511,77.205783,215,VIDP,250,1.0,2700,500,13.8,13.8,1020.6,0,0,0,0,0
2024-12-28T21:00:00,28.584511,77.205783,215,VIDP,,0.0,2700,500,13.4,13.4,1019.8,0,0,0,0,0
2024-12-29T00:00:00,28.584511,77.205783,215,VIDP,290,1.5,3000,500,13.8,13.8,1019.7,0,0,0,0,0
2024-12-29T02:00:00,28.584511,77.205783,215,VIDP,280,1.5,3048,600,14.0,14.0,,0,0,0,0,0
2024-12-29T03:00:00,28.584511,77.205783,215,VIDP,270,1.5,3000,500,14.2,13.5,1022.0,0,0,0,0,0
2024-12-29T06:00:00,28.584511,77.205783,215,VIDP,270,2.1,,1000,17.0,13.1,1021.5,0,0,0,0,0
2024-12-29T09:00:00,28.584511,77.205783,215,VIDP,270,4.1,2700,1000,15.2,12.3,1020.0,0,0,0,0,0
2024-12-29T12:00:00,28.584511,77.205783,215,VIDP,270,1.5,2700,1000,13.2,11.7,1020.0,0,0,0,0,0
2024-12-29T15:00:00,28.584511,77.205783,215,VIDP,270,2.6,2700,500,12.0,11.6,1020.9,0,0,0,0,0
2024-12-29T18:00:00,28.584511,77.205783,215,VIDP,270,1.0,2700,500,12.0,11.6,1020.9,0,0,0,0,0
2024-12-29T21:00:00,28.584511,77.205783,215,VIDP,270,1.0,2700,500,12.0,11.6,1019.6,0,0,0,0,0
2024-12-30T00:00:00,28.584511,77.205783,215,VIDP,270,2.1,2700,500,12.0,11.6,1018.9,0,0,0,0,0
2024-12-30T03:00:00,28.584511,77.205783,215,VIDP,250,3.1,2700,1000,11.0,9.0,1021.3,0,0,0,0,0
2024-12-30T06:00:00,28.584511,77.205783,215,VIDP,270,4.1,2700,1000,12.2,9.0,1021.8,0,0,0,0,0
2024-12-30T09:00:00,28.584511,77.205783,215,VIDP,270,1.5,2700,1000,14.4,9.8,1019.6,0,0,0,0,0
2024-12-30T12:00:00,28.584511,77.205783,215,VIDP,,0.0,22000,1000,13.2,10.1,1019.8,0,0,0,0,0
2024-12-30T15:00:00,28.584511,77.205783,215,VIDP,,0.0,22000,1000,10.8,9.6,1020.7,0,0,0,0,0
2024-12-30T18:00:00,28.584511,77.205783,215,VIDP,,0.0,22000,500,10.6,9.8,1021.3,0,0,0,0,0
2024-12-30T21:00:00,28.584511,77.205783,215,VIDP,250,1.5,22000,500,10.8,9.6,1021.0,0,0,0,0,0
2024-12-31T00:00:00,28.584511,77.205783,215,VIDP,,1.0,,1000,10.2,8.6,1020.9,0,0,0,0,0
2024-12-31T03:00:00,28.584511,77.205783,215,VIDP,,1.0,3000,1000,10.4,8.4,1022.9,0,0,0,0,0
2024-12-31T06:00:00,28.584511,77.205783,215,VIDP,,0.0,3000,1000,13.0,8.2,1023.8,0,0,0,0,0
2024-12-31T09:00:00,28.584511,77.205783,215,VIDP,,0.0,,1000,16.8,9.1,1019.7,0,0,0,0,0
2024-12-31T12:00:00,28.584511,77.205783,215,VIDP,,0.0,,500,15.6,11.5,1019.4,0,0,0,0,0
2024-12-31T15:00:00,28.584511,77.205783,215,VIDP,,0.0,,500,11.6,10.4,1021.2,0,0,0,0,0
2024-12-31T18:00:00,28.584511,77.205783,215,VIDP,,0.0,22000,200,9.4,9.0,1021.1,0,0,0,0,0
2024-12-31T21:00:00,28.584511,77.205783,215,VIDP,,0.0,60,200,8.0,7.6,1020.2,0,0,0,0,0
